complaint_id,complaint_text,category,department,status,customer_id,date_received,date_resolved
1,The road near the facility is damaged and causing accidents.,,Maintenance,Open,CUST9935,2025-09-08 11:14:00,
2,Why is the late fee applied when I paid on time?,Billing Issue,Billing,In Progress,CUST4257,2025-01-03 20:13:00,
3,The new infrastructure upgrade has improved things significantly.,Infrastructure,Maintenance,In Progress,CUST3615,2025-06-15 15:37:00,
4,The equipment at the site is old and frequently malfunctions.,,Maintenance,In Progress,CUST2584,2025-05-07 14:48:00,
5,The response time for service requests is unacceptably slow.,Service Delay,Operations,Closed,CUST7201,2025-08-26 08:02:00,2025-08-31 21:25:38
6,"There is a billing error, I already paid but it still shows unpaid.",Billing Issue,Billing,Closed,CUST2139,2025-10-20 15:56:00,2025-10-23 11:20:06
7,My bill amount doubled this month without any explanation.,,Billing,In Progress,CUST5554,2025-09-03 03:54:00,
8,The employee refused to help and was arguing instead of assisting.,Staff Behavior,Customer Support,Closed,CUST2169,2025-03-12 21:13:00,2025-03-15 07:41:44
9,There is a major leakage that has not been fixed for weeks.,,Maintenance,Resolved,CUST4598,2025-07-08 09:10:00,2025-07-18 12:34:17
10,The road near the facility is damaged and causing accidents.,,Maintenance,In Progress,CUST4456,2025-04-02 09:51:00,
11,"The new online system has made things much easier, well done.",Appreciation,Customer Support,Closed,CUST3340,2025-04-16 10:25:00,2025-04-16 11:25:00
12,No technician has visited despite multiple requests.,Service Delay,Operations,Closed,CUST7543,2025-09-18 10:16:00,2025-09-25 07:53:03
13,No technician has visited despite multiple requests.,,Operations,Open,CUST3621,2025-07-03 14:48:00,
14,Security personnel are not checking IDs properly at the gate.,Safety Concern,Security,Resolved,CUST5119,2025-08-13 08:24:00,2025-08-15 17:42:40
15,I want to thank the team for resolving my issue so quickly.,Appreciation,Customer Support,Closed,CUST6573,2025-08-04 12:43:00,2025-08-04 23:09:30
16,Why is the late fee applied when I paid on time?,,Billing,Closed,CUST9201,2025-03-01 16:46:00,2025-03-03 18:03:47
17,Thank you for quickly fixing the safety issue I reported earlier.,Safety Concern,Security,In Progress,CUST4258,2025-11-28 14:40:00,
18,My bill amount doubled this month without any explanation.,,Billing,Resolved,CUST6310,2025-07-25 06:59:00,2025-07-26 03:37:41
19,The staff at the counter was extremely rude to me today.,,Customer Support,In Progress,CUST2290,2025-12-27 14:51:00,
20,Why is the late fee applied when I paid on time?,,Billing,Closed,CUST8787,2025-10-25 08:34:00,2025-10-26 21:02:03
21,"Excellent service today, very satisfied with the response.",,Customer Support,Resolved,CUST9835,2025-04-28 15:38:00,2025-04-29 12:49:59
22,No safety measures are in place despite previous warnings.,Safety Concern,Security,Resolved,CUST9479,2025-09-13 12:42:00,2025-09-17 06:12:50
23,I was treated very disrespectfully by the customer support agent.,,Customer Support,Resolved,CUST4608,2025-04-11 05:01:00,2025-04-12 22:33:16
24,I was overcharged on my last bill and no one is responding.,Billing Issue,Billing,In Progress,CUST5562,2025-04-02 18:55:00,
25,There is a major leakage that has not been fixed for weeks.,Infrastructure,Maintenance,Closed,CUST4981,2025-07-24 10:59:00,2025-07-28 13:46:25
26,Security personnel are not checking IDs properly at the gate.,Safety Concern,Security,Resolved,CUST8651,2025-03-04 13:42:00,2025-03-09 23:00:42
27,I was asked to pay extra money to get my work done faster.,Corruption/Bribery,Administration,Open,CUST2790,2025-08-21 13:06:00,
28,No technician has visited despite multiple requests.,Service Delay,Operations,In Progress,CUST2235,2025-07-05 09:27:00,
29,The staff member was polite and handled my issue very well.,Staff Behavior,Customer Support,Closed,CUST4872,2025-02-21 21:34:00,2025-02-25 03:51:48
30,Why is the late fee applied when I paid on time?,,Billing,Closed,CUST1035,2025-07-28 19:25:00,2025-07-31 12:20:47
31,"The new online system has made things much easier, well done.",Appreciation,Customer Support,In Progress,CUST8973,2025-12-26 07:29:00,
32,"There is a billing error, I already paid but it still shows unpaid.",,Billing,Closed,CUST6138,2025-04-02 09:37:00,2025-04-04 07:23:46
33,The online payment portal charged me twice for the same bill.,Billing Issue,Billing,In Progress,CUST2312,2025-07-28 11:33:00,
34,I was asked to pay extra money to get my work done faster.,,Administration,In Progress,CUST5033,2025-08-22 10:55:00,
35,The road near the facility is damaged and causing accidents.,Infrastructure,Maintenance,Resolved,CUST5272,2025-08-14 17:42:00,2025-08-22 01:36:42
36,"There is a billing error, I already paid but it still shows unpaid.",,Billing,Closed,CUST6180,2025-04-13 11:08:00,2025-04-15 17:43:50
37,I want to thank the team for resolving my issue so quickly.,,Customer Support,Closed,CUST4492,2025-01-20 08:36:00,2025-01-20 15:40:29
38,I was treated very disrespectfully by the customer support agent.,,Customer Support,In Progress,CUST8179,2025-12-03 16:56:00,
39,There is clear favoritism and under-the-table dealing happening.,Corruption/Bribery,Administration,Resolved,CUST5905,2025-05-26 07:41:00,2025-06-03 00:36:38
40,I want to thank the team for resolving my issue so quickly.,,Customer Support,Open,CUST3546,2025-12-05 15:16:00,
41,Staff keep telling me to wait but nothing happens.,Service Delay,Operations,Closed,CUST9280,2025-04-11 16:13:00,2025-04-18 10:49:42
42,The staff at the counter was extremely rude to me today.,,Customer Support,In Progress,CUST3143,2025-02-14 07:53:00,
43,The equipment at the site is old and frequently malfunctions.,Infrastructure,Maintenance,Closed,CUST2832,2025-03-15 11:35:00,2025-03-18 18:55:51
44,My bill amount doubled this month without any explanation.,,Billing,Resolved,CUST3088,2025-07-27 07:23:00,2025-07-30 04:29:47
45,"There is a billing error, I already paid but it still shows unpaid.",Billing Issue,Billing,Open,CUST5088,2025-11-26 10:55:00,
46,The equipment at the site is old and frequently malfunctions.,Infrastructure,Maintenance,Closed,CUST4878,2025-09-28 10:26:00,2025-10-09 11:26:07
47,I was asked to pay extra money to get my work done faster.,,Administration,Closed,CUST7745,2025-11-01 18:11:00,2025-11-11 09:33:27
48,No safety measures are in place despite previous warnings.,Safety Concern,Security,Open,CUST8711,2025-04-26 12:44:00,
49,I have been waiting since last month for this issue to be fixed.,,Operations,Closed,CUST4164,2025-05-27 08:50:00,2025-06-03 07:32:08
50,The response time for service requests is unacceptably slow.,Service Delay,Operations,Resolved,CUST9785,2025-11-25 13:17:00,2025-12-02 03:28:18
51,It has been three weeks and my complaint is still not resolved.,Service Delay,Operations,Resolved,CUST1626,2025-02-09 16:11:00,2025-02-21 10:03:12
52,Why is the late fee applied when I paid on time?,Billing Issue,Billing,Resolved,CUST2894,2025-05-26 11:20:00,2025-05-27 17:39:42
53,Staff keep telling me to wait but nothing happens.,Service Delay,Operations,Resolved,CUST9821,2025-03-02 04:45:00,2025-03-04 08:38:59
54,There is a major leakage that has not been fixed for weeks.,Infrastructure,Maintenance,Closed,CUST3041,2025-06-03 13:42:00,2025-06-15 09:05:57
55,The equipment at the site is old and frequently malfunctions.,Infrastructure,Maintenance,In Progress,CUST3085,2025-07-22 18:26:00,
56,Why is the late fee applied when I paid on time?,Billing Issue,Billing,Resolved,CUST1006,2025-08-06 09:39:00,2025-08-09 14:01:32
57,No technician has visited despite multiple requests.,Service Delay,Operations,Closed,CUST8244,2025-06-19 09:38:00,2025-06-23 08:45:22
58,The new infrastructure upgrade has improved things significantly.,,Maintenance,In Progress,CUST9445,2025-07-26 07:47:00,
59,The new infrastructure upgrade has improved things significantly.,,Maintenance,In Progress,CUST4262,2025-05-27 10:48:00,
60,I was overcharged on my last bill and no one is responding.,,Billing,Closed,CUST7790,2025-04-16 08:39:00,2025-04-19 02:13:32
61,There is clear favoritism and under-the-table dealing happening.,,Administration,Resolved,CUST1090,2025-04-23 16:24:00,2025-04-30 18:07:30
62,I was asked to pay extra money to get my work done faster.,Corruption/Bribery,Administration,Closed,CUST8611,2025-09-08 09:11:00,2025-09-14 21:00:28
63,My bill amount doubled this month without any explanation.,Billing Issue,Billing,Open,CUST9702,2025-11-04 16:29:00,
64,"The new online system has made things much easier, well done.",Appreciation,Customer Support,Closed,CUST7991,2025-12-15 18:39:00,2025-12-17 03:56:56
65,There is clear favoritism and under-the-table dealing happening.,Corruption/Bribery,Administration,Closed,CUST5050,2025-06-06 10:47:00,2025-06-12 01:23:07
66,An official demanded a bribe before processing my documents.,,Administration,Resolved,CUST2269,2025-09-17 11:31:00,2025-09-22 19:26:49
67,There is a major leakage that has not been fixed for weeks.,,Maintenance,Resolved,CUST4788,2025-05-11 16:57:00,2025-05-11 17:57:00
68,No technician has visited despite multiple requests.,Service Delay,Operations,Resolved,CUST7812,2025-08-03 09:26:00,2025-08-09 02:01:05
69,Why is the late fee applied when I paid on time?,,Billing,Closed,CUST7232,2025-06-25 08:37:00,2025-06-27 17:18:46
70,The employee refused to help and was arguing instead of assisting.,Staff Behavior,Customer Support,Closed,CUST9818,2025-05-13 10:54:00,2025-05-16 06:07:02
71,Thank you for quickly fixing the safety issue I reported earlier.,Safety Concern,Security,In Progress,CUST1475,2025-10-08 13:31:00,
72,I have been waiting since last month for this issue to be fixed.,Service Delay,Operations,Closed,CUST9751,2025-09-27 15:29:00,2025-10-03 03:50:44
73,Why is the late fee applied when I paid on time?,Billing Issue,Billing,Open,CUST8564,2025-07-22 21:01:00,
74,"There is a billing error, I already paid but it still shows unpaid.",Billing Issue,Billing,In Progress,CUST7211,2025-06-07 09:29:00,
75,I have been waiting since last month for this issue to be fixed.,Service Delay,Operations,Open,CUST6733,2025-04-03 12:30:00,
76,It has been three weeks and my complaint is still not resolved.,Service Delay,Operations,Closed,CUST4266,2025-09-21 10:02:00,2025-09-26 06:27:35
77,There is clear favoritism and under-the-table dealing happening.,Corruption/Bribery,Administration,Closed,CUST4571,2025-03-05 10:30:00,2025-03-11 22:38:27
78,The employee refused to help and was arguing instead of assisting.,Staff Behavior,Customer Support,Resolved,CUST2876,2025-09-06 13:38:00,2025-09-09 01:10:27
79,No safety measures are in place despite previous warnings.,,Security,Open,CUST7149,2025-12-04 06:37:00,
80,No technician has visited despite multiple requests.,,Operations,Resolved,CUST5941,2025-02-23 10:53:00,2025-02-28 01:39:00
81,There is clear favoritism and under-the-table dealing happening.,,Administration,Closed,CUST8018,2025-10-26 08:36:00,2025-11-02 08:41:34
82,The road near the facility is damaged and causing accidents.,Infrastructure,Maintenance,Closed,CUST2729,2025-07-11 12:00:00,2025-07-23 15:25:32
83,The employee refused to help and was arguing instead of assisting.,Staff Behavior,Customer Support,Closed,CUST9548,2025-08-27 09:29:00,2025-08-31 07:08:20
84,"The new online system has made things much easier, well done.",Appreciation,Customer Support,Resolved,CUST5397,2025-08-18 15:49:00,2025-08-20 05:17:00
85,No technician has visited despite multiple requests.,,Operations,Closed,CUST8613,2025-10-03 14:17:00,2025-10-05 18:59:40
86,Very unprofessional behavior from the officer on duty.,Staff Behavior,Customer Support,In Progress,CUST6813,2025-05-16 13:54:00,
87,I witnessed a near-accident due to lack of proper signage.,Safety Concern,Security,Closed,CUST9464,2025-05-20 07:44:00,2025-05-23 07:58:11
88,I want to thank the team for resolving my issue so quickly.,,Customer Support,Resolved,CUST8800,2025-04-14 09:31:00,2025-04-15 18:22:44
89,Poor maintenance of the facility is causing repeated problems.,Infrastructure,Maintenance,In Progress,CUST4986,2025-06-01 06:05:00,
90,Staff keep telling me to wait but nothing happens.,Service Delay,Operations,In Progress,CUST6419,2025-06-18 14:33:00,
91,I have been waiting since last month for this issue to be fixed.,,Operations,Open,CUST2958,2025-05-09 15:14:00,
92,No safety measures are in place despite previous warnings.,Safety Concern,Security,In Progress,CUST9595,2025-03-24 02:30:00,
93,The road near the facility is damaged and causing accidents.,,Maintenance,Resolved,CUST9751,2025-10-10 13:14:00,2025-10-21 01:09:36
94,I was overcharged on my last bill and no one is responding.,,Billing,Closed,CUST9042,2025-12-18 09:18:00,2025-12-19 09:49:14
95,I was overcharged on my last bill and no one is responding.,,Billing,Resolved,CUST1841,2025-07-16 15:30:00,2025-07-19 03:24:52
96,I have been waiting since last month for this issue to be fixed.,Service Delay,Operations,Resolved,CUST1878,2025-02-03 08:25:00,2025-02-08 00:41:30
97,The online payment portal charged me twice for the same bill.,Billing Issue,Billing,Open,CUST4697,2025-12-03 10:15:00,
98,Security personnel are not checking IDs properly at the gate.,Safety Concern,Security,Closed,CUST6003,2025-06-15 08:19:00,2025-06-20 07:36:11
99,The staff at the counter was extremely rude to me today.,,Customer Support,Closed,CUST4457,2025-08-24 16:06:00,2025-08-26 04:39:03
100,It has been three weeks and my complaint is still not resolved.,,Operations,Open,CUST8381,2025-03-06 13:35:00,
101,Poor maintenance of the facility is causing repeated problems.,Infrastructure,Maintenance,Closed,CUST8438,2025-05-08 13:18:00,2025-05-15 19:20:26
102,My bill amount doubled this month without any explanation.,Billing Issue,Billing,Resolved,CUST4241,2025-12-26 18:50:00,2025-12-28 14:52:50
103,The staff member was polite and handled my issue very well.,,Customer Support,In Progress,CUST1977,2025-04-05 18:58:00,
104,"There is a billing error, I already paid but it still shows unpaid.",Billing Issue,Billing,Closed,CUST8679,2025-08-27 14:36:00,2025-08-28 14:51:01
105,Poor maintenance of the facility is causing repeated problems.,,Maintenance,Resolved,CUST1653,2025-12-17 15:34:00,2025-12-21 13:55:48
106,There is clear favoritism and under-the-table dealing happening.,Corruption/Bribery,Administration,Open,CUST1339,2025-05-09 18:01:00,
107,"The new online system has made things much easier, well done.",Appreciation,Customer Support,In Progress,CUST8245,2025-07-25 18:48:00,
108,"Excellent service today, very satisfied with the response.",Appreciation,Customer Support,Closed,CUST8700,2025-12-14 16:40:00,2025-12-15 10:08:18
109,The response time for service requests is unacceptably slow.,Service Delay,Operations,In Progress,CUST9117,2025-05-04 08:54:00,
110,I have been waiting since last month for this issue to be fixed.,,Operations,Resolved,CUST6296,2025-10-18 18:02:00,2025-10-24 05:10:53
111,Why is the late fee applied when I paid on time?,Billing Issue,Billing,Closed,CUST7770,2025-11-27 14:00:00,2025-11-29 17:21:24
112,The online payment portal charged me twice for the same bill.,Billing Issue,Billing,Resolved,CUST4335,2025-06-25 15:31:00,2025-06-26 16:09:10
113,No technician has visited despite multiple requests.,,Operations,Closed,CUST4920,2025-12-15 14:56:00,2025-12-22 02:11:21
114,The equipment at the site is old and frequently malfunctions.,Infrastructure,Maintenance,Open,CUST2858,2025-07-18 09:26:00,
115,The staff at the counter was extremely rude to me today.,,Customer Support,Closed,CUST5479,2025-08-05 10:31:00,2025-08-07 07:01:37
116,I have been waiting since last month for this issue to be fixed.,Service Delay,Operations,Resolved,CUST9327,2025-12-08 16:29:00,2025-12-15 14:43:31
117,No safety measures are in place despite previous warnings.,Safety Concern,Security,Closed,CUST9318,2025-11-09 14:49:00,2025-11-13 23:40:36
118,It has been three weeks and my complaint is still not resolved.,Service Delay,Operations,Resolved,CUST9022,2025-05-10 13:53:00,2025-05-15 02:06:16
119,An official demanded a bribe before processing my documents.,Corruption/Bribery,Administration,Resolved,CUST8460,2025-07-12 10:21:00,2025-07-16 19:07:32
120,"Excellent service today, very satisfied with the response.",Appreciation,Customer Support,Resolved,CUST7730,2025-12-08 09:36:00,2025-12-09 08:51:35
121,Why is the late fee applied when I paid on time?,Billing Issue,Billing,Resolved,CUST3492,2025-08-26 18:24:00,2025-08-29 00:57:00
122,The staff at the counter was extremely rude to me today.,Staff Behavior,Customer Support,Closed,CUST8213,2025-03-19 14:21:00,2025-03-22 14:43:28
123,Why is the late fee applied when I paid on time?,Billing Issue,Billing,Closed,CUST2225,2025-01-05 14:26:00,2025-01-08 18:20:28
124,The employee refused to help and was arguing instead of assisting.,Staff Behavior,Customer Support,Resolved,,2025-05-23 12:25:00,2025-05-27 06:26:09
125,The response time for service requests is unacceptably slow.,,Operations,Closed,CUST2121,2025-08-25 10:31:00,2025-08-28 17:22:23
126,The response time for service requests is unacceptably slow.,,Operations,Resolved,CUST2646,2025-12-24 03:05:00,2025-12-26 23:40:49
127,The employee refused to help and was arguing instead of assisting.,,Customer Support,Closed,CUST7141,2025-11-02 19:20:00,2025-11-06 09:13:42
128,I was treated very disrespectfully by the customer support agent.,,Customer Support,Closed,CUST2293,2025-07-19 20:43:00,2025-07-22 14:16:51
129,Poor maintenance of the facility is causing repeated problems.,,Maintenance,Closed,CUST8555,2025-08-08 02:31:00,2025-08-18 19:38:12
130,Poor maintenance of the facility is causing repeated problems.,Infrastructure,Maintenance,Closed,CUST9955,2025-04-01 19:57:00,2025-04-11 17:48:32
131,Why is the late fee applied when I paid on time?,Billing Issue,Billing,Resolved,CUST5097,2025-12-19 21:19:00,2025-12-21 19:55:06
132,The employee refused to help and was arguing instead of assisting.,,Customer Support,Resolved,CUST6881,2025-04-13 17:54:00,2025-04-15 17:30:44
133,The equipment at the site is old and frequently malfunctions.,,Maintenance,Resolved,CUST1803,2025-01-27 17:42:00,2025-01-31 00:30:43
134,"Great job by the support team, issue resolved within a day.",Appreciation,Customer Support,Closed,CUST6772,2025-10-10 10:49:00,2025-10-11 12:52:19
135,My bill amount doubled this month without any explanation.,Billing Issue,Billing,Closed,CUST3240,2025-08-22 19:48:00,2025-08-23 19:52:54
136,The road near the facility is damaged and causing accidents.,Infrastructure,Maintenance,Resolved,CUST2476,2025-05-15 15:02:00,2025-05-21 00:19:29
137,"The new online system has made things much easier, well done.",Appreciation,Customer Support,Open,CUST6994,2025-09-06 14:12:00,
138,The employee refused to help and was arguing instead of assisting.,Staff Behavior,Customer Support,Closed,CUST5835,2025-10-09 22:58:00,2025-10-13 03:23:38
139,I witnessed a near-accident due to lack of proper signage.,Safety Concern,Security,Open,CUST7511,2025-10-15 08:04:00,
140,"The new online system has made things much easier, well done.",,Customer Support,In Progress,CUST7038,2025-02-13 13:00:00,
141,The equipment at the site is old and frequently malfunctions.,,Maintenance,Closed,CUST4830,2025-07-27 17:40:00,2025-08-07 23:27:44
142,The staff member was polite and handled my issue very well.,,Customer Support,Closed,CUST2035,2025-11-18 15:20:00,2025-11-22 22:02:23
143,Poor maintenance of the facility is causing repeated problems.,,Maintenance,Resolved,CUST1609,2025-11-10 11:41:00,2025-11-21 20:05:35
144,I have been waiting since last month for this issue to be fixed.,Service Delay,Operations,Resolved,CUST7078,2025-02-08 16:56:00,2025-02-12 11:56:45
145,The new infrastructure upgrade has improved things significantly.,Infrastructure,Maintenance,In Progress,CUST2622,2025-06-24 17:46:00,
146,There is clear favoritism and under-the-table dealing happening.,,Administration,Closed,CUST8285,2025-06-09 18:02:00,2025-06-17 06:56:10
147,"The new online system has made things much easier, well done.",Appreciation,Customer Support,Resolved,CUST6876,2025-02-22 16:23:00,2025-02-25 05:22:10
148,"There is a billing error, I already paid but it still shows unpaid.",,Billing,Closed,CUST4475,2025-03-04 14:54:00,2025-03-07 09:13:00
149,The new infrastructure upgrade has improved things significantly.,Infrastructure,Maintenance,In Progress,CUST4362,2025-12-02 18:50:00,
150,The online payment portal charged me twice for the same bill.,,Billing,Closed,CUST3417,2025-04-07 10:52:00,2025-04-09 23:22:24
151,Thank you for quickly fixing the safety issue I reported earlier.,Safety Concern,Security,Closed,CUST3858,2025-01-28 11:09:00,2025-02-01 11:05:26
152,I was overcharged on my last bill and no one is responding.,Billing Issue,Billing,Closed,CUST1258,2025-03-12 05:50:00,2025-03-13 13:23:58
153,I was overcharged on my last bill and no one is responding.,,Billing,Open,CUST8344,2025-03-14 12:33:00,
154,Thank you for quickly fixing the safety issue I reported earlier.,Safety Concern,Security,In Progress,CUST9543,2025-08-15 13:32:00,
155,It has been three weeks and my complaint is still not resolved.,Service Delay,Operations,Resolved,CUST9032,2025-01-16 10:54:00,2025-01-20 15:00:08
156,Poor maintenance of the facility is causing repeated problems.,,Maintenance,Resolved,CUST5505,2025-02-03 05:20:00,2025-02-11 19:44:57
157,The new infrastructure upgrade has improved things significantly.,Infrastructure,Maintenance,Closed,CUST8433,2025-07-11 17:24:00,2025-07-17 01:57:01
158,Very unprofessional behavior from the officer on duty.,Staff Behavior,Customer Support,Closed,CUST4522,2025-02-23 13:07:00,2025-02-26 03:28:26
159,I was treated very disrespectfully by the customer support agent.,Staff Behavior,Customer Support,Resolved,CUST6120,2025-06-27 16:29:00,2025-07-01 08:18:40
160,The employee refused to help and was arguing instead of assisting.,,Customer Support,Closed,CUST2398,2025-06-05 07:43:00,2025-06-06 19:06:56
161,I was overcharged on my last bill and no one is responding.,,Billing,Open,CUST6400,2025-09-12 06:51:00,
162,Poor maintenance of the facility is causing repeated problems.,Infrastructure,Maintenance,Resolved,CUST1842,2025-05-22 13:48:00,2025-06-07 01:18:55
163,"The new online system has made things much easier, well done.",Appreciation,Customer Support,In Progress,CUST4674,2025-05-19 15:32:00,
164,An official demanded a bribe before processing my documents.,Corruption/Bribery,Administration,Closed,CUST8030,2025-10-12 22:07:00,2025-10-20 18:09:06
165,There is clear favoritism and under-the-table dealing happening.,Corruption/Bribery,Administration,Open,CUST5381,2025-08-21 13:35:00,
166,"There is a billing error, I already paid but it still shows unpaid.",,Billing,In Progress,CUST3347,2025-08-10 10:58:00,
167,Very unprofessional behavior from the officer on duty.,,Customer Support,Closed,CUST9691,2025-02-24 16:40:00,2025-02-27 03:51:54
168,Why is the late fee applied when I paid on time?,,Billing,In Progress,CUST2391,2025-06-06 07:23:00,
169,I was asked to pay extra money to get my work done faster.,,Administration,Closed,CUST7947,2025-03-20 04:03:00,2025-03-22 05:54:07
170,Very unprofessional behavior from the officer on duty.,,Customer Support,Resolved,CUST2816,2025-06-07 21:48:00,2025-06-11 12:20:37
171,Staff keep telling me to wait but nothing happens.,Service Delay,Operations,Open,CUST1897,2025-07-22 11:19:00,
172,"There is a billing error, I already paid but it still shows unpaid.",,Billing,Closed,CUST2965,2025-12-25 09:08:00,2025-12-28 01:45:20
173,Why is the late fee applied when I paid on time?,Billing Issue,Billing,Closed,CUST6802,2025-03-13 08:34:00,2025-03-15 14:40:04
174,I was overcharged on my last bill and no one is responding.,,Billing,Open,CUST8033,2025-06-15 15:58:00,
175,Poor maintenance of the facility is causing repeated problems.,,Maintenance,Closed,CUST8538,2025-05-13 14:01:00,2025-05-16 13:02:18
176,An official demanded a bribe before processing my documents.,Corruption/Bribery,Administration,In Progress,CUST9584,2025-02-28 10:06:00,
177,"There is a billing error, I already paid but it still shows unpaid.",,Billing,Closed,CUST2868,2025-09-08 20:21:00,2025-09-11 03:35:38
178,I was treated very disrespectfully by the customer support agent.,Staff Behavior,Customer Support,Closed,CUST3419,2025-11-12 14:22:00,2025-11-17 13:55:32
179,No technician has visited despite multiple requests.,Service Delay,Operations,In Progress,CUST2234,2025-04-06 11:38:00,
180,Why is the late fee applied when I paid on time?,Billing Issue,Billing,Resolved,CUST6295,2025-06-19 09:48:00,2025-06-22 10:07:28
181,There is clear favoritism and under-the-table dealing happening.,Corruption/Bribery,Administration,Resolved,CUST5500,2025-05-15 01:04:00,2025-05-19 12:36:23
182,The equipment at the site is old and frequently malfunctions.,,Maintenance,Resolved,CUST5703,2025-07-10 08:29:00,2025-07-20 03:59:19
183,I was overcharged on my last bill and no one is responding.,Billing Issue,Billing,Resolved,CUST1672,2025-08-17 12:24:00,2025-08-20 03:16:22
184,The staff member was polite and handled my issue very well.,,Customer Support,Resolved,CUST2013,2025-08-11 08:38:00,2025-08-11 09:38:00
185,The employee refused to help and was arguing instead of assisting.,,Customer Support,Resolved,CUST8172,2025-12-03 09:32:00,2025-12-05 04:01:51
186,"Excellent service today, very satisfied with the response.",,Customer Support,Resolved,CUST1857,2025-06-10 11:24:00,2025-06-12 03:04:16
187,I witnessed a near-accident due to lack of proper signage.,,Security,Closed,CUST3463,2025-02-04 14:35:00,2025-02-06 05:05:53
188,Staff keep telling me to wait but nothing happens.,Service Delay,Operations,Closed,CUST7421,2025-08-12 06:19:00,2025-08-20 03:29:52
189,I was overcharged on my last bill and no one is responding.,Billing Issue,Billing,Closed,CUST9624,2025-05-13 13:41:00,2025-05-14 10:06:53
190,Why is the late fee applied when I paid on time?,Billing Issue,Billing,In Progress,CUST6598,2025-07-01 17:23:00,
191,"Great job by the support team, issue resolved within a day.",Appreciation,Customer Support,Open,CUST2657,2025-03-05 14:09:00,
192,The staff member was polite and handled my issue very well.,Staff Behavior,Customer Support,Closed,CUST3147,2025-10-17 08:02:00,2025-10-20 13:45:58
193,There is a major leakage that has not been fixed for weeks.,Infrastructure,Maintenance,Closed,CUST3712,2025-03-27 04:44:00,2025-04-02 12:42:57
194,There are serious safety hazards at the site that need urgent attention.,Safety Concern,Security,In Progress,CUST5668,2025-06-22 14:46:00,
195,Security personnel are not checking IDs properly at the gate.,Safety Concern,Security,Closed,CUST4178,2025-04-08 19:19:00,2025-04-09 17:00:39
196,Staff keep telling me to wait but nothing happens.,Service Delay,Operations,In Progress,CUST9641,2025-12-15 14:49:00,
197,No technician has visited despite multiple requests.,,Operations,Open,CUST8873,2025-10-26 12:38:00,
198,There is clear favoritism and under-the-table dealing happening.,,Administration,Resolved,CUST2374,2025-12-23 13:54:00,2026-01-02 00:43:56
199,I witnessed a near-accident due to lack of proper signage.,,Security,Closed,CUST4637,2025-06-17 20:09:00,2025-06-22 05:57:56
200,I witnessed a near-accident due to lack of proper signage.,Safety Concern,Security,Resolved,CUST7326,2025-12-14 18:03:00,2025-12-18 08:08:38
201,"The new online system has made things much easier, well done.",Appreciation,Customer Support,Open,CUST6493,2025-04-11 09:59:00,
202,No safety measures are in place despite previous warnings.,,Security,Closed,CUST8685,2025-01-27 07:30:00,2025-01-31 11:36:56
203,The staff at the counter was extremely rude to me today.,,Customer Support,In Progress,CUST9647,2025-11-01 07:16:00,
204,The employee refused to help and was arguing instead of assisting.,Staff Behavior,Customer Support,In Progress,CUST8489,2025-04-04 10:03:00,
205,Why is the late fee applied when I paid on time?,,Billing,Resolved,CUST3352,2025-08-01 17:40:00,2025-08-03 05:42:39
206,It has been three weeks and my complaint is still not resolved.,Service Delay,Operations,Resolved,CUST2402,2025-08-08 03:36:00,2025-08-11 23:18:37
207,The employee refused to help and was arguing instead of assisting.,Staff Behavior,Customer Support,Resolved,CUST1333,2025-02-17 08:34:00,2025-02-21 09:02:06
208,I have been waiting since last month for this issue to be fixed.,,Operations,In Progress,CUST2106,2025-01-13 15:23:00,
209,It has been three weeks and my complaint is still not resolved.,,Operations,In Progress,CUST9945,2025-09-24 14:48:00,
210,,Service Delay,Operations,Closed,CUST3986,2025-10-22 17:29:00,2025-10-29 08:30:02
211,There are serious safety hazards at the site that need urgent attention.,,Security,In Progress,CUST4268,2025-09-15 10:02:00,
212,An official demanded a bribe before processing my documents.,Corruption/Bribery,Administration,Closed,CUST5150,2025-12-17 09:25:00,2025-12-25 05:11:39
213,My bill amount doubled this month without any explanation.,Billing Issue,Billing,Open,CUST5476,2025-05-28 16:49:00,
214,"There is a billing error, I already paid but it still shows unpaid.",Billing Issue,Billing,Resolved,CUST6554,2025-06-13 16:47:00,2025-06-15 16:22:55
215,"Great job by the support team, issue resolved within a day.",,Customer Support,Closed,CUST2353,2025-08-12 11:59:00,2025-08-13 13:06:34
216,There are serious safety hazards at the site that need urgent attention.,,Security,Resolved,CUST2311,2025-06-27 16:11:00,2025-07-02 05:52:43
217,The response time for service requests is unacceptably slow.,Service Delay,Operations,Resolved,CUST6759,2025-05-20 17:45:00,2025-05-25 08:02:41
218,The employee refused to help and was arguing instead of assisting.,Staff Behavior,Customer Support,Resolved,CUST1939,2025-08-14 11:17:00,2025-08-18 11:03:19
219,Why is the late fee applied when I paid on time?,Billing Issue,Billing,Closed,CUST3339,2025-06-26 08:47:00,2025-06-29 00:24:09
220,There is clear favoritism and under-the-table dealing happening.,Corruption/Bribery,Administration,Open,CUST7001,2025-09-02 18:08:00,
221,Staff keep telling me to wait but nothing happens.,Service Delay,Operations,Resolved,CUST8273,2025-01-05 13:43:00,2025-01-09 12:36:13
222,Thank you for quickly fixing the safety issue I reported earlier.,,Security,In Progress,CUST2858,2025-03-12 18:25:00,
223,My bill amount doubled this month without any explanation.,,Billing,Resolved,CUST5264,2025-07-13 11:58:00,2025-07-16 06:11:24
224,There is a major leakage that has not been fixed for weeks.,Infrastructure,Maintenance,Closed,CUST3009,2025-12-10 01:44:00,2025-12-19 11:39:59
225,I was overcharged on my last bill and no one is responding.,Billing Issue,Billing,Closed,CUST6236,2025-06-23 20:28:00,2025-06-25 17:58:04
226,The road near the facility is damaged and causing accidents.,,Maintenance,In Progress,CUST3852,2025-07-10 13:57:00,
227,Thank you for quickly fixing the safety issue I reported earlier.,Safety Concern,Security,Open,CUST1430,2025-04-07 14:50:00,
228,Staff keep telling me to wait but nothing happens.,Service Delay,Operations,Open,CUST2077,2025-06-26 12:35:00,
229,I have been waiting since last month for this issue to be fixed.,,Operations,Closed,CUST6194,2025-07-25 10:26:00,2025-08-01 20:16:10
230,Poor maintenance of the facility is causing repeated problems.,Infrastructure,Maintenance,Open,CUST3981,2025-06-17 16:22:00,
231,No safety measures are in place despite previous warnings.,Safety Concern,Security,Closed,CUST5982,2025-06-28 16:03:00,2025-06-30 14:58:12
232,"There is a billing error, I already paid but it still shows unpaid.",Billing Issue,Billing,Closed,CUST5653,2025-12-08 16:22:00,2025-12-10 16:07:53
233,An official demanded a bribe before processing my documents.,,Administration,Open,CUST9740,2025-04-18 06:17:00,
234,My bill amount doubled this month without any explanation.,Billing Issue,Billing,In Progress,CUST6531,2025-07-19 13:09:00,
235,There is clear favoritism and under-the-table dealing happening.,Corruption/Bribery,Administration,Open,CUST5336,2025-01-28 12:01:00,
236,The new infrastructure upgrade has improved things significantly.,Infrastructure,Maintenance,Resolved,CUST5745,2025-06-21 18:01:00,2025-06-27 02:14:10
237,,,Maintenance,Closed,CUST2195,2025-07-26 10:51:00,2025-08-05 19:57:26
238,There is a major leakage that has not been fixed for weeks.,Infrastructure,Maintenance,In Progress,CUST6121,2025-06-16 08:29:00,
239,An official demanded a bribe before processing my documents.,,Administration,Closed,CUST7070,2025-09-28 07:22:00,2025-10-07 22:50:22
240,The staff at the counter was extremely rude to me today.,,Customer Support,In Progress,CUST2586,2025-05-15 15:07:00,
241,Why is the late fee applied when I paid on time?,Billing Issue,Billing,Closed,CUST6364,2025-11-14 07:15:00,2025-11-16 17:59:05
242,"The new online system has made things much easier, well done.",Appreciation,Customer Support,Closed,CUST6055,2025-03-06 07:31:00,2025-03-07 15:53:35
243,The staff at the counter was extremely rude to me today.,,Customer Support,Closed,CUST6781,2025-12-17 07:29:00,2025-12-21 16:43:43
244,"There is a billing error, I already paid but it still shows unpaid.",,Billing,Closed,CUST1133,2025-07-27 20:41:00,2025-07-29 11:31:03
245,An official demanded a bribe before processing my documents.,Corruption/Bribery,Administration,Resolved,CUST1741,2025-03-09 22:46:00,2025-03-14 12:54:46
246,Staff keep telling me to wait but nothing happens.,Service Delay,Operations,In Progress,CUST8378,2025-07-12 07:35:00,
247,I witnessed a near-accident due to lack of proper signage.,,Security,Resolved,CUST2584,2025-10-20 16:43:00,2025-10-26 11:40:50
248,The response time for service requests is unacceptably slow.,Service Delay,Operations,Open,CUST7576,2025-07-12 13:48:00,
249,The staff at the counter was extremely rude to me today.,Staff Behavior,Customer Support,Closed,CUST3440,2025-01-23 11:21:00,2025-01-26 02:38:35
250,The new infrastructure upgrade has improved things significantly.,Infrastructure,Maintenance,In Progress,CUST5902,2025-03-20 12:20:00,
251,The new infrastructure upgrade has improved things significantly.,,Maintenance,Closed,CUST1272,2025-10-18 06:31:00,2025-10-26 14:09:05
252,It has been three weeks and my complaint is still not resolved.,Service Delay,Operations,Closed,CUST1436,2025-12-19 08:19:00,2025-12-24 23:48:25
253,The equipment at the site is old and frequently malfunctions.,,Maintenance,Resolved,CUST1841,2025-12-26 15:49:00,2026-01-01 05:38:17
254,There is a major leakage that has not been fixed for weeks.,Infrastructure,Maintenance,Closed,CUST4968,2025-07-24 14:39:00,2025-08-01 13:56:57
255,I was overcharged on my last bill and no one is responding.,Billing Issue,Billing,Resolved,CUST4340,2025-03-15 10:20:00,2025-03-17 18:02:46
256,Staff keep telling me to wait but nothing happens.,,Operations,Closed,CUST3262,2025-11-28 17:54:00,2025-12-04 04:39:23
257,The staff member was polite and handled my issue very well.,,Customer Support,Resolved,CUST3837,2025-05-22 07:30:00,2025-05-25 07:51:45
258,The staff member was polite and handled my issue very well.,Staff Behavior,Customer Support,Closed,CUST5331,2025-05-12 13:43:00,2025-05-15 14:25:21
259,There is a major leakage that has not been fixed for weeks.,Infrastructure,Maintenance,In Progress,CUST5876,2025-12-09 14:35:00,
260,No safety measures are in place despite previous warnings.,Safety Concern,Security,Resolved,CUST5480,2025-08-16 15:20:00,2025-08-21 03:15:40
261,Staff keep telling me to wait but nothing happens.,Service Delay,Operations,Closed,CUST3399,2025-08-13 12:57:00,2025-08-20 22:34:11
262,The response time for service requests is unacceptably slow.,Service Delay,Operations,Closed,CUST8849,2025-12-03 18:22:00,2025-12-12 09:32:19
263,The online payment portal charged me twice for the same bill.,,Billing,In Progress,CUST4920,2025-05-18 06:44:00,
264,Staff keep telling me to wait but nothing happens.,,Operations,Open,CUST8739,2025-04-08 10:03:00,
265,My bill amount doubled this month without any explanation.,Billing Issue,Billing,In Progress,CUST8793,2025-01-18 20:59:00,
266,I was treated very disrespectfully by the customer support agent.,,Customer Support,In Progress,CUST2465,2025-09-10 18:20:00,
267,There is a major leakage that has not been fixed for weeks.,Infrastructure,Maintenance,Closed,CUST3868,2025-07-24 12:54:00,2025-07-28 00:40:19
268,No technician has visited despite multiple requests.,Service Delay,Operations,Resolved,CUST5742,2025-12-02 09:53:00,2025-12-08 23:30:56
269,I was asked to pay extra money to get my work done faster.,,Administration,Closed,CUST8444,2025-05-20 12:06:00,2025-05-29 08:03:21
270,"Great job by the support team, issue resolved within a day.",,Customer Support,Resolved,CUST2845,2025-11-05 07:54:00,2025-11-05 14:31:21
271,I have been waiting since last month for this issue to be fixed.,,Operations,Open,CUST5833,2025-08-23 21:11:00,
272,I was treated very disrespectfully by the customer support agent.,Staff Behavior,Customer Support,Closed,CUST9442,2025-03-28 22:40:00,2025-04-01 08:30:33
273,I have been waiting since last month for this issue to be fixed.,Service Delay,Operations,Resolved,CUST1111,2025-08-06 10:08:00,2025-08-15 04:11:22
274,No technician has visited despite multiple requests.,Service Delay,Operations,In Progress,CUST1187,2025-06-09 16:21:00,
275,The response time for service requests is unacceptably slow.,,Operations,Open,CUST7642,2025-08-02 15:42:00,
276,The equipment at the site is old and frequently malfunctions.,Infrastructure,Maintenance,Closed,CUST4618,2025-08-21 08:58:00,2025-08-25 07:20:52
277,My bill amount doubled this month without any explanation.,Billing Issue,Billing,Closed,CUST9998,2025-07-15 19:47:00,2025-07-19 06:56:50
278,"Excellent service today, very satisfied with the response.",Appreciation,Customer Support,Resolved,CUST9609,2025-09-22 17:48:00,2025-09-24 05:07:21
279,The employee refused to help and was arguing instead of assisting.,Staff Behavior,Customer Support,Open,CUST9281,2025-02-19 22:07:00,
280,The online payment portal charged me twice for the same bill.,,Billing,Resolved,CUST4365,2025-03-11 08:54:00,2025-03-12 23:53:30
281,Poor maintenance of the facility is causing repeated problems.,Infrastructure,Maintenance,Closed,CUST9409,2025-02-17 14:28:00,2025-02-27 01:44:25
282,Staff keep telling me to wait but nothing happens.,Service Delay,Operations,Closed,CUST7487,2025-01-15 17:43:00,2025-01-20 13:34:07
283,It has been three weeks and my complaint is still not resolved.,,Operations,Open,CUST2044,2025-09-19 17:04:00,
284,The staff at the counter was extremely rude to me today.,,Customer Support,Resolved,CUST3948,2025-12-03 12:59:00,2025-12-04 15:03:49
285,Security personnel are not checking IDs properly at the gate.,Safety Concern,Security,Closed,CUST7154,2025-06-13 06:28:00,2025-06-16 02:53:20
286,The online payment portal charged me twice for the same bill.,Billing Issue,Billing,Open,CUST7439,2025-03-28 17:22:00,
287,I was treated very disrespectfully by the customer support agent.,Staff Behavior,Customer Support,Closed,CUST9920,2025-10-25 16:01:00,2025-10-30 11:41:03
288,Very unprofessional behavior from the officer on duty.,,Customer Support,In Progress,CUST2848,2025-10-08 20:29:00,
289,Why is the late fee applied when I paid on time?,,Billing,In Progress,CUST1550,2025-08-01 17:15:00,
290,The staff at the counter was extremely rude to me today.,Staff Behavior,Customer Support,Resolved,CUST1924,2025-04-02 09:25:00,2025-04-05 18:24:55
291,"There is a billing error, I already paid but it still shows unpaid.",Billing Issue,Billing,In Progress,CUST6253,2025-04-24 12:36:00,
292,No technician has visited despite multiple requests.,,Operations,Resolved,CUST3869,2025-12-17 08:14:00,2025-12-22 14:00:27
293,Poor maintenance of the facility is causing repeated problems.,Infrastructure,Maintenance,Closed,CUST9592,2025-07-02 09:22:00,2025-07-12 10:31:18
294,I have been waiting since last month for this issue to be fixed.,Service Delay,Operations,In Progress,CUST4948,2025-06-10 15:24:00,
295,An official demanded a bribe before processing my documents.,,Administration,Resolved,CUST7761,2025-10-05 14:51:00,2025-10-09 19:10:35
296,"Excellent service today, very satisfied with the response.",,Customer Support,In Progress,CUST8369,2025-06-09 15:13:00,
297,I was asked to pay extra money to get my work done faster.,Corruption/Bribery,Administration,Open,CUST1647,2025-07-27 13:12:00,
298,I was asked to pay extra money to get my work done faster.,,Administration,Closed,CUST4422,2025-10-19 16:46:00,2025-10-25 04:32:05
299,An official demanded a bribe before processing my documents.,Corruption/Bribery,Administration,Closed,CUST2922,2025-05-01 13:13:00,2025-05-08 05:24:54
300,Security personnel are not checking IDs properly at the gate.,Safety Concern,Security,Closed,CUST4921,2025-11-23 13:38:00,2025-11-29 01:09:00
301,The employee refused to help and was arguing instead of assisting.,,Customer Support,Resolved,CUST9401,2025-06-18 17:41:00,2025-06-20 12:17:46
302,An official demanded a bribe before processing my documents.,,Administration,Closed,CUST4328,2025-02-24 04:30:00,2025-03-01 18:21:15
303,I have been waiting since last month for this issue to be fixed.,,Operations,Closed,CUST7841,2025-01-28 16:14:00,2025-02-05 15:42:27
304,No technician has visited despite multiple requests.,Service Delay,Operations,Closed,CUST6530,2025-05-13 09:36:00,2025-05-20 03:44:08
305,I have been waiting since last month for this issue to be fixed.,,Operations,Resolved,CUST6770,2025-12-21 08:47:00,2025-12-22 21:42:05
306,The online payment portal charged me twice for the same bill.,Billing Issue,Billing,Closed,CUST2217,2025-07-18 12:41:00,2025-07-21 16:24:52
307,I want to thank the team for resolving my issue so quickly.,,Customer Support,Closed,CUST3474,2025-09-14 18:08:00,2025-09-15 20:03:16
308,The online payment portal charged me twice for the same bill.,Billing Issue,Billing,Resolved,CUST8916,2025-06-02 16:39:00,2025-06-02 22:58:09
309,The road near the facility is damaged and causing accidents.,Infrastructure,Maintenance,Open,CUST5501,2025-01-18 11:26:00,
310,The employee refused to help and was arguing instead of assisting.,Staff Behavior,Customer Support,Closed,CUST3937,2025-01-27 14:44:00,2025-01-28 13:40:33
311,I was overcharged on my last bill and no one is responding.,,Billing,Resolved,CUST6807,2025-07-08 12:12:00,2025-07-10 11:08:00
312,I have been waiting since last month for this issue to be fixed.,Service Delay,Operations,Resolved,CUST4700,2025-02-13 22:29:00,2025-02-14 19:14:46
313,It has been three weeks and my complaint is still not resolved.,,Operations,Closed,,2025-08-28 14:41:00,2025-09-02 10:24:20
314,I have been waiting since last month for this issue to be fixed.,Service Delay,Operations,In Progress,CUST8109,2025-01-01 09:44:00,
315,The equipment at the site is old and frequently malfunctions.,Infrastructure,Maintenance,Closed,CUST4764,2025-07-28 07:06:00,2025-08-01 22:59:59
316,The online payment portal charged me twice for the same bill.,Billing Issue,Billing,Open,CUST9897,2025-07-02 10:59:00,
317,The staff at the counter was extremely rude to me today.,,Customer Support,Open,CUST3362,2025-03-28 18:20:00,
318,Security personnel are not checking IDs properly at the gate.,Safety Concern,Security,Resolved,CUST7375,2025-12-10 12:10:00,2025-12-14 23:43:22
319,The new infrastructure upgrade has improved things significantly.,Infrastructure,Maintenance,Open,CUST2284,2025-05-25 15:47:00,
320,The employee refused to help and was arguing instead of assisting.,,Customer Support,Closed,CUST7499,2025-01-14 09:14:00,2025-01-16 17:57:42
321,"The new online system has made things much easier, well done.",Appreciation,Customer Support,Closed,CUST6829,2025-01-09 09:50:00,2025-01-10 02:13:18
322,Very unprofessional behavior from the officer on duty.,,Customer Support,Closed,CUST5839,2025-06-22 07:37:00,2025-06-25 04:32:03
323,There are serious safety hazards at the site that need urgent attention.,Safety Concern,Security,Closed,CUST7383,2025-02-05 09:24:00,2025-02-07 14:07:52
324,It has been three weeks and my complaint is still not resolved.,,Operations,Resolved,CUST3170,2025-02-10 11:28:00,2025-02-19 09:46:24
325,Why is the late fee applied when I paid on time?,,Billing,Resolved,CUST6798,2025-06-18 06:32:00,2025-06-20 07:12:37
326,The staff member was polite and handled my issue very well.,,Customer Support,Resolved,CUST7353,2025-08-11 16:55:00,2025-08-13 20:45:52
327,Thank you for quickly fixing the safety issue I reported earlier.,Safety Concern,Security,Resolved,CUST3777,2025-11-08 17:36:00,2025-11-12 19:18:11
328,"There is a billing error, I already paid but it still shows unpaid.",,Billing,In Progress,CUST5911,2025-04-05 19:04:00,
329,The staff at the counter was extremely rude to me today.,Staff Behavior,Customer Support,Resolved,CUST4203,2025-05-08 07:46:00,2025-05-12 08:17:08
330,I was treated very disrespectfully by the customer support agent.,Staff Behavior,Customer Support,Closed,CUST6399,2025-05-13 16:21:00,2025-05-15 22:29:00
331,Very unprofessional behavior from the officer on duty.,,Customer Support,Closed,CUST6253,2025-10-28 09:41:00,2025-10-30 17:55:18
332,There is a major leakage that has not been fixed for weeks.,,Maintenance,Closed,CUST9044,2025-07-06 12:25:00,2025-07-10 18:10:20
333,"Excellent service today, very satisfied with the response.",Appreciation,Customer Support,Closed,CUST4273,2025-05-09 14:52:00,2025-05-10 08:51:07
334,The new infrastructure upgrade has improved things significantly.,Infrastructure,Maintenance,Open,CUST4434,2025-03-25 16:35:00,
335,The employee refused to help and was arguing instead of assisting.,Staff Behavior,Customer Support,Closed,CUST9180,2025-10-03 05:52:00,2025-10-03 14:43:59
336,"There is a billing error, I already paid but it still shows unpaid.",Billing Issue,Billing,Closed,CUST2211,2025-04-22 09:09:00,2025-04-24 20:13:11
337,The staff member was polite and handled my issue very well.,Staff Behavior,Customer Support,Resolved,CUST7853,2025-07-13 13:34:00,2025-07-16 22:31:50
338,The employee refused to help and was arguing instead of assisting.,Staff Behavior,Customer Support,Resolved,CUST2791,2025-08-26 13:34:00,2025-08-29 09:52:57
339,I witnessed a near-accident due to lack of proper signage.,Safety Concern,Security,Resolved,CUST7547,2025-03-20 13:02:00,2025-03-22 20:38:01
340,"The new online system has made things much easier, well done.",,Customer Support,Open,CUST9366,2025-12-14 09:06:00,
341,Thank you for quickly fixing the safety issue I reported earlier.,Safety Concern,Security,Resolved,CUST9199,2025-07-19 10:14:00,2025-07-22 21:30:17
342,I was overcharged on my last bill and no one is responding.,,Billing,Closed,CUST3321,2025-07-10 10:26:00,2025-07-12 09:30:56
343,The response time for service requests is unacceptably slow.,Service Delay,Operations,Resolved,CUST8178,2025-06-07 09:33:00,2025-06-10 20:26:06
344,Security personnel are not checking IDs properly at the gate.,,Security,Closed,CUST6620,2025-05-10 18:02:00,2025-05-13 23:24:17
345,There is a major leakage that has not been fixed for weeks.,Infrastructure,Maintenance,Resolved,CUST6422,2025-12-24 14:15:00,2026-01-05 10:40:35
346,Very unprofessional behavior from the officer on duty.,Staff Behavior,Customer Support,In Progress,CUST8080,2025-04-13 13:40:00,
347,Staff keep telling me to wait but nothing happens.,,Operations,Resolved,CUST4519,2025-11-15 07:37:00,2025-11-21 14:59:28
348,I was overcharged on my last bill and no one is responding.,Billing Issue,Billing,Resolved,CUST4228,2025-07-26 13:55:00,2025-07-29 19:09:38
349,The employee refused to help and was arguing instead of assisting.,,Customer Support,Closed,CUST7367,2025-08-16 11:33:00,2025-08-20 03:04:14
350,The new infrastructure upgrade has improved things significantly.,,Maintenance,Resolved,CUST5873,2025-02-12 08:54:00,2025-02-17 18:51:01
351,I want to thank the team for resolving my issue so quickly.,,Customer Support,In Progress,CUST7116,2025-08-11 14:07:00,
352,The new infrastructure upgrade has improved things significantly.,Infrastructure,Maintenance,Resolved,CUST8973,2025-06-20 13:08:00,2025-06-24 06:30:33
353,There is a major leakage that has not been fixed for weeks.,,Maintenance,Open,CUST8389,2025-07-16 11:18:00,
354,The equipment at the site is old and frequently malfunctions.,Infrastructure,Maintenance,In Progress,CUST9281,2025-12-16 22:08:00,
355,Poor maintenance of the facility is causing repeated problems.,Infrastructure,Maintenance,Closed,CUST2354,2025-08-14 14:45:00,2025-08-21 17:50:10
356,I was treated very disrespectfully by the customer support agent.,,Customer Support,Resolved,CUST8492,2025-05-09 08:14:00,2025-05-12 01:21:53
357,Very unprofessional behavior from the officer on duty.,Staff Behavior,Customer Support,Open,CUST7010,2025-07-04 09:36:00,
358,The staff at the counter was extremely rude to me today.,Staff Behavior,Customer Support,In Progress,CUST5055,2025-09-15 08:34:00,
359,It has been three weeks and my complaint is still not resolved.,Service Delay,Operations,Closed,CUST2923,2025-06-12 09:55:00,2025-06-15 18:08:40
360,No safety measures are in place despite previous warnings.,Safety Concern,Security,Closed,CUST8015,2025-04-24 18:37:00,2025-04-27 16:59:26
361,My bill amount doubled this month without any explanation.,Billing Issue,Billing,Closed,CUST9720,2025-09-27 07:13:00,2025-09-27 08:13:00
362,Staff keep telling me to wait but nothing happens.,,Operations,In Progress,CUST9428,2025-03-23 22:18:00,
363,I want to thank the team for resolving my issue so quickly.,,Customer Support,Resolved,CUST5543,2025-03-25 08:50:00,2025-03-26 15:24:21
364,I was asked to pay extra money to get my work done faster.,,Administration,Open,CUST5055,2025-08-05 11:15:00,
365,Security personnel are not checking IDs properly at the gate.,Safety Concern,Security,In Progress,CUST8405,2025-07-19 21:40:00,
366,I was overcharged on my last bill and no one is responding.,Billing Issue,Billing,Closed,CUST8449,2025-06-24 17:17:00,2025-06-26 06:12:33
367,"The new online system has made things much easier, well done.",,Customer Support,Closed,CUST8511,2025-07-28 09:49:00,2025-07-29 17:04:06
368,The equipment at the site is old and frequently malfunctions.,Infrastructure,Maintenance,Resolved,CUST4470,2025-10-26 15:34:00,2025-11-04 07:30:47
369,The employee refused to help and was arguing instead of assisting.,Staff Behavior,Customer Support,Resolved,CUST8951,2025-10-11 13:35:00,2025-10-15 11:13:23
370,There are serious safety hazards at the site that need urgent attention.,,Security,Closed,CUST3588,2025-01-21 10:50:00,2025-01-24 04:58:43
371,The staff at the counter was extremely rude to me today.,Staff Behavior,Customer Support,Closed,CUST5945,2025-12-14 10:12:00,2025-12-18 02:37:59
372,"There is a billing error, I already paid but it still shows unpaid.",Billing Issue,Billing,Open,CUST3711,2025-02-12 11:16:00,
373,"There is a billing error, I already paid but it still shows unpaid.",,Billing,Resolved,CUST2559,2025-09-25 13:14:00,2025-09-27 04:25:40
374,Why is the late fee applied when I paid on time?,Billing Issue,Billing,Resolved,CUST1132,2025-02-19 14:14:00,2025-02-21 08:20:39
375,The road near the facility is damaged and causing accidents.,,Maintenance,Open,CUST7276,2025-12-14 10:44:00,
376,I was overcharged on my last bill and no one is responding.,Billing Issue,Billing,In Progress,CUST3181,2025-02-12 14:56:00,
377,There is a major leakage that has not been fixed for weeks.,,Maintenance,Resolved,CUST6753,2025-02-19 08:00:00,2025-03-08 22:42:07
378,No safety measures are in place despite previous warnings.,,Security,Resolved,CUST2646,2025-11-20 06:43:00,2025-11-21 14:43:13
379,I was overcharged on my last bill and no one is responding.,,Billing,Closed,CUST3290,2025-07-13 10:22:00,2025-07-14 22:48:31
380,It has been three weeks and my complaint is still not resolved.,,Operations,Closed,CUST1439,2025-04-20 15:38:00,2025-04-27 04:07:31
381,There is clear favoritism and under-the-table dealing happening.,,Administration,Resolved,CUST7418,2025-11-07 16:33:00,2025-11-12 03:08:58
382,It has been three weeks and my complaint is still not resolved.,,Operations,Resolved,CUST9185,2025-09-26 11:15:00,2025-10-06 08:04:28
383,The road near the facility is damaged and causing accidents.,,Maintenance,Closed,CUST7895,2025-07-01 10:23:00,2025-07-10 07:57:42
384,No technician has visited despite multiple requests.,,Operations,Open,CUST5295,2025-09-25 09:04:00,
385,I was overcharged on my last bill and no one is responding.,Billing Issue,Billing,In Progress,CUST7806,2025-12-13 07:32:00,
386,Very unprofessional behavior from the officer on duty.,,Customer Support,Resolved,CUST6077,2025-02-18 15:34:00,2025-02-21 18:08:28
387,My bill amount doubled this month without any explanation.,Billing Issue,Billing,In Progress,CUST2083,2025-12-05 13:34:00,
388,I have been waiting since last month for this issue to be fixed.,,Operations,Open,CUST8118,2025-09-28 17:15:00,
389,The online payment portal charged me twice for the same bill.,Billing Issue,Billing,Closed,CUST2956,2025-08-10 08:42:00,2025-08-11 21:17:07
390,My bill amount doubled this month without any explanation.,Billing Issue,Billing,Closed,CUST5247,2025-08-06 08:31:00,2025-08-08 19:48:45
391,My bill amount doubled this month without any explanation.,,Billing,Closed,CUST1480,2025-09-28 08:17:00,2025-09-30 18:43:05
392,I have been waiting since last month for this issue to be fixed.,Service Delay,Operations,Closed,CUST2262,2025-05-03 13:16:00,2025-05-10 14:56:34
393,The staff member was polite and handled my issue very well.,Staff Behavior,Customer Support,Resolved,CUST5179,2025-05-16 11:54:00,2025-05-19 04:07:05
394,Thank you for quickly fixing the safety issue I reported earlier.,,Security,Closed,CUST1201,2025-08-04 16:14:00,2025-08-09 20:20:51
395,I have been waiting since last month for this issue to be fixed.,Service Delay,Operations,Closed,CUST7870,2025-06-05 12:11:00,2025-06-09 03:42:55
396,No technician has visited despite multiple requests.,,Operations,In Progress,CUST7108,2025-06-24 10:20:00,
397,I was overcharged on my last bill and no one is responding.,Billing Issue,Billing,Closed,CUST2129,2025-03-26 16:33:00,2025-03-26 21:43:39
398,An official demanded a bribe before processing my documents.,Corruption/Bribery,Administration,Open,CUST7044,2025-09-10 13:20:00,
399,The online payment portal charged me twice for the same bill.,Billing Issue,Billing,In Progress,CUST9083,2025-09-24 09:39:00,
400,"Excellent service today, very satisfied with the response.",,Customer Support,Closed,CUST7718,2025-09-18 18:48:00,2025-09-20 02:45:44
401,The online payment portal charged me twice for the same bill.,Billing Issue,Billing,Closed,CUST1023,2025-05-27 18:44:00,2025-05-28 00:16:46
402,Security personnel are not checking IDs properly at the gate.,Safety Concern,Security,Open,CUST4902,2025-10-24 14:19:00,
403,It has been three weeks and my complaint is still not resolved.,,Operations,In Progress,CUST4792,2025-12-05 08:45:00,
404,There is clear favoritism and under-the-table dealing happening.,,Administration,Closed,CUST2565,2025-06-12 19:29:00,2025-06-15 08:46:05
405,Very unprofessional behavior from the officer on duty.,Staff Behavior,Customer Support,Resolved,CUST4879,2025-02-19 08:03:00,2025-02-23 16:59:24
406,The response time for service requests is unacceptably slow.,,Operations,Closed,CUST8417,2025-12-13 16:44:00,2025-12-19 23:06:24
407,It has been three weeks and my complaint is still not resolved.,,Operations,Closed,CUST2731,2025-12-05 18:49:00,2025-12-15 07:48:35
408,Why is the late fee applied when I paid on time?,Billing Issue,Billing,Resolved,CUST8404,2025-05-04 16:34:00,2025-05-06 07:44:48
409,The response time for service requests is unacceptably slow.,,Operations,Closed,CUST1660,2025-10-03 09:10:00,2025-10-06 16:22:26
410,"There is a billing error, I already paid but it still shows unpaid.",Billing Issue,Billing,Closed,CUST1802,2025-03-23 15:15:00,2025-03-25 16:37:26
411,The equipment at the site is old and frequently malfunctions.,Infrastructure,Maintenance,Closed,CUST5093,2025-10-06 16:01:00,2025-10-13 09:48:14
412,I was overcharged on my last bill and no one is responding.,Billing Issue,Billing,Open,CUST4641,2025-10-05 17:07:00,
413,Why is the late fee applied when I paid on time?,Billing Issue,Billing,Open,CUST2228,2025-06-21 10:41:00,
414,I was overcharged on my last bill and no one is responding.,,Billing,Closed,CUST6432,2025-04-21 17:28:00,2025-04-23 12:17:06
415,Why is the late fee applied when I paid on time?,Billing Issue,Billing,Closed,CUST1483,2025-01-19 16:27:00,2025-01-20 21:39:27
416,I have been waiting since last month for this issue to be fixed.,,Operations,In Progress,CUST3435,2025-03-07 08:58:00,
417,The online payment portal charged me twice for the same bill.,Billing Issue,Billing,Resolved,CUST8848,2025-08-21 09:18:00,2025-08-24 03:48:21
418,"There is a billing error, I already paid but it still shows unpaid.",Billing Issue,Billing,Resolved,CUST5082,2025-06-14 14:12:00,2025-06-17 08:53:32
419,The new infrastructure upgrade has improved things significantly.,Infrastructure,Maintenance,Closed,CUST8940,2025-10-13 15:50:00,2025-10-16 13:15:21
420,Staff keep telling me to wait but nothing happens.,,Operations,In Progress,CUST4588,2025-07-13 10:17:00,
421,"There is a billing error, I already paid but it still shows unpaid.",Billing Issue,Billing,Resolved,CUST4813,2025-01-16 09:33:00,2025-01-18 14:56:40
422,I want to thank the team for resolving my issue so quickly.,Appreciation,Customer Support,Resolved,CUST1916,2025-04-08 18:17:00,2025-04-09 01:12:27
423,No safety measures are in place despite previous warnings.,Safety Concern,Security,Resolved,CUST3846,2025-07-26 12:24:00,2025-08-01 12:15:27
424,The online payment portal charged me twice for the same bill.,Billing Issue,Billing,Resolved,CUST6761,2025-05-24 20:44:00,2025-05-27 02:06:31
425,"Excellent service today, very satisfied with the response.",Appreciation,Customer Support,Closed,CUST9064,2025-07-07 13:53:00,2025-07-08 03:04:43
426,I was treated very disrespectfully by the customer support agent.,,Customer Support,In Progress,CUST9625,2025-07-03 14:03:00,
427,The employee refused to help and was arguing instead of assisting.,Staff Behavior,Customer Support,Open,CUST6301,2025-11-07 02:51:00,
428,My bill amount doubled this month without any explanation.,Billing Issue,Billing,Open,CUST6978,2025-07-05 17:49:00,
429,"The new online system has made things much easier, well done.",,Customer Support,Resolved,CUST6285,2025-08-22 19:25:00,2025-08-24 12:31:31
430,My bill amount doubled this month without any explanation.,Billing Issue,Billing,Resolved,CUST6198,2025-09-14 19:50:00,2025-09-17 07:09:59
431,The online payment portal charged me twice for the same bill.,Billing Issue,Billing,Resolved,CUST3872,2025-08-20 15:50:00,2025-08-22 20:38:16
432,The response time for service requests is unacceptably slow.,Service Delay,Operations,Closed,CUST7415,2025-03-24 14:00:00,2025-03-27 07:17:30
433,There is clear favoritism and under-the-table dealing happening.,Corruption/Bribery,Administration,Closed,CUST4619,2025-01-20 11:20:00,2025-01-27 04:21:58
434,The road near the facility is damaged and causing accidents.,,Maintenance,Closed,CUST6234,2025-12-05 19:21:00,2025-12-14 11:21:27
435,I was overcharged on my last bill and no one is responding.,,Billing,Closed,CUST1186,2025-10-22 12:40:00,2025-10-26 13:24:34
436,No technician has visited despite multiple requests.,Service Delay,Operations,Closed,CUST1788,2025-08-12 11:16:00,2025-08-18 12:24:59
437,I have been waiting since last month for this issue to be fixed.,Service Delay,Operations,Closed,CUST7149,2025-12-14 06:31:00,2025-12-21 09:55:28
438,Why is the late fee applied when I paid on time?,,Billing,Closed,CUST8393,2025-09-19 00:41:00,2025-09-20 13:29:36
439,I was overcharged on my last bill and no one is responding.,,Billing,Closed,CUST3787,2025-05-11 10:16:00,2025-05-14 02:37:47
440,I was asked to pay extra money to get my work done faster.,,Administration,Closed,CUST8909,2025-09-18 19:57:00,2025-09-19 06:42:20
441,Poor maintenance of the facility is causing repeated problems.,,Maintenance,Closed,CUST2659,2025-12-06 10:38:00,2025-12-19 00:14:36
442,No technician has visited despite multiple requests.,Service Delay,Operations,Closed,CUST5612,2025-06-18 12:46:00,2025-06-21 21:28:47
443,It has been three weeks and my complaint is still not resolved.,,Operations,Closed,CUST6911,2025-01-19 09:35:00,2025-01-22 03:33:47
444,I was overcharged on my last bill and no one is responding.,,Billing,Resolved,CUST1421,2025-05-22 09:40:00,2025-05-24 06:48:18
445,"There is a billing error, I already paid but it still shows unpaid.",Billing Issue,Billing,Open,CUST8715,2025-12-16 13:54:00,
446,The employee refused to help and was arguing instead of assisting.,Staff Behavior,Customer Support,In Progress,CUST7052,2025-02-18 11:24:00,
447,I was overcharged on my last bill and no one is responding.,,Billing,In Progress,CUST2009,2025-04-15 18:16:00,
448,I was overcharged on my last bill and no one is responding.,Billing Issue,Billing,Resolved,CUST4727,2025-02-12 11:51:00,2025-02-15 23:20:59
449,Very unprofessional behavior from the officer on duty.,Staff Behavior,Customer Support,Closed,CUST4860,2025-10-14 01:34:00,2025-10-18 10:00:42
450,The staff at the counter was extremely rude to me today.,Staff Behavior,Customer Support,Open,CUST9467,2025-06-28 15:45:00,
451,Thank you for quickly fixing the safety issue I reported earlier.,Safety Concern,Security,In Progress,CUST4471,2025-03-25 09:28:00,
452,No safety measures are in place despite previous warnings.,Safety Concern,Security,Resolved,CUST3422,2025-01-03 21:43:00,2025-01-07 06:02:12
453,An official demanded a bribe before processing my documents.,,Administration,Closed,CUST7510,2025-05-24 07:58:00,2025-05-27 19:34:30
454,The employee refused to help and was arguing instead of assisting.,Staff Behavior,Customer Support,Closed,CUST9561,2025-07-28 23:00:00,2025-08-04 01:06:45
455,There are serious safety hazards at the site that need urgent attention.,Safety Concern,Security,Resolved,CUST2641,2025-06-05 07:36:00,2025-06-09 03:43:54
456,I want to thank the team for resolving my issue so quickly.,Appreciation,Customer Support,Closed,CUST5327,2025-09-28 16:34:00,2025-09-29 18:28:05
457,I have been waiting since last month for this issue to be fixed.,Service Delay,Operations,In Progress,CUST7581,2025-07-16 09:02:00,
458,"There is a billing error, I already paid but it still shows unpaid.",,Billing,Resolved,CUST7102,2025-08-02 09:47:00,2025-08-04 07:00:41
459,"There is a billing error, I already paid but it still shows unpaid.",Billing Issue,Billing,Closed,CUST4734,2025-05-27 05:31:00,2025-05-31 06:51:33
460,Why is the late fee applied when I paid on time?,Billing Issue,Billing,Closed,CUST2462,2025-09-11 07:17:00,2025-09-12 10:01:36
461,My bill amount doubled this month without any explanation.,Billing Issue,Billing,Resolved,CUST7126,2025-11-14 16:47:00,2025-11-17 19:26:38
462,There is clear favoritism and under-the-table dealing happening.,Corruption/Bribery,Administration,Closed,CUST9589,2025-09-03 12:19:00,2025-09-03 13:19:00
463,I was asked to pay extra money to get my work done faster.,,Administration,Closed,CUST8478,2025-03-27 11:12:00,2025-03-30 18:32:53
464,"There is a billing error, I already paid but it still shows unpaid.",Billing Issue,Billing,Closed,CUST3029,2025-08-09 09:23:00,2025-08-11 13:17:39
465,There is a major leakage that has not been fixed for weeks.,Infrastructure,Maintenance,In Progress,CUST6730,2025-06-20 17:28:00,
466,The response time for service requests is unacceptably slow.,Service Delay,Operations,In Progress,CUST3669,2025-09-23 20:05:00,
467,I was asked to pay extra money to get my work done faster.,,Administration,Closed,CUST7709,2025-10-21 11:14:00,2025-10-29 19:13:36
468,The staff at the counter was extremely rude to me today.,Staff Behavior,Customer Support,In Progress,CUST4666,2025-07-05 11:41:00,
469,The response time for service requests is unacceptably slow.,Service Delay,Operations,In Progress,CUST6713,2025-09-23 04:41:00,
470,I was treated very disrespectfully by the customer support agent.,Staff Behavior,Customer Support,Closed,CUST2676,2025-06-22 08:33:00,2025-06-23 18:20:44
471,"There is a billing error, I already paid but it still shows unpaid.",Billing Issue,Billing,In Progress,CUST8892,2025-07-20 15:38:00,
472,"There is a billing error, I already paid but it still shows unpaid.",Billing Issue,Billing,In Progress,CUST5895,2025-08-28 14:17:00,
473,The online payment portal charged me twice for the same bill.,Billing Issue,Billing,Closed,CUST7620,2025-09-02 04:51:00,2025-09-03 15:19:27
474,There is a major leakage that has not been fixed for weeks.,,Maintenance,Closed,CUST7857,2025-09-21 15:31:00,2025-09-27 13:15:05
475,It has been three weeks and my complaint is still not resolved.,Service Delay,Operations,In Progress,CUST4643,2025-07-19 03:52:00,
476,Poor maintenance of the facility is causing repeated problems.,Infrastructure,Maintenance,Resolved,CUST3967,2025-11-22 08:22:00,2025-11-28 22:24:18
477,I have been waiting since last month for this issue to be fixed.,Service Delay,Operations,Closed,CUST3999,2025-03-09 14:46:00,2025-03-15 14:15:23
478,"The new online system has made things much easier, well done.",Appreciation,Customer Support,In Progress,CUST7889,2025-08-08 09:22:00,
479,I witnessed a near-accident due to lack of proper signage.,,Security,Resolved,CUST1879,2025-06-19 08:18:00,2025-06-24 07:35:56
480,There is clear favoritism and under-the-table dealing happening.,,Administration,Resolved,CUST2963,2025-07-20 17:04:00,2025-07-24 14:38:30
481,An official demanded a bribe before processing my documents.,,Administration,Closed,CUST4281,2025-07-14 17:03:00,2025-07-25 01:50:01
482,Staff keep telling me to wait but nothing happens.,Service Delay,Operations,In Progress,CUST2324,2025-11-15 09:09:00,
483,I was treated very disrespectfully by the customer support agent.,,Customer Support,Resolved,CUST3762,2025-05-02 10:00:00,2025-05-04 04:59:44
484,There is a major leakage that has not been fixed for weeks.,Infrastructure,Maintenance,Open,CUST8035,2025-07-25 18:49:00,
485,I have been waiting since last month for this issue to be fixed.,Service Delay,Operations,In Progress,CUST1230,2025-06-02 01:34:00,
486,There is clear favoritism and under-the-table dealing happening.,,Administration,Resolved,CUST6641,2025-03-22 07:00:00,2025-03-29 08:34:04
487,It has been three weeks and my complaint is still not resolved.,Service Delay,Operations,In Progress,CUST5885,2025-06-19 11:19:00,
488,"Great job by the support team, issue resolved within a day.",Appreciation,Customer Support,In Progress,CUST3192,2025-09-20 18:33:00,
489,I have been waiting since last month for this issue to be fixed.,Service Delay,Operations,Closed,CUST7609,2025-05-07 16:10:00,2025-05-10 04:06:47
490,My bill amount doubled this month without any explanation.,Billing Issue,Billing,Closed,CUST3768,2025-09-05 10:13:00,2025-09-06 20:41:35
491,I was overcharged on my last bill and no one is responding.,Billing Issue,Billing,Closed,CUST1785,2025-06-21 14:16:00,2025-06-22 11:13:27
492,The road near the facility is damaged and causing accidents.,,Maintenance,Resolved,CUST5140,2025-01-04 10:26:00,2025-01-08 11:59:56
493,I was treated very disrespectfully by the customer support agent.,Staff Behavior,Customer Support,Open,CUST2654,2025-04-22 13:40:00,
494,The equipment at the site is old and frequently malfunctions.,Infrastructure,Maintenance,Resolved,CUST9381,2025-08-23 12:08:00,2025-09-06 16:31:00
495,The road near the facility is damaged and causing accidents.,Infrastructure,Maintenance,Resolved,CUST5308,2025-05-26 10:06:00,2025-06-06 23:50:44
496,I was asked to pay extra money to get my work done faster.,Corruption/Bribery,Administration,In Progress,CUST4402,2025-05-14 16:18:00,
497,Poor maintenance of the facility is causing repeated problems.,Infrastructure,Maintenance,Closed,CUST9095,2025-05-01 11:00:00,2025-05-09 16:31:24
498,I was overcharged on my last bill and no one is responding.,Billing Issue,Billing,Closed,CUST4787,2025-09-03 03:46:00,2025-09-05 09:40:35
499,The employee refused to help and was arguing instead of assisting.,Staff Behavior,Customer Support,Closed,CUST5760,2025-04-02 14:06:00,2025-04-03 12:50:49
500,The response time for service requests is unacceptably slow.,Service Delay,Operations,Closed,CUST1158,2025-06-04 09:06:00,2025-06-09 17:18:05
501,There is clear favoritism and under-the-table dealing happening.,Corruption/Bribery,Administration,Closed,CUST5395,2025-08-11 22:22:00,2025-08-17 17:19:39
502,I was asked to pay extra money to get my work done faster.,Corruption/Bribery,Administration,Open,CUST8479,2025-06-11 13:11:00,
503,I have been waiting since last month for this issue to be fixed.,Service Delay,Operations,Resolved,CUST3732,2025-08-16 09:51:00,2025-08-18 03:37:46
504,I was overcharged on my last bill and no one is responding.,Billing Issue,Billing,Open,CUST8908,2025-12-28 13:10:00,
505,Security personnel are not checking IDs properly at the gate.,,Security,Resolved,CUST3140,2025-03-13 14:49:00,2025-03-18 04:41:01
506,Very unprofessional behavior from the officer on duty.,,Customer Support,Open,CUST6148,2025-02-14 17:28:00,
507,The online payment portal charged me twice for the same bill.,Billing Issue,Billing,Resolved,CUST6542,2025-09-19 09:46:00,2025-09-22 16:52:51
508,The staff member was polite and handled my issue very well.,,Customer Support,In Progress,CUST7305,2025-02-22 15:46:00,
509,The online payment portal charged me twice for the same bill.,Billing Issue,Billing,Open,CUST9283,2025-11-20 09:03:00,
510,An official demanded a bribe before processing my documents.,,Administration,Resolved,CUST5557,2025-11-03 18:48:00,2025-11-13 23:01:46
511,My bill amount doubled this month without any explanation.,,Billing,Closed,CUST8277,2025-07-13 11:25:00,2025-07-15 18:46:55
512,Security personnel are not checking IDs properly at the gate.,Safety Concern,Security,In Progress,CUST1291,2025-02-16 06:28:00,
513,Why is the late fee applied when I paid on time?,Billing Issue,Billing,Closed,CUST5990,2025-01-18 08:00:00,2025-01-18 10:30:04
514,There is clear favoritism and under-the-table dealing happening.,Corruption/Bribery,Administration,Closed,CUST1889,2025-04-22 15:29:00,2025-04-29 08:41:21
515,Security personnel are not checking IDs properly at the gate.,Safety Concern,Security,Resolved,CUST6952,2025-05-25 09:39:00,2025-05-28 00:27:22
516,The road near the facility is damaged and causing accidents.,Infrastructure,Maintenance,Open,CUST5783,2025-02-22 11:14:00,
517,The employee refused to help and was arguing instead of assisting.,,Customer Support,In Progress,CUST7704,2025-08-02 10:57:00,
518,The online payment portal charged me twice for the same bill.,,Billing,Closed,CUST4122,2025-04-04 11:59:00,2025-04-05 17:14:47
519,The road near the facility is damaged and causing accidents.,Infrastructure,Maintenance,Resolved,CUST3018,2025-09-02 13:59:00,2025-09-14 10:16:28
520,Security personnel are not checking IDs properly at the gate.,Safety Concern,Security,Open,CUST9689,2025-06-19 12:32:00,
521,Thank you for quickly fixing the safety issue I reported earlier.,Safety Concern,Security,Resolved,CUST3903,2025-12-27 15:37:00,2025-12-31 13:02:53
522,There is a major leakage that has not been fixed for weeks.,Infrastructure,Maintenance,Resolved,CUST6273,2025-09-05 09:06:00,2025-09-14 07:25:22
523,Very unprofessional behavior from the officer on duty.,,Customer Support,Closed,CUST7518,2025-06-20 05:58:00,2025-06-23 23:27:52
524,"The new online system has made things much easier, well done.",Appreciation,Customer Support,Resolved,CUST9393,2025-06-05 06:08:00,2025-06-05 15:32:57
525,Staff keep telling me to wait but nothing happens.,Service Delay,Operations,Closed,CUST4291,2025-10-23 12:47:00,2025-10-25 03:41:04
526,"There is a billing error, I already paid but it still shows unpaid.",Billing Issue,Billing,Closed,CUST3913,2025-08-22 16:08:00,2025-08-25 11:05:09
527,The employee refused to help and was arguing instead of assisting.,Staff Behavior,Customer Support,Resolved,CUST7839,2025-09-25 08:22:00,2025-09-28 13:32:46
528,The new infrastructure upgrade has improved things significantly.,Infrastructure,Maintenance,Closed,CUST1414,2025-05-28 12:27:00,2025-06-04 17:39:42
529,It has been three weeks and my complaint is still not resolved.,,Operations,Closed,CUST5695,2025-08-07 15:17:00,2025-08-09 12:30:05
530,There is a major leakage that has not been fixed for weeks.,Infrastructure,Maintenance,In Progress,CUST1529,2025-10-23 16:50:00,
531,I have been waiting since last month for this issue to be fixed.,Service Delay,Operations,Closed,CUST7371,2025-02-28 16:43:00,2025-03-04 21:29:54
532,The response time for service requests is unacceptably slow.,Service Delay,Operations,Resolved,CUST6122,2025-08-02 15:59:00,2025-08-08 21:49:48
533,I want to thank the team for resolving my issue so quickly.,Appreciation,Customer Support,Resolved,CUST8259,2025-01-09 11:12:00,2025-01-09 20:07:33
534,There is clear favoritism and under-the-table dealing happening.,Corruption/Bribery,Administration,Closed,CUST4218,2025-08-21 07:23:00,2025-08-27 08:55:02
535,No safety measures are in place despite previous warnings.,Safety Concern,Security,Open,CUST9418,2025-05-06 09:43:00,
536,I was overcharged on my last bill and no one is responding.,Billing Issue,Billing,Open,CUST5178,2025-06-18 13:16:00,
537,Why is the late fee applied when I paid on time?,,Billing,In Progress,CUST1833,2025-09-05 17:02:00,
538,Thank you for quickly fixing the safety issue I reported earlier.,Safety Concern,Security,Closed,CUST2194,2025-10-10 15:31:00,2025-10-15 07:51:39
539,I witnessed a near-accident due to lack of proper signage.,Safety Concern,Security,Open,CUST7814,2025-07-06 16:33:00,
540,Very unprofessional behavior from the officer on duty.,,Customer Support,In Progress,CUST6911,2025-02-08 14:56:00,
541,Staff keep telling me to wait but nothing happens.,Service Delay,Operations,Closed,CUST2879,2025-07-18 15:52:00,2025-07-22 18:05:12
542,Poor maintenance of the facility is causing repeated problems.,,Maintenance,Closed,CUST1653,2025-04-21 12:39:00,2025-05-01 23:17:07
543,The equipment at the site is old and frequently malfunctions.,Infrastructure,Maintenance,Resolved,CUST5633,2025-06-26 09:07:00,2025-07-07 10:35:43
544,The online payment portal charged me twice for the same bill.,Billing Issue,Billing,Closed,CUST1718,2025-10-12 05:32:00,2025-10-14 08:06:11
545,No technician has visited despite multiple requests.,Service Delay,Operations,In Progress,CUST9814,2025-05-03 15:06:00,
546,The staff at the counter was extremely rude to me today.,Staff Behavior,Customer Support,In Progress,CUST2702,2025-04-21 10:49:00,
547,Why is the late fee applied when I paid on time?,,Billing,Closed,CUST6434,2025-08-03 19:47:00,2025-08-06 17:27:41
548,I was overcharged on my last bill and no one is responding.,Billing Issue,Billing,Resolved,CUST4729,2025-01-26 17:16:00,2025-01-28 15:43:21
549,"Great job by the support team, issue resolved within a day.",,Customer Support,Resolved,CUST2938,2025-06-21 10:25:00,2025-06-21 20:55:37
550,The staff member was polite and handled my issue very well.,Staff Behavior,Customer Support,Open,CUST6860,2025-02-24 08:37:00,
551,I want to thank the team for resolving my issue so quickly.,,Customer Support,Resolved,CUST8170,2025-05-22 07:19:00,2025-05-23 12:07:35
552,It has been three weeks and my complaint is still not resolved.,Service Delay,Operations,Open,CUST9941,2025-07-18 15:14:00,
553,No technician has visited despite multiple requests.,Service Delay,Operations,Closed,CUST1182,2025-05-26 10:55:00,2025-05-30 22:23:14
554,The staff member was polite and handled my issue very well.,Staff Behavior,Customer Support,Resolved,CUST9970,2025-03-02 10:00:00,2025-03-05 13:53:15
555,"The new online system has made things much easier, well done.",,Customer Support,Closed,CUST9397,2025-04-24 13:57:00,2025-04-25 07:42:15
556,My bill amount doubled this month without any explanation.,,Billing,In Progress,CUST1891,2025-04-27 14:16:00,
557,There is clear favoritism and under-the-table dealing happening.,,Administration,In Progress,CUST2608,2025-06-18 18:04:00,
558,The online payment portal charged me twice for the same bill.,Billing Issue,Billing,Open,CUST2639,2025-07-11 14:22:00,
559,It has been three weeks and my complaint is still not resolved.,Service Delay,Operations,Resolved,CUST6008,2025-11-11 09:31:00,2025-11-18 11:36:24
560,There is a major leakage that has not been fixed for weeks.,Infrastructure,Maintenance,In Progress,CUST1079,2025-07-12 04:51:00,
561,No technician has visited despite multiple requests.,Service Delay,Operations,In Progress,CUST6432,2025-09-21 17:27:00,
562,An official demanded a bribe before processing my documents.,,Administration,Resolved,CUST2343,2025-06-25 03:19:00,2025-07-01 14:15:13
563,I was asked to pay extra money to get my work done faster.,Corruption/Bribery,Administration,Closed,CUST2235,2025-11-07 19:16:00,2025-11-16 17:11:43
564,There is clear favoritism and under-the-table dealing happening.,Corruption/Bribery,Administration,Resolved,CUST4485,2025-08-27 16:37:00,2025-09-01 15:34:45
565,"The new online system has made things much easier, well done.",,Customer Support,Closed,CUST7430,2025-07-18 12:30:00,2025-07-20 02:01:47
566,Staff keep telling me to wait but nothing happens.,Service Delay,Operations,Resolved,CUST7500,2025-09-10 14:08:00,2025-09-14 16:44:57
567,It has been three weeks and my complaint is still not resolved.,Service Delay,Operations,Closed,CUST9423,2025-08-28 11:51:00,2025-09-05 09:36:44
568,My bill amount doubled this month without any explanation.,,Billing,Closed,CUST8921,2025-03-19 15:42:00,2025-03-21 07:37:56
569,I want to thank the team for resolving my issue so quickly.,Appreciation,Customer Support,Open,CUST1701,2025-04-16 11:14:00,
570,The new infrastructure upgrade has improved things significantly.,Infrastructure,Maintenance,Resolved,CUST1760,2025-11-12 10:24:00,2025-11-19 19:51:26
571,"There is a billing error, I already paid but it still shows unpaid.",Billing Issue,Billing,Closed,CUST5314,2025-02-17 10:40:00,2025-02-17 21:32:24
572,The new infrastructure upgrade has improved things significantly.,Infrastructure,Maintenance,Resolved,CUST2275,2025-03-21 15:24:00,2025-03-25 22:48:30
573,Very unprofessional behavior from the officer on duty.,Staff Behavior,Customer Support,Resolved,CUST6653,2025-12-08 09:33:00,2025-12-11 04:46:37
574,Very unprofessional behavior from the officer on duty.,Staff Behavior,Customer Support,Closed,CUST4768,2025-11-01 18:32:00,2025-11-03 18:45:23
575,"There is a billing error, I already paid but it still shows unpaid.",Billing Issue,Billing,Resolved,CUST2938,2025-04-06 20:10:00,2025-04-10 16:30:48
576,Poor maintenance of the facility is causing repeated problems.,Infrastructure,Maintenance,Resolved,CUST4452,2025-10-24 08:07:00,2025-10-30 11:00:17
577,Poor maintenance of the facility is causing repeated problems.,,Maintenance,Resolved,CUST9399,2025-01-02 23:08:00,2025-01-15 04:30:05
578,The online payment portal charged me twice for the same bill.,Billing Issue,Billing,Closed,CUST7642,2025-03-06 13:16:00,2025-03-09 20:23:31
579,The new infrastructure upgrade has improved things significantly.,,Maintenance,Closed,CUST2404,2025-08-24 09:46:00,2025-08-31 00:21:50
580,The online payment portal charged me twice for the same bill.,Billing Issue,Billing,In Progress,CUST3338,2025-12-28 09:30:00,
581,No safety measures are in place despite previous warnings.,Safety Concern,Security,In Progress,CUST8429,2025-08-17 16:16:00,
582,The road near the facility is damaged and causing accidents.,,Maintenance,Open,CUST9263,2025-04-13 10:08:00,
583,There is a major leakage that has not been fixed for weeks.,Infrastructure,Maintenance,Closed,CUST9706,2025-08-06 06:30:00,2025-08-12 14:35:09
584,The staff at the counter was extremely rude to me today.,Staff Behavior,Customer Support,Closed,CUST1019,2025-02-22 21:08:00,2025-02-27 14:02:37
585,There is clear favoritism and under-the-table dealing happening.,,Administration,Resolved,CUST9680,2025-08-17 15:26:00,2025-08-22 11:11:18
586,Very unprofessional behavior from the officer on duty.,Staff Behavior,Customer Support,Resolved,CUST2600,2025-09-13 08:22:00,2025-09-15 16:27:45
587,The employee refused to help and was arguing instead of assisting.,,Customer Support,Closed,CUST9908,2025-07-08 09:58:00,2025-07-12 04:11:42
588,No technician has visited despite multiple requests.,Service Delay,Operations,Open,CUST9515,2025-01-24 13:50:00,
589,My bill amount doubled this month without any explanation.,,Billing,Resolved,CUST5155,2025-08-11 14:26:00,2025-08-12 22:18:11
590,Staff keep telling me to wait but nothing happens.,Service Delay,Operations,In Progress,CUST4337,2025-06-12 17:39:00,
591,Staff keep telling me to wait but nothing happens.,,Operations,Resolved,CUST6024,2025-07-12 10:35:00,2025-07-17 18:29:19
592,Poor maintenance of the facility is causing repeated problems.,Infrastructure,Maintenance,Closed,CUST8317,2025-09-28 08:55:00,2025-10-07 15:47:09
593,No safety measures are in place despite previous warnings.,Safety Concern,Security,Closed,CUST1852,2025-02-17 14:25:00,2025-02-21 20:27:25
594,I was overcharged on my last bill and no one is responding.,Billing Issue,Billing,Resolved,CUST2444,2025-10-27 13:09:00,2025-10-29 09:45:09
595,My bill amount doubled this month without any explanation.,Billing Issue,Billing,Closed,CUST7564,2025-06-20 11:02:00,2025-06-21 19:42:21
596,The new infrastructure upgrade has improved things significantly.,Infrastructure,Maintenance,Closed,CUST9099,2025-05-20 10:03:00,2025-05-28 15:23:59
597,I was treated very disrespectfully by the customer support agent.,,Customer Support,In Progress,CUST9364,2025-10-26 07:33:00,
598,I was treated very disrespectfully by the customer support agent.,Staff Behavior,Customer Support,Resolved,CUST3579,2025-08-22 09:02:00,2025-08-27 12:42:59
599,"There is a billing error, I already paid but it still shows unpaid.",Billing Issue,Billing,Resolved,CUST9482,2025-09-12 15:42:00,2025-09-12 16:42:00
600,I was overcharged on my last bill and no one is responding.,Billing Issue,Billing,Closed,CUST6703,2025-11-18 14:18:00,2025-11-19 21:35:30
601,The response time for service requests is unacceptably slow.,Service Delay,Operations,Closed,CUST5277,2025-04-07 17:29:00,2025-04-15 09:01:45
602,The online payment portal charged me twice for the same bill.,Billing Issue,Billing,In Progress,CUST9409,2025-02-03 13:32:00,
603,"The new online system has made things much easier, well done.",,Customer Support,Resolved,CUST6565,2025-08-13 10:36:00,2025-08-13 23:44:04
604,"Great job by the support team, issue resolved within a day.",,Customer Support,Open,CUST2106,2025-08-19 18:55:00,
605,No technician has visited despite multiple requests.,Service Delay,Operations,In Progress,CUST9462,2025-08-08 16:51:00,
606,The employee refused to help and was arguing instead of assisting.,Staff Behavior,Customer Support,Closed,CUST2245,2025-04-03 14:25:00,2025-04-07 14:02:47
607,I was treated very disrespectfully by the customer support agent.,,Customer Support,Closed,CUST4115,2025-07-12 15:13:00,2025-07-16 05:49:34
608,I was treated very disrespectfully by the customer support agent.,,Customer Support,In Progress,CUST5091,2025-04-08 15:55:00,
609,An official demanded a bribe before processing my documents.,Corruption/Bribery,Administration,Closed,CUST9071,2025-03-04 14:07:00,2025-03-09 05:09:54
610,The new infrastructure upgrade has improved things significantly.,,Maintenance,Resolved,CUST5501,2025-12-28 18:30:00,2026-01-07 16:56:41
611,The staff member was polite and handled my issue very well.,,Customer Support,Resolved,CUST7933,2025-05-08 17:48:00,2025-05-11 07:08:04
612,The staff member was polite and handled my issue very well.,Staff Behavior,Customer Support,Closed,CUST8490,2025-01-12 15:25:00,2025-01-14 15:24:36
613,"Great job by the support team, issue resolved within a day.",Appreciation,Customer Support,Closed,CUST2650,2025-05-01 08:00:00,2025-05-02 12:00:54
614,Staff keep telling me to wait but nothing happens.,,Operations,In Progress,CUST6621,2025-11-06 13:35:00,
615,I have been waiting since last month for this issue to be fixed.,Service Delay,Operations,Closed,CUST7563,2025-06-14 00:44:00,2025-06-19 19:57:11
616,No technician has visited despite multiple requests.,,Operations,In Progress,CUST5422,2025-07-19 10:43:00,
617,Thank you for quickly fixing the safety issue I reported earlier.,Safety Concern,Security,Open,CUST3450,2025-06-13 14:12:00,
618,The staff at the counter was extremely rude to me today.,Staff Behavior,Customer Support,Closed,CUST9470,2025-03-16 22:08:00,2025-03-18 06:58:10
619,The employee refused to help and was arguing instead of assisting.,Staff Behavior,Customer Support,Resolved,CUST7527,2025-09-10 14:16:00,2025-09-14 11:45:31
620,My bill amount doubled this month without any explanation.,Billing Issue,Billing,Resolved,CUST8370,2025-01-27 13:16:00,2025-01-29 07:21:26
621,I witnessed a near-accident due to lack of proper signage.,,Security,Closed,CUST1324,2025-05-18 16:35:00,2025-05-22 18:28:21
622,The response time for service requests is unacceptably slow.,Service Delay,Operations,Resolved,CUST9821,2025-11-20 13:12:00,2025-11-25 08:37:32
623,"There is a billing error, I already paid but it still shows unpaid.",Billing Issue,Billing,Resolved,CUST2284,2025-05-22 14:32:00,2025-05-24 19:53:25
624,The response time for service requests is unacceptably slow.,Service Delay,Operations,In Progress,CUST6527,2025-06-05 19:55:00,
625,The staff member was polite and handled my issue very well.,,Customer Support,Open,CUST4739,2025-07-28 08:58:00,
626,The response time for service requests is unacceptably slow.,Service Delay,Operations,Resolved,CUST6950,2025-09-20 19:41:00,2025-09-24 22:15:16
627,Thank you for quickly fixing the safety issue I reported earlier.,,Security,In Progress,CUST4844,2025-12-14 10:10:00,
628,The road near the facility is damaged and causing accidents.,Infrastructure,Maintenance,Open,CUST8752,2025-04-13 15:06:00,
629,The staff at the counter was extremely rude to me today.,,Customer Support,Closed,CUST3544,2025-09-17 07:48:00,2025-09-20 13:23:23
630,Why is the late fee applied when I paid on time?,Billing Issue,Billing,In Progress,CUST3150,2025-05-08 14:47:00,
631,I was treated very disrespectfully by the customer support agent.,,Customer Support,Closed,CUST8801,2025-01-22 10:22:00,2025-01-24 20:32:19
632,The staff member was polite and handled my issue very well.,Staff Behavior,Customer Support,Open,CUST9835,2025-12-18 17:28:00,
633,The online payment portal charged me twice for the same bill.,Billing Issue,Billing,Closed,CUST9745,2025-06-24 21:40:00,2025-06-27 00:07:13
634,The response time for service requests is unacceptably slow.,,Operations,Open,CUST7753,2025-07-08 21:51:00,
635,The response time for service requests is unacceptably slow.,,Operations,Closed,CUST5698,2025-01-17 16:52:00,2025-01-23 10:29:15
636,The staff at the counter was extremely rude to me today.,,Customer Support,Resolved,CUST8052,2025-08-16 04:48:00,2025-08-18 13:39:24
637,Thank you for quickly fixing the safety issue I reported earlier.,Safety Concern,Security,Resolved,CUST8161,2025-04-01 03:35:00,2025-04-04 16:51:57
638,No technician has visited despite multiple requests.,,Operations,Closed,CUST2297,2025-09-21 16:24:00,2025-09-22 14:42:30
639,I was treated very disrespectfully by the customer support agent.,Staff Behavior,Customer Support,Resolved,CUST5454,2025-07-26 15:58:00,2025-07-27 14:58:40
640,Staff keep telling me to wait but nothing happens.,,Operations,Closed,CUST5744,2025-10-14 23:12:00,2025-10-19 03:41:18
641,Why is the late fee applied when I paid on time?,,Billing,Resolved,CUST1317,2025-08-09 11:44:00,2025-08-10 12:07:11
642,The online payment portal charged me twice for the same bill.,Billing Issue,Billing,In Progress,CUST1134,2025-01-04 16:18:00,
643,No technician has visited despite multiple requests.,Service Delay,Operations,Resolved,CUST9165,2025-01-07 15:21:00,2025-01-12 06:49:06
644,"Great job by the support team, issue resolved within a day.",Appreciation,Customer Support,Open,CUST3393,2025-08-02 09:21:00,
645,Why is the late fee applied when I paid on time?,Billing Issue,Billing,In Progress,CUST7251,2025-02-16 07:11:00,
646,I was asked to pay extra money to get my work done faster.,Corruption/Bribery,Administration,Resolved,CUST5049,2025-12-23 15:15:00,2025-12-26 16:25:54
647,There are serious safety hazards at the site that need urgent attention.,Safety Concern,Security,Open,CUST4415,2025-04-24 20:49:00,
648,The employee refused to help and was arguing instead of assisting.,Staff Behavior,Customer Support,Closed,CUST9534,2025-12-06 08:40:00,2025-12-10 09:47:36
649,Why is the late fee applied when I paid on time?,Billing Issue,Billing,Closed,CUST4568,2025-08-07 11:23:00,2025-08-09 09:10:59
650,"Excellent service today, very satisfied with the response.",,Customer Support,In Progress,CUST2960,2025-08-11 14:00:00,
651,No technician has visited despite multiple requests.,Service Delay,Operations,Closed,CUST3539,2025-01-02 11:37:00,2025-01-08 18:00:48
652,It has been three weeks and my complaint is still not resolved.,,Operations,Closed,CUST1983,2025-04-16 10:05:00,2025-04-21 07:53:42
653,My bill amount doubled this month without any explanation.,,Billing,Open,CUST6690,2025-08-26 18:06:00,
654,Security personnel are not checking IDs properly at the gate.,Safety Concern,Security,Resolved,CUST5107,2025-09-01 09:44:00,2025-09-05 12:29:36
655,An official demanded a bribe before processing my documents.,Corruption/Bribery,Administration,Resolved,CUST4057,2025-08-18 09:18:00,2025-08-24 19:45:08
656,The employee refused to help and was arguing instead of assisting.,Staff Behavior,Customer Support,Closed,CUST3627,2025-09-09 11:55:00,2025-09-12 05:18:35
657,My bill amount doubled this month without any explanation.,Billing Issue,Billing,Resolved,CUST9289,2025-06-27 17:16:00,2025-06-30 02:58:20
658,No technician has visited despite multiple requests.,Service Delay,Operations,Resolved,CUST6254,2025-11-20 09:54:00,2025-11-25 08:30:41
659,Thank you for quickly fixing the safety issue I reported earlier.,Safety Concern,Security,Closed,CUST3525,2025-10-07 17:33:00,2025-10-12 13:01:39
660,The equipment at the site is old and frequently malfunctions.,Infrastructure,Maintenance,Open,CUST1717,2025-06-11 17:07:00,
661,I was asked to pay extra money to get my work done faster.,,Administration,Open,CUST1521,2025-03-02 16:12:00,
662,Poor maintenance of the facility is causing repeated problems.,,Maintenance,Closed,CUST7002,2025-08-17 14:39:00,2025-08-28 08:27:11
663,It has been three weeks and my complaint is still not resolved.,Service Delay,Operations,Resolved,CUST2310,2025-01-07 08:41:00,2025-01-14 20:38:42
664,The staff at the counter was extremely rude to me today.,Staff Behavior,Customer Support,Resolved,CUST1955,2025-05-24 12:56:00,2025-05-28 03:05:08
665,An official demanded a bribe before processing my documents.,,Administration,Closed,CUST4537,2025-07-24 08:04:00,2025-07-31 12:33:55
666,I want to thank the team for resolving my issue so quickly.,,Customer Support,Resolved,CUST5075,2025-02-08 11:34:00,2025-02-09 04:17:44
667,There is a major leakage that has not been fixed for weeks.,Infrastructure,Maintenance,Closed,CUST6864,2025-07-18 09:26:00,2025-07-24 06:10:00
668,Poor maintenance of the facility is causing repeated problems.,Infrastructure,Maintenance,In Progress,CUST6529,2025-11-06 14:50:00,
669,The new infrastructure upgrade has improved things significantly.,,Maintenance,Resolved,CUST6319,2025-12-15 10:59:00,2025-12-23 17:50:24
670,An official demanded a bribe before processing my documents.,Corruption/Bribery,Administration,Closed,CUST9939,2025-09-14 16:52:00,2025-09-19 20:05:44
671,The online payment portal charged me twice for the same bill.,Billing Issue,Billing,Closed,CUST7505,2025-12-09 01:23:00,2025-12-09 13:06:14
672,I was overcharged on my last bill and no one is responding.,Billing Issue,Billing,Resolved,CUST5945,2025-12-20 07:01:00,2025-12-21 22:19:56
673,My bill amount doubled this month without any explanation.,Billing Issue,Billing,Closed,CUST5521,2025-04-11 14:01:00,2025-04-11 15:28:41
674,"Excellent service today, very satisfied with the response.",,Customer Support,In Progress,CUST5093,2025-02-15 10:22:00,
675,The response time for service requests is unacceptably slow.,Service Delay,Operations,Closed,CUST6319,2025-02-13 15:36:00,2025-02-19 09:27:44
676,No safety measures are in place despite previous warnings.,Safety Concern,Security,Resolved,CUST5921,2025-07-23 06:44:00,2025-07-27 17:58:21
677,The online payment portal charged me twice for the same bill.,,Billing,Closed,CUST8115,2025-06-25 12:03:00,2025-06-27 06:59:39
678,It has been three weeks and my complaint is still not resolved.,Service Delay,Operations,Closed,CUST1187,2025-11-08 22:47:00,2025-11-13 03:25:31
679,Poor maintenance of the facility is causing repeated problems.,Infrastructure,Maintenance,In Progress,CUST6354,2025-01-17 08:02:00,
680,I was treated very disrespectfully by the customer support agent.,Staff Behavior,Customer Support,Closed,CUST9269,2025-03-22 13:46:00,2025-03-27 09:03:52
681,Why is the late fee applied when I paid on time?,,Billing,Open,CUST1807,2025-05-13 13:09:00,
682,The employee refused to help and was arguing instead of assisting.,,Customer Support,Closed,CUST3209,2025-02-17 01:27:00,2025-02-21 02:43:04
683,I was treated very disrespectfully by the customer support agent.,Staff Behavior,Customer Support,In Progress,CUST9589,2025-07-21 10:36:00,
684,It has been three weeks and my complaint is still not resolved.,Service Delay,Operations,Closed,CUST2843,2025-04-14 13:20:00,2025-04-19 01:28:07
685,Poor maintenance of the facility is causing repeated problems.,Infrastructure,Maintenance,In Progress,CUST5994,2025-06-07 05:20:00,
686,"There is a billing error, I already paid but it still shows unpaid.",Billing Issue,Billing,Resolved,CUST4825,2025-08-26 07:28:00,2025-08-27 18:22:21
687,"There is a billing error, I already paid but it still shows unpaid.",Billing Issue,Billing,Open,CUST4982,2025-03-24 11:54:00,
688,"Excellent service today, very satisfied with the response.",Appreciation,Customer Support,Open,CUST2823,2025-11-27 08:18:00,
689,I have been waiting since last month for this issue to be fixed.,,Operations,Resolved,CUST9573,2025-01-07 13:47:00,2025-01-14 13:14:58
690,Thank you for quickly fixing the safety issue I reported earlier.,Safety Concern,Security,Closed,CUST7170,2025-07-24 09:09:00,2025-07-29 01:35:20
691,The new infrastructure upgrade has improved things significantly.,Infrastructure,Maintenance,In Progress,CUST5444,2025-01-06 08:03:00,
692,I was overcharged on my last bill and no one is responding.,Billing Issue,Billing,Closed,CUST6901,2025-02-22 08:17:00,2025-02-25 11:09:03
693,I was asked to pay extra money to get my work done faster.,Corruption/Bribery,Administration,In Progress,CUST2631,2025-05-21 05:24:00,
694,"Great job by the support team, issue resolved within a day.",Appreciation,Customer Support,In Progress,CUST8503,2025-11-18 19:05:00,
695,The staff at the counter was extremely rude to me today.,Staff Behavior,Customer Support,In Progress,CUST3572,2025-01-17 06:19:00,
696,"There is a billing error, I already paid but it still shows unpaid.",Billing Issue,Billing,Closed,CUST5519,2025-05-10 13:15:00,2025-05-13 07:00:10
697,I witnessed a near-accident due to lack of proper signage.,Safety Concern,Security,Closed,CUST4695,2025-11-27 15:01:00,2025-12-01 23:10:26
698,Why is the late fee applied when I paid on time?,Billing Issue,Billing,Resolved,CUST4726,2025-08-03 16:46:00,2025-08-06 05:51:01
699,Staff keep telling me to wait but nothing happens.,Service Delay,Operations,Resolved,CUST3158,2025-03-10 10:58:00,2025-03-15 16:27:51
700,My bill amount doubled this month without any explanation.,,Billing,In Progress,CUST9582,2025-07-22 16:51:00,
701,"Great job by the support team, issue resolved within a day.",Appreciation,Customer Support,Closed,CUST3589,2025-12-25 12:09:00,2025-12-26 21:16:17
702,Staff keep telling me to wait but nothing happens.,Service Delay,Operations,In Progress,CUST3384,2025-07-24 14:07:00,
703,I witnessed a near-accident due to lack of proper signage.,Safety Concern,Security,In Progress,CUST5485,2025-11-14 13:26:00,
704,My bill amount doubled this month without any explanation.,Billing Issue,Billing,Closed,CUST5372,2025-02-06 15:01:00,2025-02-08 02:30:33
705,The new infrastructure upgrade has improved things significantly.,Infrastructure,Maintenance,Closed,CUST8808,2025-04-08 17:14:00,2025-04-15 10:31:20
706,The online payment portal charged me twice for the same bill.,Billing Issue,Billing,In Progress,CUST8763,2025-06-21 09:23:00,
707,My bill amount doubled this month without any explanation.,Billing Issue,Billing,Closed,CUST7767,2025-04-14 22:48:00,2025-04-16 02:59:37
708,No technician has visited despite multiple requests.,Service Delay,Operations,Closed,CUST9027,2025-09-03 16:11:00,2025-09-07 14:46:37
709,Poor maintenance of the facility is causing repeated problems.,Infrastructure,Maintenance,Closed,CUST7232,2025-11-14 14:25:00,2025-12-02 19:37:02
710,Security personnel are not checking IDs properly at the gate.,Safety Concern,Security,Resolved,CUST1630,2025-08-24 15:36:00,2025-08-28 06:07:16
711,Very unprofessional behavior from the officer on duty.,Staff Behavior,Customer Support,Closed,CUST7481,2025-06-02 09:56:00,2025-06-04 01:27:06
712,I want to thank the team for resolving my issue so quickly.,,Customer Support,Resolved,CUST5770,2025-07-17 15:48:00,2025-07-18 21:13:01
713,The employee refused to help and was arguing instead of assisting.,,Customer Support,In Progress,CUST1893,2025-09-10 07:29:00,
714,There is a major leakage that has not been fixed for weeks.,Infrastructure,Maintenance,Open,CUST3945,2025-06-21 05:28:00,
715,Thank you for quickly fixing the safety issue I reported earlier.,,Security,Resolved,CUST4308,2025-03-14 09:20:00,2025-03-19 18:36:39
716,I was asked to pay extra money to get my work done faster.,Corruption/Bribery,Administration,Closed,CUST3024,2025-04-23 15:41:00,2025-04-29 15:02:21
717,Why is the late fee applied when I paid on time?,Billing Issue,Billing,Closed,CUST9383,2025-08-03 15:33:00,2025-08-04 03:45:17
718,There is a major leakage that has not been fixed for weeks.,Infrastructure,Maintenance,Closed,CUST3459,2025-06-13 11:02:00,2025-06-18 18:54:18
719,My bill amount doubled this month without any explanation.,,Billing,Resolved,CUST8311,2025-03-23 22:03:00,2025-03-24 16:03:47
720,No technician has visited despite multiple requests.,Service Delay,Operations,Open,CUST1200,2025-02-05 15:12:00,
721,Very unprofessional behavior from the officer on duty.,,Customer Support,Closed,CUST8794,2025-07-01 12:38:00,2025-07-06 22:17:00
722,Very unprofessional behavior from the officer on duty.,Staff Behavior,Customer Support,In Progress,CUST4401,2025-02-20 17:00:00,
723,My bill amount doubled this month without any explanation.,,Billing,Open,CUST5889,2025-01-12 18:02:00,
724,It has been three weeks and my complaint is still not resolved.,,Operations,In Progress,CUST3906,2025-01-14 11:11:00,
725,"The new online system has made things much easier, well done.",Appreciation,Customer Support,In Progress,CUST7208,2025-12-03 10:49:00,
726,An official demanded a bribe before processing my documents.,,Administration,Resolved,CUST5496,2025-10-03 14:18:00,2025-10-13 12:53:32
727,I have been waiting since last month for this issue to be fixed.,,Operations,Resolved,CUST9666,2025-07-23 15:13:00,2025-07-31 09:27:39
728,"Great job by the support team, issue resolved within a day.",Appreciation,Customer Support,Closed,CUST7996,2025-09-20 08:59:00,2025-09-21 13:43:33
729,The equipment at the site is old and frequently malfunctions.,,Maintenance,Resolved,CUST9132,2025-04-19 09:39:00,2025-04-28 14:30:14
730,Very unprofessional behavior from the officer on duty.,Staff Behavior,Customer Support,Resolved,CUST4171,2025-07-06 09:56:00,2025-07-09 09:11:50
731,I was overcharged on my last bill and no one is responding.,,Billing,Closed,CUST7793,2025-06-26 09:07:00,2025-06-29 07:37:59
732,The response time for service requests is unacceptably slow.,Service Delay,Operations,In Progress,CUST5614,2025-05-26 17:40:00,
733,It has been three weeks and my complaint is still not resolved.,,Operations,In Progress,CUST6460,2025-05-17 12:35:00,
734,Staff keep telling me to wait but nothing happens.,,Operations,In Progress,CUST6536,2025-08-01 13:53:00,
735,"Great job by the support team, issue resolved within a day.",Appreciation,Customer Support,Resolved,CUST8546,2025-11-26 11:02:00,2025-11-26 23:56:23
736,There is clear favoritism and under-the-table dealing happening.,Corruption/Bribery,Administration,Closed,CUST1917,2025-11-15 11:50:00,2025-11-22 12:59:12
737,An official demanded a bribe before processing my documents.,,Administration,Resolved,CUST6434,2025-07-22 21:20:00,2025-07-31 03:46:15
738,I witnessed a near-accident due to lack of proper signage.,,Security,Closed,CUST7147,2025-02-05 10:17:00,2025-02-07 07:26:08
739,There is a major leakage that has not been fixed for weeks.,Infrastructure,Maintenance,Resolved,CUST6050,2025-07-13 16:11:00,2025-07-16 19:42:41
740,The equipment at the site is old and frequently malfunctions.,Infrastructure,Maintenance,Open,CUST7088,2025-09-09 07:26:00,
741,The employee refused to help and was arguing instead of assisting.,Staff Behavior,Customer Support,Open,CUST4311,2025-04-10 08:11:00,
742,"Great job by the support team, issue resolved within a day.",,Customer Support,Closed,CUST6572,2025-07-26 13:30:00,2025-07-27 10:53:05
743,"The new online system has made things much easier, well done.",Appreciation,Customer Support,Closed,CUST9456,2025-09-05 10:49:00,2025-09-06 08:19:40
744,There is a major leakage that has not been fixed for weeks.,Infrastructure,Maintenance,Resolved,CUST2897,2025-04-02 09:29:00,2025-04-14 20:10:41
745,I was overcharged on my last bill and no one is responding.,Billing Issue,Billing,Open,CUST1755,2025-08-20 14:55:00,
746,"There is a billing error, I already paid but it still shows unpaid.",,Billing,Resolved,CUST4285,2025-01-25 15:19:00,2025-01-27 08:37:21
747,"There is a billing error, I already paid but it still shows unpaid.",,Billing,Closed,CUST3580,2025-07-25 05:28:00,2025-07-26 22:45:39
748,It has been three weeks and my complaint is still not resolved.,Service Delay,Operations,Open,CUST6218,2025-12-18 15:32:00,
749,The response time for service requests is unacceptably slow.,Service Delay,Operations,In Progress,CUST9856,2025-07-06 15:04:00,
750,I was treated very disrespectfully by the customer support agent.,,Customer Support,Open,CUST7987,2025-01-22 12:03:00,
751,Staff keep telling me to wait but nothing happens.,Service Delay,Operations,Closed,CUST6826,2025-11-21 17:53:00,2025-11-27 11:17:26
752,No technician has visited despite multiple requests.,Service Delay,Operations,Resolved,CUST8629,2025-09-22 17:51:00,2025-09-30 08:11:22
753,The staff at the counter was extremely rude to me today.,,Customer Support,Open,CUST8625,2025-10-23 09:29:00,
754,I was treated very disrespectfully by the customer support agent.,Staff Behavior,Customer Support,Closed,CUST6412,2025-03-20 08:16:00,2025-03-23 06:12:16
755,I witnessed a near-accident due to lack of proper signage.,Safety Concern,Security,Resolved,CUST8556,2025-06-01 13:04:00,2025-06-05 05:43:35
756,An official demanded a bribe before processing my documents.,,Administration,Open,CUST2752,2025-09-20 19:36:00,
757,It has been three weeks and my complaint is still not resolved.,Service Delay,Operations,Resolved,CUST4992,2025-10-18 06:29:00,2025-10-23 00:11:57
758,Very unprofessional behavior from the officer on duty.,Staff Behavior,Customer Support,Closed,CUST8132,2025-06-11 19:13:00,2025-06-13 13:24:35
759,The employee refused to help and was arguing instead of assisting.,,Customer Support,Closed,CUST8972,2025-07-08 10:11:00,2025-07-10 17:13:36
760,The online payment portal charged me twice for the same bill.,,Billing,Closed,CUST7648,2025-06-18 08:06:00,2025-06-20 08:16:42
761,I was overcharged on my last bill and no one is responding.,,Billing,Closed,CUST2007,2025-08-20 22:49:00,2025-08-23 01:29:31
762,My bill amount doubled this month without any explanation.,Billing Issue,Billing,Closed,CUST3444,2025-11-25 17:40:00,2025-11-28 02:21:19
763,The employee refused to help and was arguing instead of assisting.,Staff Behavior,Customer Support,In Progress,CUST6187,2025-06-19 12:28:00,
764,The response time for service requests is unacceptably slow.,,Operations,Closed,CUST2462,2025-11-14 13:45:00,2025-11-23 17:59:31
765,The new infrastructure upgrade has improved things significantly.,,Maintenance,Open,CUST7049,2025-12-13 08:54:00,
766,,,Customer Support,Closed,CUST5623,2025-01-18 05:52:00,2025-01-19 04:31:35
767,I was asked to pay extra money to get my work done faster.,Corruption/Bribery,Administration,Resolved,CUST7652,2025-06-19 10:25:00,2025-06-23 08:06:30
768,Staff keep telling me to wait but nothing happens.,Service Delay,Operations,Open,CUST6902,2025-04-06 15:30:00,
769,I was asked to pay extra money to get my work done faster.,,Administration,Open,CUST1257,2025-05-28 21:42:00,
770,Why is the late fee applied when I paid on time?,Billing Issue,Billing,Open,CUST8471,2025-08-05 07:05:00,
771,There is clear favoritism and under-the-table dealing happening.,Corruption/Bribery,Administration,In Progress,CUST8373,2025-08-14 15:39:00,
772,No technician has visited despite multiple requests.,Service Delay,Operations,Resolved,CUST4878,2025-03-20 12:00:00,2025-03-26 18:55:29
773,The equipment at the site is old and frequently malfunctions.,Infrastructure,Maintenance,Resolved,CUST8917,2025-06-18 17:36:00,2025-06-28 21:22:38
774,The road near the facility is damaged and causing accidents.,Infrastructure,Maintenance,Open,CUST5578,2025-07-23 17:05:00,
775,The staff at the counter was extremely rude to me today.,Staff Behavior,Customer Support,In Progress,CUST2279,2025-07-20 20:05:00,
776,The new infrastructure upgrade has improved things significantly.,,Maintenance,Open,CUST1176,2025-10-10 15:39:00,
777,The staff member was polite and handled my issue very well.,Staff Behavior,Customer Support,In Progress,CUST5827,2025-11-19 12:46:00,
778,It has been three weeks and my complaint is still not resolved.,Service Delay,Operations,In Progress,CUST5267,2025-08-20 14:47:00,
779,Why is the late fee applied when I paid on time?,,Billing,Closed,CUST1447,2025-07-19 17:03:00,2025-07-20 23:26:25
780,It has been three weeks and my complaint is still not resolved.,,Operations,Closed,CUST5603,2025-03-03 13:54:00,2025-03-10 18:57:54
781,The response time for service requests is unacceptably slow.,Service Delay,Operations,In Progress,CUST3476,2025-01-04 09:38:00,
782,The equipment at the site is old and frequently malfunctions.,Infrastructure,Maintenance,Closed,CUST9640,2025-10-09 14:50:00,2025-10-21 21:47:44
783,An official demanded a bribe before processing my documents.,,Administration,Closed,CUST9125,2025-12-05 11:38:00,2025-12-09 19:20:08
784,Security personnel are not checking IDs properly at the gate.,Safety Concern,Security,Resolved,CUST4454,2025-09-08 14:42:00,2025-09-12 19:22:43
785,The equipment at the site is old and frequently malfunctions.,,Maintenance,Closed,CUST8602,2025-01-09 23:48:00,2025-01-21 16:12:41
786,The response time for service requests is unacceptably slow.,Service Delay,Operations,Resolved,CUST7390,2025-07-25 16:59:00,2025-07-30 04:52:08
787,I was treated very disrespectfully by the customer support agent.,Staff Behavior,Customer Support,In Progress,CUST7258,2025-07-14 13:00:00,
788,The new infrastructure upgrade has improved things significantly.,Infrastructure,Maintenance,Closed,CUST8074,2025-08-02 15:06:00,2025-08-10 03:34:02
789,The equipment at the site is old and frequently malfunctions.,Infrastructure,Maintenance,Open,CUST7408,2025-05-09 10:51:00,
790,I was treated very disrespectfully by the customer support agent.,,Customer Support,In Progress,CUST3947,2025-09-19 15:49:00,
791,,,Operations,Open,CUST2702,2025-08-27 16:04:00,
792,The equipment at the site is old and frequently malfunctions.,,Maintenance,In Progress,CUST2506,2025-04-10 16:16:00,
793,The online payment portal charged me twice for the same bill.,Billing Issue,Billing,Closed,CUST2965,2025-08-27 16:13:00,2025-08-30 10:43:37
794,The online payment portal charged me twice for the same bill.,Billing Issue,Billing,Closed,CUST4027,2025-03-22 12:48:00,2025-03-24 09:55:08
795,There is clear favoritism and under-the-table dealing happening.,,Administration,Closed,CUST8429,2025-03-10 13:29:00,2025-03-17 03:01:04
796,"The new online system has made things much easier, well done.",Appreciation,Customer Support,Closed,CUST5216,2025-09-23 00:57:00,2025-09-23 14:25:32
797,I was overcharged on my last bill and no one is responding.,Billing Issue,Billing,Resolved,CUST5230,2025-05-02 11:24:00,2025-05-03 07:45:03
798,"The new online system has made things much easier, well done.",,Customer Support,Closed,CUST7432,2025-03-03 15:31:00,2025-03-04 05:59:57
799,Why is the late fee applied when I paid on time?,Billing Issue,Billing,Resolved,CUST2740,2025-02-18 09:49:00,2025-02-18 16:28:17
800,"The new online system has made things much easier, well done.",,Customer Support,Resolved,CUST8305,2025-02-03 11:04:00,2025-02-05 02:49:48
801,Why is the late fee applied when I paid on time?,Billing Issue,Billing,Closed,CUST5365,2025-03-21 14:00:00,2025-03-24 09:23:18
802,"There is a billing error, I already paid but it still shows unpaid.",Billing Issue,Billing,Resolved,CUST9039,2025-11-19 12:00:00,2025-11-22 06:50:59
803,Very unprofessional behavior from the officer on duty.,Staff Behavior,Customer Support,Closed,CUST1054,2025-10-25 13:51:00,2025-10-28 04:29:41
804,I have been waiting since last month for this issue to be fixed.,,Operations,Closed,CUST5961,2025-02-18 12:59:00,2025-02-20 18:17:01
805,It has been three weeks and my complaint is still not resolved.,Service Delay,Operations,Open,CUST5750,2025-06-28 14:21:00,
806,There is a major leakage that has not been fixed for weeks.,Infrastructure,Maintenance,In Progress,CUST2749,2025-07-13 13:42:00,
807,The equipment at the site is old and frequently malfunctions.,,Maintenance,Closed,CUST4163,2025-07-21 14:28:00,2025-07-24 10:50:05
808,The online payment portal charged me twice for the same bill.,Billing Issue,Billing,Closed,CUST9186,2025-04-13 16:04:00,2025-04-16 03:29:09
809,Very unprofessional behavior from the officer on duty.,,Customer Support,In Progress,CUST1701,2025-12-01 20:02:00,
810,No technician has visited despite multiple requests.,Service Delay,Operations,Resolved,CUST9791,2025-10-22 02:33:00,2025-10-28 19:30:50
811,The online payment portal charged me twice for the same bill.,Billing Issue,Billing,Closed,CUST1312,2025-04-03 09:02:00,2025-04-05 04:10:54
812,The staff member was polite and handled my issue very well.,,Customer Support,Open,CUST1818,2025-01-23 19:41:00,
813,I want to thank the team for resolving my issue so quickly.,Appreciation,Customer Support,Resolved,CUST2742,2025-06-06 07:53:00,2025-06-07 11:38:50
814,The online payment portal charged me twice for the same bill.,Billing Issue,Billing,Closed,CUST7586,2025-10-08 19:04:00,2025-10-10 04:35:25
815,Staff keep telling me to wait but nothing happens.,,Operations,Closed,CUST1746,2025-07-11 12:53:00,2025-07-15 23:24:39
816,The equipment at the site is old and frequently malfunctions.,,Maintenance,Closed,CUST7060,2025-02-09 09:09:00,2025-02-14 10:03:45
817,Very unprofessional behavior from the officer on duty.,Staff Behavior,Customer Support,Open,CUST7162,2025-04-19 16:02:00,
818,There are serious safety hazards at the site that need urgent attention.,Safety Concern,Security,Open,CUST5648,2025-11-03 13:00:00,
819,I have been waiting since last month for this issue to be fixed.,Service Delay,Operations,Resolved,CUST7750,2025-08-07 10:09:00,2025-08-10 05:10:39
820,No technician has visited despite multiple requests.,Service Delay,Operations,In Progress,CUST2442,2025-08-02 14:38:00,
821,The equipment at the site is old and frequently malfunctions.,,Maintenance,In Progress,CUST9686,2025-05-01 15:35:00,
822,"The new online system has made things much easier, well done.",Appreciation,Customer Support,In Progress,CUST4409,2025-11-18 10:32:00,
823,No technician has visited despite multiple requests.,Service Delay,Operations,Closed,CUST9151,2025-02-05 11:43:00,2025-02-10 05:16:18
824,I was overcharged on my last bill and no one is responding.,,Billing,In Progress,CUST8424,2025-01-12 15:18:00,
825,I was overcharged on my last bill and no one is responding.,Billing Issue,Billing,Closed,CUST2901,2025-12-06 09:10:00,2025-12-08 06:06:34
826,My bill amount doubled this month without any explanation.,,Billing,In Progress,CUST6336,2025-09-19 13:37:00,
827,It has been three weeks and my complaint is still not resolved.,Service Delay,Operations,Closed,CUST7152,2025-05-04 15:15:00,2025-05-09 22:57:10
828,I was asked to pay extra money to get my work done faster.,,Administration,Closed,CUST8454,2025-07-16 09:03:00,2025-07-20 06:48:58
829,"There is a billing error, I already paid but it still shows unpaid.",Billing Issue,Billing,Resolved,CUST4313,2025-03-24 21:12:00,2025-03-28 00:01:49
830,It has been three weeks and my complaint is still not resolved.,Service Delay,Operations,Open,CUST8513,2025-08-02 13:17:00,
831,The response time for service requests is unacceptably slow.,Service Delay,Operations,In Progress,CUST3784,2025-04-10 06:38:00,
832,The new infrastructure upgrade has improved things significantly.,Infrastructure,Maintenance,Closed,CUST4546,2025-10-03 14:26:00,2025-10-11 16:25:18
833,Poor maintenance of the facility is causing repeated problems.,,Maintenance,Closed,CUST6362,2025-05-24 20:27:00,2025-06-06 04:56:32
834,I was treated very disrespectfully by the customer support agent.,Staff Behavior,Customer Support,Closed,CUST7844,2025-11-19 18:09:00,2025-11-23 05:12:30
835,I want to thank the team for resolving my issue so quickly.,Appreciation,Customer Support,Resolved,CUST7460,2025-12-24 09:49:00,2025-12-25 14:36:47
836,The staff at the counter was extremely rude to me today.,,Customer Support,Resolved,CUST7662,2025-06-08 11:05:00,2025-06-09 21:44:51
837,"Excellent service today, very satisfied with the response.",,Customer Support,Closed,CUST5994,2025-05-08 17:41:00,2025-05-09 15:02:24
838,Why is the late fee applied when I paid on time?,Billing Issue,Billing,Open,CUST3271,2025-10-24 09:37:00,
839,An official demanded a bribe before processing my documents.,Corruption/Bribery,Administration,Resolved,CUST1022,2025-03-28 16:23:00,2025-04-05 19:27:57
840,I was asked to pay extra money to get my work done faster.,,Administration,Resolved,CUST5420,2025-06-23 10:21:00,2025-06-28 22:39:10
841,The new infrastructure upgrade has improved things significantly.,,Maintenance,Closed,CUST6500,2025-07-26 15:13:00,2025-08-08 03:02:09
842,There are serious safety hazards at the site that need urgent attention.,,Security,Closed,CUST6989,2025-07-22 07:23:00,2025-07-24 19:18:39
843,The staff at the counter was extremely rude to me today.,,Customer Support,Resolved,CUST4354,2025-06-06 14:41:00,2025-06-12 04:27:49
844,"There is a billing error, I already paid but it still shows unpaid.",Billing Issue,Billing,Resolved,CUST4437,2025-04-04 08:41:00,2025-04-06 20:51:06
845,No safety measures are in place despite previous warnings.,,Security,Closed,CUST2038,2025-05-09 09:32:00,2025-05-13 18:25:48
846,I have been waiting since last month for this issue to be fixed.,Service Delay,Operations,Open,CUST9730,2025-07-17 07:53:00,
847,An official demanded a bribe before processing my documents.,Corruption/Bribery,Administration,Closed,CUST2075,2025-08-26 03:43:00,2025-09-04 11:11:30
848,Why is the late fee applied when I paid on time?,Billing Issue,Billing,In Progress,CUST2260,2025-02-13 13:57:00,
849,"There is a billing error, I already paid but it still shows unpaid.",,Billing,In Progress,CUST1371,2025-02-05 09:31:00,
850,Staff keep telling me to wait but nothing happens.,Service Delay,Operations,Resolved,CUST1351,2025-12-16 11:22:00,2025-12-24 17:17:22
851,It has been three weeks and my complaint is still not resolved.,Service Delay,Operations,Closed,CUST6503,2025-01-26 14:14:00,2025-02-01 05:19:25
852,The response time for service requests is unacceptably slow.,Service Delay,Operations,Resolved,CUST9686,2025-08-26 08:20:00,2025-08-31 08:13:59
853,An official demanded a bribe before processing my documents.,,Administration,Closed,CUST5259,2025-06-19 15:08:00,2025-06-22 06:59:46
854,The response time for service requests is unacceptably slow.,Service Delay,Operations,Open,CUST8469,2025-12-25 15:54:00,
855,"Excellent service today, very satisfied with the response.",Appreciation,Customer Support,Closed,CUST3514,2025-09-10 15:11:00,2025-09-10 20:49:03
856,I was overcharged on my last bill and no one is responding.,,Billing,Open,CUST4022,2025-01-11 23:36:00,
857,I was overcharged on my last bill and no one is responding.,Billing Issue,Billing,Resolved,CUST3663,2025-08-12 08:09:00,2025-08-14 13:57:41
858,The staff at the counter was extremely rude to me today.,,Customer Support,Resolved,CUST8504,2025-11-13 14:59:00,2025-11-15 23:35:59
859,"Excellent service today, very satisfied with the response.",,Customer Support,Closed,CUST5842,2025-01-24 10:34:00,2025-01-24 23:59:57
860,The employee refused to help and was arguing instead of assisting.,Staff Behavior,Customer Support,Closed,CUST8243,2025-12-25 11:36:00,2025-12-27 15:06:52
861,It has been three weeks and my complaint is still not resolved.,,Operations,Closed,CUST1406,2025-09-02 07:08:00,2025-09-05 18:41:57
862,No technician has visited despite multiple requests.,Service Delay,Operations,Open,CUST9625,2025-06-03 16:20:00,
863,The response time for service requests is unacceptably slow.,Service Delay,Operations,Closed,CUST2431,2025-04-03 09:34:00,2025-04-08 11:10:21
864,"Great job by the support team, issue resolved within a day.",Appreciation,Customer Support,Resolved,CUST6915,2025-04-11 13:38:00,2025-04-12 16:48:35
865,I have been waiting since last month for this issue to be fixed.,Service Delay,Operations,In Progress,CUST8300,2025-06-12 13:00:00,
866,I was asked to pay extra money to get my work done faster.,Corruption/Bribery,Administration,Closed,CUST5728,2025-04-15 10:47:00,2025-04-23 18:47:42
867,Why is the late fee applied when I paid on time?,Billing Issue,Billing,Closed,CUST3353,2025-09-14 10:08:00,2025-09-16 23:28:38
868,Why is the late fee applied when I paid on time?,Billing Issue,Billing,Open,CUST7156,2025-12-17 15:21:00,
869,Why is the late fee applied when I paid on time?,Billing Issue,Billing,In Progress,CUST3243,2025-08-09 12:26:00,
870,Why is the late fee applied when I paid on time?,,Billing,Closed,CUST5979,2025-05-16 07:02:00,2025-05-19 20:24:25
871,Very unprofessional behavior from the officer on duty.,,Customer Support,In Progress,CUST8742,2025-04-26 13:00:00,
872,"There is a billing error, I already paid but it still shows unpaid.",,Billing,Closed,CUST2955,2025-06-16 20:58:00,2025-06-19 07:18:38
873,Security personnel are not checking IDs properly at the gate.,Safety Concern,Security,Closed,CUST8144,2025-12-03 09:38:00,2025-12-05 18:29:20
874,There is clear favoritism and under-the-table dealing happening.,Corruption/Bribery,Administration,Open,CUST1287,2025-08-23 13:52:00,
875,I was asked to pay extra money to get my work done faster.,Corruption/Bribery,Administration,Resolved,CUST6855,2025-07-05 07:20:00,2025-07-15 12:20:28
876,"There is a billing error, I already paid but it still shows unpaid.",,Billing,Closed,CUST5778,2025-05-21 10:58:00,2025-05-23 05:04:35
877,The staff at the counter was extremely rude to me today.,,Customer Support,In Progress,CUST3738,2025-07-25 15:40:00,
878,The employee refused to help and was arguing instead of assisting.,Staff Behavior,Customer Support,In Progress,CUST6939,2025-10-22 16:51:00,
879,The online payment portal charged me twice for the same bill.,,Billing,Open,CUST8944,2025-05-05 19:00:00,
880,No technician has visited despite multiple requests.,,Operations,In Progress,CUST9612,2025-02-05 09:32:00,
881,There is clear favoritism and under-the-table dealing happening.,Corruption/Bribery,Administration,Open,CUST2251,2025-07-25 11:51:00,
882,My bill amount doubled this month without any explanation.,Billing Issue,Billing,In Progress,CUST8240,2025-12-16 08:22:00,
883,There is clear favoritism and under-the-table dealing happening.,,Administration,Closed,CUST2943,2025-07-11 23:11:00,2025-07-18 09:33:47
884,No technician has visited despite multiple requests.,Service Delay,Operations,In Progress,CUST7960,2025-08-10 17:08:00,
885,The road near the facility is damaged and causing accidents.,,Maintenance,Closed,CUST2766,2025-02-25 13:30:00,2025-03-08 11:54:22
886,The online payment portal charged me twice for the same bill.,,Billing,Closed,CUST5942,2025-08-16 14:07:00,2025-08-18 17:48:14
887,The road near the facility is damaged and causing accidents.,,Maintenance,Resolved,CUST6759,2025-09-20 08:13:00,2025-09-27 15:29:14
888,My bill amount doubled this month without any explanation.,,Billing,In Progress,CUST9202,2025-10-09 17:37:00,
889,Thank you for quickly fixing the safety issue I reported earlier.,Safety Concern,Security,Open,CUST1229,2025-04-19 16:04:00,
890,I was treated very disrespectfully by the customer support agent.,,Customer Support,Closed,CUST2616,2025-12-06 15:57:00,2025-12-08 17:18:48
891,"Great job by the support team, issue resolved within a day.",Appreciation,Customer Support,Resolved,CUST3963,2025-06-19 07:11:00,2025-06-19 18:24:12
892,An official demanded a bribe before processing my documents.,Corruption/Bribery,Administration,Resolved,CUST6149,2025-06-17 19:14:00,2025-06-19 11:03:39
893,I was overcharged on my last bill and no one is responding.,,Billing,Resolved,CUST1665,2025-07-16 11:48:00,2025-07-18 21:33:12
894,Why is the late fee applied when I paid on time?,,Billing,Resolved,CUST8273,2025-02-10 12:29:00,2025-02-12 19:56:38
895,I have been waiting since last month for this issue to be fixed.,,Operations,In Progress,CUST8793,2025-05-28 19:27:00,
896,"The new online system has made things much easier, well done.",Appreciation,Customer Support,Closed,CUST9563,2025-03-22 12:31:00,2025-03-24 12:26:58
897,The road near the facility is damaged and causing accidents.,Infrastructure,Maintenance,Closed,CUST3764,2025-02-13 23:25:00,2025-02-21 00:37:45
898,My bill amount doubled this month without any explanation.,,Billing,Closed,CUST7958,2025-05-20 19:54:00,2025-05-23 04:48:29
899,I witnessed a near-accident due to lack of proper signage.,Safety Concern,Security,Resolved,CUST7557,2025-09-25 08:37:00,2025-09-28 10:49:39
900,Staff keep telling me to wait but nothing happens.,Service Delay,Operations,In Progress,CUST2770,2025-12-16 17:32:00,
901,Why is the late fee applied when I paid on time?,Billing Issue,Billing,Open,CUST2117,2025-07-21 17:08:00,
902,The staff at the counter was extremely rude to me today.,,Customer Support,Closed,CUST2578,2025-12-13 16:38:00,2025-12-18 02:13:22
903,Thank you for quickly fixing the safety issue I reported earlier.,Safety Concern,Security,In Progress,CUST9032,2025-09-26 16:29:00,
904,The staff member was polite and handled my issue very well.,Staff Behavior,Customer Support,Resolved,CUST1517,2025-05-28 10:34:00,2025-05-31 05:31:40
905,I want to thank the team for resolving my issue so quickly.,Appreciation,Customer Support,Resolved,CUST1538,2025-06-11 09:54:00,2025-06-12 02:38:41
906,"There is a billing error, I already paid but it still shows unpaid.",,Billing,Resolved,CUST7374,2025-11-06 15:31:00,2025-11-08 16:03:27
907,The staff at the counter was extremely rude to me today.,Staff Behavior,Customer Support,Resolved,CUST8697,2025-07-16 14:42:00,2025-07-19 14:26:14
908,I was treated very disrespectfully by the customer support agent.,Staff Behavior,Customer Support,Resolved,CUST6779,2025-07-13 17:16:00,2025-07-16 16:32:45
909,I witnessed a near-accident due to lack of proper signage.,Safety Concern,Security,Open,CUST6715,2025-05-01 14:37:00,
910,Thank you for quickly fixing the safety issue I reported earlier.,Safety Concern,Security,Resolved,CUST6855,2025-01-21 16:21:00,2025-01-26 15:47:22
911,It has been three weeks and my complaint is still not resolved.,Service Delay,Operations,Resolved,CUST2073,2025-08-08 09:15:00,2025-08-08 10:15:00
912,I was asked to pay extra money to get my work done faster.,Corruption/Bribery,Administration,In Progress,CUST7921,2025-05-01 08:34:00,
913,Very unprofessional behavior from the officer on duty.,Staff Behavior,Customer Support,Resolved,CUST7188,2025-04-23 11:30:00,2025-04-26 13:20:31
914,The equipment at the site is old and frequently malfunctions.,Infrastructure,Maintenance,Open,CUST6504,2025-07-26 07:31:00,
915,The employee refused to help and was arguing instead of assisting.,,Customer Support,Closed,CUST2234,2025-03-10 04:23:00,2025-03-13 19:00:24
916,There is clear favoritism and under-the-table dealing happening.,Corruption/Bribery,Administration,In Progress,CUST4700,2025-04-09 11:03:00,
917,The road near the facility is damaged and causing accidents.,,Maintenance,Resolved,CUST9700,2025-09-19 10:06:00,2025-09-27 22:25:08
918,I was treated very disrespectfully by the customer support agent.,Staff Behavior,Customer Support,Closed,CUST5913,2025-05-03 13:41:00,2025-05-05 10:37:49
919,The staff member was polite and handled my issue very well.,Staff Behavior,Customer Support,In Progress,CUST9971,2025-05-14 14:25:00,
920,I was overcharged on my last bill and no one is responding.,Billing Issue,Billing,In Progress,CUST8656,2025-08-17 09:55:00,
921,Staff keep telling me to wait but nothing happens.,Service Delay,Operations,Closed,CUST1981,2025-10-28 14:49:00,2025-11-02 07:54:01
922,The employee refused to help and was arguing instead of assisting.,Staff Behavior,Customer Support,Closed,CUST8133,2025-06-08 14:09:00,2025-06-11 08:00:10
923,It has been three weeks and my complaint is still not resolved.,,Operations,In Progress,CUST3631,2025-08-28 06:26:00,
924,Staff keep telling me to wait but nothing happens.,,Operations,Open,CUST6087,2025-04-08 23:07:00,
925,The staff member was polite and handled my issue very well.,,Customer Support,Closed,CUST5468,2025-12-14 06:41:00,2025-12-19 01:36:58
926,"There is a billing error, I already paid but it still shows unpaid.",Billing Issue,Billing,Resolved,CUST1691,2025-09-09 15:42:00,2025-09-11 03:55:21
927,"Great job by the support team, issue resolved within a day.",,Customer Support,Closed,CUST5882,2025-09-02 15:55:00,2025-09-03 13:00:46
928,An official demanded a bribe before processing my documents.,Corruption/Bribery,Administration,Closed,,2025-11-22 07:42:00,2025-11-28 23:20:03
929,Staff keep telling me to wait but nothing happens.,Service Delay,Operations,Closed,CUST9605,2025-09-04 16:33:00,2025-09-09 16:41:46
930,It has been three weeks and my complaint is still not resolved.,,Operations,Closed,CUST7388,2025-04-04 14:49:00,2025-04-11 12:23:42
931,No safety measures are in place despite previous warnings.,,Security,Open,CUST5498,2025-12-07 13:09:00,
932,The employee refused to help and was arguing instead of assisting.,Staff Behavior,Customer Support,Resolved,CUST2850,2025-11-02 11:31:00,2025-11-03 16:45:05
933,I have been waiting since last month for this issue to be fixed.,Service Delay,Operations,Closed,CUST6947,2025-07-08 08:17:00,2025-07-13 02:06:53
934,The employee refused to help and was arguing instead of assisting.,Staff Behavior,Customer Support,Closed,CUST1895,2025-10-01 09:41:00,2025-10-05 14:10:37
935,There is a major leakage that has not been fixed for weeks.,Infrastructure,Maintenance,Resolved,CUST2999,2025-04-13 11:19:00,2025-04-25 19:56:29
936,I was treated very disrespectfully by the customer support agent.,Staff Behavior,Customer Support,Closed,CUST5186,2025-10-13 15:00:00,2025-10-16 05:52:49
937,No technician has visited despite multiple requests.,Service Delay,Operations,In Progress,CUST6196,2025-05-28 16:56:00,
938,There is clear favoritism and under-the-table dealing happening.,Corruption/Bribery,Administration,Closed,CUST9055,2025-06-02 01:17:00,2025-06-06 20:41:33
939,Very unprofessional behavior from the officer on duty.,Staff Behavior,Customer Support,Resolved,CUST2644,2025-12-11 02:45:00,2025-12-11 03:45:00
940,There is clear favoritism and under-the-table dealing happening.,Corruption/Bribery,Administration,Resolved,CUST9973,2025-04-03 10:22:00,2025-04-08 07:35:31
941,Security personnel are not checking IDs properly at the gate.,,Security,Resolved,CUST8264,2025-08-25 13:03:00,2025-08-29 21:09:17
942,No safety measures are in place despite previous warnings.,Safety Concern,Security,In Progress,CUST2815,2025-01-07 09:40:00,
943,The online payment portal charged me twice for the same bill.,,Billing,Resolved,CUST7722,2025-09-25 01:53:00,2025-09-26 06:47:47
944,I witnessed a near-accident due to lack of proper signage.,,Security,Open,CUST6367,2025-06-28 13:47:00,
945,No safety measures are in place despite previous warnings.,Safety Concern,Security,Resolved,CUST4677,2025-02-12 12:11:00,2025-02-16 05:04:10
946,I was overcharged on my last bill and no one is responding.,Billing Issue,Billing,Resolved,CUST8576,2025-12-21 17:39:00,2025-12-23 17:07:32
947,My bill amount doubled this month without any explanation.,,Billing,Resolved,CUST7028,2025-01-20 08:27:00,2025-01-21 14:31:52
948,The online payment portal charged me twice for the same bill.,Billing Issue,Billing,Resolved,CUST8433,2025-02-23 10:33:00,2025-02-25 07:13:45
949,An official demanded a bribe before processing my documents.,Corruption/Bribery,Administration,In Progress,CUST5361,2025-02-23 11:13:00,
950,I have been waiting since last month for this issue to be fixed.,,Operations,In Progress,CUST5636,2025-06-14 11:54:00,
951,No safety measures are in place despite previous warnings.,,Security,Open,CUST5289,2025-06-14 12:50:00,
952,I have been waiting since last month for this issue to be fixed.,Service Delay,Operations,Closed,CUST1169,2025-11-12 16:37:00,2025-11-21 02:46:43
953,The employee refused to help and was arguing instead of assisting.,Staff Behavior,Customer Support,In Progress,CUST7935,2025-12-13 18:43:00,
954,I witnessed a near-accident due to lack of proper signage.,Safety Concern,Security,Open,CUST8715,2025-02-18 20:03:00,
955,I want to thank the team for resolving my issue so quickly.,Appreciation,Customer Support,Resolved,CUST7076,2025-01-17 16:39:00,2025-01-19 03:36:58
956,The online payment portal charged me twice for the same bill.,Billing Issue,Billing,In Progress,CUST6557,2025-01-06 12:16:00,
957,I was asked to pay extra money to get my work done faster.,,Administration,Resolved,CUST6132,2025-02-23 09:33:00,2025-02-26 20:18:02
958,My bill amount doubled this month without any explanation.,Billing Issue,Billing,Closed,CUST5635,2025-07-27 17:17:00,2025-07-31 10:42:13
959,"The new online system has made things much easier, well done.",,Customer Support,In Progress,CUST3703,2025-08-25 14:59:00,
960,I have been waiting since last month for this issue to be fixed.,Service Delay,Operations,Closed,CUST8208,2025-09-05 18:35:00,2025-09-09 13:30:32
961,My bill amount doubled this month without any explanation.,,Billing,Resolved,CUST8653,2025-01-06 14:02:00,2025-01-08 01:44:09
962,Very unprofessional behavior from the officer on duty.,Staff Behavior,Customer Support,Resolved,CUST2843,2025-01-12 13:45:00,2025-01-15 18:35:59
963,I was asked to pay extra money to get my work done faster.,,Administration,Closed,CUST3757,2025-03-03 08:13:00,2025-03-09 19:32:07
964,I witnessed a near-accident due to lack of proper signage.,Safety Concern,Security,In Progress,CUST1067,2025-07-22 15:37:00,
965,The staff member was polite and handled my issue very well.,Staff Behavior,Customer Support,Closed,CUST6384,2025-03-03 06:15:00,2025-03-08 07:50:50
966,I was overcharged on my last bill and no one is responding.,Billing Issue,Billing,Closed,CUST3519,2025-06-19 07:59:00,2025-06-21 00:58:08
967,Why is the late fee applied when I paid on time?,Billing Issue,Billing,Resolved,CUST1095,2025-10-22 07:30:00,2025-10-24 11:02:45
968,It has been three weeks and my complaint is still not resolved.,Service Delay,Operations,Closed,CUST3118,2025-08-15 01:20:00,2025-08-17 08:40:16
969,I was overcharged on my last bill and no one is responding.,Billing Issue,Billing,Closed,CUST9964,2025-10-10 10:20:00,2025-10-11 15:40:42
970,"Great job by the support team, issue resolved within a day.",Appreciation,Customer Support,In Progress,CUST7535,2025-02-09 16:11:00,
971,My bill amount doubled this month without any explanation.,Billing Issue,Billing,In Progress,CUST3525,2025-03-25 14:25:00,
972,Why is the late fee applied when I paid on time?,Billing Issue,Billing,Closed,CUST3151,2025-10-24 09:51:00,2025-10-27 08:36:55
973,It has been three weeks and my complaint is still not resolved.,Service Delay,Operations,Resolved,CUST8805,2025-10-17 10:12:00,2025-10-23 20:42:35
974,Staff keep telling me to wait but nothing happens.,Service Delay,Operations,Closed,CUST8112,2025-06-25 03:27:00,2025-07-02 03:15:37
975,The road near the facility is damaged and causing accidents.,Infrastructure,Maintenance,Closed,CUST3540,2025-01-11 14:29:00,2025-01-17 09:56:23
976,I want to thank the team for resolving my issue so quickly.,Appreciation,Customer Support,Closed,CUST3434,2025-05-14 11:05:00,2025-05-15 07:59:08
977,"The new online system has made things much easier, well done.",,Customer Support,In Progress,CUST2253,2025-10-17 14:27:00,
978,I want to thank the team for resolving my issue so quickly.,Appreciation,Customer Support,Resolved,CUST5151,2025-07-14 16:06:00,2025-07-15 13:41:31
979,Staff keep telling me to wait but nothing happens.,Service Delay,Operations,Open,CUST3941,2025-02-17 14:01:00,
980,Security personnel are not checking IDs properly at the gate.,,Security,Closed,CUST8454,2025-01-14 13:56:00,2025-01-17 08:46:00
981,Security personnel are not checking IDs properly at the gate.,Safety Concern,Security,Closed,CUST4066,2025-08-09 22:21:00,2025-08-15 01:45:08
982,I was overcharged on my last bill and no one is responding.,,Billing,Closed,CUST9755,2025-09-20 14:16:00,2025-09-23 19:36:47
983,Why is the late fee applied when I paid on time?,Billing Issue,Billing,Resolved,CUST8974,2025-02-06 16:41:00,2025-02-09 02:26:01
984,Staff keep telling me to wait but nothing happens.,Service Delay,Operations,Closed,CUST2435,2025-05-22 14:44:00,2025-05-26 21:12:56
985,I was overcharged on my last bill and no one is responding.,,Billing,Closed,CUST1439,2025-03-27 19:01:00,2025-03-29 02:54:13
986,My bill amount doubled this month without any explanation.,Billing Issue,Billing,Resolved,CUST4127,2025-08-14 09:53:00,2025-08-15 13:49:22
987,Why is the late fee applied when I paid on time?,Billing Issue,Billing,Open,CUST8295,2025-03-14 12:01:00,
988,"Great job by the support team, issue resolved within a day.",,Customer Support,In Progress,CUST7418,2025-01-15 14:37:00,
989,I was overcharged on my last bill and no one is responding.,Billing Issue,Billing,Resolved,CUST9121,2025-02-28 20:45:00,2025-03-01 06:59:45
990,Thank you for quickly fixing the safety issue I reported earlier.,Safety Concern,Security,Resolved,CUST8993,2025-09-10 09:02:00,2025-09-13 19:04:05
991,It has been three weeks and my complaint is still not resolved.,,Operations,In Progress,CUST7834,2025-07-14 18:36:00,
992,I was asked to pay extra money to get my work done faster.,Corruption/Bribery,Administration,Resolved,CUST3643,2025-07-21 14:22:00,2025-07-27 03:45:28
993,No technician has visited despite multiple requests.,Service Delay,Operations,Resolved,CUST6556,2025-07-15 10:14:00,2025-07-21 00:49:53
994,"Great job by the support team, issue resolved within a day.",Appreciation,Customer Support,Closed,CUST6902,2025-03-10 17:46:00,2025-03-11 20:19:09
995,No safety measures are in place despite previous warnings.,Safety Concern,Security,Closed,CUST3115,2025-08-10 19:44:00,2025-08-15 19:53:08
996,My bill amount doubled this month without any explanation.,Billing Issue,Billing,Resolved,CUST5975,2025-08-04 12:50:00,2025-08-05 21:12:40
997,Staff keep telling me to wait but nothing happens.,Service Delay,Operations,Closed,CUST3598,2025-01-01 17:22:00,2025-01-08 12:01:09
998,The online payment portal charged me twice for the same bill.,Billing Issue,Billing,Resolved,CUST2977,2025-01-03 14:21:00,2025-01-06 04:27:05
999,Very unprofessional behavior from the officer on duty.,,Customer Support,Resolved,CUST5382,2025-04-11 09:50:00,2025-04-14 19:13:48
1000,There is clear favoritism and under-the-table dealing happening.,,Administration,Open,CUST8173,2025-11-20 19:42:00,
1001,There are serious safety hazards at the site that need urgent attention.,Safety Concern,Security,Resolved,CUST2669,2025-12-26 06:39:00,2025-12-30 01:44:28
1002,I was asked to pay extra money to get my work done faster.,,Administration,Open,CUST6925,2025-07-06 08:40:00,
1003,"There is a billing error, I already paid but it still shows unpaid.",Billing Issue,Billing,Resolved,CUST3527,2025-09-25 08:32:00,2025-09-28 00:08:13
1004,The equipment at the site is old and frequently malfunctions.,Infrastructure,Maintenance,In Progress,CUST1107,2025-10-04 09:54:00,
1005,I have been waiting since last month for this issue to be fixed.,Service Delay,Operations,Open,CUST7799,2025-05-17 13:10:00,
1006,No technician has visited despite multiple requests.,,Operations,Resolved,CUST8025,2025-03-25 17:33:00,2025-03-31 21:17:22
1007,I have been waiting since last month for this issue to be fixed.,Service Delay,Operations,Closed,CUST1487,2025-11-28 15:33:00,2025-12-08 05:58:10
1008,The staff at the counter was extremely rude to me today.,,Customer Support,Open,CUST3692,2025-09-17 13:04:00,
1009,Very unprofessional behavior from the officer on duty.,Staff Behavior,Customer Support,Resolved,CUST1947,2025-09-22 10:59:00,2025-09-26 17:57:20
1010,"The new online system has made things much easier, well done.",,Customer Support,Resolved,CUST6139,2025-06-22 13:44:00,2025-06-23 20:57:55
1011,I want to thank the team for resolving my issue so quickly.,Appreciation,Customer Support,Closed,CUST8310,2025-10-17 14:39:00,2025-10-18 18:18:32
1012,The new infrastructure upgrade has improved things significantly.,,Maintenance,Resolved,CUST7627,2025-08-20 16:41:00,2025-08-28 13:36:24
1013,I witnessed a near-accident due to lack of proper signage.,Safety Concern,Security,Resolved,CUST3064,2025-02-18 00:21:00,2025-02-19 22:16:30
1014,The staff member was polite and handled my issue very well.,Staff Behavior,Customer Support,Resolved,CUST3621,2025-05-03 09:32:00,2025-05-06 03:30:48
1015,The online payment portal charged me twice for the same bill.,Billing Issue,Billing,Closed,CUST9278,2025-08-08 16:53:00,2025-08-10 00:33:12
1016,I was overcharged on my last bill and no one is responding.,,Billing,Resolved,CUST3043,2025-10-09 09:40:00,2025-10-12 17:43:43
1017,The staff member was polite and handled my issue very well.,Staff Behavior,Customer Support,Closed,CUST9737,2025-09-15 14:21:00,2025-09-19 01:42:59
1018,I was asked to pay extra money to get my work done faster.,Corruption/Bribery,Administration,Closed,CUST3293,2025-05-10 09:42:00,2025-05-19 15:29:52
1019,The new infrastructure upgrade has improved things significantly.,,Maintenance,Resolved,CUST6919,2025-09-04 13:20:00,2025-09-10 20:33:02
1020,I was treated very disrespectfully by the customer support agent.,,Customer Support,Open,CUST3130,2025-09-27 00:26:00,
1021,Very unprofessional behavior from the officer on duty.,Staff Behavior,Customer Support,Resolved,CUST7468,2025-02-22 16:33:00,2025-02-23 22:47:38
1022,There is clear favoritism and under-the-table dealing happening.,Corruption/Bribery,Administration,Closed,CUST7830,2025-07-14 08:28:00,2025-07-17 20:05:17
1023,I was asked to pay extra money to get my work done faster.,Corruption/Bribery,Administration,Resolved,CUST9408,2025-07-16 10:45:00,2025-07-20 15:43:07
1024,I was asked to pay extra money to get my work done faster.,,Administration,Open,CUST7051,2025-08-15 15:30:00,
1025,I want to thank the team for resolving my issue so quickly.,Appreciation,Customer Support,Open,CUST1659,2025-08-14 18:07:00,
1026,The staff at the counter was extremely rude to me today.,,Customer Support,In Progress,CUST3340,2025-06-12 14:19:00,
1027,The online payment portal charged me twice for the same bill.,,Billing,In Progress,CUST9008,2025-06-10 11:56:00,
1028,The online payment portal charged me twice for the same bill.,Billing Issue,Billing,Resolved,CUST8411,2025-05-28 11:02:00,2025-05-28 18:49:34
1029,"Great job by the support team, issue resolved within a day.",Appreciation,Customer Support,Resolved,CUST9270,2025-07-24 15:53:00,2025-07-26 03:04:55
1030,Poor maintenance of the facility is causing repeated problems.,,Maintenance,Closed,CUST7711,2025-08-05 07:55:00,2025-08-11 18:04:36
1031,I have been waiting since last month for this issue to be fixed.,Service Delay,Operations,Closed,CUST2450,2025-05-02 14:42:00,2025-05-12 00:59:02
1032,There is clear favoritism and under-the-table dealing happening.,,Administration,Closed,CUST3028,2025-01-21 07:50:00,2025-01-26 20:04:20
1033,The road near the facility is damaged and causing accidents.,,Maintenance,Resolved,CUST9548,2025-04-20 14:34:00,2025-05-05 03:28:18
1034,Why is the late fee applied when I paid on time?,Billing Issue,Billing,Closed,CUST1310,2025-07-01 14:07:00,2025-07-05 02:20:22
1035,No technician has visited despite multiple requests.,Service Delay,Operations,Closed,CUST9741,2025-04-23 15:53:00,2025-04-27 09:53:36
1036,Poor maintenance of the facility is causing repeated problems.,,Maintenance,Closed,CUST3957,2025-07-16 17:55:00,2025-07-27 20:08:40
1037,Staff keep telling me to wait but nothing happens.,,Operations,Open,CUST3755,2025-05-09 13:05:00,
1038,No technician has visited despite multiple requests.,Service Delay,Operations,In Progress,CUST3772,2025-04-03 07:09:00,
1039,"There is a billing error, I already paid but it still shows unpaid.",,Billing,In Progress,CUST3334,2025-03-23 07:03:00,
1040,The response time for service requests is unacceptably slow.,,Operations,Open,CUST4874,2025-04-27 10:57:00,
1041,The staff member was polite and handled my issue very well.,Staff Behavior,Customer Support,Open,CUST7669,2025-06-04 16:17:00,
1042,I was overcharged on my last bill and no one is responding.,,Billing,Closed,CUST2663,2025-06-08 15:58:00,2025-06-10 17:39:50
1043,Staff keep telling me to wait but nothing happens.,Service Delay,Operations,Resolved,CUST9199,2025-08-05 12:19:00,2025-08-13 11:14:17
1044,My bill amount doubled this month without any explanation.,Billing Issue,Billing,In Progress,CUST8401,2025-06-06 08:50:00,
1045,Why is the late fee applied when I paid on time?,,Billing,Closed,CUST1985,2025-12-20 10:18:00,2025-12-21 18:06:33
1046,"Great job by the support team, issue resolved within a day.",Appreciation,Customer Support,Closed,CUST4485,2025-05-09 09:53:00,2025-05-10 08:35:06
1047,The new infrastructure upgrade has improved things significantly.,,Maintenance,Resolved,CUST2469,2025-05-06 14:47:00,2025-05-15 13:58:16
1048,It has been three weeks and my complaint is still not resolved.,Service Delay,Operations,Closed,CUST4454,2025-10-24 11:35:00,2025-10-30 15:16:03
1049,The equipment at the site is old and frequently malfunctions.,Infrastructure,Maintenance,In Progress,CUST8417,2025-11-11 14:40:00,
1050,The response time for service requests is unacceptably slow.,Service Delay,Operations,In Progress,CUST3190,2025-05-15 16:38:00,
1051,The road near the facility is damaged and causing accidents.,,Maintenance,Open,CUST9011,2025-08-01 08:57:00,
1052,Thank you for quickly fixing the safety issue I reported earlier.,,Security,Open,CUST8293,2025-02-21 11:41:00,
1053,The equipment at the site is old and frequently malfunctions.,Infrastructure,Maintenance,Resolved,CUST1138,2025-12-13 17:52:00,2025-12-26 01:45:28
1054,"There is a billing error, I already paid but it still shows unpaid.",,Billing,In Progress,CUST5606,2025-12-15 14:00:00,
1055,The equipment at the site is old and frequently malfunctions.,Infrastructure,Maintenance,Resolved,CUST4623,2025-03-27 09:39:00,2025-03-29 06:39:39
1056,I have been waiting since last month for this issue to be fixed.,Service Delay,Operations,Resolved,CUST4425,2025-12-02 11:17:00,2025-12-07 18:02:45
1057,Why is the late fee applied when I paid on time?,,Billing,Resolved,CUST4174,2025-02-09 10:36:00,2025-02-10 00:38:45
1058,The new infrastructure upgrade has improved things significantly.,Infrastructure,Maintenance,In Progress,CUST2065,2025-08-20 19:36:00,
1059,The online payment portal charged me twice for the same bill.,,Billing,Closed,CUST1378,2025-10-17 10:46:00,2025-10-20 06:35:58
1060,"The new online system has made things much easier, well done.",Appreciation,Customer Support,Closed,CUST1849,2025-08-15 17:00:00,2025-08-16 15:07:42
1061,An official demanded a bribe before processing my documents.,Corruption/Bribery,Administration,Open,,2025-06-14 09:17:00,
1062,It has been three weeks and my complaint is still not resolved.,Service Delay,Operations,In Progress,CUST8354,2025-11-08 16:03:00,
1063,I have been waiting since last month for this issue to be fixed.,,Operations,Resolved,CUST4696,2025-04-03 12:56:00,2025-04-06 07:35:07
1064,"Great job by the support team, issue resolved within a day.",,Customer Support,In Progress,CUST2584,2025-12-08 07:12:00,
1065,Why is the late fee applied when I paid on time?,,Billing,Resolved,CUST5102,2025-10-19 15:51:00,2025-10-21 14:51:30
1066,I have been waiting since last month for this issue to be fixed.,,Operations,Open,CUST4878,2025-04-11 12:53:00,
1067,"Great job by the support team, issue resolved within a day.",,Customer Support,Resolved,CUST1994,2025-09-21 12:28:00,2025-09-22 21:06:30
1068,"Great job by the support team, issue resolved within a day.",,Customer Support,Open,CUST8240,2025-05-28 08:44:00,
1069,The online payment portal charged me twice for the same bill.,Billing Issue,Billing,Closed,CUST5831,2025-08-03 14:06:00,2025-08-06 05:02:22
1070,An official demanded a bribe before processing my documents.,Corruption/Bribery,Administration,In Progress,CUST1173,2025-02-25 08:26:00,
1071,Very unprofessional behavior from the officer on duty.,Staff Behavior,Customer Support,Open,CUST1425,2025-10-20 16:39:00,
1072,The employee refused to help and was arguing instead of assisting.,Staff Behavior,Customer Support,Open,CUST4172,2025-07-04 14:06:00,
1073,"Excellent service today, very satisfied with the response.",Appreciation,Customer Support,Resolved,CUST8284,2025-08-09 20:22:00,2025-08-10 10:59:36
1074,My bill amount doubled this month without any explanation.,Billing Issue,Billing,In Progress,CUST6861,2025-10-02 09:08:00,
1075,Staff keep telling me to wait but nothing happens.,,Operations,In Progress,CUST7042,2025-09-05 18:30:00,
1076,"Excellent service today, very satisfied with the response.",Appreciation,Customer Support,Closed,CUST7915,2025-01-17 09:52:00,2025-01-18 01:17:56
1077,No technician has visited despite multiple requests.,,Operations,Open,CUST8794,2025-08-07 10:50:00,
1078,Poor maintenance of the facility is causing repeated problems.,Infrastructure,Maintenance,Resolved,CUST5909,2025-08-11 16:54:00,2025-08-25 00:18:54
1079,No technician has visited despite multiple requests.,,Operations,Open,CUST1060,2025-02-26 07:58:00,
1080,There is a major leakage that has not been fixed for weeks.,Infrastructure,Maintenance,Resolved,CUST6431,2025-06-07 12:15:00,2025-06-14 22:33:36
1081,Security personnel are not checking IDs properly at the gate.,Safety Concern,Security,Closed,CUST2208,2025-04-06 05:52:00,2025-04-10 03:31:33
1082,Staff keep telling me to wait but nothing happens.,Service Delay,Operations,In Progress,CUST6896,2025-02-10 11:28:00,
1083,I was overcharged on my last bill and no one is responding.,,Billing,In Progress,CUST3855,2025-04-10 10:11:00,
1084,Staff keep telling me to wait but nothing happens.,,Operations,In Progress,CUST2657,2025-04-07 18:01:00,
1085,My bill amount doubled this month without any explanation.,Billing Issue,Billing,Open,CUST5998,2025-06-26 03:56:00,
1086,The employee refused to help and was arguing instead of assisting.,Staff Behavior,Customer Support,Closed,CUST8106,2025-10-22 15:10:00,2025-10-24 06:35:35
1087,I was asked to pay extra money to get my work done faster.,Corruption/Bribery,Administration,In Progress,CUST7131,2025-02-05 21:50:00,
1088,I have been waiting since last month for this issue to be fixed.,Service Delay,Operations,Open,CUST4098,2025-12-08 13:58:00,
1089,An official demanded a bribe before processing my documents.,Corruption/Bribery,Administration,Open,CUST3071,2025-09-11 19:15:00,
1090,There is clear favoritism and under-the-table dealing happening.,Corruption/Bribery,Administration,Open,CUST2062,2025-11-07 06:46:00,
1091,Why is the late fee applied when I paid on time?,Billing Issue,Billing,Resolved,CUST8606,2025-09-21 11:48:00,2025-09-24 04:47:04
1092,"There is a billing error, I already paid but it still shows unpaid.",Billing Issue,Billing,Closed,CUST7569,2025-07-16 22:45:00,2025-07-18 05:06:06
1093,The new infrastructure upgrade has improved things significantly.,Infrastructure,Maintenance,Closed,CUST4840,2025-08-07 09:14:00,2025-08-12 00:24:04
1094,The response time for service requests is unacceptably slow.,Service Delay,Operations,In Progress,CUST5170,2025-06-13 13:36:00,
1095,I was treated very disrespectfully by the customer support agent.,,Customer Support,Resolved,CUST1674,2025-09-10 12:28:00,2025-09-14 04:47:52
1096,The staff member was polite and handled my issue very well.,Staff Behavior,Customer Support,Resolved,CUST9151,2025-05-15 21:29:00,2025-05-16 22:58:03
1097,I have been waiting since last month for this issue to be fixed.,,Operations,In Progress,CUST2350,2025-01-15 08:14:00,
1098,Staff keep telling me to wait but nothing happens.,Service Delay,Operations,Closed,CUST2612,2025-07-21 08:05:00,2025-07-28 15:59:26
1099,"There is a billing error, I already paid but it still shows unpaid.",,Billing,In Progress,CUST5959,2025-01-07 09:21:00,
1100,I witnessed a near-accident due to lack of proper signage.,Safety Concern,Security,Closed,CUST9898,2025-03-20 09:08:00,2025-03-24 10:21:13
1101,I want to thank the team for resolving my issue so quickly.,Appreciation,Customer Support,In Progress,CUST7647,2025-09-10 13:52:00,
1102,There is clear favoritism and under-the-table dealing happening.,Corruption/Bribery,Administration,Closed,CUST7512,2025-01-21 08:32:00,2025-01-30 11:27:05
1103,No technician has visited despite multiple requests.,Service Delay,Operations,Closed,CUST8559,2025-07-17 17:37:00,2025-07-22 03:25:50
1104,It has been three weeks and my complaint is still not resolved.,Service Delay,Operations,Closed,CUST4433,2025-05-07 15:27:00,2025-05-12 22:45:40
1105,The staff member was polite and handled my issue very well.,,Customer Support,Closed,CUST1158,2025-01-05 13:36:00,2025-01-08 11:13:11
1106,The employee refused to help and was arguing instead of assisting.,Staff Behavior,Customer Support,Closed,CUST9808,2025-05-14 12:27:00,2025-05-16 12:34:27
1107,Staff keep telling me to wait but nothing happens.,,Operations,Closed,CUST6410,2025-01-26 08:02:00,2025-01-30 10:30:39
1108,The staff member was polite and handled my issue very well.,Staff Behavior,Customer Support,Resolved,CUST7400,2025-11-19 11:55:00,2025-11-24 21:48:17
1109,Why is the late fee applied when I paid on time?,Billing Issue,Billing,Resolved,CUST5991,2025-03-04 14:21:00,2025-03-06 00:42:12
1110,I was overcharged on my last bill and no one is responding.,Billing Issue,Billing,Closed,CUST1439,2025-08-06 13:02:00,2025-08-08 14:26:58
1111,I was overcharged on my last bill and no one is responding.,,Billing,In Progress,CUST9591,2025-11-13 16:18:00,
1112,I was overcharged on my last bill and no one is responding.,Billing Issue,Billing,In Progress,CUST7407,2025-06-01 12:10:00,
1113,I was overcharged on my last bill and no one is responding.,Billing Issue,Billing,Closed,CUST4382,2025-03-14 06:30:00,2025-03-15 18:25:59
1114,My bill amount doubled this month without any explanation.,,Billing,Closed,CUST6084,2025-05-27 10:45:00,2025-05-29 22:19:03
1115,The new infrastructure upgrade has improved things significantly.,Infrastructure,Maintenance,In Progress,CUST8302,2025-09-15 08:17:00,
1116,Why is the late fee applied when I paid on time?,Billing Issue,Billing,In Progress,CUST9043,2025-08-08 10:33:00,
1117,The staff member was polite and handled my issue very well.,Staff Behavior,Customer Support,Resolved,CUST6681,2025-01-03 16:18:00,2025-01-04 22:39:05
1118,The equipment at the site is old and frequently malfunctions.,Infrastructure,Maintenance,Closed,CUST3942,2025-06-27 17:51:00,2025-07-06 09:26:58
1119,There is clear favoritism and under-the-table dealing happening.,Corruption/Bribery,Administration,Closed,CUST2565,2025-06-13 18:58:00,2025-06-19 03:20:17
1120,It has been three weeks and my complaint is still not resolved.,Service Delay,Operations,In Progress,CUST5782,2025-04-28 12:10:00,
1121,The road near the facility is damaged and causing accidents.,Infrastructure,Maintenance,In Progress,CUST2986,2025-08-24 22:57:00,
1122,I want to thank the team for resolving my issue so quickly.,Appreciation,Customer Support,Closed,CUST3700,2025-09-17 16:49:00,2025-09-18 21:43:34
1123,Staff keep telling me to wait but nothing happens.,Service Delay,Operations,Resolved,CUST8567,2025-01-01 04:04:00,2025-01-06 01:08:11
1124,I have been waiting since last month for this issue to be fixed.,,Operations,Open,CUST3236,2025-10-13 18:02:00,
1125,I have been waiting since last month for this issue to be fixed.,,Operations,Resolved,CUST8171,2025-07-03 13:05:00,2025-07-07 01:45:43
1126,"There is a billing error, I already paid but it still shows unpaid.",,Billing,Open,CUST5819,2025-10-06 13:53:00,
1127,Why is the late fee applied when I paid on time?,,Billing,Open,CUST8219,2025-03-22 08:48:00,
1128,No technician has visited despite multiple requests.,Service Delay,Operations,In Progress,CUST9566,2025-09-22 14:34:00,
1129,The road near the facility is damaged and causing accidents.,,Maintenance,Open,CUST7183,2025-06-10 17:28:00,
1130,No safety measures are in place despite previous warnings.,Safety Concern,Security,Open,CUST1238,2025-06-08 11:12:00,
1131,No technician has visited despite multiple requests.,,Operations,Closed,CUST3750,2025-08-03 16:14:00,2025-08-05 00:21:23
1132,There are serious safety hazards at the site that need urgent attention.,Safety Concern,Security,In Progress,CUST4105,2025-06-04 16:52:00,
1133,The new infrastructure upgrade has improved things significantly.,,Maintenance,In Progress,CUST6298,2025-06-14 14:07:00,
1134,Why is the late fee applied when I paid on time?,,Billing,In Progress,CUST5562,2025-08-01 14:24:00,
1135,The equipment at the site is old and frequently malfunctions.,Infrastructure,Maintenance,In Progress,CUST2668,2025-01-07 16:26:00,
1136,The new infrastructure upgrade has improved things significantly.,Infrastructure,Maintenance,In Progress,CUST7366,2025-03-04 11:38:00,
1137,There is a major leakage that has not been fixed for weeks.,,Maintenance,Closed,CUST8899,2025-05-21 18:48:00,2025-05-30 18:51:07
1138,I was overcharged on my last bill and no one is responding.,Billing Issue,Billing,Resolved,CUST4808,2025-08-19 13:28:00,2025-08-21 22:46:24
1139,The staff at the counter was extremely rude to me today.,,Customer Support,Closed,CUST8020,2025-04-20 16:48:00,2025-04-22 16:25:29
1140,Thank you for quickly fixing the safety issue I reported earlier.,,Security,Resolved,CUST7156,2025-02-05 10:23:00,2025-02-08 16:19:53
1141,I was overcharged on my last bill and no one is responding.,Billing Issue,Billing,Closed,CUST6385,2025-04-24 09:38:00,2025-04-26 01:52:59
1142,"There is a billing error, I already paid but it still shows unpaid.",Billing Issue,Billing,Resolved,CUST5726,2025-08-25 18:02:00,2025-08-26 23:41:41
1143,No safety measures are in place despite previous warnings.,Safety Concern,Security,In Progress,CUST5068,2025-10-11 12:21:00,
1144,No safety measures are in place despite previous warnings.,Safety Concern,Security,In Progress,CUST1099,2025-08-13 14:33:00,
1145,Why is the late fee applied when I paid on time?,,Billing,Resolved,CUST4345,2025-02-07 07:03:00,2025-02-09 15:10:59
1146,My bill amount doubled this month without any explanation.,,Billing,Closed,CUST2280,2025-08-27 18:50:00,2025-08-29 19:17:54
1147,Very unprofessional behavior from the officer on duty.,,Customer Support,In Progress,CUST5079,2025-05-24 21:12:00,
1148,Staff keep telling me to wait but nothing happens.,Service Delay,Operations,In Progress,CUST2310,2025-06-21 11:12:00,
1149,"The new online system has made things much easier, well done.",Appreciation,Customer Support,Resolved,CUST8101,2025-06-06 22:30:00,2025-06-08 12:03:26
1150,Security personnel are not checking IDs properly at the gate.,Safety Concern,Security,Closed,CUST5918,2025-01-13 15:27:00,2025-01-15 19:12:13
1151,There is a major leakage that has not been fixed for weeks.,,Maintenance,Resolved,CUST5640,2025-07-06 18:16:00,2025-07-16 12:31:52
1152,Staff keep telling me to wait but nothing happens.,,Operations,Closed,CUST4106,2025-07-11 11:08:00,2025-07-18 20:07:40
1153,The online payment portal charged me twice for the same bill.,Billing Issue,Billing,Resolved,CUST7465,2025-09-12 15:31:00,2025-09-16 17:14:10
1154,"The new online system has made things much easier, well done.",,Customer Support,Closed,CUST1636,2025-06-10 18:41:00,2025-06-11 20:32:57
1155,I want to thank the team for resolving my issue so quickly.,Appreciation,Customer Support,In Progress,CUST5182,2025-06-19 09:10:00,
1156,I witnessed a near-accident due to lack of proper signage.,Safety Concern,Security,Closed,CUST7313,2025-07-16 17:40:00,2025-07-19 22:57:09
1157,"Excellent service today, very satisfied with the response.",Appreciation,Customer Support,Closed,CUST1462,2025-04-02 16:58:00,2025-04-04 10:19:20
1158,There is a major leakage that has not been fixed for weeks.,,Maintenance,Open,CUST3644,2025-04-15 10:43:00,
1159,I was overcharged on my last bill and no one is responding.,Billing Issue,Billing,Closed,CUST2316,2025-08-13 12:25:00,2025-08-15 19:09:06
1160,I was treated very disrespectfully by the customer support agent.,Staff Behavior,Customer Support,Resolved,CUST9202,2025-11-06 17:53:00,2025-11-07 04:46:26
1161,"Great job by the support team, issue resolved within a day.",Appreciation,Customer Support,Closed,CUST2456,2025-07-24 12:26:00,2025-07-25 06:35:53
1162,The online payment portal charged me twice for the same bill.,Billing Issue,Billing,Open,CUST7520,2025-09-12 17:52:00,
1163,The road near the facility is damaged and causing accidents.,,Maintenance,Open,CUST7845,2025-12-27 10:31:00,
1164,The employee refused to help and was arguing instead of assisting.,Staff Behavior,Customer Support,Resolved,CUST4244,2025-09-06 09:11:00,2025-09-10 09:23:35
1165,The staff member was polite and handled my issue very well.,,Customer Support,Closed,CUST1966,2025-12-15 08:36:00,2025-12-19 00:20:45
1166,No safety measures are in place despite previous warnings.,Safety Concern,Security,Resolved,CUST2789,2025-04-28 09:26:00,2025-05-01 13:19:48
1167,I was asked to pay extra money to get my work done faster.,,Administration,Open,CUST1486,2025-02-03 12:24:00,
1168,Poor maintenance of the facility is causing repeated problems.,,Maintenance,Open,CUST1118,2025-07-25 16:06:00,
1169,The road near the facility is damaged and causing accidents.,Infrastructure,Maintenance,Open,CUST5355,2025-02-17 14:50:00,
1170,"Great job by the support team, issue resolved within a day.",Appreciation,Customer Support,In Progress,CUST6620,2025-09-20 14:27:00,
1171,,,Customer Support,Resolved,CUST6833,2025-12-22 11:25:00,2025-12-23 02:33:41
1172,I was asked to pay extra money to get my work done faster.,Corruption/Bribery,Administration,Resolved,CUST3275,2025-01-28 17:44:00,2025-02-04 23:57:25
1173,I was overcharged on my last bill and no one is responding.,,Billing,Closed,CUST8404,2025-11-09 14:44:00,2025-11-11 14:16:07
1174,Poor maintenance of the facility is causing repeated problems.,Infrastructure,Maintenance,Open,CUST6278,2025-07-22 08:12:00,
1175,"There is a billing error, I already paid but it still shows unpaid.",Billing Issue,Billing,In Progress,CUST8938,2025-11-26 15:47:00,
1176,Staff keep telling me to wait but nothing happens.,Service Delay,Operations,Closed,CUST8800,2025-10-12 10:27:00,2025-10-16 12:08:54
1177,I want to thank the team for resolving my issue so quickly.,,Customer Support,In Progress,CUST9520,2025-09-10 09:38:00,
1178,There is clear favoritism and under-the-table dealing happening.,,Administration,Closed,CUST9990,2025-07-05 17:31:00,2025-07-12 11:35:10
1179,"Great job by the support team, issue resolved within a day.",Appreciation,Customer Support,Resolved,CUST4987,2025-03-15 09:07:00,2025-03-16 04:13:42
1180,I was overcharged on my last bill and no one is responding.,Billing Issue,Billing,In Progress,CUST7283,2025-02-23 14:01:00,
1181,No safety measures are in place despite previous warnings.,Safety Concern,Security,Closed,CUST3224,2025-09-22 15:30:00,2025-09-27 13:29:28
1182,"Great job by the support team, issue resolved within a day.",Appreciation,Customer Support,Closed,CUST2059,2025-02-23 13:21:00,2025-02-24 03:44:48
1183,Poor maintenance of the facility is causing repeated problems.,Infrastructure,Maintenance,Closed,CUST8159,2025-11-24 05:47:00,2025-11-30 07:33:49
1184,No safety measures are in place despite previous warnings.,,Security,Open,CUST4082,2025-04-10 10:05:00,
1185,There are serious safety hazards at the site that need urgent attention.,Safety Concern,Security,In Progress,CUST1027,2025-07-05 14:54:00,
1186,Staff keep telling me to wait but nothing happens.,,Operations,Closed,CUST6980,2025-07-28 19:24:00,2025-08-03 12:13:48
1187,No safety measures are in place despite previous warnings.,Safety Concern,Security,In Progress,CUST9819,2025-07-20 16:37:00,
1188,An official demanded a bribe before processing my documents.,Corruption/Bribery,Administration,In Progress,CUST3415,2025-03-10 15:53:00,
1189,There is a major leakage that has not been fixed for weeks.,,Maintenance,Closed,CUST6245,2025-09-28 10:51:00,2025-10-08 09:59:05
1190,It has been three weeks and my complaint is still not resolved.,Service Delay,Operations,Resolved,CUST4534,2025-05-28 18:45:00,2025-06-04 03:02:00
1191,Very unprofessional behavior from the officer on duty.,Staff Behavior,Customer Support,In Progress,CUST4687,2025-01-26 08:21:00,
1192,The road near the facility is damaged and causing accidents.,Infrastructure,Maintenance,Closed,CUST5900,2025-12-25 12:11:00,2026-01-09 04:10:25
1193,"Excellent service today, very satisfied with the response.",Appreciation,Customer Support,In Progress,CUST6706,2025-12-18 12:25:00,
1194,Security personnel are not checking IDs properly at the gate.,Safety Concern,Security,In Progress,CUST9978,2025-02-24 17:18:00,
1195,No technician has visited despite multiple requests.,,Operations,Closed,CUST5981,2025-05-26 13:37:00,2025-06-01 01:45:27
1196,I was treated very disrespectfully by the customer support agent.,Staff Behavior,Customer Support,Resolved,CUST4436,2025-07-15 08:44:00,2025-07-18 06:54:21
1197,My bill amount doubled this month without any explanation.,Billing Issue,Billing,Closed,CUST3418,2025-09-01 11:23:00,2025-09-03 07:07:24
1198,I have been waiting since last month for this issue to be fixed.,Service Delay,Operations,Open,CUST8763,2025-08-06 17:59:00,
1199,I was overcharged on my last bill and no one is responding.,Billing Issue,Billing,In Progress,CUST3434,2025-02-17 10:41:00,
1200,Poor maintenance of the facility is causing repeated problems.,,Maintenance,Resolved,CUST3826,2025-04-04 18:15:00,2025-04-14 11:59:05
1201,Poor maintenance of the facility is causing repeated problems.,Infrastructure,Maintenance,Closed,CUST7260,2025-09-26 16:42:00,2025-10-07 23:47:34
1202,I have been waiting since last month for this issue to be fixed.,Service Delay,Operations,Open,CUST9351,2025-06-04 10:07:00,
1203,Staff keep telling me to wait but nothing happens.,Service Delay,Operations,In Progress,CUST3967,2025-07-19 17:30:00,
1204,I have been waiting since last month for this issue to be fixed.,Service Delay,Operations,In Progress,CUST9806,2025-05-05 08:06:00,
1205,I was overcharged on my last bill and no one is responding.,Billing Issue,Billing,Closed,CUST2047,2025-06-27 15:34:00,2025-06-29 05:27:10
1206,The staff member was polite and handled my issue very well.,Staff Behavior,Customer Support,Closed,CUST4399,2025-07-27 13:50:00,2025-07-30 07:23:51
1207,I want to thank the team for resolving my issue so quickly.,Appreciation,Customer Support,In Progress,CUST6149,2025-03-20 01:44:00,
1208,My bill amount doubled this month without any explanation.,,Billing,Open,CUST1573,2025-07-21 12:10:00,
1209,I was overcharged on my last bill and no one is responding.,Billing Issue,Billing,In Progress,CUST1001,2025-07-12 10:34:00,
1210,It has been three weeks and my complaint is still not resolved.,Service Delay,Operations,Closed,CUST8289,2025-12-17 14:57:00,2025-12-21 22:10:58
1211,Why is the late fee applied when I paid on time?,Billing Issue,Billing,Closed,CUST9818,2025-08-17 10:58:00,2025-08-20 07:07:43
1212,The staff at the counter was extremely rude to me today.,,Customer Support,Open,CUST4526,2025-08-02 06:15:00,
1213,"Excellent service today, very satisfied with the response.",Appreciation,Customer Support,Closed,CUST5177,2025-07-09 18:08:00,2025-07-10 09:50:21
1214,No technician has visited despite multiple requests.,Service Delay,Operations,Closed,CUST3346,2025-06-03 17:16:00,2025-06-10 14:52:53
1215,The staff at the counter was extremely rude to me today.,,Customer Support,Closed,CUST7097,2025-08-09 18:40:00,2025-08-14 19:55:56
1216,The staff member was polite and handled my issue very well.,Staff Behavior,Customer Support,In Progress,CUST8104,2025-08-14 09:52:00,
1217,Staff keep telling me to wait but nothing happens.,Service Delay,Operations,Resolved,CUST7664,2025-04-09 07:07:00,2025-04-15 18:21:47
1218,I was overcharged on my last bill and no one is responding.,Billing Issue,Billing,In Progress,CUST4698,2025-06-11 05:49:00,
1219,It has been three weeks and my complaint is still not resolved.,Service Delay,Operations,Closed,CUST3023,2025-06-08 14:24:00,2025-06-12 07:13:55
1220,"There is a billing error, I already paid but it still shows unpaid.",,Billing,Open,CUST5620,2025-07-26 23:31:00,
1221,The staff member was polite and handled my issue very well.,Staff Behavior,Customer Support,In Progress,CUST3960,2025-02-02 17:10:00,
1222,Staff keep telling me to wait but nothing happens.,,Operations,Resolved,CUST1155,2025-07-28 13:25:00,2025-07-31 16:54:13
1223,There is a major leakage that has not been fixed for weeks.,,Maintenance,Resolved,,2025-08-05 07:24:00,2025-08-14 10:28:10
1224,There is a major leakage that has not been fixed for weeks.,Infrastructure,Maintenance,Resolved,CUST6799,2025-08-14 18:45:00,2025-08-26 08:45:56
1225,Thank you for quickly fixing the safety issue I reported earlier.,Safety Concern,Security,Closed,CUST4748,2025-05-14 18:33:00,2025-05-19 06:35:21
1226,It has been three weeks and my complaint is still not resolved.,,Operations,In Progress,CUST2302,2025-12-14 13:49:00,
1227,My bill amount doubled this month without any explanation.,Billing Issue,Billing,Open,CUST9074,2025-12-06 13:36:00,
1228,There are serious safety hazards at the site that need urgent attention.,Safety Concern,Security,Resolved,CUST8858,2025-12-14 11:43:00,2025-12-17 06:10:11
1229,The staff member was polite and handled my issue very well.,Staff Behavior,Customer Support,Resolved,CUST1119,2025-08-13 16:00:00,2025-08-14 11:16:39
1230,The new infrastructure upgrade has improved things significantly.,Infrastructure,Maintenance,Closed,CUST9652,2025-09-08 14:47:00,2025-09-16 11:47:14
1231,The road near the facility is damaged and causing accidents.,Infrastructure,Maintenance,Closed,CUST4687,2025-08-06 14:43:00,2025-08-18 02:56:47
1232,"There is a billing error, I already paid but it still shows unpaid.",Billing Issue,Billing,Closed,CUST7211,2025-10-17 14:22:00,2025-10-20 21:51:14
1233,I was overcharged on my last bill and no one is responding.,Billing Issue,Billing,Closed,CUST2931,2025-05-22 09:15:00,2025-05-24 23:29:55
1234,I have been waiting since last month for this issue to be fixed.,Service Delay,Operations,Closed,CUST4562,2025-05-07 13:00:00,2025-05-12 01:11:20
1235,I want to thank the team for resolving my issue so quickly.,Appreciation,Customer Support,Resolved,CUST8542,2025-12-20 12:54:00,2025-12-21 04:48:17
1236,The response time for service requests is unacceptably slow.,Service Delay,Operations,Closed,CUST1145,2025-02-12 14:56:00,2025-02-17 20:50:49
1237,Why is the late fee applied when I paid on time?,Billing Issue,Billing,Closed,CUST8985,2025-04-17 15:32:00,2025-04-20 02:07:18
1238,"There is a billing error, I already paid but it still shows unpaid.",Billing Issue,Billing,In Progress,CUST3984,2025-04-13 13:23:00,
1239,The employee refused to help and was arguing instead of assisting.,,Customer Support,Closed,CUST6795,2025-02-15 14:42:00,2025-02-18 11:39:38
1240,There are serious safety hazards at the site that need urgent attention.,,Security,In Progress,CUST1659,2025-05-28 11:45:00,
1241,Why is the late fee applied when I paid on time?,Billing Issue,Billing,Closed,CUST5354,2025-09-02 12:10:00,2025-09-04 08:37:37
1242,Why is the late fee applied when I paid on time?,,Billing,Closed,CUST7551,2025-07-26 06:43:00,2025-07-27 22:28:26
1243,Very unprofessional behavior from the officer on duty.,,Customer Support,Open,CUST9192,2025-03-04 21:50:00,
1244,My bill amount doubled this month without any explanation.,Billing Issue,Billing,Resolved,CUST1131,2025-01-27 10:21:00,2025-01-28 21:03:19
1245,The employee refused to help and was arguing instead of assisting.,Staff Behavior,Customer Support,Resolved,CUST9376,2025-05-03 12:48:00,2025-05-07 01:49:06
1246,"There is a billing error, I already paid but it still shows unpaid.",,Billing,Closed,CUST8031,2025-09-28 10:16:00,2025-09-29 10:27:27
1247,I was overcharged on my last bill and no one is responding.,Billing Issue,Billing,In Progress,CUST3436,2025-08-17 09:39:00,
1248,No technician has visited despite multiple requests.,Service Delay,Operations,Closed,CUST4270,2025-06-09 13:12:00,2025-06-13 22:21:28
1249,I was overcharged on my last bill and no one is responding.,Billing Issue,Billing,Closed,CUST4633,2025-06-17 16:19:00,2025-06-19 01:52:30
1250,I have been waiting since last month for this issue to be fixed.,,Operations,Open,CUST6956,2025-01-14 13:41:00,
1251,The response time for service requests is unacceptably slow.,,Operations,Closed,CUST1008,2025-09-08 13:20:00,2025-09-14 07:26:46
1252,"There is a billing error, I already paid but it still shows unpaid.",,Billing,Closed,CUST4028,2025-04-16 11:17:00,2025-04-18 07:49:04
1253,I have been waiting since last month for this issue to be fixed.,,Operations,Open,CUST3134,2025-06-10 07:07:00,
1254,The response time for service requests is unacceptably slow.,,Operations,Resolved,CUST5521,2025-09-19 14:33:00,2025-09-23 23:14:07
1255,Why is the late fee applied when I paid on time?,Billing Issue,Billing,Resolved,CUST1672,2025-02-04 13:08:00,2025-02-05 21:50:58
1256,There is a major leakage that has not been fixed for weeks.,Infrastructure,Maintenance,Open,CUST6618,2025-04-15 17:59:00,
1257,I have been waiting since last month for this issue to be fixed.,,Operations,Closed,CUST4140,2025-12-07 12:34:00,2025-12-11 17:24:33
1258,The response time for service requests is unacceptably slow.,Service Delay,Operations,Closed,CUST6690,2025-11-25 11:54:00,2025-11-29 04:33:39
1259,An official demanded a bribe before processing my documents.,Corruption/Bribery,Administration,Resolved,CUST9581,2025-08-04 11:58:00,2025-08-12 19:50:51
1260,I want to thank the team for resolving my issue so quickly.,,Customer Support,Closed,CUST1996,2025-03-09 15:44:00,2025-03-10 13:59:28
1261,No safety measures are in place despite previous warnings.,Safety Concern,Security,Closed,CUST2228,2025-09-13 14:31:00,2025-09-18 17:40:53
1262,The online payment portal charged me twice for the same bill.,,Billing,Resolved,CUST4015,2025-06-25 20:24:00,2025-06-27 09:59:11
1263,The online payment portal charged me twice for the same bill.,Billing Issue,Billing,Closed,CUST8461,2025-04-23 17:00:00,2025-04-25 19:46:53
1264,The staff member was polite and handled my issue very well.,,Customer Support,In Progress,CUST2951,2025-04-28 15:14:00,
1265,I was overcharged on my last bill and no one is responding.,Billing Issue,Billing,Resolved,CUST5550,2025-07-10 08:02:00,2025-07-11 20:13:46
1266,"The new online system has made things much easier, well done.",Appreciation,Customer Support,Closed,CUST4440,2025-11-02 11:41:00,2025-11-02 15:01:33
1267,The staff at the counter was extremely rude to me today.,,Customer Support,Closed,CUST9999,2025-08-21 08:38:00,2025-08-23 11:55:18
1268,No technician has visited despite multiple requests.,,Operations,In Progress,CUST1170,2025-06-20 11:18:00,
1269,I was asked to pay extra money to get my work done faster.,,Administration,In Progress,CUST2743,2025-09-09 16:11:00,
1270,Security personnel are not checking IDs properly at the gate.,Safety Concern,Security,Resolved,CUST4377,2025-12-09 07:55:00,2025-12-12 17:49:18
1271,No safety measures are in place despite previous warnings.,Safety Concern,Security,Resolved,CUST7479,2025-05-07 20:37:00,2025-05-10 15:12:59
1272,My bill amount doubled this month without any explanation.,Billing Issue,Billing,Open,CUST9125,2025-09-14 15:23:00,
1273,My bill amount doubled this month without any explanation.,Billing Issue,Billing,Resolved,CUST3955,2025-10-06 15:12:00,2025-10-09 13:46:57
1274,The road near the facility is damaged and causing accidents.,Infrastructure,Maintenance,Resolved,CUST2137,2025-05-06 01:52:00,2025-05-08 15:08:52
1275,Why is the late fee applied when I paid on time?,Billing Issue,Billing,Open,CUST1193,2025-04-21 14:25:00,
1276,Poor maintenance of the facility is causing repeated problems.,Infrastructure,Maintenance,Open,CUST1716,2025-06-04 18:52:00,
1277,I was overcharged on my last bill and no one is responding.,Billing Issue,Billing,Open,CUST2742,2025-04-21 14:38:00,
1278,The employee refused to help and was arguing instead of assisting.,Staff Behavior,Customer Support,Open,CUST8279,2025-10-03 17:12:00,
1279,I witnessed a near-accident due to lack of proper signage.,Safety Concern,Security,Open,CUST9906,2025-05-05 15:15:00,
1280,I was overcharged on my last bill and no one is responding.,Billing Issue,Billing,Resolved,CUST3323,2025-02-10 08:06:00,2025-02-11 10:08:25
1281,My bill amount doubled this month without any explanation.,Billing Issue,Billing,Open,CUST4700,2025-01-14 01:24:00,
1282,"Great job by the support team, issue resolved within a day.",Appreciation,Customer Support,Closed,CUST2804,2025-08-23 11:52:00,2025-08-24 12:54:31
1283,The response time for service requests is unacceptably slow.,Service Delay,Operations,Open,CUST2389,2025-05-20 10:21:00,
1284,There is clear favoritism and under-the-table dealing happening.,,Administration,In Progress,CUST7967,2025-03-14 12:33:00,
1285,"There is a billing error, I already paid but it still shows unpaid.",,Billing,Closed,CUST9179,2025-08-10 14:22:00,2025-08-11 00:44:46
1286,The equipment at the site is old and frequently malfunctions.,,Maintenance,Open,CUST3435,2025-10-23 15:51:00,
1287,No safety measures are in place despite previous warnings.,Safety Concern,Security,Closed,CUST8838,2025-05-13 14:28:00,2025-05-18 10:50:31
1288,,,Security,Open,CUST3089,2025-07-24 17:17:00,
1289,Why is the late fee applied when I paid on time?,Billing Issue,Billing,Resolved,CUST6463,2025-05-16 15:27:00,2025-05-20 02:46:55
1290,My bill amount doubled this month without any explanation.,Billing Issue,Billing,Resolved,CUST9785,2025-06-18 10:31:00,2025-06-19 20:12:12
1291,An official demanded a bribe before processing my documents.,Corruption/Bribery,Administration,Resolved,CUST4593,2025-02-23 10:26:00,2025-03-01 00:29:13
1292,There is a major leakage that has not been fixed for weeks.,Infrastructure,Maintenance,Open,CUST3188,2025-06-07 16:54:00,
1293,I want to thank the team for resolving my issue so quickly.,Appreciation,Customer Support,Closed,CUST3283,2025-11-12 17:54:00,2025-11-14 07:39:39
1294,No technician has visited despite multiple requests.,,Operations,Closed,CUST4679,2025-10-18 17:59:00,2025-10-23 11:32:11
1295,My bill amount doubled this month without any explanation.,Billing Issue,Billing,Open,CUST7958,2025-02-23 10:45:00,
1296,It has been three weeks and my complaint is still not resolved.,Service Delay,Operations,Closed,CUST1494,2025-08-03 14:30:00,2025-08-10 05:25:07
1297,My bill amount doubled this month without any explanation.,Billing Issue,Billing,Resolved,CUST3452,2025-02-03 11:00:00,2025-02-06 17:26:39
1298,Security personnel are not checking IDs properly at the gate.,,Security,Closed,CUST7742,2025-09-24 15:33:00,2025-09-29 13:36:51
1299,Security personnel are not checking IDs properly at the gate.,,Security,In Progress,CUST1526,2025-09-23 11:00:00,
1300,There is a major leakage that has not been fixed for weeks.,Infrastructure,Maintenance,Closed,CUST8443,2025-07-01 08:25:00,2025-07-05 23:57:37
1301,The employee refused to help and was arguing instead of assisting.,Staff Behavior,Customer Support,Closed,CUST3569,2025-11-17 18:19:00,2025-11-20 12:07:36
1302,It has been three weeks and my complaint is still not resolved.,Service Delay,Operations,In Progress,CUST4586,2025-07-05 10:47:00,
1303,Staff keep telling me to wait but nothing happens.,Service Delay,Operations,Closed,CUST7637,2025-08-03 08:52:00,2025-08-08 11:14:47
1304,I was asked to pay extra money to get my work done faster.,,Administration,Resolved,CUST2710,2025-01-12 14:41:00,2025-01-18 11:00:09
1305,The online payment portal charged me twice for the same bill.,,Billing,In Progress,CUST2744,2025-09-11 10:01:00,
1306,The online payment portal charged me twice for the same bill.,Billing Issue,Billing,Resolved,CUST1530,2025-01-10 07:12:00,2025-01-10 22:52:40
1307,It has been three weeks and my complaint is still not resolved.,Service Delay,Operations,Resolved,CUST1748,2025-12-19 15:02:00,2025-12-23 00:21:05
1308,I was overcharged on my last bill and no one is responding.,Billing Issue,Billing,Closed,CUST9195,2025-12-01 14:22:00,2025-12-02 14:40:01
1309,Why is the late fee applied when I paid on time?,,Billing,Closed,CUST9250,2025-09-05 22:44:00,2025-09-07 11:21:28
1310,My bill amount doubled this month without any explanation.,Billing Issue,Billing,Resolved,CUST1612,2025-01-26 12:24:00,2025-01-27 20:51:20
1311,No technician has visited despite multiple requests.,Service Delay,Operations,Resolved,CUST4794,2025-08-03 12:56:00,2025-08-09 09:17:17
1312,There is clear favoritism and under-the-table dealing happening.,Corruption/Bribery,Administration,In Progress,CUST9459,2025-08-25 04:45:00,
1313,"The new online system has made things much easier, well done.",Appreciation,Customer Support,In Progress,CUST8059,2025-06-05 13:21:00,
1314,Why is the late fee applied when I paid on time?,,Billing,Open,CUST9151,2025-04-20 21:38:00,
1315,I was overcharged on my last bill and no one is responding.,Billing Issue,Billing,Resolved,CUST2428,2025-03-28 11:19:00,2025-03-29 14:13:56
1316,Very unprofessional behavior from the officer on duty.,Staff Behavior,Customer Support,Open,CUST6789,2025-05-10 03:10:00,
1317,My bill amount doubled this month without any explanation.,Billing Issue,Billing,Closed,CUST8242,2025-09-15 16:16:00,2025-09-17 09:19:11
1318,There is a major leakage that has not been fixed for weeks.,Infrastructure,Maintenance,Open,CUST7568,2025-12-19 12:31:00,
1319,Staff keep telling me to wait but nothing happens.,Service Delay,Operations,Resolved,CUST6138,2025-11-05 10:28:00,2025-11-10 05:58:54
1320,I have been waiting since last month for this issue to be fixed.,Service Delay,Operations,Closed,CUST1934,2025-07-09 18:56:00,2025-07-15 05:55:28
1321,No safety measures are in place despite previous warnings.,,Security,In Progress,CUST7157,2025-08-18 14:00:00,
1322,Why is the late fee applied when I paid on time?,Billing Issue,Billing,Closed,CUST6716,2025-10-08 17:24:00,2025-10-10 15:20:23
1323,The staff member was polite and handled my issue very well.,Staff Behavior,Customer Support,Open,CUST7503,2025-11-15 11:06:00,
1324,No safety measures are in place despite previous warnings.,Safety Concern,Security,In Progress,CUST4483,2025-06-03 10:20:00,
1325,Poor maintenance of the facility is causing repeated problems.,Infrastructure,Maintenance,Resolved,CUST3384,2025-02-15 13:02:00,2025-02-25 08:51:02
1326,The equipment at the site is old and frequently malfunctions.,Infrastructure,Maintenance,Resolved,CUST6922,2025-07-20 08:49:00,2025-08-03 11:25:04
1327,Security personnel are not checking IDs properly at the gate.,Safety Concern,Security,Open,CUST7929,2025-04-07 16:55:00,
1328,No technician has visited despite multiple requests.,,Operations,Resolved,CUST8396,2025-02-03 17:17:00,2025-02-13 04:23:08
1329,There is clear favoritism and under-the-table dealing happening.,,Administration,Closed,CUST8021,2025-04-09 12:11:00,2025-04-13 02:22:45
1330,The response time for service requests is unacceptably slow.,Service Delay,Operations,Resolved,CUST3632,2025-03-12 09:26:00,2025-03-15 15:30:34
1331,"Great job by the support team, issue resolved within a day.",,Customer Support,Resolved,CUST4253,2025-05-23 06:36:00,2025-05-23 18:29:24
1332,The online payment portal charged me twice for the same bill.,Billing Issue,Billing,Closed,CUST6185,2025-08-11 21:42:00,2025-08-13 05:05:28
1333,Why is the late fee applied when I paid on time?,Billing Issue,Billing,In Progress,CUST7658,2025-12-16 13:55:00,
1334,It has been three weeks and my complaint is still not resolved.,Service Delay,Operations,Open,CUST2596,2025-12-27 10:54:00,
1335,My bill amount doubled this month without any explanation.,Billing Issue,Billing,In Progress,CUST6703,2025-06-18 14:49:00,
1336,My bill amount doubled this month without any explanation.,Billing Issue,Billing,Resolved,CUST5947,2025-12-19 08:00:00,2025-12-22 23:49:20
1337,There is clear favoritism and under-the-table dealing happening.,Corruption/Bribery,Administration,Resolved,CUST7783,2025-10-04 12:44:00,2025-10-08 11:34:12
1338,The response time for service requests is unacceptably slow.,,Operations,Closed,CUST3880,2025-10-14 11:33:00,2025-10-21 16:23:45
1339,The employee refused to help and was arguing instead of assisting.,Staff Behavior,Customer Support,Resolved,CUST8167,2025-03-20 14:10:00,2025-03-25 22:34:01
1340,The new infrastructure upgrade has improved things significantly.,Infrastructure,Maintenance,Closed,CUST2700,2025-12-28 09:06:00,2026-01-04 03:52:30
1341,I was overcharged on my last bill and no one is responding.,Billing Issue,Billing,Resolved,CUST9924,2025-08-14 12:06:00,2025-08-16 10:03:56
1342,Why is the late fee applied when I paid on time?,Billing Issue,Billing,Closed,CUST4471,2025-07-26 13:02:00,2025-07-28 17:54:18
1343,I have been waiting since last month for this issue to be fixed.,Service Delay,Operations,Closed,CUST6744,2025-07-04 13:12:00,2025-07-10 11:38:57
1344,"Great job by the support team, issue resolved within a day.",Appreciation,Customer Support,Closed,CUST1124,2025-06-27 17:41:00,2025-06-28 20:38:26
1345,"Excellent service today, very satisfied with the response.",,Customer Support,Closed,CUST7794,2025-07-09 08:56:00,2025-07-10 05:10:24
1346,The road near the facility is damaged and causing accidents.,,Maintenance,Open,CUST7134,2025-11-14 16:02:00,
1347,There is clear favoritism and under-the-table dealing happening.,Corruption/Bribery,Administration,In Progress,CUST8045,2025-10-20 10:20:00,
1348,I have been waiting since last month for this issue to be fixed.,Service Delay,Operations,Closed,CUST8030,2025-04-21 17:25:00,2025-04-27 11:31:02
1349,Why is the late fee applied when I paid on time?,Billing Issue,Billing,Closed,CUST8166,2025-12-06 12:25:00,2025-12-08 11:51:17
1350,No technician has visited despite multiple requests.,Service Delay,Operations,Closed,CUST5263,2025-07-21 17:36:00,2025-07-23 04:29:39
1351,I was asked to pay extra money to get my work done faster.,Corruption/Bribery,Administration,Open,CUST3507,2025-12-07 10:05:00,
1352,The online payment portal charged me twice for the same bill.,Billing Issue,Billing,Resolved,CUST3138,2025-11-03 09:36:00,2025-11-06 09:49:44
1353,"The new online system has made things much easier, well done.",,Customer Support,In Progress,CUST5018,2025-03-21 16:57:00,
1354,Security personnel are not checking IDs properly at the gate.,Safety Concern,Security,In Progress,CUST1379,2025-09-22 11:03:00,
1355,The new infrastructure upgrade has improved things significantly.,,Maintenance,Closed,CUST3323,2025-11-04 13:29:00,2025-11-21 22:45:32
1356,No technician has visited despite multiple requests.,Service Delay,Operations,Resolved,CUST7402,2025-02-16 17:54:00,2025-02-21 04:57:12
1357,I was overcharged on my last bill and no one is responding.,Billing Issue,Billing,Open,CUST7148,2025-06-16 22:40:00,
1358,There is clear favoritism and under-the-table dealing happening.,,Administration,In Progress,CUST3927,2025-11-26 11:10:00,
1359,The new infrastructure upgrade has improved things significantly.,Infrastructure,Maintenance,Closed,CUST9953,2025-10-04 17:21:00,2025-10-14 10:31:33
1360,The online payment portal charged me twice for the same bill.,Billing Issue,Billing,Resolved,CUST9486,2025-09-04 20:12:00,2025-09-08 00:50:41
1361,I was treated very disrespectfully by the customer support agent.,,Customer Support,Closed,CUST3270,2025-04-12 09:07:00,2025-04-16 18:41:30
1362,My bill amount doubled this month without any explanation.,,Billing,Closed,CUST5822,2025-04-16 18:12:00,2025-04-18 14:16:28
1363,Very unprofessional behavior from the officer on duty.,,Customer Support,In Progress,CUST5605,2025-06-13 07:59:00,
1364,I want to thank the team for resolving my issue so quickly.,Appreciation,Customer Support,In Progress,CUST8992,2025-07-25 18:37:00,
1365,Very unprofessional behavior from the officer on duty.,Staff Behavior,Customer Support,Closed,CUST7275,2025-06-24 12:17:00,2025-06-30 07:28:50
1366,The staff member was polite and handled my issue very well.,,Customer Support,Open,CUST1553,2025-05-21 19:52:00,
1367,"The new online system has made things much easier, well done.",Appreciation,Customer Support,Closed,CUST9691,2025-07-10 02:38:00,2025-07-11 04:28:45
1368,It has been three weeks and my complaint is still not resolved.,,Operations,Resolved,CUST5019,2025-02-26 12:20:00,2025-03-05 18:17:26
1369,"There is a billing error, I already paid but it still shows unpaid.",,Billing,Open,CUST1178,2025-06-25 15:20:00,
1370,There is a major leakage that has not been fixed for weeks.,Infrastructure,Maintenance,Closed,CUST7317,2025-06-26 08:20:00,2025-07-07 20:08:07
1371,No technician has visited despite multiple requests.,Service Delay,Operations,In Progress,CUST2225,2025-07-04 10:35:00,
1372,Poor maintenance of the facility is causing repeated problems.,,Maintenance,Closed,CUST1813,2025-08-14 11:20:00,2025-08-20 17:11:45
1373,Security personnel are not checking IDs properly at the gate.,Safety Concern,Security,Open,CUST6355,2025-01-09 09:26:00,
1374,There is a major leakage that has not been fixed for weeks.,Infrastructure,Maintenance,Resolved,CUST1076,2025-07-10 20:01:00,2025-07-22 01:00:29
1375,"The new online system has made things much easier, well done.",Appreciation,Customer Support,Closed,CUST1640,2025-03-13 00:02:00,2025-03-13 18:53:29
1376,It has been three weeks and my complaint is still not resolved.,Service Delay,Operations,Closed,CUST5500,2025-02-04 01:53:00,2025-02-10 19:00:03
1377,The response time for service requests is unacceptably slow.,Service Delay,Operations,In Progress,CUST7444,2025-06-18 15:49:00,
1378,I have been waiting since last month for this issue to be fixed.,Service Delay,Operations,Open,CUST2683,2025-07-21 17:58:00,
1379,I was overcharged on my last bill and no one is responding.,Billing Issue,Billing,Closed,CUST8138,2025-10-05 15:06:00,2025-10-07 23:11:25
1380,It has been three weeks and my complaint is still not resolved.,Service Delay,Operations,Closed,CUST1080,2025-03-26 16:23:00,2025-03-30 11:52:44
1381,I want to thank the team for resolving my issue so quickly.,Appreciation,Customer Support,Open,CUST2229,2025-04-26 14:02:00,
1382,Staff keep telling me to wait but nothing happens.,Service Delay,Operations,Closed,CUST8548,2025-09-13 16:17:00,2025-09-19 09:09:10
1383,"There is a billing error, I already paid but it still shows unpaid.",Billing Issue,Billing,Closed,CUST7771,2025-11-25 07:37:00,2025-11-28 04:09:48
1384,The road near the facility is damaged and causing accidents.,Infrastructure,Maintenance,Resolved,CUST5596,2025-07-08 12:36:00,2025-07-16 07:33:16
1385,I have been waiting since last month for this issue to be fixed.,,Operations,In Progress,CUST4971,2025-04-09 11:49:00,
1386,There is a major leakage that has not been fixed for weeks.,,Maintenance,Open,CUST4541,2025-08-03 07:31:00,
1387,Very unprofessional behavior from the officer on duty.,Staff Behavior,Customer Support,In Progress,CUST9644,2025-03-04 10:21:00,
1388,The employee refused to help and was arguing instead of assisting.,,Customer Support,Resolved,CUST9265,2025-09-10 08:45:00,2025-09-12 11:17:48
1389,My bill amount doubled this month without any explanation.,Billing Issue,Billing,Closed,CUST9412,2025-04-12 16:24:00,2025-04-14 16:58:46
1390,Why is the late fee applied when I paid on time?,,Billing,In Progress,CUST2672,2025-03-09 10:27:00,
1391,I was overcharged on my last bill and no one is responding.,,Billing,Closed,CUST1468,2025-09-08 07:01:00,2025-09-10 18:42:06
1392,The staff member was polite and handled my issue very well.,,Customer Support,Closed,CUST8069,2025-06-09 13:07:00,2025-06-13 08:06:10
1393,Why is the late fee applied when I paid on time?,,Billing,Open,CUST2602,2025-07-17 06:21:00,
1394,Why is the late fee applied when I paid on time?,Billing Issue,Billing,In Progress,CUST5520,2025-09-14 07:12:00,
1395,Very unprofessional behavior from the officer on duty.,,Customer Support,Open,CUST2819,2025-07-04 11:43:00,
1396,I was overcharged on my last bill and no one is responding.,Billing Issue,Billing,In Progress,CUST5513,2025-11-19 10:17:00,
1397,Staff keep telling me to wait but nothing happens.,,Operations,Resolved,CUST5395,2025-08-13 09:25:00,2025-08-20 06:25:12
1398,I was treated very disrespectfully by the customer support agent.,Staff Behavior,Customer Support,In Progress,CUST1050,2025-09-12 10:40:00,
1399,The online payment portal charged me twice for the same bill.,Billing Issue,Billing,Closed,CUST4909,2025-11-20 16:30:00,2025-11-22 13:31:31
1400,I was overcharged on my last bill and no one is responding.,Billing Issue,Billing,Resolved,CUST8775,2025-03-11 18:57:00,2025-03-14 08:24:14
1401,The staff at the counter was extremely rude to me today.,Staff Behavior,Customer Support,Open,CUST1159,2025-03-09 10:56:00,
1402,Poor maintenance of the facility is causing repeated problems.,,Maintenance,In Progress,CUST1284,2025-07-16 12:55:00,
1403,The employee refused to help and was arguing instead of assisting.,,Customer Support,In Progress,CUST2538,2025-10-17 09:32:00,
1404,"There is a billing error, I already paid but it still shows unpaid.",,Billing,Closed,CUST8970,2025-06-24 14:22:00,2025-06-26 15:31:02
1405,I have been waiting since last month for this issue to be fixed.,Service Delay,Operations,Closed,CUST8935,2025-01-12 11:19:00,2025-01-18 00:37:50
1406,The online payment portal charged me twice for the same bill.,Billing Issue,Billing,Closed,CUST3320,2025-09-01 14:09:00,2025-09-01 15:09:00
1407,It has been three weeks and my complaint is still not resolved.,Service Delay,Operations,Closed,CUST2462,2025-04-24 14:44:00,2025-04-29 23:33:29
1408,Why is the late fee applied when I paid on time?,Billing Issue,Billing,Resolved,CUST8360,2025-08-09 14:56:00,2025-08-11 18:57:31
1409,"Excellent service today, very satisfied with the response.",Appreciation,Customer Support,Closed,CUST7836,2025-04-22 09:22:00,2025-04-23 04:38:49
1410,"The new online system has made things much easier, well done.",,Customer Support,Resolved,CUST3014,2025-05-02 15:37:00,2025-05-03 20:11:22
1411,Very unprofessional behavior from the officer on duty.,,Customer Support,In Progress,CUST1136,2025-07-26 13:50:00,
1412,I was treated very disrespectfully by the customer support agent.,Staff Behavior,Customer Support,Closed,CUST3664,2025-06-05 13:33:00,2025-06-09 04:06:27
1413,The response time for service requests is unacceptably slow.,,Operations,Resolved,CUST3022,2025-02-10 08:00:00,2025-02-13 20:32:14
1414,"There is a billing error, I already paid but it still shows unpaid.",,Billing,Closed,CUST3256,2025-01-12 12:42:00,2025-01-15 05:47:11
1415,The response time for service requests is unacceptably slow.,Service Delay,Operations,Closed,CUST2409,2025-09-17 10:42:00,2025-09-23 02:47:29
1416,There is a major leakage that has not been fixed for weeks.,,Maintenance,Resolved,CUST4585,2025-12-07 06:27:00,2025-12-12 10:39:02
1417,"There is a billing error, I already paid but it still shows unpaid.",Billing Issue,Billing,Resolved,CUST2607,2025-04-22 16:40:00,2025-04-24 04:38:37
1418,An official demanded a bribe before processing my documents.,Corruption/Bribery,Administration,Resolved,CUST3280,2025-08-06 10:36:00,2025-08-12 17:31:21
1419,There is a major leakage that has not been fixed for weeks.,,Maintenance,In Progress,CUST5871,2025-04-14 15:35:00,
1420,,Staff Behavior,Customer Support,Closed,CUST3270,2025-07-13 07:50:00,2025-07-17 07:35:46
1421,The employee refused to help and was arguing instead of assisting.,Staff Behavior,Customer Support,Resolved,CUST8643,2025-07-22 10:45:00,2025-07-24 09:46:35
1422,Very unprofessional behavior from the officer on duty.,Staff Behavior,Customer Support,Closed,CUST3303,2025-06-18 08:01:00,2025-06-19 17:15:20
1423,The equipment at the site is old and frequently malfunctions.,Infrastructure,Maintenance,Resolved,CUST5806,2025-09-19 17:32:00,2025-09-25 07:59:33
1424,Why is the late fee applied when I paid on time?,Billing Issue,Billing,Resolved,CUST9487,2025-03-22 10:00:00,2025-03-24 15:02:28
1425,The staff at the counter was extremely rude to me today.,,Customer Support,Closed,CUST2595,2025-02-09 11:53:00,2025-02-12 17:27:31
1426,There is clear favoritism and under-the-table dealing happening.,Corruption/Bribery,Administration,Open,CUST9369,2025-07-11 18:55:00,
1427,There are serious safety hazards at the site that need urgent attention.,Safety Concern,Security,Resolved,CUST3234,2025-08-17 11:09:00,2025-08-21 02:47:25
1428,No technician has visited despite multiple requests.,,Operations,Closed,CUST8945,2025-05-10 11:46:00,2025-05-19 10:53:16
1429,There is a major leakage that has not been fixed for weeks.,,Maintenance,Resolved,CUST2587,2025-02-01 14:09:00,2025-02-11 15:55:46
1430,It has been three weeks and my complaint is still not resolved.,,Operations,Resolved,CUST2995,2025-07-27 15:32:00,2025-07-31 00:20:45
1431,I have been waiting since last month for this issue to be fixed.,Service Delay,Operations,Closed,CUST8194,2025-12-27 21:15:00,2025-12-30 18:35:29
1432,There is clear favoritism and under-the-table dealing happening.,,Administration,Open,CUST4943,2025-03-05 08:40:00,
1433,The online payment portal charged me twice for the same bill.,,Billing,In Progress,CUST9076,2025-04-16 16:18:00,
1434,The response time for service requests is unacceptably slow.,Service Delay,Operations,Open,CUST7960,2025-06-23 14:51:00,
1435,"There is a billing error, I already paid but it still shows unpaid.",,Billing,Open,CUST8282,2025-06-19 06:24:00,
1436,"There is a billing error, I already paid but it still shows unpaid.",,Billing,Closed,CUST3593,2025-12-15 11:56:00,2025-12-18 08:15:22
1437,Staff keep telling me to wait but nothing happens.,,Operations,Resolved,CUST3480,2025-04-23 20:33:00,2025-04-23 21:33:00
1438,Staff keep telling me to wait but nothing happens.,,Operations,Closed,CUST5963,2025-05-23 12:54:00,2025-05-28 13:42:38
1439,I want to thank the team for resolving my issue so quickly.,Appreciation,Customer Support,Resolved,CUST3955,2025-11-21 09:30:00,2025-11-21 20:00:58
1440,The new infrastructure upgrade has improved things significantly.,,Maintenance,Open,CUST6703,2025-09-17 06:16:00,
1441,Poor maintenance of the facility is causing repeated problems.,,Maintenance,Closed,CUST2740,2025-02-01 16:54:00,2025-02-05 07:34:48
1442,Very unprofessional behavior from the officer on duty.,Staff Behavior,Customer Support,Closed,CUST4876,2025-05-08 11:49:00,2025-05-11 21:13:36
1443,My bill amount doubled this month without any explanation.,Billing Issue,Billing,Closed,CUST2014,2025-09-13 09:48:00,2025-09-15 15:34:08
1444,The road near the facility is damaged and causing accidents.,Infrastructure,Maintenance,Resolved,CUST1482,2025-01-24 14:04:00,2025-02-05 09:11:44
1445,"The new online system has made things much easier, well done.",Appreciation,Customer Support,Open,CUST4272,2025-02-15 09:24:00,
1446,Why is the late fee applied when I paid on time?,,Billing,In Progress,CUST9659,2025-06-10 15:14:00,
1447,No safety measures are in place despite previous warnings.,,Security,Closed,CUST1544,2025-02-01 14:40:00,2025-02-05 05:56:20
1448,There are serious safety hazards at the site that need urgent attention.,,Security,Resolved,CUST4036,2025-05-14 10:36:00,2025-05-18 18:09:02
1449,The new infrastructure upgrade has improved things significantly.,Infrastructure,Maintenance,Resolved,CUST6768,2025-07-27 15:13:00,2025-08-01 23:03:09
1450,Staff keep telling me to wait but nothing happens.,Service Delay,Operations,Resolved,CUST2161,2025-10-26 10:04:00,2025-10-29 00:58:29
1451,I was treated very disrespectfully by the customer support agent.,,Customer Support,Open,CUST9856,2025-09-10 15:06:00,
1452,No technician has visited despite multiple requests.,Service Delay,Operations,Closed,CUST6863,2025-10-10 09:59:00,2025-10-18 16:49:53
1453,My bill amount doubled this month without any explanation.,Billing Issue,Billing,Resolved,CUST9192,2025-12-03 18:34:00,2025-12-05 01:41:59
1454,Staff keep telling me to wait but nothing happens.,Service Delay,Operations,Open,CUST5309,2025-01-23 06:57:00,
1455,The road near the facility is damaged and causing accidents.,Infrastructure,Maintenance,In Progress,CUST3282,2025-05-09 08:12:00,
1456,"There is a billing error, I already paid but it still shows unpaid.",,Billing,Closed,CUST2194,2025-12-22 13:58:00,2025-12-23 10:50:45
1457,Thank you for quickly fixing the safety issue I reported earlier.,,Security,Closed,CUST2159,2025-11-23 10:53:00,2025-11-24 21:58:18
1458,I want to thank the team for resolving my issue so quickly.,,Customer Support,In Progress,CUST1583,2025-11-16 02:08:00,
1459,I was treated very disrespectfully by the customer support agent.,Staff Behavior,Customer Support,In Progress,CUST4731,2025-08-14 08:30:00,
1460,I was overcharged on my last bill and no one is responding.,Billing Issue,Billing,In Progress,CUST7215,2025-01-26 11:51:00,
1461,The road near the facility is damaged and causing accidents.,Infrastructure,Maintenance,Closed,CUST8040,2025-07-02 12:24:00,2025-07-07 01:41:41
1462,The new infrastructure upgrade has improved things significantly.,Infrastructure,Maintenance,Closed,CUST7024,2025-03-15 11:07:00,2025-03-31 20:07:33
1463,The response time for service requests is unacceptably slow.,Service Delay,Operations,In Progress,CUST4721,2025-06-02 01:15:00,
1464,Staff keep telling me to wait but nothing happens.,,Operations,Closed,CUST1931,2025-07-26 12:00:00,2025-08-02 01:39:39
1465,My bill amount doubled this month without any explanation.,Billing Issue,Billing,In Progress,CUST5001,2025-06-10 21:02:00,
1466,"Excellent service today, very satisfied with the response.",,Customer Support,Open,CUST5099,2025-08-16 13:42:00,
1467,"Excellent service today, very satisfied with the response.",Appreciation,Customer Support,Resolved,CUST4609,2025-07-24 15:52:00,2025-07-26 01:58:52
1468,The employee refused to help and was arguing instead of assisting.,Staff Behavior,Customer Support,In Progress,CUST9631,2025-12-25 16:35:00,
1469,An official demanded a bribe before processing my documents.,Corruption/Bribery,Administration,Open,CUST8966,2025-08-17 13:06:00,
1470,No technician has visited despite multiple requests.,Service Delay,Operations,In Progress,CUST4453,2025-11-27 22:33:00,
1471,My bill amount doubled this month without any explanation.,Billing Issue,Billing,Resolved,CUST2871,2025-01-08 08:44:00,2025-01-09 18:50:34
1472,I was overcharged on my last bill and no one is responding.,Billing Issue,Billing,In Progress,CUST1978,2025-05-19 02:24:00,
1473,Staff keep telling me to wait but nothing happens.,Service Delay,Operations,Resolved,CUST4677,2025-06-01 16:55:00,2025-06-06 05:30:26
1474,My bill amount doubled this month without any explanation.,,Billing,Closed,CUST6698,2025-08-18 10:03:00,2025-08-20 13:44:27
1475,"The new online system has made things much easier, well done.",,Customer Support,Closed,CUST1448,2025-11-09 02:51:00,2025-11-10 12:15:58
1476,Staff keep telling me to wait but nothing happens.,Service Delay,Operations,Closed,CUST1935,2025-06-14 13:50:00,2025-06-18 02:12:22
1477,Thank you for quickly fixing the safety issue I reported earlier.,Safety Concern,Security,Closed,CUST9761,2025-06-24 10:59:00,2025-06-29 16:34:31
1478,The staff member was polite and handled my issue very well.,Staff Behavior,Customer Support,In Progress,CUST8656,2025-09-25 21:33:00,
1479,No safety measures are in place despite previous warnings.,Safety Concern,Security,Closed,CUST2401,2025-03-01 17:17:00,2025-03-03 10:37:52
1480,"The new online system has made things much easier, well done.",Appreciation,Customer Support,Resolved,CUST5104,2025-05-13 03:02:00,2025-05-14 04:41:50
1481,Thank you for quickly fixing the safety issue I reported earlier.,Safety Concern,Security,Closed,CUST3929,2025-01-10 16:36:00,2025-01-14 19:22:56
1482,The staff at the counter was extremely rude to me today.,Staff Behavior,Customer Support,Closed,CUST4569,2025-06-15 12:02:00,2025-06-16 13:55:38
1483,Staff keep telling me to wait but nothing happens.,,Operations,Resolved,CUST2049,2025-12-09 07:57:00,2025-12-12 16:10:55
1484,The employee refused to help and was arguing instead of assisting.,,Customer Support,Closed,CUST3858,2025-09-09 09:16:00,2025-09-12 06:17:34
1485,The online payment portal charged me twice for the same bill.,,Billing,Closed,CUST9302,2025-08-08 16:07:00,2025-08-09 08:34:02
1486,There is clear favoritism and under-the-table dealing happening.,Corruption/Bribery,Administration,In Progress,CUST5244,2025-05-18 12:45:00,
1487,I want to thank the team for resolving my issue so quickly.,Appreciation,Customer Support,Resolved,CUST4845,2025-08-28 06:54:00,2025-08-29 12:03:21
1488,It has been three weeks and my complaint is still not resolved.,,Operations,Open,CUST7084,2025-07-04 07:32:00,
1489,There is clear favoritism and under-the-table dealing happening.,,Administration,Closed,CUST6350,2025-06-21 11:27:00,2025-06-27 20:32:51
1490,The equipment at the site is old and frequently malfunctions.,Infrastructure,Maintenance,Closed,CUST5817,2025-05-14 09:57:00,2025-05-21 11:56:03
1491,There is a major leakage that has not been fixed for weeks.,Infrastructure,Maintenance,In Progress,CUST2740,2025-06-10 14:59:00,
1492,The equipment at the site is old and frequently malfunctions.,Infrastructure,Maintenance,Resolved,CUST6636,2025-07-25 16:47:00,2025-08-01 23:21:58
1493,"Great job by the support team, issue resolved within a day.",Appreciation,Customer Support,Closed,CUST2285,2025-10-02 14:42:00,2025-10-03 17:49:36
1494,"Excellent service today, very satisfied with the response.",Appreciation,Customer Support,Resolved,CUST2986,2025-07-19 14:40:00,2025-07-20 11:07:07
1495,There is clear favoritism and under-the-table dealing happening.,Corruption/Bribery,Administration,Closed,CUST6192,2025-10-20 11:30:00,2025-10-23 19:17:56
1496,Staff keep telling me to wait but nothing happens.,Service Delay,Operations,In Progress,CUST6930,2025-05-08 10:21:00,
1497,The response time for service requests is unacceptably slow.,Service Delay,Operations,In Progress,CUST7716,2025-09-04 19:44:00,
1498,The response time for service requests is unacceptably slow.,Service Delay,Operations,Resolved,CUST4774,2025-07-03 10:58:00,2025-07-10 03:41:51
1499,Very unprofessional behavior from the officer on duty.,Staff Behavior,Customer Support,Closed,CUST5013,2025-04-27 12:52:00,2025-04-30 22:22:21
1500,Security personnel are not checking IDs properly at the gate.,Safety Concern,Security,Resolved,CUST6596,2025-08-22 07:08:00,2025-08-26 23:27:02
1501,It has been three weeks and my complaint is still not resolved.,Service Delay,Operations,Resolved,CUST4245,2025-06-17 08:09:00,2025-06-20 03:52:26
1502,An official demanded a bribe before processing my documents.,Corruption/Bribery,Administration,In Progress,CUST8698,2025-01-04 20:26:00,
1503,No safety measures are in place despite previous warnings.,,Security,Open,CUST2196,2025-11-27 13:27:00,
1504,The online payment portal charged me twice for the same bill.,Billing Issue,Billing,Open,CUST4955,2025-11-14 09:22:00,
1505,The road near the facility is damaged and causing accidents.,Infrastructure,Maintenance,In Progress,CUST2765,2025-05-27 13:57:00,
1506,I want to thank the team for resolving my issue so quickly.,Appreciation,Customer Support,Closed,CUST8138,2025-02-12 15:28:00,2025-02-13 13:58:14
1507,I have been waiting since last month for this issue to be fixed.,Service Delay,Operations,Closed,CUST9345,2025-08-24 07:11:00,2025-08-30 23:34:36
1508,I was overcharged on my last bill and no one is responding.,Billing Issue,Billing,Resolved,CUST8185,2025-08-12 12:43:00,2025-08-14 00:51:28
1509,The online payment portal charged me twice for the same bill.,Billing Issue,Billing,In Progress,CUST1791,2025-05-25 13:06:00,
1510,The staff member was polite and handled my issue very well.,,Customer Support,Resolved,CUST6219,2025-07-28 11:59:00,2025-07-29 18:58:24
1511,No safety measures are in place despite previous warnings.,,Security,Closed,CUST9505,2025-01-24 06:56:00,2025-01-27 15:20:01
1512,Staff keep telling me to wait but nothing happens.,,Operations,In Progress,CUST8973,2025-05-12 17:18:00,
1513,I was treated very disrespectfully by the customer support agent.,Staff Behavior,Customer Support,Closed,CUST5565,2025-05-09 22:38:00,2025-05-13 11:31:54
1514,My bill amount doubled this month without any explanation.,Billing Issue,Billing,In Progress,CUST1651,2025-07-17 09:48:00,
1515,"Excellent service today, very satisfied with the response.",,Customer Support,Open,CUST7987,2025-01-27 20:52:00,
1516,Thank you for quickly fixing the safety issue I reported earlier.,Safety Concern,Security,Closed,CUST2965,2025-03-15 09:18:00,2025-03-19 16:39:33
1517,Very unprofessional behavior from the officer on duty.,,Customer Support,Open,CUST2908,2025-07-03 20:55:00,
1518,I want to thank the team for resolving my issue so quickly.,,Customer Support,Open,CUST6494,2025-09-08 23:46:00,
1519,Staff keep telling me to wait but nothing happens.,Service Delay,Operations,Closed,CUST1628,2025-08-03 15:45:00,2025-08-08 18:03:07
1520,,Staff Behavior,Customer Support,Closed,CUST1583,2025-05-27 10:35:00,2025-05-30 20:08:25
1521,I want to thank the team for resolving my issue so quickly.,,Customer Support,Closed,CUST4205,2025-04-19 12:24:00,2025-04-20 05:31:12
1522,No technician has visited despite multiple requests.,,Operations,Resolved,CUST2453,2025-07-06 14:46:00,2025-07-11 22:18:19
1523,"Excellent service today, very satisfied with the response.",,Customer Support,Resolved,CUST3918,2025-01-03 22:31:00,2025-01-05 03:47:03
1524,"There is a billing error, I already paid but it still shows unpaid.",,Billing,In Progress,CUST9691,2025-08-21 18:37:00,
1525,There is a major leakage that has not been fixed for weeks.,Infrastructure,Maintenance,Closed,CUST9031,2025-11-27 20:14:00,2025-12-04 05:44:29
1526,Security personnel are not checking IDs properly at the gate.,,Security,In Progress,CUST5706,2025-08-18 20:30:00,
1527,I have been waiting since last month for this issue to be fixed.,Service Delay,Operations,Open,CUST6224,2025-05-22 13:27:00,
1528,The equipment at the site is old and frequently malfunctions.,Infrastructure,Maintenance,Closed,CUST9014,2025-08-23 22:08:00,2025-08-30 02:48:51
1529,There is a major leakage that has not been fixed for weeks.,Infrastructure,Maintenance,In Progress,CUST7701,2025-01-09 12:32:00,
1530,"There is a billing error, I already paid but it still shows unpaid.",Billing Issue,Billing,Resolved,CUST7531,2025-04-11 15:26:00,2025-04-14 00:48:01
1531,It has been three weeks and my complaint is still not resolved.,Service Delay,Operations,In Progress,CUST6054,2025-04-24 09:14:00,
1532,I was treated very disrespectfully by the customer support agent.,Staff Behavior,Customer Support,In Progress,CUST6401,2025-07-06 14:34:00,
1533,The online payment portal charged me twice for the same bill.,,Billing,Closed,CUST6460,2025-01-24 15:01:00,2025-01-26 19:28:26
1534,I want to thank the team for resolving my issue so quickly.,,Customer Support,Resolved,CUST3572,2025-08-17 16:13:00,2025-08-18 04:39:59
1535,An official demanded a bribe before processing my documents.,Corruption/Bribery,Administration,Closed,CUST6431,2025-10-08 13:18:00,2025-10-16 08:24:33
1536,Staff keep telling me to wait but nothing happens.,Service Delay,Operations,Closed,CUST9627,2025-09-01 09:02:00,2025-09-05 23:04:27
1537,Why is the late fee applied when I paid on time?,,Billing,In Progress,CUST5051,2025-09-02 14:10:00,
1538,I was overcharged on my last bill and no one is responding.,Billing Issue,Billing,Resolved,CUST5423,2025-10-13 09:41:00,2025-10-16 02:37:26
1539,I was asked to pay extra money to get my work done faster.,Corruption/Bribery,Administration,Closed,CUST1241,2025-02-24 15:45:00,2025-03-01 18:37:28
1540,Thank you for quickly fixing the safety issue I reported earlier.,Safety Concern,Security,Closed,CUST4183,2025-08-05 07:06:00,2025-08-08 09:22:41
1541,An official demanded a bribe before processing my documents.,,Administration,Closed,CUST8518,2025-09-14 12:32:00,2025-09-20 14:33:55
1542,"There is a billing error, I already paid but it still shows unpaid.",Billing Issue,Billing,Resolved,CUST4641,2025-12-19 14:30:00,2025-12-21 07:37:11
1543,"The new online system has made things much easier, well done.",Appreciation,Customer Support,Resolved,CUST9143,2025-07-23 11:34:00,2025-07-24 05:21:00
1544,I witnessed a near-accident due to lack of proper signage.,Safety Concern,Security,Resolved,CUST1407,2025-09-23 19:06:00,2025-09-26 13:43:21
1545,No technician has visited despite multiple requests.,,Operations,Open,CUST3355,2025-06-16 11:36:00,
1546,There are serious safety hazards at the site that need urgent attention.,Safety Concern,Security,Closed,CUST5095,2025-02-06 16:13:00,2025-02-12 09:47:01
1547,Why is the late fee applied when I paid on time?,Billing Issue,Billing,Closed,CUST4808,2025-08-16 19:33:00,2025-08-18 21:28:47
1548,Why is the late fee applied when I paid on time?,,Billing,In Progress,CUST6266,2025-04-10 11:47:00,
1549,The new infrastructure upgrade has improved things significantly.,Infrastructure,Maintenance,Closed,CUST9007,2025-06-01 16:17:00,2025-06-11 23:18:06
1550,The employee refused to help and was arguing instead of assisting.,Staff Behavior,Customer Support,Resolved,CUST2334,2025-12-08 09:20:00,2025-12-09 00:35:39
1551,"Great job by the support team, issue resolved within a day.",,Customer Support,Closed,CUST2990,2025-08-13 14:08:00,2025-08-14 22:42:08
1552,Why is the late fee applied when I paid on time?,Billing Issue,Billing,Closed,CUST9594,2025-11-04 09:02:00,2025-11-06 09:18:26
1553,The staff member was polite and handled my issue very well.,Staff Behavior,Customer Support,Open,CUST5441,2025-06-01 09:18:00,
1554,The staff member was polite and handled my issue very well.,,Customer Support,In Progress,CUST4349,2025-11-19 05:41:00,
1555,I witnessed a near-accident due to lack of proper signage.,Safety Concern,Security,Resolved,CUST3217,2025-07-09 05:30:00,2025-07-11 13:09:29
1556,Why is the late fee applied when I paid on time?,,Billing,In Progress,CUST1091,2025-01-14 09:11:00,
1557,No technician has visited despite multiple requests.,,Operations,Resolved,CUST8679,2025-04-04 17:34:00,2025-04-06 15:38:05
1558,The road near the facility is damaged and causing accidents.,Infrastructure,Maintenance,In Progress,CUST4156,2025-05-18 14:56:00,
1559,I have been waiting since last month for this issue to be fixed.,Service Delay,Operations,Resolved,CUST5173,2025-07-10 13:23:00,2025-07-19 12:35:09
1560,I was treated very disrespectfully by the customer support agent.,,Customer Support,Closed,CUST5307,2025-02-05 16:06:00,2025-02-07 14:12:54
1561,I was treated very disrespectfully by the customer support agent.,,Customer Support,Closed,CUST5542,2025-10-19 18:41:00,2025-10-21 04:22:13
1562,"Great job by the support team, issue resolved within a day.",,Customer Support,In Progress,CUST3400,2025-04-01 20:50:00,
1563,Why is the late fee applied when I paid on time?,,Billing,Closed,CUST9383,2025-11-11 18:04:00,2025-11-14 21:09:31
1564,Security personnel are not checking IDs properly at the gate.,,Security,Resolved,CUST7442,2025-08-11 12:19:00,2025-08-14 15:43:18
1565,I have been waiting since last month for this issue to be fixed.,,Operations,Closed,CUST2281,2025-08-12 12:19:00,2025-08-18 07:57:00
1566,I was asked to pay extra money to get my work done faster.,,Administration,In Progress,CUST8163,2025-12-21 09:53:00,
1567,Very unprofessional behavior from the officer on duty.,Staff Behavior,Customer Support,Open,CUST6704,2025-08-09 10:43:00,
1568,"There is a billing error, I already paid but it still shows unpaid.",Billing Issue,Billing,In Progress,CUST4129,2025-10-25 17:42:00,
1569,No technician has visited despite multiple requests.,Service Delay,Operations,Resolved,CUST1091,2025-12-01 09:12:00,2025-12-03 17:34:31
1570,The equipment at the site is old and frequently malfunctions.,Infrastructure,Maintenance,In Progress,CUST5473,2025-02-12 07:58:00,
1571,"There is a billing error, I already paid but it still shows unpaid.",Billing Issue,Billing,Closed,CUST5492,2025-08-13 07:02:00,2025-08-15 07:14:50
1572,The new infrastructure upgrade has improved things significantly.,Infrastructure,Maintenance,Closed,CUST8446,2025-10-28 11:45:00,2025-11-08 04:31:16
1573,Very unprofessional behavior from the officer on duty.,,Customer Support,Resolved,CUST7054,2025-09-21 16:48:00,2025-09-24 03:01:02
1574,My bill amount doubled this month without any explanation.,,Billing,Closed,CUST2956,2025-08-06 15:55:00,2025-08-09 10:18:18
1575,I was overcharged on my last bill and no one is responding.,Billing Issue,Billing,In Progress,CUST1273,2025-05-28 16:34:00,
1576,The response time for service requests is unacceptably slow.,Service Delay,Operations,Closed,CUST7000,2025-11-06 14:57:00,2025-11-08 01:34:40
1577,Very unprofessional behavior from the officer on duty.,,Customer Support,Open,CUST9216,2025-06-22 11:42:00,
1578,"There is a billing error, I already paid but it still shows unpaid.",,Billing,In Progress,CUST9281,2025-02-15 05:02:00,
1579,It has been three weeks and my complaint is still not resolved.,Service Delay,Operations,Open,CUST2410,2025-05-18 08:22:00,
1580,Very unprofessional behavior from the officer on duty.,,Customer Support,Closed,CUST1329,2025-02-03 16:11:00,2025-02-07 01:23:21
1581,There are serious safety hazards at the site that need urgent attention.,Safety Concern,Security,Open,CUST5042,2025-04-12 00:29:00,
1582,No technician has visited despite multiple requests.,Service Delay,Operations,In Progress,CUST5703,2025-09-24 11:08:00,
1583,My bill amount doubled this month without any explanation.,,Billing,Closed,CUST4264,2025-07-14 13:14:00,2025-07-15 23:11:17
1584,"There is a billing error, I already paid but it still shows unpaid.",Billing Issue,Billing,Open,CUST6957,2025-04-15 10:16:00,
1585,Staff keep telling me to wait but nothing happens.,,Operations,Closed,CUST7318,2025-06-21 09:43:00,2025-06-24 08:36:11
1586,The online payment portal charged me twice for the same bill.,Billing Issue,Billing,In Progress,CUST5729,2025-04-23 00:27:00,
1587,The online payment portal charged me twice for the same bill.,Billing Issue,Billing,In Progress,CUST4452,2025-07-24 15:50:00,
1588,I have been waiting since last month for this issue to be fixed.,,Operations,Closed,CUST3290,2025-04-04 21:33:00,2025-04-11 06:09:35
1589,The employee refused to help and was arguing instead of assisting.,,Customer Support,Resolved,CUST2713,2025-06-13 15:42:00,2025-06-15 06:36:53
1590,The road near the facility is damaged and causing accidents.,Infrastructure,Maintenance,In Progress,CUST4065,2025-03-16 17:21:00,
1591,"The new online system has made things much easier, well done.",Appreciation,Customer Support,Closed,CUST8478,2025-03-18 11:11:00,2025-03-19 00:59:07
1592,Poor maintenance of the facility is causing repeated problems.,Infrastructure,Maintenance,In Progress,CUST6535,2025-09-16 15:53:00,
1593,Very unprofessional behavior from the officer on duty.,Staff Behavior,Customer Support,Closed,CUST2767,2025-05-08 16:48:00,2025-05-10 06:17:21
1594,The employee refused to help and was arguing instead of assisting.,Staff Behavior,Customer Support,Open,CUST5924,2025-12-13 09:37:00,
1595,There is clear favoritism and under-the-table dealing happening.,,Administration,Closed,CUST6458,2025-12-07 11:36:00,2025-12-17 09:11:02
1596,There are serious safety hazards at the site that need urgent attention.,Safety Concern,Security,Closed,CUST8515,2025-12-10 14:50:00,2025-12-11 18:54:34
1597,I have been waiting since last month for this issue to be fixed.,,Operations,Closed,CUST2316,2025-01-05 07:12:00,2025-01-13 21:42:14
1598,,Billing Issue,Billing,In Progress,CUST7131,2025-06-24 08:15:00,
1599,My bill amount doubled this month without any explanation.,Billing Issue,Billing,Closed,CUST8738,2025-05-16 16:35:00,2025-05-18 23:56:19
1600,Poor maintenance of the facility is causing repeated problems.,,Maintenance,Open,CUST3187,2025-08-25 14:58:00,
1601,The response time for service requests is unacceptably slow.,Service Delay,Operations,Closed,CUST7452,2025-11-27 20:43:00,2025-11-29 16:28:13
1602,The employee refused to help and was arguing instead of assisting.,Staff Behavior,Customer Support,Open,CUST3918,2025-07-24 15:37:00,
1603,I witnessed a near-accident due to lack of proper signage.,Safety Concern,Security,Open,CUST7523,2025-06-17 16:52:00,
1604,"Excellent service today, very satisfied with the response.",Appreciation,Customer Support,In Progress,CUST6563,2025-03-07 08:02:00,
1605,No technician has visited despite multiple requests.,Service Delay,Operations,Resolved,CUST1570,2025-06-10 13:19:00,2025-06-17 03:22:39
1606,I have been waiting since last month for this issue to be fixed.,,Operations,Resolved,CUST2353,2025-03-13 13:43:00,2025-03-19 18:50:21
1607,It has been three weeks and my complaint is still not resolved.,,Operations,Closed,CUST3109,2025-08-13 17:51:00,2025-08-18 09:03:23
1608,Poor maintenance of the facility is causing repeated problems.,Infrastructure,Maintenance,Closed,CUST7921,2025-08-01 15:31:00,2025-08-08 21:51:47
1609,I witnessed a near-accident due to lack of proper signage.,Safety Concern,Security,Open,CUST8377,2025-06-24 19:40:00,
1610,Very unprofessional behavior from the officer on duty.,,Customer Support,Closed,CUST3930,2025-09-28 15:34:00,2025-10-03 19:16:07
1611,"Great job by the support team, issue resolved within a day.",Appreciation,Customer Support,Open,CUST5224,2025-11-03 15:09:00,
1612,The online payment portal charged me twice for the same bill.,,Billing,Open,CUST2991,2025-09-15 17:27:00,
1613,An official demanded a bribe before processing my documents.,Corruption/Bribery,Administration,Resolved,CUST5852,2025-06-20 10:43:00,2025-06-25 08:33:32
1614,There are serious safety hazards at the site that need urgent attention.,,Security,Resolved,CUST6318,2025-07-06 10:18:00,2025-07-10 23:44:27
1615,It has been three weeks and my complaint is still not resolved.,Service Delay,Operations,Open,CUST5073,2025-08-12 10:46:00,
1616,The online payment portal charged me twice for the same bill.,Billing Issue,Billing,Resolved,CUST5500,2025-02-24 22:09:00,2025-02-27 06:35:18
1617,I have been waiting since last month for this issue to be fixed.,Service Delay,Operations,Closed,CUST9577,2025-08-08 15:58:00,2025-08-15 05:21:20
1618,The staff at the counter was extremely rude to me today.,Staff Behavior,Customer Support,Open,CUST2656,2025-02-12 13:02:00,
1619,It has been three weeks and my complaint is still not resolved.,Service Delay,Operations,In Progress,CUST4013,2025-05-21 20:47:00,
1620,"The new online system has made things much easier, well done.",Appreciation,Customer Support,Open,CUST2907,2025-09-24 12:56:00,
1621,Thank you for quickly fixing the safety issue I reported earlier.,Safety Concern,Security,Resolved,CUST4993,2025-04-10 11:39:00,2025-04-14 22:00:02
1622,The road near the facility is damaged and causing accidents.,Infrastructure,Maintenance,Closed,CUST4042,2025-06-16 15:13:00,2025-06-23 04:26:16
1623,It has been three weeks and my complaint is still not resolved.,,Operations,In Progress,CUST4393,2025-08-06 11:43:00,
1624,Why is the late fee applied when I paid on time?,Billing Issue,Billing,Resolved,CUST6212,2025-08-09 04:17:00,2025-08-09 23:08:24
1625,My bill amount doubled this month without any explanation.,,Billing,Open,CUST8547,2025-01-11 15:14:00,
1626,The new infrastructure upgrade has improved things significantly.,,Maintenance,Closed,CUST6580,2025-05-13 16:30:00,2025-05-20 19:56:15
1627,I have been waiting since last month for this issue to be fixed.,Service Delay,Operations,Resolved,CUST3785,2025-03-28 13:47:00,2025-04-06 05:06:21
1628,The equipment at the site is old and frequently malfunctions.,,Maintenance,Resolved,CUST8971,2025-06-22 17:54:00,2025-07-01 05:05:41
1629,The employee refused to help and was arguing instead of assisting.,,Customer Support,Resolved,CUST6166,2025-02-24 09:33:00,2025-02-27 16:34:00
1630,Very unprofessional behavior from the officer on duty.,Staff Behavior,Customer Support,In Progress,CUST8070,2025-01-20 11:37:00,
1631,It has been three weeks and my complaint is still not resolved.,Service Delay,Operations,Closed,CUST7148,2025-09-10 08:35:00,2025-09-18 03:08:51
1632,"Excellent service today, very satisfied with the response.",,Customer Support,Open,CUST2812,2025-06-28 17:07:00,
1633,There is a major leakage that has not been fixed for weeks.,Infrastructure,Maintenance,Closed,CUST7693,2025-11-25 08:49:00,2025-11-29 23:26:43
1634,No technician has visited despite multiple requests.,Service Delay,Operations,In Progress,CUST2730,2025-06-20 17:17:00,
1635,The equipment at the site is old and frequently malfunctions.,Infrastructure,Maintenance,In Progress,CUST8600,2025-07-18 15:25:00,
1636,I have been waiting since last month for this issue to be fixed.,,Operations,Resolved,CUST6473,2025-03-28 16:11:00,2025-03-31 15:36:10
1637,No safety measures are in place despite previous warnings.,Safety Concern,Security,Resolved,CUST7852,2025-08-04 09:24:00,2025-08-09 19:25:00
1638,It has been three weeks and my complaint is still not resolved.,Service Delay,Operations,Resolved,CUST7697,2025-08-05 17:39:00,2025-08-14 14:30:57
1639,"The new online system has made things much easier, well done.",Appreciation,Customer Support,Resolved,CUST7066,2025-08-06 18:36:00,2025-08-07 19:16:10
1640,The online payment portal charged me twice for the same bill.,Billing Issue,Billing,Resolved,CUST3644,2025-11-21 10:24:00,2025-11-22 22:06:59
1641,I was treated very disrespectfully by the customer support agent.,,Customer Support,In Progress,CUST2061,2025-03-23 10:58:00,
1642,I was asked to pay extra money to get my work done faster.,Corruption/Bribery,Administration,Closed,CUST4963,2025-07-15 11:15:00,2025-07-17 21:54:30
1643,Security personnel are not checking IDs properly at the gate.,,Security,Resolved,CUST3609,2025-07-04 15:51:00,2025-07-10 01:54:24
1644,It has been three weeks and my complaint is still not resolved.,Service Delay,Operations,Closed,CUST8703,2025-01-02 11:43:00,2025-01-06 09:59:53
1645,I was asked to pay extra money to get my work done faster.,,Administration,Closed,CUST9751,2025-09-09 15:56:00,2025-09-11 15:29:30
1646,Poor maintenance of the facility is causing repeated problems.,Infrastructure,Maintenance,In Progress,CUST1653,2025-07-24 10:03:00,
1647,Staff keep telling me to wait but nothing happens.,,Operations,Closed,CUST5300,2025-08-15 06:27:00,2025-08-21 08:25:14
1648,Thank you for quickly fixing the safety issue I reported earlier.,Safety Concern,Security,In Progress,CUST6567,2025-09-04 14:46:00,
1649,My bill amount doubled this month without any explanation.,Billing Issue,Billing,Open,CUST2213,2025-10-07 15:16:00,
1650,Very unprofessional behavior from the officer on duty.,Staff Behavior,Customer Support,In Progress,CUST6417,2025-09-25 14:16:00,
1651,I witnessed a near-accident due to lack of proper signage.,,Security,Closed,CUST5725,2025-07-20 09:02:00,2025-07-23 21:30:28
1652,"There is a billing error, I already paid but it still shows unpaid.",Billing Issue,Billing,In Progress,CUST5992,2025-07-23 11:18:00,
1653,Very unprofessional behavior from the officer on duty.,,Customer Support,Closed,CUST5789,2025-08-05 16:47:00,2025-08-08 08:18:30
1654,An official demanded a bribe before processing my documents.,,Administration,In Progress,CUST1197,2025-08-01 10:54:00,
1655,Staff keep telling me to wait but nothing happens.,Service Delay,Operations,Resolved,CUST6639,2025-09-17 11:25:00,2025-09-21 10:04:15
1656,The new infrastructure upgrade has improved things significantly.,Infrastructure,Maintenance,Resolved,CUST8950,2025-10-11 22:33:00,2025-10-20 09:10:25
1657,The new infrastructure upgrade has improved things significantly.,Infrastructure,Maintenance,Resolved,CUST2060,2025-07-16 09:57:00,2025-07-22 05:16:13
1658,The response time for service requests is unacceptably slow.,Service Delay,Operations,Resolved,CUST2959,2025-04-05 21:17:00,2025-04-10 10:13:26
1659,The equipment at the site is old and frequently malfunctions.,,Maintenance,Resolved,CUST9587,2025-07-19 15:58:00,2025-07-24 22:01:40
1660,There is clear favoritism and under-the-table dealing happening.,,Administration,Resolved,,2025-04-22 15:02:00,2025-04-24 06:15:43
1661,The employee refused to help and was arguing instead of assisting.,Staff Behavior,Customer Support,Closed,CUST1917,2025-07-18 11:54:00,2025-07-20 09:07:48
1662,The staff member was polite and handled my issue very well.,Staff Behavior,Customer Support,Closed,CUST5015,2025-04-09 10:51:00,2025-04-12 08:26:49
1663,I have been waiting since last month for this issue to be fixed.,,Operations,Resolved,CUST4113,2025-03-20 10:17:00,2025-03-22 12:42:01
1664,There are serious safety hazards at the site that need urgent attention.,,Security,In Progress,CUST4996,2025-11-05 10:33:00,
1665,The new infrastructure upgrade has improved things significantly.,,Maintenance,Closed,CUST2196,2025-07-04 14:34:00,2025-07-13 05:34:22
1666,I was overcharged on my last bill and no one is responding.,Billing Issue,Billing,Open,CUST8982,2025-06-16 07:12:00,
1667,It has been three weeks and my complaint is still not resolved.,Service Delay,Operations,Open,CUST4191,2025-07-28 07:57:00,
1668,The new infrastructure upgrade has improved things significantly.,Infrastructure,Maintenance,Closed,CUST9070,2025-09-01 20:16:00,2025-09-11 11:56:29
1669,The equipment at the site is old and frequently malfunctions.,,Maintenance,Closed,CUST9719,2025-07-17 10:18:00,2025-07-26 10:05:10
1670,The response time for service requests is unacceptably slow.,,Operations,Resolved,CUST3984,2025-08-17 14:19:00,2025-08-20 23:18:20
1671,The employee refused to help and was arguing instead of assisting.,,Customer Support,Resolved,CUST8078,2025-11-17 14:30:00,2025-11-22 00:46:10
1672,The road near the facility is damaged and causing accidents.,Infrastructure,Maintenance,Resolved,CUST3992,2025-12-15 14:21:00,2025-12-27 07:26:38
1673,I was overcharged on my last bill and no one is responding.,,Billing,Resolved,CUST9690,2025-09-07 10:19:00,2025-09-09 22:54:15
1674,The employee refused to help and was arguing instead of assisting.,,Customer Support,Closed,CUST4144,2025-12-07 17:36:00,2025-12-08 21:20:53
1675,No safety measures are in place despite previous warnings.,Safety Concern,Security,In Progress,CUST8762,2025-10-20 20:42:00,
1676,Poor maintenance of the facility is causing repeated problems.,Infrastructure,Maintenance,Closed,CUST5974,2025-09-09 08:14:00,2025-09-19 12:21:05
1677,The response time for service requests is unacceptably slow.,Service Delay,Operations,Closed,CUST7968,2025-05-12 09:53:00,2025-05-18 02:13:53
1678,Very unprofessional behavior from the officer on duty.,Staff Behavior,Customer Support,Closed,CUST3292,2025-01-13 14:03:00,2025-01-17 20:12:45
1679,"The new online system has made things much easier, well done.",Appreciation,Customer Support,In Progress,CUST5829,2025-01-23 11:12:00,
1680,I was asked to pay extra money to get my work done faster.,Corruption/Bribery,Administration,In Progress,CUST4267,2025-05-26 02:24:00,
1681,Thank you for quickly fixing the safety issue I reported earlier.,,Security,Open,CUST6332,2025-07-28 14:17:00,
1682,Thank you for quickly fixing the safety issue I reported earlier.,Safety Concern,Security,Closed,CUST8979,2025-07-02 09:49:00,2025-07-07 21:55:18
1683,Staff keep telling me to wait but nothing happens.,,Operations,Open,CUST9812,2025-07-02 12:06:00,
1684,The response time for service requests is unacceptably slow.,,Operations,Closed,CUST7779,2025-02-05 20:56:00,2025-02-13 02:54:08
1685,I was asked to pay extra money to get my work done faster.,Corruption/Bribery,Administration,Resolved,CUST6371,2025-07-19 09:12:00,2025-07-24 19:09:19
1686,The equipment at the site is old and frequently malfunctions.,,Maintenance,Closed,CUST2114,2025-07-27 15:18:00,2025-08-04 21:24:56
1687,There is clear favoritism and under-the-table dealing happening.,Corruption/Bribery,Administration,Resolved,CUST4519,2025-09-11 07:54:00,2025-09-17 03:26:19
1688,Why is the late fee applied when I paid on time?,Billing Issue,Billing,In Progress,CUST5243,2025-04-12 16:21:00,
1689,It has been three weeks and my complaint is still not resolved.,Service Delay,Operations,Resolved,CUST1786,2025-03-21 18:26:00,2025-03-23 13:22:15
1690,I was asked to pay extra money to get my work done faster.,Corruption/Bribery,Administration,Open,CUST1525,2025-11-17 12:23:00,
1691,"The new online system has made things much easier, well done.",Appreciation,Customer Support,Resolved,CUST2237,2025-09-16 15:18:00,2025-09-17 11:05:07
1692,The staff member was polite and handled my issue very well.,Staff Behavior,Customer Support,Closed,CUST2437,2025-09-18 00:10:00,2025-09-23 02:33:16
1693,Poor maintenance of the facility is causing repeated problems.,Infrastructure,Maintenance,Open,CUST5536,2025-08-07 14:48:00,
1694,I was treated very disrespectfully by the customer support agent.,,Customer Support,Resolved,CUST9646,2025-08-03 09:11:00,2025-08-08 00:58:09
1695,Security personnel are not checking IDs properly at the gate.,Safety Concern,Security,In Progress,CUST7388,2025-11-13 15:36:00,
1696,My bill amount doubled this month without any explanation.,Billing Issue,Billing,Closed,CUST6351,2025-05-05 07:16:00,2025-05-07 12:54:56
1697,I was treated very disrespectfully by the customer support agent.,Staff Behavior,Customer Support,Resolved,CUST3500,2025-09-19 15:59:00,2025-09-22 09:13:56
1698,My bill amount doubled this month without any explanation.,Billing Issue,Billing,Open,CUST1646,2025-04-06 01:06:00,
1699,Thank you for quickly fixing the safety issue I reported earlier.,Safety Concern,Security,Closed,CUST4421,2025-05-03 09:20:00,2025-05-06 02:11:00
1700,My bill amount doubled this month without any explanation.,,Billing,Closed,CUST6821,2025-06-09 09:14:00,2025-06-10 16:31:09
1701,Why is the late fee applied when I paid on time?,Billing Issue,Billing,Resolved,CUST4417,2025-03-13 07:01:00,2025-03-16 15:45:10
1702,I have been waiting since last month for this issue to be fixed.,Service Delay,Operations,Closed,CUST3042,2025-06-07 14:13:00,2025-06-11 23:46:41
1703,My bill amount doubled this month without any explanation.,,Billing,Resolved,CUST4434,2025-07-19 15:46:00,2025-07-21 23:35:52
1704,Why is the late fee applied when I paid on time?,Billing Issue,Billing,Closed,CUST4446,2025-09-12 17:47:00,2025-09-15 02:28:18
1705,"The new online system has made things much easier, well done.",,Customer Support,Closed,CUST7226,2025-07-17 19:07:00,2025-07-18 05:40:21
1706,Security personnel are not checking IDs properly at the gate.,,Security,Resolved,CUST2069,2025-12-04 14:22:00,2025-12-08 15:48:38
1707,The employee refused to help and was arguing instead of assisting.,Staff Behavior,Customer Support,Closed,CUST8722,2025-04-23 15:05:00,2025-04-26 19:31:41
1708,"There is a billing error, I already paid but it still shows unpaid.",,Billing,Open,CUST1151,2025-09-11 07:02:00,
1709,My bill amount doubled this month without any explanation.,Billing Issue,Billing,Open,CUST4437,2025-03-16 11:48:00,
1710,There is clear favoritism and under-the-table dealing happening.,Corruption/Bribery,Administration,Closed,CUST3861,2025-05-20 19:26:00,2025-05-31 08:08:58
1711,"Excellent service today, very satisfied with the response.",Appreciation,Customer Support,In Progress,CUST2792,2025-09-26 14:42:00,
1712,There are serious safety hazards at the site that need urgent attention.,Safety Concern,Security,Resolved,CUST5344,2025-07-10 13:25:00,2025-07-13 03:07:16
1713,The road near the facility is damaged and causing accidents.,,Maintenance,Closed,CUST3364,2025-09-11 18:01:00,2025-09-15 11:31:59
1714,,,Customer Support,Closed,CUST2640,2025-07-25 15:38:00,2025-07-26 13:25:01
1715,My bill amount doubled this month without any explanation.,Billing Issue,Billing,Closed,CUST7800,2025-02-03 14:07:00,2025-02-06 18:01:09
1716,There is clear favoritism and under-the-table dealing happening.,,Administration,Closed,CUST8802,2025-06-28 09:38:00,2025-07-03 03:16:54
1717,The employee refused to help and was arguing instead of assisting.,Staff Behavior,Customer Support,Resolved,CUST2579,2025-03-22 12:34:00,2025-03-27 14:05:05
1718,The staff member was polite and handled my issue very well.,Staff Behavior,Customer Support,Open,CUST4695,2025-04-08 14:32:00,
1719,The road near the facility is damaged and causing accidents.,,Maintenance,Resolved,CUST5106,2025-09-10 19:56:00,2025-09-17 13:36:33
1720,"There is a billing error, I already paid but it still shows unpaid.",Billing Issue,Billing,Resolved,CUST5370,2025-05-15 03:42:00,2025-05-15 17:38:55
1721,No safety measures are in place despite previous warnings.,Safety Concern,Security,Open,CUST1560,2025-05-12 10:42:00,
1722,Security personnel are not checking IDs properly at the gate.,,Security,Closed,CUST1558,2025-08-26 13:12:00,2025-08-30 06:42:06
1723,I was asked to pay extra money to get my work done faster.,Corruption/Bribery,Administration,Resolved,CUST6634,2025-03-11 19:00:00,2025-03-16 07:36:58
1724,The online payment portal charged me twice for the same bill.,Billing Issue,Billing,Resolved,CUST2930,2025-06-07 08:29:00,2025-06-08 23:00:55
1725,Thank you for quickly fixing the safety issue I reported earlier.,,Security,In Progress,CUST8984,2025-12-11 14:57:00,
1726,,Safety Concern,Security,In Progress,CUST2034,2025-08-22 10:54:00,
1727,Security personnel are not checking IDs properly at the gate.,Safety Concern,Security,Open,CUST2820,2025-08-18 08:08:00,
1728,"There is a billing error, I already paid but it still shows unpaid.",Billing Issue,Billing,Resolved,CUST2359,2025-03-12 08:19:00,2025-03-15 12:02:03
1729,"Excellent service today, very satisfied with the response.",Appreciation,Customer Support,Open,CUST1273,2025-06-17 07:12:00,
1730,"There is a billing error, I already paid but it still shows unpaid.",Billing Issue,Billing,Resolved,CUST1769,2025-07-25 09:09:00,2025-07-28 00:19:30
1731,I witnessed a near-accident due to lack of proper signage.,,Security,In Progress,CUST3713,2025-07-23 16:33:00,
1732,The new infrastructure upgrade has improved things significantly.,Infrastructure,Maintenance,In Progress,CUST7947,2025-04-25 15:45:00,
1733,An official demanded a bribe before processing my documents.,Corruption/Bribery,Administration,Resolved,CUST7901,2025-01-13 08:18:00,2025-01-20 10:42:11
1734,An official demanded a bribe before processing my documents.,,Administration,Open,CUST6105,2025-05-24 10:19:00,
1735,The online payment portal charged me twice for the same bill.,,Billing,Closed,CUST8879,2025-08-03 10:03:00,2025-08-05 11:57:44
1736,I was asked to pay extra money to get my work done faster.,Corruption/Bribery,Administration,Resolved,CUST5072,2025-06-06 13:41:00,2025-06-08 16:05:52
1737,I was asked to pay extra money to get my work done faster.,,Administration,Closed,CUST3487,2025-04-09 11:08:00,2025-04-18 08:04:17
1738,My bill amount doubled this month without any explanation.,,Billing,Open,CUST6098,2025-08-25 16:20:00,
1739,The staff member was polite and handled my issue very well.,,Customer Support,In Progress,CUST8444,2025-07-22 10:28:00,
1740,"There is a billing error, I already paid but it still shows unpaid.",,Billing,Closed,CUST8643,2025-11-02 18:24:00,2025-11-04 09:26:14
1741,I was treated very disrespectfully by the customer support agent.,Staff Behavior,Customer Support,Closed,CUST4680,2025-11-23 20:55:00,2025-11-25 11:55:30
1742,The staff at the counter was extremely rude to me today.,,Customer Support,Closed,CUST9102,2025-12-20 13:38:00,2025-12-21 22:22:05
1743,An official demanded a bribe before processing my documents.,,Administration,Closed,CUST5519,2025-06-21 19:06:00,2025-06-30 16:59:33
1744,"The new online system has made things much easier, well done.",,Customer Support,Closed,CUST2656,2025-06-27 13:16:00,2025-06-27 16:43:12
1745,Poor maintenance of the facility is causing repeated problems.,Infrastructure,Maintenance,Resolved,CUST2703,2025-04-16 09:14:00,2025-04-26 02:38:50
1746,"Great job by the support team, issue resolved within a day.",Appreciation,Customer Support,Resolved,CUST7268,2025-07-27 17:36:00,2025-07-29 01:43:52
1747,I was overcharged on my last bill and no one is responding.,Billing Issue,Billing,Closed,CUST2924,2025-07-26 17:41:00,2025-07-28 10:12:24
1748,"Excellent service today, very satisfied with the response.",Appreciation,Customer Support,Closed,CUST7451,2025-05-22 14:45:00,2025-05-24 06:01:21
1749,The road near the facility is damaged and causing accidents.,Infrastructure,Maintenance,Closed,CUST9564,2025-05-26 08:28:00,2025-05-31 09:26:31
1750,Why is the late fee applied when I paid on time?,Billing Issue,Billing,Closed,CUST1420,2025-10-21 15:47:00,2025-10-24 02:03:03
1751,My bill amount doubled this month without any explanation.,Billing Issue,Billing,In Progress,CUST1464,2025-01-11 09:06:00,
1752,I witnessed a near-accident due to lack of proper signage.,Safety Concern,Security,Resolved,CUST5532,2025-05-22 08:22:00,2025-05-27 13:29:45
1753,The staff at the counter was extremely rude to me today.,Staff Behavior,Customer Support,In Progress,CUST4430,2025-05-23 13:40:00,
1754,The staff member was polite and handled my issue very well.,Staff Behavior,Customer Support,Closed,CUST3818,2025-08-24 08:25:00,2025-08-28 10:52:05
1755,I was asked to pay extra money to get my work done faster.,Corruption/Bribery,Administration,Closed,CUST4728,2025-05-20 07:34:00,2025-05-25 20:42:19
1756,The response time for service requests is unacceptably slow.,,Operations,Resolved,CUST9146,2025-02-24 11:05:00,2025-03-02 07:28:54
1757,Poor maintenance of the facility is causing repeated problems.,,Maintenance,Resolved,CUST8172,2025-04-28 08:45:00,2025-05-07 01:12:35
1758,I was asked to pay extra money to get my work done faster.,Corruption/Bribery,Administration,Open,CUST9292,2025-12-11 14:01:00,
1759,The new infrastructure upgrade has improved things significantly.,Infrastructure,Maintenance,In Progress,CUST2244,2025-05-18 09:34:00,
1760,I was overcharged on my last bill and no one is responding.,,Billing,Closed,CUST6573,2025-09-22 06:25:00,2025-09-23 01:05:38
1761,,Staff Behavior,Customer Support,Closed,CUST5815,2025-03-13 11:06:00,2025-03-15 13:52:29
1762,The road near the facility is damaged and causing accidents.,,Maintenance,Closed,CUST3539,2025-05-08 20:28:00,2025-05-14 20:35:15
1763,The equipment at the site is old and frequently malfunctions.,,Maintenance,Closed,CUST4700,2025-01-08 14:53:00,2025-01-09 23:30:53
1764,I was treated very disrespectfully by the customer support agent.,Staff Behavior,Customer Support,Closed,CUST8917,2025-03-10 11:15:00,2025-03-15 03:56:22
1765,An official demanded a bribe before processing my documents.,Corruption/Bribery,Administration,Resolved,CUST7547,2025-07-19 13:12:00,2025-07-28 12:21:20
1766,Poor maintenance of the facility is causing repeated problems.,Infrastructure,Maintenance,Closed,CUST5318,2025-09-23 09:50:00,2025-10-05 06:15:03
1767,The employee refused to help and was arguing instead of assisting.,,Customer Support,Resolved,CUST3203,2025-11-08 13:20:00,2025-11-12 18:34:18
1768,No technician has visited despite multiple requests.,Service Delay,Operations,Open,CUST9314,2025-10-19 14:08:00,
1769,The new infrastructure upgrade has improved things significantly.,Infrastructure,Maintenance,Resolved,CUST4669,2025-05-26 13:52:00,2025-06-03 02:34:05
1770,The staff member was polite and handled my issue very well.,Staff Behavior,Customer Support,Resolved,CUST2059,2025-10-15 08:39:00,2025-10-17 05:59:51
1771,"Excellent service today, very satisfied with the response.",Appreciation,Customer Support,Closed,CUST8809,2025-01-15 10:35:00,2025-01-16 13:02:06
1772,I was asked to pay extra money to get my work done faster.,,Administration,Closed,CUST5128,2025-02-12 08:04:00,2025-02-16 02:19:03
1773,I want to thank the team for resolving my issue so quickly.,Appreciation,Customer Support,Closed,CUST7492,2025-09-16 11:27:00,2025-09-17 17:42:03
1774,Why is the late fee applied when I paid on time?,,Billing,In Progress,CUST9322,2025-05-23 18:43:00,
1775,"Excellent service today, very satisfied with the response.",,Customer Support,In Progress,CUST1867,2025-09-22 09:37:00,
1776,The equipment at the site is old and frequently malfunctions.,Infrastructure,Maintenance,Resolved,CUST3641,2025-07-25 13:04:00,2025-08-01 21:05:33
1777,No safety measures are in place despite previous warnings.,Safety Concern,Security,Closed,CUST1483,2025-12-25 16:48:00,2025-12-29 08:59:33
1778,Poor maintenance of the facility is causing repeated problems.,Infrastructure,Maintenance,Open,CUST7347,2025-09-11 07:05:00,
1779,Security personnel are not checking IDs properly at the gate.,,Security,In Progress,CUST6818,2025-08-05 12:54:00,
1780,Why is the late fee applied when I paid on time?,Billing Issue,Billing,In Progress,CUST4713,2025-11-16 13:05:00,
1781,It has been three weeks and my complaint is still not resolved.,,Operations,Resolved,CUST1997,2025-05-25 14:06:00,2025-05-28 09:28:21
1782,I want to thank the team for resolving my issue so quickly.,Appreciation,Customer Support,Open,CUST1206,2025-08-04 01:10:00,
1783,Why is the late fee applied when I paid on time?,Billing Issue,Billing,Resolved,CUST2136,2025-05-26 15:57:00,2025-05-29 08:02:38
1784,"Excellent service today, very satisfied with the response.",Appreciation,Customer Support,Resolved,CUST2588,2025-08-16 13:11:00,2025-08-17 16:45:19
1785,I was asked to pay extra money to get my work done faster.,Corruption/Bribery,Administration,Closed,CUST3908,2025-08-19 17:11:00,2025-08-26 22:31:58
1786,Very unprofessional behavior from the officer on duty.,Staff Behavior,Customer Support,Resolved,CUST2970,2025-01-02 12:59:00,2025-01-06 20:33:41
1787,I witnessed a near-accident due to lack of proper signage.,Safety Concern,Security,Closed,CUST3742,2025-12-04 12:22:00,2025-12-07 07:50:32
1788,"Great job by the support team, issue resolved within a day.",Appreciation,Customer Support,Closed,CUST9978,2025-04-05 09:39:00,2025-04-06 01:58:10
1789,An official demanded a bribe before processing my documents.,,Administration,Open,CUST3316,2025-12-22 11:35:00,
1790,I have been waiting since last month for this issue to be fixed.,Service Delay,Operations,Resolved,CUST8871,2025-03-13 16:02:00,2025-03-18 12:59:02
1791,Thank you for quickly fixing the safety issue I reported earlier.,,Security,Closed,CUST9639,2025-02-17 18:05:00,2025-02-21 02:09:28
1792,The staff member was polite and handled my issue very well.,,Customer Support,Resolved,CUST3219,2025-07-25 13:34:00,2025-07-29 16:39:31
1793,I was treated very disrespectfully by the customer support agent.,Staff Behavior,Customer Support,Resolved,CUST9035,2025-05-21 21:27:00,2025-05-25 02:57:58
1794,I was overcharged on my last bill and no one is responding.,Billing Issue,Billing,Resolved,CUST5705,2025-05-16 07:39:00,2025-05-17 20:54:10
1795,There are serious safety hazards at the site that need urgent attention.,,Security,Closed,CUST9893,2025-07-02 11:12:00,2025-07-05 18:35:16
1796,"There is a billing error, I already paid but it still shows unpaid.",,Billing,Open,CUST4084,2025-09-18 23:01:00,
1797,Staff keep telling me to wait but nothing happens.,Service Delay,Operations,Closed,CUST9584,2025-01-27 13:43:00,2025-02-04 06:19:59
1798,There is clear favoritism and under-the-table dealing happening.,,Administration,Closed,CUST4042,2025-06-23 10:02:00,2025-06-28 01:54:41
1799,There is clear favoritism and under-the-table dealing happening.,Corruption/Bribery,Administration,Resolved,CUST1255,2025-05-23 11:13:00,2025-05-26 17:50:12
1800,Why is the late fee applied when I paid on time?,,Billing,Closed,CUST4938,2025-04-23 07:07:00,2025-04-24 19:30:20
1801,The equipment at the site is old and frequently malfunctions.,Infrastructure,Maintenance,In Progress,CUST7585,2025-12-13 15:52:00,
1802,My bill amount doubled this month without any explanation.,Billing Issue,Billing,In Progress,CUST6074,2025-08-20 14:42:00,
1803,"There is a billing error, I already paid but it still shows unpaid.",Billing Issue,Billing,Closed,CUST4104,2025-06-01 15:26:00,2025-06-01 21:05:11
1804,Security personnel are not checking IDs properly at the gate.,,Security,Closed,CUST8358,2025-04-01 00:40:00,2025-04-05 18:07:17
1805,My bill amount doubled this month without any explanation.,Billing Issue,Billing,In Progress,CUST2089,2025-02-04 12:07:00,
1806,"There is a billing error, I already paid but it still shows unpaid.",Billing Issue,Billing,Closed,CUST7524,2025-03-24 00:16:00,2025-03-25 02:25:23
1807,The response time for service requests is unacceptably slow.,,Operations,Open,CUST4311,2025-05-19 16:16:00,
1808,"Great job by the support team, issue resolved within a day.",,Customer Support,Resolved,CUST4746,2025-04-17 16:02:00,2025-04-18 08:59:06
1809,Why is the late fee applied when I paid on time?,,Billing,Closed,CUST7076,2025-03-25 16:44:00,2025-03-27 18:18:27
1810,I was treated very disrespectfully by the customer support agent.,Staff Behavior,Customer Support,Closed,CUST4096,2025-06-25 14:02:00,2025-06-29 10:19:23
1811,I witnessed a near-accident due to lack of proper signage.,Safety Concern,Security,In Progress,CUST3875,2025-01-01 16:09:00,
1812,No technician has visited despite multiple requests.,Service Delay,Operations,Resolved,CUST9283,2025-11-02 13:25:00,2025-11-09 03:17:28
1813,My bill amount doubled this month without any explanation.,,Billing,Closed,CUST8217,2025-08-11 08:42:00,2025-08-14 05:19:31
1814,My bill amount doubled this month without any explanation.,Billing Issue,Billing,In Progress,CUST6202,2025-08-10 15:35:00,
1815,I was overcharged on my last bill and no one is responding.,,Billing,Resolved,CUST6270,2025-06-18 08:01:00,2025-06-21 13:19:09
1816,No technician has visited despite multiple requests.,,Operations,Open,CUST1957,2025-11-22 09:14:00,
1817,Thank you for quickly fixing the safety issue I reported earlier.,Safety Concern,Security,Resolved,CUST2211,2025-02-08 18:48:00,2025-02-13 01:36:57
1818,Why is the late fee applied when I paid on time?,Billing Issue,Billing,In Progress,CUST8367,2025-12-21 16:24:00,
1819,"Excellent service today, very satisfied with the response.",Appreciation,Customer Support,In Progress,CUST8454,2025-08-20 14:16:00,
1820,I was treated very disrespectfully by the customer support agent.,Staff Behavior,Customer Support,Open,CUST3856,2025-06-12 14:14:00,
1821,"Great job by the support team, issue resolved within a day.",Appreciation,Customer Support,Closed,CUST5912,2025-12-06 18:23:00,2025-12-07 20:28:33
1822,Why is the late fee applied when I paid on time?,Billing Issue,Billing,In Progress,CUST6782,2025-06-18 14:54:00,
1823,Why is the late fee applied when I paid on time?,Billing Issue,Billing,Closed,CUST7364,2025-06-14 14:29:00,2025-06-16 12:42:33
1824,The employee refused to help and was arguing instead of assisting.,,Customer Support,Closed,CUST4554,2025-05-13 15:08:00,2025-05-15 04:04:48
1825,The new infrastructure upgrade has improved things significantly.,Infrastructure,Maintenance,Closed,CUST8591,2025-04-28 10:46:00,2025-05-04 16:20:30
1826,Very unprofessional behavior from the officer on duty.,Staff Behavior,Customer Support,Resolved,CUST9893,2025-06-10 09:13:00,2025-06-12 04:11:04
1827,The equipment at the site is old and frequently malfunctions.,,Maintenance,Resolved,CUST4558,2025-11-25 09:55:00,2025-12-06 13:58:06
1828,No technician has visited despite multiple requests.,Service Delay,Operations,In Progress,CUST4382,2025-08-17 13:27:00,
1829,No technician has visited despite multiple requests.,,Operations,Resolved,CUST7584,2025-05-24 09:43:00,2025-05-29 02:11:34
1830,There is a major leakage that has not been fixed for weeks.,Infrastructure,Maintenance,In Progress,CUST8973,2025-03-11 07:29:00,
1831,Staff keep telling me to wait but nothing happens.,,Operations,Open,CUST2070,2025-07-21 15:56:00,
1832,I was overcharged on my last bill and no one is responding.,,Billing,In Progress,CUST6844,2025-11-28 11:03:00,
1833,My bill amount doubled this month without any explanation.,Billing Issue,Billing,Open,CUST6169,2025-12-10 17:53:00,
1834,Poor maintenance of the facility is causing repeated problems.,,Maintenance,In Progress,CUST3618,2025-07-23 14:11:00,
1835,"Excellent service today, very satisfied with the response.",Appreciation,Customer Support,Closed,CUST8693,2025-03-04 16:34:00,2025-03-06 01:27:43
1836,The equipment at the site is old and frequently malfunctions.,,Maintenance,Closed,CUST8289,2025-08-08 10:07:00,2025-08-13 02:13:57
1837,I was overcharged on my last bill and no one is responding.,,Billing,Resolved,CUST1326,2025-03-13 19:30:00,2025-03-14 16:11:50
1838,The equipment at the site is old and frequently malfunctions.,Infrastructure,Maintenance,In Progress,CUST9057,2025-12-19 10:36:00,
1839,"The new online system has made things much easier, well done.",,Customer Support,Resolved,CUST5916,2025-11-03 09:56:00,2025-11-04 20:32:30
1840,There is a major leakage that has not been fixed for weeks.,Infrastructure,Maintenance,In Progress,CUST5789,2025-02-26 15:42:00,
1841,The road near the facility is damaged and causing accidents.,Infrastructure,Maintenance,Open,CUST7844,2025-05-26 09:31:00,
1842,"The new online system has made things much easier, well done.",Appreciation,Customer Support,In Progress,CUST1384,2025-10-07 14:32:00,
1843,I was treated very disrespectfully by the customer support agent.,Staff Behavior,Customer Support,In Progress,CUST8093,2025-01-08 10:44:00,
1844,The response time for service requests is unacceptably slow.,,Operations,Resolved,CUST1514,2025-09-25 14:42:00,2025-10-01 17:12:37
1845,The online payment portal charged me twice for the same bill.,,Billing,In Progress,CUST8702,2025-01-19 16:01:00,
1846,It has been three weeks and my complaint is still not resolved.,Service Delay,Operations,Resolved,CUST9398,2025-08-09 09:44:00,2025-08-15 15:45:49
1847,An official demanded a bribe before processing my documents.,Corruption/Bribery,Administration,Closed,CUST4160,2025-06-11 07:08:00,2025-06-15 04:10:04
1848,The employee refused to help and was arguing instead of assisting.,Staff Behavior,Customer Support,Closed,CUST6220,2025-02-15 11:58:00,2025-02-20 05:17:13
1849,I was asked to pay extra money to get my work done faster.,,Administration,Closed,CUST3901,2025-01-05 05:51:00,2025-01-10 15:53:30
1850,No technician has visited despite multiple requests.,,Operations,Open,CUST1220,2025-07-08 13:49:00,
1851,I witnessed a near-accident due to lack of proper signage.,Safety Concern,Security,In Progress,CUST8549,2025-11-20 05:04:00,
1852,The equipment at the site is old and frequently malfunctions.,Infrastructure,Maintenance,Open,CUST4268,2025-09-04 15:39:00,
1853,I want to thank the team for resolving my issue so quickly.,Appreciation,Customer Support,Open,CUST4818,2025-03-23 10:05:00,
1854,I was overcharged on my last bill and no one is responding.,Billing Issue,Billing,In Progress,CUST9115,2025-06-21 18:33:00,
1855,There is a major leakage that has not been fixed for weeks.,Infrastructure,Maintenance,Resolved,CUST8250,2025-06-24 18:43:00,2025-07-04 18:02:24
1856,I was overcharged on my last bill and no one is responding.,Billing Issue,Billing,Open,CUST4102,2025-02-07 10:16:00,
1857,The road near the facility is damaged and causing accidents.,,Maintenance,Closed,CUST7466,2025-03-28 18:20:00,2025-04-04 12:48:05
1858,The new infrastructure upgrade has improved things significantly.,,Maintenance,Resolved,CUST5111,2025-05-14 14:32:00,2025-05-25 02:06:12
1859,There is clear favoritism and under-the-table dealing happening.,Corruption/Bribery,Administration,Closed,CUST5611,2025-04-01 07:41:00,2025-04-10 11:22:02
1860,There are serious safety hazards at the site that need urgent attention.,,Security,Closed,CUST8046,2025-02-16 16:22:00,2025-02-19 05:09:41
1861,Why is the late fee applied when I paid on time?,Billing Issue,Billing,Open,CUST6922,2025-01-24 17:43:00,
1862,The new infrastructure upgrade has improved things significantly.,Infrastructure,Maintenance,In Progress,CUST8385,2025-08-03 23:36:00,
1863,I have been waiting since last month for this issue to be fixed.,Service Delay,Operations,Resolved,CUST4117,2025-06-10 09:48:00,2025-06-15 05:07:40
1864,No technician has visited despite multiple requests.,Service Delay,Operations,Resolved,CUST7606,2025-01-12 08:26:00,2025-01-16 08:15:05
1865,Very unprofessional behavior from the officer on duty.,Staff Behavior,Customer Support,Closed,CUST1401,2025-06-05 03:47:00,2025-06-09 14:46:10
1866,An official demanded a bribe before processing my documents.,Corruption/Bribery,Administration,Open,CUST8116,2025-06-28 13:40:00,
1867,No safety measures are in place despite previous warnings.,Safety Concern,Security,Open,CUST3455,2025-03-06 10:13:00,
1868,No technician has visited despite multiple requests.,Service Delay,Operations,In Progress,CUST5549,2025-01-13 14:10:00,
1869,I have been waiting since last month for this issue to be fixed.,Service Delay,Operations,Resolved,CUST8984,2025-08-16 09:27:00,2025-08-20 04:46:00
1870,I want to thank the team for resolving my issue so quickly.,Appreciation,Customer Support,Closed,CUST5740,2025-05-04 01:04:00,2025-05-05 07:02:18
1871,The online payment portal charged me twice for the same bill.,,Billing,Resolved,CUST6046,2025-12-26 16:13:00,2025-12-29 17:43:55
1872,The equipment at the site is old and frequently malfunctions.,,Maintenance,Resolved,CUST3120,2025-08-22 05:39:00,2025-08-31 20:35:40
1873,The employee refused to help and was arguing instead of assisting.,Staff Behavior,Customer Support,Closed,CUST8758,2025-09-26 13:44:00,2025-09-30 21:09:12
1874,Why is the late fee applied when I paid on time?,Billing Issue,Billing,Closed,CUST6120,2025-06-08 14:13:00,2025-06-10 19:00:12
1875,Poor maintenance of the facility is causing repeated problems.,,Maintenance,Resolved,CUST4184,2025-09-18 14:21:00,2025-09-30 09:57:25
1876,"The new online system has made things much easier, well done.",Appreciation,Customer Support,In Progress,CUST4883,2025-09-19 23:58:00,
1877,No safety measures are in place despite previous warnings.,Safety Concern,Security,Open,CUST2566,2025-07-16 16:56:00,
1878,No technician has visited despite multiple requests.,Service Delay,Operations,Resolved,CUST5358,2025-08-03 12:33:00,2025-08-06 21:15:55
1879,Why is the late fee applied when I paid on time?,,Billing,In Progress,CUST1967,2025-09-26 09:49:00,
1880,I was treated very disrespectfully by the customer support agent.,Staff Behavior,Customer Support,Closed,CUST3394,2025-08-11 14:22:00,2025-08-16 10:29:55
1881,I witnessed a near-accident due to lack of proper signage.,,Security,Closed,CUST4083,2025-07-11 19:38:00,2025-07-15 06:12:00
1882,I want to thank the team for resolving my issue so quickly.,Appreciation,Customer Support,Closed,CUST9259,2025-05-02 13:47:00,2025-05-03 19:09:50
1883,I have been waiting since last month for this issue to be fixed.,,Operations,Open,CUST3360,2025-06-27 09:54:00,
1884,It has been three weeks and my complaint is still not resolved.,Service Delay,Operations,Open,CUST3418,2025-08-25 23:26:00,
1885,Very unprofessional behavior from the officer on duty.,,Customer Support,Closed,CUST5481,2025-07-20 22:28:00,2025-07-25 06:40:41
1886,I was treated very disrespectfully by the customer support agent.,,Customer Support,In Progress,CUST1277,2025-08-15 15:18:00,
1887,"There is a billing error, I already paid but it still shows unpaid.",Billing Issue,Billing,In Progress,CUST1417,2025-07-12 14:09:00,
1888,The equipment at the site is old and frequently malfunctions.,,Maintenance,Closed,CUST5635,2025-06-11 06:39:00,2025-06-21 10:35:42
1889,Staff keep telling me to wait but nothing happens.,Service Delay,Operations,Closed,CUST9137,2025-01-17 12:03:00,2025-01-24 21:08:48
1890,I was overcharged on my last bill and no one is responding.,Billing Issue,Billing,In Progress,CUST2505,2025-03-04 11:33:00,
1891,I witnessed a near-accident due to lack of proper signage.,Safety Concern,Security,Closed,CUST9931,2025-05-14 20:21:00,2025-05-20 08:30:37
1892,Why is the late fee applied when I paid on time?,Billing Issue,Billing,In Progress,CUST4395,2025-08-13 08:44:00,
1893,The staff at the counter was extremely rude to me today.,,Customer Support,In Progress,CUST1396,2025-09-28 13:16:00,
1894,My bill amount doubled this month without any explanation.,Billing Issue,Billing,Closed,CUST3255,2025-07-02 15:14:00,2025-07-05 10:39:12
1895,The employee refused to help and was arguing instead of assisting.,Staff Behavior,Customer Support,Resolved,CUST5745,2025-06-21 10:42:00,2025-06-26 01:20:04
1896,Very unprofessional behavior from the officer on duty.,,Customer Support,Resolved,CUST9052,2025-07-02 08:12:00,2025-07-06 19:38:57
1897,I was overcharged on my last bill and no one is responding.,,Billing,Closed,CUST4486,2025-07-12 09:32:00,2025-07-15 17:53:08
1898,I was overcharged on my last bill and no one is responding.,Billing Issue,Billing,In Progress,CUST9370,2025-11-24 15:39:00,
1899,No technician has visited despite multiple requests.,Service Delay,Operations,In Progress,CUST7432,2025-09-09 12:21:00,
1900,"There is a billing error, I already paid but it still shows unpaid.",Billing Issue,Billing,Closed,CUST7646,2025-06-15 15:38:00,2025-06-17 09:11:55
1901,I was overcharged on my last bill and no one is responding.,Billing Issue,Billing,Closed,CUST4279,2025-01-26 02:06:00,2025-01-28 08:40:22
1902,I witnessed a near-accident due to lack of proper signage.,Safety Concern,Security,Closed,CUST6913,2025-10-22 16:13:00,2025-10-28 18:09:59
1903,I was treated very disrespectfully by the customer support agent.,,Customer Support,In Progress,CUST1202,2025-07-27 17:16:00,
1904,My bill amount doubled this month without any explanation.,Billing Issue,Billing,Closed,CUST6363,2025-10-07 16:31:00,2025-10-10 08:54:46
1905,Very unprofessional behavior from the officer on duty.,Staff Behavior,Customer Support,Resolved,CUST5675,2025-08-06 20:58:00,2025-08-08 16:44:06
1906,No safety measures are in place despite previous warnings.,,Security,Open,CUST1819,2025-02-04 11:56:00,
1907,An official demanded a bribe before processing my documents.,Corruption/Bribery,Administration,Resolved,CUST3613,2025-12-10 08:28:00,2025-12-24 06:11:00
1908,"There is a billing error, I already paid but it still shows unpaid.",Billing Issue,Billing,Closed,CUST5587,2025-04-07 13:27:00,2025-04-09 20:52:02
1909,,,Operations,Open,CUST8486,2025-05-02 14:57:00,
1910,"Excellent service today, very satisfied with the response.",Appreciation,Customer Support,Closed,CUST8807,2025-02-21 14:47:00,2025-02-22 12:49:13
1911,I was overcharged on my last bill and no one is responding.,Billing Issue,Billing,Closed,CUST5475,2025-02-08 11:29:00,2025-02-09 19:58:50
1912,Staff keep telling me to wait but nothing happens.,,Operations,In Progress,CUST7183,2025-07-24 14:44:00,
1913,Why is the late fee applied when I paid on time?,,Billing,In Progress,CUST1721,2025-06-15 18:26:00,
1914,The equipment at the site is old and frequently malfunctions.,,Maintenance,In Progress,CUST5455,2025-09-24 18:30:00,
1915,"Excellent service today, very satisfied with the response.",Appreciation,Customer Support,Open,CUST8132,2025-04-15 14:51:00,
1916,Very unprofessional behavior from the officer on duty.,,Customer Support,Closed,CUST2448,2025-09-23 09:54:00,2025-09-26 05:36:31
1917,Poor maintenance of the facility is causing repeated problems.,Infrastructure,Maintenance,Resolved,CUST9859,2025-10-18 17:10:00,2025-10-26 11:50:56
1918,"There is a billing error, I already paid but it still shows unpaid.",Billing Issue,Billing,Resolved,CUST5791,2025-06-19 15:25:00,2025-06-21 19:29:05
1919,Why is the late fee applied when I paid on time?,,Billing,Closed,CUST5148,2025-08-14 10:23:00,2025-08-16 15:55:31
1920,An official demanded a bribe before processing my documents.,Corruption/Bribery,Administration,Resolved,CUST3691,2025-12-21 12:29:00,2025-12-27 22:58:11
1921,An official demanded a bribe before processing my documents.,,Administration,Open,CUST3612,2025-07-28 17:40:00,
1922,There is clear favoritism and under-the-table dealing happening.,Corruption/Bribery,Administration,In Progress,CUST2339,2025-03-27 07:50:00,
1923,I was asked to pay extra money to get my work done faster.,Corruption/Bribery,Administration,Resolved,CUST5173,2025-12-18 10:02:00,2025-12-25 12:37:02
1924,"Excellent service today, very satisfied with the response.",Appreciation,Customer Support,Closed,CUST6332,2025-09-22 19:45:00,2025-09-23 22:42:40
1925,I witnessed a near-accident due to lack of proper signage.,Safety Concern,Security,Closed,CUST6752,2025-07-13 07:33:00,2025-07-16 01:33:49
1926,There are serious safety hazards at the site that need urgent attention.,Safety Concern,Security,In Progress,CUST4085,2025-04-21 09:29:00,
1927,The new infrastructure upgrade has improved things significantly.,Infrastructure,Maintenance,Closed,CUST6022,2025-10-16 09:09:00,2025-10-24 02:56:04
1928,I have been waiting since last month for this issue to be fixed.,Service Delay,Operations,Resolved,CUST4129,2025-05-07 12:34:00,2025-05-11 12:59:28
1929,I was overcharged on my last bill and no one is responding.,Billing Issue,Billing,Closed,CUST2098,2025-05-07 08:11:00,2025-05-09 02:42:49
1930,It has been three weeks and my complaint is still not resolved.,Service Delay,Operations,Resolved,CUST5918,2025-06-12 08:42:00,2025-06-17 05:44:07
1931,The response time for service requests is unacceptably slow.,Service Delay,Operations,Resolved,CUST1686,2025-04-14 10:39:00,2025-04-20 09:39:47
1932,The road near the facility is damaged and causing accidents.,Infrastructure,Maintenance,In Progress,CUST7287,2025-07-12 16:01:00,
1933,There are serious safety hazards at the site that need urgent attention.,Safety Concern,Security,Closed,CUST9033,2025-06-19 10:39:00,2025-06-21 16:06:44
1934,"Great job by the support team, issue resolved within a day.",Appreciation,Customer Support,Closed,CUST9908,2025-01-16 08:48:00,2025-01-17 01:29:33
1935,My bill amount doubled this month without any explanation.,Billing Issue,Billing,Closed,CUST6527,2025-09-23 09:40:00,2025-09-26 11:57:22
1936,I have been waiting since last month for this issue to be fixed.,Service Delay,Operations,Closed,CUST4548,2025-01-10 07:35:00,2025-01-13 00:55:55
1937,The road near the facility is damaged and causing accidents.,Infrastructure,Maintenance,Closed,CUST9295,2025-01-05 09:37:00,2025-01-12 11:15:51
1938,The staff member was polite and handled my issue very well.,Staff Behavior,Customer Support,Resolved,CUST9776,2025-03-09 10:44:00,2025-03-12 20:17:48
1939,The road near the facility is damaged and causing accidents.,,Maintenance,Resolved,CUST8401,2025-04-04 17:44:00,2025-04-06 16:17:07
1940,No technician has visited despite multiple requests.,Service Delay,Operations,Resolved,CUST2258,2025-01-20 13:21:00,2025-01-25 06:08:41
1941,Why is the late fee applied when I paid on time?,Billing Issue,Billing,Closed,CUST3893,2025-04-13 16:49:00,2025-04-15 21:21:21
1942,There are serious safety hazards at the site that need urgent attention.,Safety Concern,Security,Closed,CUST9083,2025-05-08 13:21:00,2025-05-10 17:04:52
1943,I have been waiting since last month for this issue to be fixed.,,Operations,In Progress,CUST1387,2025-10-04 08:06:00,
1944,The employee refused to help and was arguing instead of assisting.,Staff Behavior,Customer Support,Closed,CUST7034,2025-10-14 14:01:00,2025-10-17 11:16:02
1945,The road near the facility is damaged and causing accidents.,Infrastructure,Maintenance,Resolved,CUST2096,2025-06-02 07:17:00,2025-06-04 17:11:01
1946,"There is a billing error, I already paid but it still shows unpaid.",Billing Issue,Billing,Resolved,CUST4985,2025-11-22 12:22:00,2025-11-25 05:56:31
1947,"Excellent service today, very satisfied with the response.",Appreciation,Customer Support,Resolved,CUST8308,2025-02-06 06:05:00,2025-02-07 00:48:27
1948,The new infrastructure upgrade has improved things significantly.,Infrastructure,Maintenance,Open,CUST4039,2025-06-09 11:30:00,
1949,The road near the facility is damaged and causing accidents.,,Maintenance,Open,CUST7401,2025-07-08 12:12:00,
1950,I was overcharged on my last bill and no one is responding.,,Billing,Resolved,CUST9692,2025-07-01 15:07:00,2025-07-05 02:18:06
1951,My bill amount doubled this month without any explanation.,,Billing,Resolved,CUST8778,2025-05-08 16:55:00,2025-05-11 08:32:54
1952,I was treated very disrespectfully by the customer support agent.,Staff Behavior,Customer Support,Resolved,CUST2161,2025-02-13 17:35:00,2025-02-17 04:55:28
1953,My bill amount doubled this month without any explanation.,Billing Issue,Billing,Closed,CUST2189,2025-10-05 17:55:00,2025-10-06 04:54:19
1954,I was treated very disrespectfully by the customer support agent.,Staff Behavior,Customer Support,Resolved,CUST5300,2025-08-14 22:53:00,2025-08-17 14:51:05
1955,I have been waiting since last month for this issue to be fixed.,,Operations,Resolved,CUST7122,2025-01-11 09:49:00,2025-01-18 02:23:03
1956,Staff keep telling me to wait but nothing happens.,Service Delay,Operations,Closed,CUST9348,2025-10-08 12:47:00,2025-10-13 10:16:04
1957,There is clear favoritism and under-the-table dealing happening.,Corruption/Bribery,Administration,In Progress,CUST9145,2025-11-21 12:10:00,
1958,Security personnel are not checking IDs properly at the gate.,Safety Concern,Security,Resolved,CUST3384,2025-08-14 17:04:00,2025-08-21 00:24:52
1959,There are serious safety hazards at the site that need urgent attention.,Safety Concern,Security,Resolved,CUST6594,2025-06-13 11:17:00,2025-06-16 19:27:03
1960,Staff keep telling me to wait but nothing happens.,Service Delay,Operations,Closed,CUST7325,2025-08-10 10:54:00,2025-08-17 13:30:45
1961,Thank you for quickly fixing the safety issue I reported earlier.,Safety Concern,Security,Resolved,CUST3248,2025-08-22 12:38:00,2025-08-25 12:56:13
1962,The staff at the counter was extremely rude to me today.,Staff Behavior,Customer Support,Resolved,CUST5122,2025-08-11 09:34:00,2025-08-14 19:30:03
1963,The equipment at the site is old and frequently malfunctions.,Infrastructure,Maintenance,In Progress,CUST6311,2025-11-20 20:32:00,
1964,"Excellent service today, very satisfied with the response.",Appreciation,Customer Support,Closed,CUST7742,2025-05-10 09:12:00,2025-05-12 03:28:46
1965,Staff keep telling me to wait but nothing happens.,Service Delay,Operations,Closed,CUST3281,2025-06-22 12:12:00,2025-06-30 18:14:45
1966,I witnessed a near-accident due to lack of proper signage.,Safety Concern,Security,Closed,,2025-03-22 14:23:00,2025-03-26 19:01:32
1967,Thank you for quickly fixing the safety issue I reported earlier.,,Security,Closed,CUST5047,2025-07-04 11:46:00,2025-07-05 23:10:03
1968,"There is a billing error, I already paid but it still shows unpaid.",,Billing,Resolved,CUST8935,2025-03-21 14:51:00,2025-03-23 19:00:43
1969,,,Maintenance,In Progress,CUST3038,2025-06-11 09:09:00,
1970,"Great job by the support team, issue resolved within a day.",Appreciation,Customer Support,Closed,CUST8450,2025-01-07 10:51:00,2025-01-08 00:18:57
1971,"The new online system has made things much easier, well done.",Appreciation,Customer Support,In Progress,CUST9020,2025-07-14 09:12:00,
1972,Poor maintenance of the facility is causing repeated problems.,,Maintenance,Open,CUST1892,2025-06-11 09:07:00,
1973,I was overcharged on my last bill and no one is responding.,Billing Issue,Billing,In Progress,CUST7934,2025-05-18 17:34:00,
1974,The online payment portal charged me twice for the same bill.,Billing Issue,Billing,Closed,CUST5656,2025-01-04 10:21:00,2025-01-05 13:08:11
1975,I was treated very disrespectfully by the customer support agent.,Staff Behavior,Customer Support,Closed,CUST6792,2025-04-20 11:36:00,2025-04-23 17:57:05
1976,I was asked to pay extra money to get my work done faster.,,Administration,Closed,CUST7279,2025-01-19 16:20:00,2025-01-24 03:15:29
1977,The online payment portal charged me twice for the same bill.,Billing Issue,Billing,Resolved,CUST5419,2025-01-06 13:05:00,2025-01-08 08:39:26
1978,There are serious safety hazards at the site that need urgent attention.,Safety Concern,Security,In Progress,CUST3713,2025-02-28 17:26:00,
1979,I was asked to pay extra money to get my work done faster.,Corruption/Bribery,Administration,Closed,CUST7335,2025-05-01 16:15:00,2025-05-09 05:26:59
1980,I was treated very disrespectfully by the customer support agent.,Staff Behavior,Customer Support,Closed,CUST7299,2025-02-03 09:26:00,2025-02-05 05:16:17
1981,An official demanded a bribe before processing my documents.,Corruption/Bribery,Administration,In Progress,CUST8154,2025-01-25 09:17:00,
1982,Thank you for quickly fixing the safety issue I reported earlier.,Safety Concern,Security,Resolved,CUST8244,2025-05-01 17:31:00,2025-05-04 05:19:39
1983,The equipment at the site is old and frequently malfunctions.,Infrastructure,Maintenance,Closed,CUST3758,2025-03-03 00:38:00,2025-03-08 09:41:55
1984,No safety measures are in place despite previous warnings.,Safety Concern,Security,In Progress,CUST4782,2025-04-12 17:25:00,
1985,I have been waiting since last month for this issue to be fixed.,Service Delay,Operations,Resolved,CUST2059,2025-12-22 16:59:00,2025-12-30 09:58:34
1986,The staff at the counter was extremely rude to me today.,Staff Behavior,Customer Support,Resolved,CUST8296,2025-06-12 08:23:00,2025-06-16 04:13:24
1987,I want to thank the team for resolving my issue so quickly.,Appreciation,Customer Support,In Progress,CUST5257,2025-06-12 12:14:00,
1988,I was treated very disrespectfully by the customer support agent.,Staff Behavior,Customer Support,Resolved,CUST4206,2025-04-19 10:41:00,2025-04-22 09:47:19
1989,An official demanded a bribe before processing my documents.,Corruption/Bribery,Administration,Open,CUST2513,2025-06-25 19:14:00,
1990,The new infrastructure upgrade has improved things significantly.,Infrastructure,Maintenance,Closed,CUST5803,2025-01-03 06:33:00,2025-01-08 13:46:31
1991,Why is the late fee applied when I paid on time?,,Billing,Resolved,CUST2094,2025-05-06 10:14:00,2025-05-07 21:38:03
1992,It has been three weeks and my complaint is still not resolved.,Service Delay,Operations,Closed,CUST3882,2025-08-19 18:41:00,2025-08-23 07:30:16
1993,I have been waiting since last month for this issue to be fixed.,Service Delay,Operations,Open,CUST2262,2025-12-06 12:15:00,
1994,I was overcharged on my last bill and no one is responding.,Billing Issue,Billing,Resolved,CUST7044,2025-04-26 12:11:00,2025-04-28 00:31:53
1995,No safety measures are in place despite previous warnings.,,Security,Closed,CUST3814,2025-07-06 12:15:00,2025-07-10 22:43:36
1996,Thank you for quickly fixing the safety issue I reported earlier.,Safety Concern,Security,Closed,CUST3736,2025-10-17 11:32:00,2025-10-20 10:35:18
1997,My bill amount doubled this month without any explanation.,Billing Issue,Billing,Resolved,CUST5575,2025-10-08 17:55:00,2025-10-11 20:34:21
1998,Very unprofessional behavior from the officer on duty.,Staff Behavior,Customer Support,In Progress,CUST1692,2025-03-04 08:45:00,
1999,Why is the late fee applied when I paid on time?,Billing Issue,Billing,Resolved,CUST7471,2025-03-10 05:29:00,2025-03-11 17:58:31
2000,Very unprofessional behavior from the officer on duty.,Staff Behavior,Customer Support,Closed,CUST7638,2025-11-15 13:41:00,2025-11-17 05:42:54
2001,Thank you for quickly fixing the safety issue I reported earlier.,,Security,Closed,CUST1596,2025-12-06 14:32:00,2025-12-10 09:17:57
2002,The online payment portal charged me twice for the same bill.,Billing Issue,Billing,Open,CUST7268,2025-12-27 13:19:00,
2003,The response time for service requests is unacceptably slow.,,Operations,Closed,CUST3411,2025-01-16 06:12:00,2025-01-23 00:45:47
2004,The staff member was polite and handled my issue very well.,,Customer Support,Resolved,CUST5005,2025-09-24 05:08:00,2025-09-24 17:06:39
2005,My bill amount doubled this month without any explanation.,Billing Issue,Billing,Resolved,CUST7087,2025-11-09 17:31:00,2025-11-13 02:37:51
2006,An official demanded a bribe before processing my documents.,Corruption/Bribery,Administration,Closed,CUST2659,2025-03-02 08:15:00,2025-03-08 11:31:09
2007,It has been three weeks and my complaint is still not resolved.,Service Delay,Operations,Closed,CUST5816,2025-05-13 09:56:00,2025-05-17 13:34:11
2008,Staff keep telling me to wait but nothing happens.,Service Delay,Operations,Closed,CUST2110,2025-07-02 06:59:00,2025-07-06 03:37:52
2009,No technician has visited despite multiple requests.,,Operations,Open,CUST5417,2025-05-17 14:10:00,
2010,The online payment portal charged me twice for the same bill.,Billing Issue,Billing,Open,CUST8541,2025-04-17 10:23:00,
2011,The response time for service requests is unacceptably slow.,,Operations,Resolved,CUST8182,2025-05-02 09:51:00,2025-05-08 01:39:59
2012,Security personnel are not checking IDs properly at the gate.,Safety Concern,Security,Closed,CUST9289,2025-09-02 11:42:00,2025-09-05 13:29:58
2013,My bill amount doubled this month without any explanation.,Billing Issue,Billing,Closed,CUST5376,2025-12-13 16:21:00,2025-12-16 16:29:14
2014,My bill amount doubled this month without any explanation.,,Billing,Resolved,CUST5962,2025-02-13 08:17:00,2025-02-14 18:14:56
2015,My bill amount doubled this month without any explanation.,Billing Issue,Billing,Resolved,CUST3484,2025-04-19 15:12:00,2025-04-22 05:45:07
2016,The staff member was polite and handled my issue very well.,,Customer Support,Closed,CUST1613,2025-04-07 13:00:00,2025-04-10 07:56:37
2017,I have been waiting since last month for this issue to be fixed.,,Operations,Closed,CUST9085,2025-09-08 07:29:00,2025-09-14 15:34:43
2018,Why is the late fee applied when I paid on time?,Billing Issue,Billing,Closed,CUST8682,2025-10-11 02:39:00,2025-10-13 04:31:58
2019,"The new online system has made things much easier, well done.",Appreciation,Customer Support,Closed,CUST6349,2025-07-18 16:56:00,2025-07-20 05:22:25
2020,The staff member was polite and handled my issue very well.,Staff Behavior,Customer Support,Resolved,CUST4706,2025-07-09 09:51:00,2025-07-12 04:14:33
2021,Security personnel are not checking IDs properly at the gate.,Safety Concern,Security,In Progress,CUST7630,2025-07-11 21:32:00,
2022,The online payment portal charged me twice for the same bill.,,Billing,Open,CUST4663,2025-05-28 15:16:00,
2023,I was asked to pay extra money to get my work done faster.,Corruption/Bribery,Administration,Closed,CUST9883,2025-11-08 19:29:00,2025-11-14 21:37:55
2024,Very unprofessional behavior from the officer on duty.,,Customer Support,In Progress,CUST3661,2025-09-14 10:36:00,
2025,The road near the facility is damaged and causing accidents.,Infrastructure,Maintenance,Resolved,CUST7786,2025-09-02 14:27:00,2025-09-07 00:40:08
2026,The staff at the counter was extremely rude to me today.,Staff Behavior,Customer Support,In Progress,CUST9058,2025-05-12 17:07:00,
2027,"Great job by the support team, issue resolved within a day.",,Customer Support,Closed,CUST3701,2025-07-13 20:27:00,2025-07-15 07:27:36
2028,Staff keep telling me to wait but nothing happens.,,Operations,Open,CUST1139,2025-05-13 18:54:00,
2029,Why is the late fee applied when I paid on time?,Billing Issue,Billing,Closed,CUST3488,2025-07-03 15:59:00,2025-07-04 21:29:59
2030,I want to thank the team for resolving my issue so quickly.,Appreciation,Customer Support,In Progress,CUST6853,2025-07-02 21:08:00,
2031,The road near the facility is damaged and causing accidents.,Infrastructure,Maintenance,Open,CUST2349,2025-01-10 01:21:00,
2032,I want to thank the team for resolving my issue so quickly.,Appreciation,Customer Support,In Progress,CUST9034,2025-10-07 15:50:00,
2033,The online payment portal charged me twice for the same bill.,Billing Issue,Billing,Open,CUST3271,2025-05-27 15:33:00,
2034,The online payment portal charged me twice for the same bill.,Billing Issue,Billing,Closed,CUST9133,2025-10-06 14:41:00,2025-10-07 19:50:54
2035,The equipment at the site is old and frequently malfunctions.,Infrastructure,Maintenance,Closed,CUST8413,2025-01-28 22:21:00,2025-02-02 15:17:03
2036,Staff keep telling me to wait but nothing happens.,Service Delay,Operations,Closed,CUST4852,2025-05-21 07:45:00,2025-05-23 18:20:24
2037,I witnessed a near-accident due to lack of proper signage.,Safety Concern,Security,Resolved,CUST1602,2025-08-07 12:15:00,2025-08-10 00:43:25
2038,The online payment portal charged me twice for the same bill.,,Billing,Closed,CUST2203,2025-11-05 17:06:00,2025-11-06 17:04:24
2039,The response time for service requests is unacceptably slow.,Service Delay,Operations,Closed,CUST3008,2025-08-19 19:15:00,2025-08-23 20:45:54
2040,"The new online system has made things much easier, well done.",,Customer Support,Resolved,CUST3564,2025-12-07 19:57:00,2025-12-08 08:51:53
2041,The response time for service requests is unacceptably slow.,,Operations,Closed,CUST4056,2025-02-02 07:53:00,2025-02-05 03:18:14
2042,Security personnel are not checking IDs properly at the gate.,,Security,Closed,CUST3177,2025-08-13 21:50:00,2025-08-18 02:34:31
2043,Security personnel are not checking IDs properly at the gate.,,Security,Closed,CUST3689,2025-08-25 12:36:00,2025-08-26 19:14:05
2044,"Great job by the support team, issue resolved within a day.",,Customer Support,Open,,2025-02-11 12:09:00,
2045,The equipment at the site is old and frequently malfunctions.,Infrastructure,Maintenance,Resolved,CUST6910,2025-11-24 14:11:00,2025-12-02 22:58:25
2046,The new infrastructure upgrade has improved things significantly.,Infrastructure,Maintenance,Resolved,CUST9209,2025-06-01 16:06:00,2025-06-11 13:26:01
2047,My bill amount doubled this month without any explanation.,Billing Issue,Billing,Closed,CUST9697,2025-05-22 18:54:00,2025-05-26 00:06:11
2048,Staff keep telling me to wait but nothing happens.,Service Delay,Operations,Resolved,CUST1645,2025-12-20 16:59:00,2025-12-23 19:26:07
2049,The staff member was polite and handled my issue very well.,,Customer Support,Resolved,CUST1293,2025-07-18 11:48:00,2025-07-23 14:07:26
2050,It has been three weeks and my complaint is still not resolved.,Service Delay,Operations,Resolved,CUST4783,2025-07-14 18:59:00,2025-07-22 01:29:35
2051,"Excellent service today, very satisfied with the response.",,Customer Support,Closed,CUST4759,2025-06-10 10:57:00,2025-06-11 00:19:46
2052,The new infrastructure upgrade has improved things significantly.,,Maintenance,Resolved,CUST8360,2025-04-09 09:00:00,2025-04-15 22:40:54
2053,It has been three weeks and my complaint is still not resolved.,Service Delay,Operations,Closed,CUST9954,2025-06-03 11:51:00,2025-06-06 09:08:06
2054,I want to thank the team for resolving my issue so quickly.,Appreciation,Customer Support,Closed,CUST1838,2025-07-24 17:50:00,2025-07-25 21:13:02
2055,The staff member was polite and handled my issue very well.,,Customer Support,In Progress,CUST4847,2025-04-22 13:35:00,
2056,"Great job by the support team, issue resolved within a day.",,Customer Support,Resolved,CUST8036,2025-07-11 10:11:00,2025-07-12 04:42:28
2057,My bill amount doubled this month without any explanation.,Billing Issue,Billing,Open,CUST5230,2025-12-01 12:06:00,
2058,"There is a billing error, I already paid but it still shows unpaid.",,Billing,Closed,CUST3685,2025-08-14 10:10:00,2025-08-15 07:53:42
2059,The response time for service requests is unacceptably slow.,,Operations,Resolved,CUST3548,2025-05-18 08:44:00,2025-05-27 08:07:21
2060,I was asked to pay extra money to get my work done faster.,Corruption/Bribery,Administration,Closed,CUST5424,2025-12-03 08:49:00,2025-12-11 21:29:54
2061,I want to thank the team for resolving my issue so quickly.,Appreciation,Customer Support,Resolved,CUST9758,2025-09-11 10:07:00,2025-09-12 11:07:54
2062,The staff at the counter was extremely rude to me today.,Staff Behavior,Customer Support,Closed,CUST2507,2025-07-20 15:17:00,2025-07-24 06:56:07
2063,I have been waiting since last month for this issue to be fixed.,Service Delay,Operations,Closed,CUST2415,2025-10-18 17:16:00,2025-10-24 02:51:27
2064,"Excellent service today, very satisfied with the response.",Appreciation,Customer Support,Closed,CUST8842,2025-03-06 13:33:00,2025-03-07 20:34:54
2065,"The new online system has made things much easier, well done.",Appreciation,Customer Support,Closed,CUST9395,2025-01-28 11:24:00,2025-01-29 14:10:18
2066,Security personnel are not checking IDs properly at the gate.,Safety Concern,Security,Resolved,CUST2096,2025-04-07 10:39:00,2025-04-11 00:13:56
2067,"Excellent service today, very satisfied with the response.",Appreciation,Customer Support,Resolved,CUST6279,2025-10-25 14:31:00,2025-10-26 15:24:46
2068,There is a major leakage that has not been fixed for weeks.,Infrastructure,Maintenance,In Progress,CUST1280,2025-11-02 12:28:00,
2069,"The new online system has made things much easier, well done.",Appreciation,Customer Support,Closed,CUST8593,2025-08-14 08:47:00,2025-08-15 10:12:46
2070,I was overcharged on my last bill and no one is responding.,,Billing,Open,CUST9099,2025-08-18 15:49:00,
2071,The staff member was polite and handled my issue very well.,,Customer Support,Resolved,CUST6194,2025-09-11 05:07:00,2025-09-13 09:32:55
2072,Staff keep telling me to wait but nothing happens.,,Operations,Closed,CUST5918,2025-10-10 14:02:00,2025-10-13 16:20:28
2073,There is a major leakage that has not been fixed for weeks.,,Maintenance,Closed,CUST7750,2025-08-27 09:24:00,2025-09-04 23:35:54
2074,"The new online system has made things much easier, well done.",,Customer Support,In Progress,CUST5671,2025-02-10 13:47:00,
2075,It has been three weeks and my complaint is still not resolved.,,Operations,Resolved,CUST2857,2025-11-17 10:38:00,2025-11-22 07:27:59
2076,"There is a billing error, I already paid but it still shows unpaid.",Billing Issue,Billing,Open,CUST2291,2025-09-11 10:56:00,
2077,The response time for service requests is unacceptably slow.,Service Delay,Operations,Closed,CUST2305,2025-05-25 06:35:00,2025-05-31 04:12:53
2078,Thank you for quickly fixing the safety issue I reported earlier.,Safety Concern,Security,Resolved,CUST5874,2025-12-28 06:44:00,2025-12-31 09:50:36
2079,Why is the late fee applied when I paid on time?,Billing Issue,Billing,Closed,CUST6460,2025-09-02 09:19:00,2025-09-05 21:33:36
2080,It has been three weeks and my complaint is still not resolved.,Service Delay,Operations,Open,CUST1696,2025-03-04 14:37:00,
2081,The employee refused to help and was arguing instead of assisting.,Staff Behavior,Customer Support,In Progress,CUST5056,2025-06-04 09:16:00,
2082,My bill amount doubled this month without any explanation.,Billing Issue,Billing,Closed,CUST1275,2025-03-19 14:44:00,2025-03-22 11:31:15
2083,I was treated very disrespectfully by the customer support agent.,,Customer Support,Closed,CUST7683,2025-03-27 17:55:00,2025-03-30 04:20:53
2084,The online payment portal charged me twice for the same bill.,Billing Issue,Billing,Closed,CUST9071,2025-11-19 12:50:00,2025-11-20 12:07:11
2085,The staff at the counter was extremely rude to me today.,Staff Behavior,Customer Support,Resolved,CUST5795,2025-06-20 16:42:00,2025-06-22 00:27:46
2086,I have been waiting since last month for this issue to be fixed.,,Operations,Resolved,CUST3042,2025-12-14 10:58:00,2025-12-16 10:02:16
2087,The equipment at the site is old and frequently malfunctions.,Infrastructure,Maintenance,Closed,CUST4132,2025-08-16 17:00:00,2025-08-16 18:00:00
2088,No safety measures are in place despite previous warnings.,Safety Concern,Security,Resolved,CUST5076,2025-07-27 09:41:00,2025-08-01 22:53:33
2089,I was overcharged on my last bill and no one is responding.,,Billing,Open,CUST7467,2025-04-08 17:47:00,
2090,My bill amount doubled this month without any explanation.,,Billing,Open,CUST2814,2025-05-04 11:36:00,
2091,I was asked to pay extra money to get my work done faster.,,Administration,Resolved,CUST3019,2025-06-11 12:13:00,2025-06-16 14:25:37
2092,An official demanded a bribe before processing my documents.,,Administration,Resolved,CUST4302,2025-12-13 10:42:00,2025-12-20 04:07:31
2093,I was asked to pay extra money to get my work done faster.,Corruption/Bribery,Administration,Closed,CUST4977,2025-04-12 13:12:00,2025-04-19 22:09:11
2094,The employee refused to help and was arguing instead of assisting.,,Customer Support,Resolved,CUST1976,2025-06-09 05:00:00,2025-06-09 06:00:00
2095,Thank you for quickly fixing the safety issue I reported earlier.,,Security,Closed,CUST5576,2025-05-14 08:07:00,2025-05-17 02:25:11
2096,I was overcharged on my last bill and no one is responding.,Billing Issue,Billing,Open,CUST5967,2025-07-25 14:33:00,
2097,Poor maintenance of the facility is causing repeated problems.,Infrastructure,Maintenance,Closed,CUST5417,2025-04-28 21:17:00,2025-05-12 23:09:38
2098,My bill amount doubled this month without any explanation.,Billing Issue,Billing,Closed,CUST7300,2025-06-05 07:01:00,2025-06-07 16:35:56
2099,The online payment portal charged me twice for the same bill.,Billing Issue,Billing,In Progress,CUST5174,2025-07-05 11:07:00,
2100,The equipment at the site is old and frequently malfunctions.,Infrastructure,Maintenance,In Progress,CUST2031,2025-11-17 08:51:00,
2101,The staff at the counter was extremely rude to me today.,Staff Behavior,Customer Support,Closed,CUST9682,2025-04-10 14:16:00,2025-04-13 19:26:44
2102,"Great job by the support team, issue resolved within a day.",,Customer Support,Closed,CUST7876,2025-12-01 07:09:00,2025-12-02 11:49:45
2103,The staff at the counter was extremely rude to me today.,Staff Behavior,Customer Support,Closed,CUST7960,2025-07-06 11:06:00,2025-07-06 20:09:48
2104,The response time for service requests is unacceptably slow.,Service Delay,Operations,Closed,CUST6847,2025-07-21 17:25:00,2025-07-29 00:19:14
2105,Why is the late fee applied when I paid on time?,,Billing,Open,CUST8723,2025-08-08 16:20:00,
2106,Thank you for quickly fixing the safety issue I reported earlier.,,Security,Closed,CUST2249,2025-05-08 14:27:00,2025-05-10 07:04:11
2107,My bill amount doubled this month without any explanation.,Billing Issue,Billing,In Progress,CUST2189,2025-04-28 08:02:00,
2108,The online payment portal charged me twice for the same bill.,,Billing,Closed,CUST2586,2025-06-05 11:14:00,2025-06-06 21:36:43
2109,I was overcharged on my last bill and no one is responding.,Billing Issue,Billing,Closed,CUST8370,2025-11-14 11:07:00,2025-11-17 09:20:15
2110,I was asked to pay extra money to get my work done faster.,Corruption/Bribery,Administration,Open,CUST9796,2025-05-08 07:39:00,
2111,No safety measures are in place despite previous warnings.,Safety Concern,Security,Resolved,CUST1104,2025-01-23 11:17:00,2025-01-29 03:36:03
2112,"Great job by the support team, issue resolved within a day.",,Customer Support,Resolved,CUST2453,2025-10-07 09:50:00,2025-10-08 12:52:51
2113,I was treated very disrespectfully by the customer support agent.,,Customer Support,Resolved,CUST6847,2025-12-09 06:00:00,2025-12-11 20:24:49
2114,Thank you for quickly fixing the safety issue I reported earlier.,Safety Concern,Security,Open,CUST1349,2025-08-01 11:47:00,
2115,There is a major leakage that has not been fixed for weeks.,Infrastructure,Maintenance,Closed,CUST4208,2025-03-06 08:14:00,2025-03-15 04:28:53
2116,I was asked to pay extra money to get my work done faster.,,Administration,Closed,CUST3203,2025-03-15 09:03:00,2025-03-24 04:08:21
2117,My bill amount doubled this month without any explanation.,Billing Issue,Billing,Closed,CUST8074,2025-06-25 13:56:00,2025-06-27 20:43:17
2118,I was overcharged on my last bill and no one is responding.,,Billing,Resolved,CUST1575,2025-10-06 19:30:00,2025-10-08 14:35:10
2119,Very unprofessional behavior from the officer on duty.,,Customer Support,In Progress,CUST2776,2025-02-25 18:10:00,
2120,I was treated very disrespectfully by the customer support agent.,Staff Behavior,Customer Support,Resolved,CUST6407,2025-04-17 14:45:00,2025-04-19 02:11:35
2121,I was asked to pay extra money to get my work done faster.,,Administration,Closed,CUST8357,2025-10-20 16:34:00,2025-10-31 04:43:03
2122,The staff member was polite and handled my issue very well.,Staff Behavior,Customer Support,In Progress,CUST1328,2025-10-15 13:17:00,
2123,"There is a billing error, I already paid but it still shows unpaid.",Billing Issue,Billing,Closed,CUST2889,2025-06-18 15:29:00,2025-06-21 22:42:35
2124,No safety measures are in place despite previous warnings.,Safety Concern,Security,Closed,CUST2854,2025-11-08 17:47:00,2025-11-11 17:41:20
2125,Very unprofessional behavior from the officer on duty.,,Customer Support,Closed,CUST9486,2025-11-19 08:45:00,2025-11-22 13:07:26
2126,My bill amount doubled this month without any explanation.,Billing Issue,Billing,Open,CUST9907,2025-10-08 17:58:00,
2127,I was asked to pay extra money to get my work done faster.,,Administration,Resolved,CUST5278,2025-07-03 11:21:00,2025-07-12 20:38:19
2128,No technician has visited despite multiple requests.,Service Delay,Operations,Resolved,CUST3289,2025-10-02 11:27:00,2025-10-07 02:31:45
2129,No safety measures are in place despite previous warnings.,Safety Concern,Security,Open,CUST7916,2025-08-03 17:33:00,
2130,Thank you for quickly fixing the safety issue I reported earlier.,Safety Concern,Security,Resolved,CUST6532,2025-02-25 12:20:00,2025-03-01 17:29:35
2131,I was overcharged on my last bill and no one is responding.,Billing Issue,Billing,Closed,CUST1497,2025-09-25 13:42:00,2025-09-28 02:37:13
2132,My bill amount doubled this month without any explanation.,,Billing,Resolved,CUST4119,2025-09-26 10:40:00,2025-09-27 00:47:11
2133,The staff at the counter was extremely rude to me today.,Staff Behavior,Customer Support,Resolved,CUST1423,2025-06-18 06:41:00,2025-06-23 02:06:11
2134,The equipment at the site is old and frequently malfunctions.,Infrastructure,Maintenance,Closed,CUST5749,2025-05-22 10:07:00,2025-05-28 10:44:40
2135,I witnessed a near-accident due to lack of proper signage.,Safety Concern,Security,Open,CUST9847,2025-03-18 15:52:00,
2136,Very unprofessional behavior from the officer on duty.,Staff Behavior,Customer Support,In Progress,CUST5734,2025-07-25 16:04:00,
2137,The staff at the counter was extremely rude to me today.,Staff Behavior,Customer Support,Resolved,CUST1723,2025-05-16 20:02:00,2025-05-21 10:49:02
2138,The road near the facility is damaged and causing accidents.,,Maintenance,In Progress,CUST6922,2025-08-08 10:24:00,
2139,I witnessed a near-accident due to lack of proper signage.,,Security,Resolved,CUST3445,2025-07-13 23:24:00,2025-07-17 00:19:24
2140,Thank you for quickly fixing the safety issue I reported earlier.,Safety Concern,Security,Closed,CUST3789,2025-04-11 04:23:00,2025-04-17 09:45:52
2141,Security personnel are not checking IDs properly at the gate.,Safety Concern,Security,Open,CUST7663,2025-09-18 15:45:00,
2142,Why is the late fee applied when I paid on time?,Billing Issue,Billing,Resolved,CUST1278,2025-08-20 08:35:00,2025-08-23 05:08:20
2143,Thank you for quickly fixing the safety issue I reported earlier.,,Security,In Progress,CUST3005,2025-03-03 19:03:00,
2144,An official demanded a bribe before processing my documents.,Corruption/Bribery,Administration,Resolved,CUST1081,2025-10-04 09:56:00,2025-10-07 10:20:41
2145,The response time for service requests is unacceptably slow.,Service Delay,Operations,Resolved,CUST5079,2025-12-21 10:11:00,2025-12-27 13:39:29
2146,Very unprofessional behavior from the officer on duty.,Staff Behavior,Customer Support,Resolved,CUST4968,2025-09-07 13:33:00,2025-09-09 04:05:26
2147,I was overcharged on my last bill and no one is responding.,Billing Issue,Billing,Closed,CUST9547,2025-03-13 09:39:00,2025-03-15 04:12:49
2148,The equipment at the site is old and frequently malfunctions.,Infrastructure,Maintenance,In Progress,CUST3138,2025-06-06 11:01:00,
2149,Staff keep telling me to wait but nothing happens.,,Operations,Closed,CUST8568,2025-06-04 16:19:00,2025-06-07 23:58:26
2150,An official demanded a bribe before processing my documents.,Corruption/Bribery,Administration,In Progress,CUST7122,2025-05-21 02:24:00,
2151,There are serious safety hazards at the site that need urgent attention.,Safety Concern,Security,Closed,CUST9904,2025-03-26 14:14:00,2025-03-30 00:08:32
2152,The equipment at the site is old and frequently malfunctions.,Infrastructure,Maintenance,Closed,CUST8697,2025-03-28 14:58:00,2025-04-04 08:16:54
2153,I have been waiting since last month for this issue to be fixed.,Service Delay,Operations,Resolved,CUST9689,2025-09-28 03:18:00,2025-10-01 21:54:57
2154,The staff at the counter was extremely rude to me today.,Staff Behavior,Customer Support,Resolved,CUST9207,2025-09-24 17:06:00,2025-09-28 07:14:48
2155,The employee refused to help and was arguing instead of assisting.,Staff Behavior,Customer Support,Resolved,CUST6569,2025-05-05 19:29:00,2025-05-08 09:10:19
2156,I was overcharged on my last bill and no one is responding.,,Billing,In Progress,CUST6817,2025-12-10 11:15:00,
2157,The online payment portal charged me twice for the same bill.,Billing Issue,Billing,Closed,CUST4635,2025-04-11 06:56:00,2025-04-13 08:32:10
2158,There are serious safety hazards at the site that need urgent attention.,Safety Concern,Security,Resolved,CUST3027,2025-02-23 11:38:00,2025-02-26 10:54:51
2159,The staff member was polite and handled my issue very well.,Staff Behavior,Customer Support,Open,CUST9070,2025-12-08 04:37:00,
2160,Why is the late fee applied when I paid on time?,Billing Issue,Billing,Closed,CUST2258,2025-08-08 14:02:00,2025-08-10 12:19:12
2161,"Great job by the support team, issue resolved within a day.",Appreciation,Customer Support,Open,CUST7671,2025-09-11 14:24:00,
2162,Thank you for quickly fixing the safety issue I reported earlier.,Safety Concern,Security,In Progress,CUST1481,2025-11-01 11:58:00,
2163,The equipment at the site is old and frequently malfunctions.,Infrastructure,Maintenance,Open,CUST1214,2025-09-04 21:35:00,
2164,I have been waiting since last month for this issue to be fixed.,Service Delay,Operations,Resolved,CUST2961,2025-05-21 13:44:00,2025-05-26 11:55:47
2165,"Great job by the support team, issue resolved within a day.",Appreciation,Customer Support,In Progress,CUST6665,2025-11-20 10:43:00,
2166,I was overcharged on my last bill and no one is responding.,Billing Issue,Billing,Closed,CUST5699,2025-02-20 15:04:00,2025-02-23 00:09:26
2167,"There is a billing error, I already paid but it still shows unpaid.",Billing Issue,Billing,Resolved,CUST3282,2025-04-13 11:33:00,2025-04-15 06:24:40
2168,Security personnel are not checking IDs properly at the gate.,,Security,In Progress,CUST9287,2025-04-27 13:46:00,
2169,My bill amount doubled this month without any explanation.,,Billing,Resolved,CUST1597,2025-06-11 06:21:00,2025-06-14 05:35:12
2170,The equipment at the site is old and frequently malfunctions.,,Maintenance,Closed,CUST7010,2025-03-18 16:26:00,2025-03-26 02:54:43
2171,The equipment at the site is old and frequently malfunctions.,Infrastructure,Maintenance,Resolved,CUST1759,2025-04-13 09:27:00,2025-04-23 20:18:10
2172,The staff at the counter was extremely rude to me today.,,Customer Support,Closed,CUST1690,2025-02-05 19:27:00,2025-02-08 03:38:45
2173,I want to thank the team for resolving my issue so quickly.,Appreciation,Customer Support,Resolved,CUST2448,2025-07-07 07:23:00,2025-07-07 12:19:22
2174,There are serious safety hazards at the site that need urgent attention.,Safety Concern,Security,Open,CUST4487,2025-06-22 17:29:00,
2175,My bill amount doubled this month without any explanation.,,Billing,In Progress,CUST8041,2025-09-09 07:57:00,
2176,I was treated very disrespectfully by the customer support agent.,Staff Behavior,Customer Support,Resolved,CUST3336,2025-06-04 09:31:00,2025-06-06 15:56:52
2177,The new infrastructure upgrade has improved things significantly.,,Maintenance,Closed,CUST5980,2025-10-10 16:47:00,2025-10-18 23:54:29
2178,I was asked to pay extra money to get my work done faster.,,Administration,In Progress,CUST8813,2025-10-15 12:49:00,
2179,There is clear favoritism and under-the-table dealing happening.,,Administration,Resolved,CUST7132,2025-09-17 10:08:00,2025-09-22 00:41:03
2180,The road near the facility is damaged and causing accidents.,Infrastructure,Maintenance,Resolved,CUST1778,2025-01-22 11:23:00,2025-01-26 16:23:21
2181,The staff member was polite and handled my issue very well.,Staff Behavior,Customer Support,In Progress,CUST1258,2025-07-03 13:51:00,
2182,Poor maintenance of the facility is causing repeated problems.,Infrastructure,Maintenance,In Progress,CUST7893,2025-12-19 16:51:00,
2183,Thank you for quickly fixing the safety issue I reported earlier.,Safety Concern,Security,Closed,CUST8474,2025-10-28 16:49:00,2025-11-01 14:45:19
2184,The online payment portal charged me twice for the same bill.,Billing Issue,Billing,Resolved,CUST5066,2025-05-18 08:50:00,2025-05-20 00:01:07
2185,The online payment portal charged me twice for the same bill.,,Billing,Resolved,CUST4185,2025-02-01 11:49:00,2025-02-02 22:28:49
2186,"Excellent service today, very satisfied with the response.",,Customer Support,Closed,CUST3314,2025-02-27 11:49:00,2025-02-28 08:04:24
2187,Security personnel are not checking IDs properly at the gate.,Safety Concern,Security,Resolved,CUST8749,2025-06-18 05:03:00,2025-06-22 04:44:23
2188,I was overcharged on my last bill and no one is responding.,Billing Issue,Billing,Open,CUST4537,2025-06-14 11:57:00,
2189,No technician has visited despite multiple requests.,Service Delay,Operations,Closed,CUST6927,2025-07-08 15:20:00,2025-07-14 16:32:32
2190,The new infrastructure upgrade has improved things significantly.,Infrastructure,Maintenance,Open,CUST5664,2025-03-18 10:48:00,
2191,An official demanded a bribe before processing my documents.,Corruption/Bribery,Administration,Closed,CUST8113,2025-12-22 18:07:00,2025-12-26 03:50:53
2192,Staff keep telling me to wait but nothing happens.,Service Delay,Operations,Resolved,CUST9921,2025-10-26 18:09:00,2025-10-29 18:02:36
2193,Poor maintenance of the facility is causing repeated problems.,Infrastructure,Maintenance,Resolved,CUST6647,2025-08-03 11:50:00,2025-08-09 07:38:18
2194,It has been three weeks and my complaint is still not resolved.,Service Delay,Operations,Resolved,CUST2609,2025-12-07 09:00:00,2025-12-14 07:48:53
2195,There is a major leakage that has not been fixed for weeks.,,Maintenance,In Progress,CUST2969,2025-09-26 15:33:00,
2196,No technician has visited despite multiple requests.,Service Delay,Operations,Open,CUST6091,2025-09-13 17:34:00,
2197,An official demanded a bribe before processing my documents.,Corruption/Bribery,Administration,Open,CUST8838,2025-08-02 11:54:00,
2198,There are serious safety hazards at the site that need urgent attention.,Safety Concern,Security,Resolved,CUST7378,2025-01-28 08:32:00,2025-02-01 21:05:45
2199,I was overcharged on my last bill and no one is responding.,,Billing,Resolved,CUST4167,2025-02-25 15:24:00,2025-02-28 18:18:26
2200,I witnessed a near-accident due to lack of proper signage.,Safety Concern,Security,Open,CUST7147,2025-10-27 10:54:00,
2201,The staff member was polite and handled my issue very well.,,Customer Support,Resolved,CUST6265,2025-08-03 07:18:00,2025-08-04 22:25:11
2202,Why is the late fee applied when I paid on time?,Billing Issue,Billing,Resolved,CUST8263,2025-09-28 23:40:00,2025-10-01 16:48:40
2203,There is a major leakage that has not been fixed for weeks.,,Maintenance,Resolved,CUST9114,2025-01-12 17:14:00,2025-01-27 03:36:10
2204,The staff member was polite and handled my issue very well.,Staff Behavior,Customer Support,Closed,CUST3289,2025-05-06 10:03:00,2025-05-12 03:45:41
2205,Security personnel are not checking IDs properly at the gate.,Safety Concern,Security,In Progress,CUST2508,2025-08-20 11:08:00,
2206,Security personnel are not checking IDs properly at the gate.,Safety Concern,Security,Closed,CUST3637,2025-09-27 11:30:00,2025-09-30 07:15:53
2207,The staff member was polite and handled my issue very well.,Staff Behavior,Customer Support,Open,CUST9741,2025-02-25 10:16:00,
2208,No technician has visited despite multiple requests.,,Operations,Open,CUST6147,2025-04-15 13:14:00,
2209,No technician has visited despite multiple requests.,Service Delay,Operations,Resolved,CUST8606,2025-04-13 17:06:00,2025-04-20 13:38:46
2210,My bill amount doubled this month without any explanation.,Billing Issue,Billing,In Progress,CUST4585,2025-08-03 13:38:00,
2211,No safety measures are in place despite previous warnings.,Safety Concern,Security,Open,CUST6651,2025-10-22 16:20:00,
2212,No technician has visited despite multiple requests.,,Operations,Closed,CUST5335,2025-04-03 02:57:00,2025-04-09 05:00:20
2213,There is a major leakage that has not been fixed for weeks.,Infrastructure,Maintenance,Open,CUST9360,2025-11-11 16:03:00,
2214,I was overcharged on my last bill and no one is responding.,,Billing,In Progress,CUST5098,2025-06-10 06:03:00,
2215,An official demanded a bribe before processing my documents.,Corruption/Bribery,Administration,Open,CUST9186,2025-07-04 18:59:00,
2216,There is a major leakage that has not been fixed for weeks.,Infrastructure,Maintenance,Closed,CUST9053,2025-11-03 23:00:00,2025-11-09 02:48:52
2217,There is clear favoritism and under-the-table dealing happening.,,Administration,Resolved,CUST7879,2025-07-06 16:06:00,2025-07-11 05:28:49
2218,The online payment portal charged me twice for the same bill.,Billing Issue,Billing,Closed,CUST8175,2025-05-27 09:31:00,2025-05-30 02:48:15
2219,I have been waiting since last month for this issue to be fixed.,,Operations,Closed,CUST2883,2025-11-08 10:55:00,2025-11-14 08:34:31
2220,I was asked to pay extra money to get my work done faster.,,Administration,Open,CUST8366,2025-07-11 15:26:00,
2221,I want to thank the team for resolving my issue so quickly.,Appreciation,Customer Support,Resolved,CUST7599,2025-07-23 14:37:00,2025-07-25 06:11:59
2222,The road near the facility is damaged and causing accidents.,Infrastructure,Maintenance,Resolved,CUST4865,2025-06-23 13:03:00,2025-07-04 22:26:06
2223,"Excellent service today, very satisfied with the response.",Appreciation,Customer Support,Closed,CUST3353,2025-10-01 11:23:00,2025-10-02 20:11:44
2224,My bill amount doubled this month without any explanation.,,Billing,In Progress,CUST7444,2025-03-21 09:22:00,
2225,The equipment at the site is old and frequently malfunctions.,Infrastructure,Maintenance,Closed,CUST5340,2025-01-11 15:34:00,2025-01-17 10:17:52
2226,No technician has visited despite multiple requests.,,Operations,Closed,CUST3273,2025-09-17 09:41:00,2025-09-25 03:28:08
2227,I have been waiting since last month for this issue to be fixed.,Service Delay,Operations,Closed,CUST9753,2025-12-25 09:38:00,2025-12-31 19:00:11
2228,I witnessed a near-accident due to lack of proper signage.,Safety Concern,Security,Resolved,CUST1264,2025-04-20 07:38:00,2025-04-24 11:50:54
2229,"Excellent service today, very satisfied with the response.",,Customer Support,In Progress,CUST4765,2025-11-02 17:54:00,
2230,The new infrastructure upgrade has improved things significantly.,,Maintenance,Closed,CUST5781,2025-06-24 06:38:00,2025-06-29 07:36:12
2231,The equipment at the site is old and frequently malfunctions.,Infrastructure,Maintenance,Closed,CUST2081,2025-11-11 15:54:00,2025-11-19 01:00:23
2232,The equipment at the site is old and frequently malfunctions.,Infrastructure,Maintenance,Resolved,CUST1586,2025-05-21 19:34:00,2025-05-23 02:22:38
2233,Poor maintenance of the facility is causing repeated problems.,Infrastructure,Maintenance,Closed,CUST7397,2025-02-06 10:15:00,2025-02-13 16:54:31
2234,The staff member was polite and handled my issue very well.,Staff Behavior,Customer Support,Open,CUST5503,2025-09-22 07:11:00,
2235,It has been three weeks and my complaint is still not resolved.,Service Delay,Operations,Resolved,CUST9108,2025-12-03 10:46:00,2025-12-08 09:40:58
2236,Poor maintenance of the facility is causing repeated problems.,Infrastructure,Maintenance,Resolved,CUST9287,2025-06-05 04:54:00,2025-06-09 23:13:54
2237,I was treated very disrespectfully by the customer support agent.,,Customer Support,Resolved,CUST1625,2025-10-05 13:20:00,2025-10-10 20:22:55
2238,Thank you for quickly fixing the safety issue I reported earlier.,,Security,Resolved,CUST4890,2025-05-17 09:00:00,2025-05-22 15:16:04
2239,The response time for service requests is unacceptably slow.,Service Delay,Operations,Closed,CUST7392,2025-11-22 21:57:00,2025-11-25 09:42:49
2240,Staff keep telling me to wait but nothing happens.,Service Delay,Operations,Open,CUST3751,2025-05-15 06:36:00,
2241,Staff keep telling me to wait but nothing happens.,,Operations,Closed,CUST3990,2025-03-24 18:21:00,2025-04-02 00:12:54
2242,"Great job by the support team, issue resolved within a day.",Appreciation,Customer Support,Open,CUST5819,2025-06-13 13:12:00,
2243,My bill amount doubled this month without any explanation.,Billing Issue,Billing,Resolved,CUST5411,2025-08-05 07:43:00,2025-08-08 21:10:42
2244,No safety measures are in place despite previous warnings.,Safety Concern,Security,Closed,CUST2689,2025-11-07 07:34:00,2025-11-08 13:29:49
2245,No technician has visited despite multiple requests.,,Operations,Closed,CUST6535,2025-04-22 19:43:00,2025-04-29 22:32:08
2246,Security personnel are not checking IDs properly at the gate.,Safety Concern,Security,In Progress,CUST7613,2025-03-11 11:24:00,
2247,"Excellent service today, very satisfied with the response.",Appreciation,Customer Support,Resolved,CUST7062,2025-11-08 08:21:00,2025-11-08 22:46:20
2248,The online payment portal charged me twice for the same bill.,,Billing,Resolved,CUST9022,2025-02-23 13:25:00,2025-02-26 09:19:13
2249,Very unprofessional behavior from the officer on duty.,,Customer Support,Open,CUST8991,2025-12-18 15:20:00,
2250,I witnessed a near-accident due to lack of proper signage.,Safety Concern,Security,In Progress,CUST2965,2025-10-08 18:00:00,
2251,There is clear favoritism and under-the-table dealing happening.,Corruption/Bribery,Administration,Closed,CUST8933,2025-10-03 16:59:00,2025-10-12 21:55:02
2252,My bill amount doubled this month without any explanation.,,Billing,Resolved,CUST1617,2025-07-23 20:21:00,2025-07-26 18:38:07
2253,"There is a billing error, I already paid but it still shows unpaid.",Billing Issue,Billing,In Progress,CUST6353,2025-04-10 10:05:00,
2254,I was asked to pay extra money to get my work done faster.,Corruption/Bribery,Administration,Resolved,CUST7872,2025-02-24 00:11:00,2025-02-28 01:19:09
2255,The staff member was polite and handled my issue very well.,,Customer Support,Resolved,CUST1263,2025-02-26 14:27:00,2025-02-28 17:56:16
2256,"The new online system has made things much easier, well done.",Appreciation,Customer Support,Closed,CUST5644,2025-12-05 14:44:00,2025-12-06 12:26:50
2257,I want to thank the team for resolving my issue so quickly.,Appreciation,Customer Support,Resolved,CUST2999,2025-01-12 15:11:00,2025-01-13 15:37:29
2258,The new infrastructure upgrade has improved things significantly.,,Maintenance,Closed,CUST8831,2025-07-02 10:38:00,2025-07-12 23:52:00
2259,"There is a billing error, I already paid but it still shows unpaid.",Billing Issue,Billing,Resolved,CUST6706,2025-03-28 10:32:00,2025-03-31 23:48:16
2260,No technician has visited despite multiple requests.,Service Delay,Operations,Closed,CUST7817,2025-12-18 08:51:00,2025-12-23 19:57:33
2261,"There is a billing error, I already paid but it still shows unpaid.",Billing Issue,Billing,Resolved,CUST9829,2025-11-19 08:32:00,2025-11-21 20:56:45
2262,The employee refused to help and was arguing instead of assisting.,Staff Behavior,Customer Support,Closed,CUST5581,2025-11-05 11:31:00,2025-11-09 12:54:04
2263,The employee refused to help and was arguing instead of assisting.,,Customer Support,Closed,CUST5719,2025-09-14 08:23:00,2025-09-18 05:09:07
2264,My bill amount doubled this month without any explanation.,,Billing,Open,CUST8014,2025-05-20 00:58:00,
2265,I want to thank the team for resolving my issue so quickly.,,Customer Support,Closed,CUST6027,2025-03-28 15:00:00,2025-03-29 02:32:38
2266,No technician has visited despite multiple requests.,,Operations,Closed,CUST2896,2025-07-08 01:04:00,2025-07-11 12:41:22
2267,I witnessed a near-accident due to lack of proper signage.,,Security,In Progress,CUST4343,2025-02-01 13:20:00,
2268,Poor maintenance of the facility is causing repeated problems.,,Maintenance,Open,CUST9516,2025-07-06 17:43:00,
2269,Very unprofessional behavior from the officer on duty.,Staff Behavior,Customer Support,Resolved,CUST4638,2025-06-20 20:45:00,2025-06-24 14:16:19
2270,Very unprofessional behavior from the officer on duty.,Staff Behavior,Customer Support,Resolved,CUST3125,2025-09-10 07:41:00,2025-09-16 15:20:36
2271,Staff keep telling me to wait but nothing happens.,,Operations,Closed,CUST2140,2025-12-23 13:10:00,2025-12-31 09:14:31
2272,I was treated very disrespectfully by the customer support agent.,,Customer Support,Open,CUST2030,2025-08-26 11:52:00,
2273,The online payment portal charged me twice for the same bill.,,Billing,Open,CUST2517,2025-03-27 09:41:00,
2274,I was overcharged on my last bill and no one is responding.,Billing Issue,Billing,Resolved,CUST4341,2025-11-17 07:15:00,2025-11-18 00:44:40
2275,Poor maintenance of the facility is causing repeated problems.,Infrastructure,Maintenance,Closed,CUST2426,2025-05-18 10:10:00,2025-05-26 15:38:44
2276,There is a major leakage that has not been fixed for weeks.,,Maintenance,Resolved,CUST6950,2025-09-12 13:30:00,2025-09-21 19:28:45
2277,The employee refused to help and was arguing instead of assisting.,Staff Behavior,Customer Support,Closed,CUST6331,2025-07-13 17:09:00,2025-07-16 00:57:57
2278,I was overcharged on my last bill and no one is responding.,Billing Issue,Billing,Closed,CUST4950,2025-07-25 10:54:00,2025-07-28 06:22:52
2279,Security personnel are not checking IDs properly at the gate.,Safety Concern,Security,Closed,CUST8680,2025-01-28 11:11:00,2025-02-03 00:35:51
2280,Why is the late fee applied when I paid on time?,Billing Issue,Billing,Closed,CUST4049,2025-08-07 10:28:00,2025-08-10 08:23:24
2281,I want to thank the team for resolving my issue so quickly.,Appreciation,Customer Support,Resolved,CUST4507,2025-05-06 08:09:00,2025-05-06 23:20:50
2282,No safety measures are in place despite previous warnings.,Safety Concern,Security,Closed,CUST2234,2025-12-24 14:27:00,2025-12-28 20:12:30
2283,There is a major leakage that has not been fixed for weeks.,,Maintenance,Closed,CUST6958,2025-07-05 15:15:00,2025-07-17 10:06:28
2284,There is a major leakage that has not been fixed for weeks.,,Maintenance,Resolved,CUST6047,2025-09-28 17:57:00,2025-10-09 19:31:41
2285,It has been three weeks and my complaint is still not resolved.,Service Delay,Operations,Closed,CUST4585,2025-07-21 13:29:00,2025-07-28 01:14:41
2286,Why is the late fee applied when I paid on time?,Billing Issue,Billing,In Progress,CUST9161,2025-05-01 09:36:00,
2287,The road near the facility is damaged and causing accidents.,Infrastructure,Maintenance,Closed,CUST8189,2025-03-15 04:38:00,2025-03-28 07:47:20
2288,The online payment portal charged me twice for the same bill.,,Billing,Open,CUST8676,2025-03-03 10:10:00,
2289,Security personnel are not checking IDs properly at the gate.,Safety Concern,Security,Closed,CUST3265,2025-09-07 12:31:00,2025-09-12 20:08:44
2290,The new infrastructure upgrade has improved things significantly.,,Maintenance,Open,CUST2614,2025-12-17 09:15:00,
2291,"There is a billing error, I already paid but it still shows unpaid.",Billing Issue,Billing,Closed,CUST3838,2025-06-26 08:46:00,2025-06-28 15:28:56
2292,I was overcharged on my last bill and no one is responding.,Billing Issue,Billing,Resolved,CUST8628,2025-04-18 21:31:00,2025-04-20 20:28:54
2293,The staff member was polite and handled my issue very well.,Staff Behavior,Customer Support,Closed,CUST7098,2025-11-15 14:22:00,2025-11-17 10:04:34
2294,The equipment at the site is old and frequently malfunctions.,,Maintenance,Resolved,CUST1662,2025-03-21 13:34:00,2025-03-30 13:15:25
2295,"There is a billing error, I already paid but it still shows unpaid.",,Billing,Resolved,,2025-12-08 13:59:00,2025-12-09 20:37:30
2296,I was overcharged on my last bill and no one is responding.,Billing Issue,Billing,Closed,CUST2533,2025-05-28 09:10:00,2025-05-31 06:21:40
2297,My bill amount doubled this month without any explanation.,Billing Issue,Billing,Closed,CUST6705,2025-08-06 06:49:00,2025-08-08 15:56:23
2298,The road near the facility is damaged and causing accidents.,Infrastructure,Maintenance,Closed,CUST4159,2025-05-16 13:17:00,2025-05-21 05:54:36
2299,My bill amount doubled this month without any explanation.,,Billing,Closed,CUST9189,2025-11-19 10:26:00,2025-11-22 02:27:38
2300,I was overcharged on my last bill and no one is responding.,,Billing,In Progress,CUST4395,2025-03-02 14:40:00,
2301,Why is the late fee applied when I paid on time?,,Billing,Open,CUST2462,2025-06-25 18:42:00,
2302,Why is the late fee applied when I paid on time?,,Billing,In Progress,CUST1522,2025-06-05 16:58:00,
2303,The employee refused to help and was arguing instead of assisting.,,Customer Support,Resolved,CUST4507,2025-08-17 14:48:00,2025-08-19 15:41:52
2304,The online payment portal charged me twice for the same bill.,,Billing,In Progress,CUST3930,2025-04-13 14:21:00,
2305,The employee refused to help and was arguing instead of assisting.,,Customer Support,Closed,CUST2645,2025-09-04 12:09:00,2025-09-09 03:29:42
2306,I was overcharged on my last bill and no one is responding.,,Billing,Resolved,CUST6523,2025-09-22 09:25:00,2025-09-24 19:04:12
2307,There is clear favoritism and under-the-table dealing happening.,Corruption/Bribery,Administration,Resolved,CUST1280,2025-08-05 11:09:00,2025-08-16 04:55:53
2308,There is clear favoritism and under-the-table dealing happening.,,Administration,Closed,CUST7234,2025-04-28 18:23:00,2025-05-02 10:48:04
2309,I was asked to pay extra money to get my work done faster.,Corruption/Bribery,Administration,Open,CUST6656,2025-10-24 15:41:00,
2310,The online payment portal charged me twice for the same bill.,Billing Issue,Billing,Open,CUST2943,2025-07-01 11:49:00,
2311,My bill amount doubled this month without any explanation.,Billing Issue,Billing,In Progress,CUST6028,2025-06-12 16:35:00,
2312,No safety measures are in place despite previous warnings.,Safety Concern,Security,Closed,CUST3558,2025-04-01 12:16:00,2025-04-07 02:32:48
2313,Why is the late fee applied when I paid on time?,,Billing,Resolved,CUST4781,2025-12-14 11:07:00,2025-12-16 15:18:09
2314,The employee refused to help and was arguing instead of assisting.,Staff Behavior,Customer Support,Open,CUST2398,2025-01-20 21:39:00,
2315,The staff member was polite and handled my issue very well.,,Customer Support,Open,CUST2753,2025-01-08 11:08:00,
2316,The response time for service requests is unacceptably slow.,Service Delay,Operations,Closed,CUST1124,2025-12-06 07:52:00,2025-12-09 08:53:00
2317,The response time for service requests is unacceptably slow.,Service Delay,Operations,Open,CUST7644,2025-01-02 10:07:00,
2318,"Great job by the support team, issue resolved within a day.",Appreciation,Customer Support,Resolved,CUST6702,2025-06-26 13:19:00,2025-06-27 17:42:54
2319,I have been waiting since last month for this issue to be fixed.,,Operations,Resolved,CUST5114,2025-10-08 23:16:00,2025-10-12 00:14:24
2320,The staff at the counter was extremely rude to me today.,Staff Behavior,Customer Support,Closed,CUST9424,2025-02-18 12:03:00,2025-02-20 02:50:02
2321,My bill amount doubled this month without any explanation.,,Billing,Resolved,CUST8361,2025-01-24 08:50:00,2025-01-25 00:26:10
2322,It has been three weeks and my complaint is still not resolved.,,Operations,Open,CUST2596,2025-07-14 18:33:00,
2323,I witnessed a near-accident due to lack of proper signage.,Safety Concern,Security,Open,CUST6615,2025-06-05 11:37:00,
2324,Poor maintenance of the facility is causing repeated problems.,,Maintenance,Resolved,CUST1882,2025-02-17 11:02:00,2025-02-23 10:18:41
2325,I was treated very disrespectfully by the customer support agent.,Staff Behavior,Customer Support,Closed,CUST9694,2025-05-02 14:52:00,2025-05-07 23:07:13
2326,"Great job by the support team, issue resolved within a day.",Appreciation,Customer Support,In Progress,CUST1406,2025-05-26 07:25:00,
2327,Why is the late fee applied when I paid on time?,Billing Issue,Billing,Resolved,CUST7978,2025-03-18 16:55:00,2025-03-20 20:13:45
2328,The new infrastructure upgrade has improved things significantly.,,Maintenance,Open,CUST4259,2025-04-01 20:13:00,
2329,"Excellent service today, very satisfied with the response.",Appreciation,Customer Support,Closed,CUST5165,2025-08-06 08:52:00,2025-08-07 13:46:15
2330,An official demanded a bribe before processing my documents.,,Administration,Resolved,CUST4941,2025-06-05 12:05:00,2025-06-15 09:08:20
2331,There is clear favoritism and under-the-table dealing happening.,,Administration,Open,CUST7796,2025-10-01 11:02:00,
2332,The employee refused to help and was arguing instead of assisting.,,Customer Support,Open,CUST2908,2025-12-21 10:37:00,
2333,The online payment portal charged me twice for the same bill.,,Billing,Closed,CUST5303,2025-07-15 08:07:00,2025-07-18 18:48:53
2334,The new infrastructure upgrade has improved things significantly.,Infrastructure,Maintenance,Closed,CUST5416,2025-09-18 11:04:00,2025-09-28 11:32:38
2335,The equipment at the site is old and frequently malfunctions.,,Maintenance,In Progress,CUST5186,2025-04-23 09:04:00,
2336,The new infrastructure upgrade has improved things significantly.,Infrastructure,Maintenance,Resolved,CUST9141,2025-01-19 07:19:00,2025-01-25 05:03:17
2337,"Great job by the support team, issue resolved within a day.",Appreciation,Customer Support,Resolved,CUST4254,2025-09-17 13:31:00,2025-09-18 23:04:37
2338,Very unprofessional behavior from the officer on duty.,Staff Behavior,Customer Support,Resolved,CUST5794,2025-08-27 14:26:00,2025-08-30 21:46:38
2339,Why is the late fee applied when I paid on time?,Billing Issue,Billing,Resolved,CUST8946,2025-12-05 10:13:00,2025-12-07 13:45:58
2340,The employee refused to help and was arguing instead of assisting.,Staff Behavior,Customer Support,Closed,CUST4455,2025-04-27 07:11:00,2025-05-01 23:14:11
2341,Thank you for quickly fixing the safety issue I reported earlier.,Safety Concern,Security,Resolved,CUST8308,2025-08-20 13:18:00,2025-08-23 23:56:43
2342,There are serious safety hazards at the site that need urgent attention.,Safety Concern,Security,Closed,CUST3286,2025-09-09 10:10:00,2025-09-14 09:06:27
2343,Why is the late fee applied when I paid on time?,Billing Issue,Billing,Closed,CUST2731,2025-01-15 08:52:00,2025-01-17 04:36:36
2344,I was overcharged on my last bill and no one is responding.,Billing Issue,Billing,Closed,CUST5251,2025-10-22 14:42:00,2025-10-23 16:37:55
2345,The online payment portal charged me twice for the same bill.,Billing Issue,Billing,In Progress,CUST9404,2025-12-26 07:05:00,
2346,The new infrastructure upgrade has improved things significantly.,Infrastructure,Maintenance,Open,CUST1367,2025-06-05 19:57:00,
2347,Thank you for quickly fixing the safety issue I reported earlier.,Safety Concern,Security,Closed,CUST2156,2025-07-19 16:18:00,2025-07-25 05:35:21
2348,"Great job by the support team, issue resolved within a day.",Appreciation,Customer Support,Open,CUST8393,2025-11-10 07:34:00,
2349,"The new online system has made things much easier, well done.",Appreciation,Customer Support,In Progress,CUST9304,2025-07-24 12:59:00,
2350,It has been three weeks and my complaint is still not resolved.,Service Delay,Operations,Open,CUST7861,2025-07-02 14:51:00,
2351,Very unprofessional behavior from the officer on duty.,,Customer Support,In Progress,CUST2394,2025-08-27 17:53:00,
2352,I have been waiting since last month for this issue to be fixed.,,Operations,Open,CUST9186,2025-02-21 16:42:00,
2353,The new infrastructure upgrade has improved things significantly.,Infrastructure,Maintenance,Closed,CUST9268,2025-05-06 10:38:00,2025-05-15 20:00:18
2354,Why is the late fee applied when I paid on time?,Billing Issue,Billing,Closed,CUST1819,2025-07-22 19:59:00,2025-07-25 04:21:14
2355,Staff keep telling me to wait but nothing happens.,Service Delay,Operations,In Progress,CUST7938,2025-05-23 14:07:00,
2356,Why is the late fee applied when I paid on time?,Billing Issue,Billing,In Progress,CUST4672,2025-01-18 19:41:00,
2357,I have been waiting since last month for this issue to be fixed.,Service Delay,Operations,Resolved,CUST7523,2025-05-25 15:59:00,2025-05-25 16:59:00
2358,I was overcharged on my last bill and no one is responding.,Billing Issue,Billing,Resolved,CUST7165,2025-11-14 12:44:00,2025-11-15 23:46:28
2359,No technician has visited despite multiple requests.,Service Delay,Operations,Open,CUST6118,2025-09-20 12:27:00,
2360,Why is the late fee applied when I paid on time?,,Billing,Open,CUST6825,2025-01-18 14:21:00,
2361,There is a major leakage that has not been fixed for weeks.,,Maintenance,Resolved,CUST9233,2025-10-14 11:17:00,2025-10-21 11:02:14
2362,"Excellent service today, very satisfied with the response.",,Customer Support,Closed,CUST1673,2025-04-13 06:34:00,2025-04-14 14:38:15
2363,I was asked to pay extra money to get my work done faster.,Corruption/Bribery,Administration,In Progress,CUST9637,2025-12-13 11:30:00,
2364,The staff member was polite and handled my issue very well.,,Customer Support,Closed,CUST2210,2025-02-01 09:39:00,2025-02-04 15:38:04
2365,I was overcharged on my last bill and no one is responding.,Billing Issue,Billing,In Progress,CUST3674,2025-07-25 12:46:00,
2366,"Excellent service today, very satisfied with the response.",Appreciation,Customer Support,In Progress,CUST1006,2025-09-04 06:14:00,
2367,No technician has visited despite multiple requests.,,Operations,Resolved,CUST6446,2025-01-09 17:20:00,2025-01-15 08:58:25
2368,There are serious safety hazards at the site that need urgent attention.,Safety Concern,Security,Closed,CUST9119,2025-11-12 11:58:00,2025-11-18 01:28:01
2369,I was overcharged on my last bill and no one is responding.,Billing Issue,Billing,Closed,CUST5737,2025-08-14 16:20:00,2025-08-17 16:42:05
2370,Staff keep telling me to wait but nothing happens.,Service Delay,Operations,Resolved,CUST2070,2025-06-28 14:04:00,2025-07-04 00:17:17
2371,No safety measures are in place despite previous warnings.,Safety Concern,Security,Resolved,CUST1685,2025-08-20 16:34:00,2025-08-22 03:47:21
2372,The staff at the counter was extremely rude to me today.,,Customer Support,Resolved,CUST2304,2025-11-15 20:53:00,2025-11-20 23:11:21
2373,Very unprofessional behavior from the officer on duty.,,Customer Support,In Progress,CUST4026,2025-07-04 13:50:00,
2374,"Great job by the support team, issue resolved within a day.",Appreciation,Customer Support,Resolved,CUST5079,2025-12-18 14:27:00,2025-12-19 19:57:28
2375,The new infrastructure upgrade has improved things significantly.,Infrastructure,Maintenance,Resolved,CUST7244,2025-06-20 13:35:00,2025-06-24 15:28:44
2376,The staff at the counter was extremely rude to me today.,Staff Behavior,Customer Support,Closed,CUST1807,2025-05-19 09:16:00,2025-05-22 13:27:27
2377,The online payment portal charged me twice for the same bill.,Billing Issue,Billing,In Progress,CUST8827,2025-03-20 16:43:00,
2378,"Excellent service today, very satisfied with the response.",Appreciation,Customer Support,Closed,CUST2153,2025-08-13 13:56:00,2025-08-14 08:02:15
2379,Very unprofessional behavior from the officer on duty.,Staff Behavior,Customer Support,Closed,CUST7469,2025-08-02 09:14:00,2025-08-04 16:10:08
2380,"There is a billing error, I already paid but it still shows unpaid.",Billing Issue,Billing,Open,CUST5258,2025-04-23 12:41:00,
2381,Staff keep telling me to wait but nothing happens.,Service Delay,Operations,Open,CUST5933,2025-01-16 08:00:00,
2382,I witnessed a near-accident due to lack of proper signage.,,Security,In Progress,CUST7165,2025-07-19 09:16:00,
2383,"The new online system has made things much easier, well done.",Appreciation,Customer Support,Resolved,CUST9151,2025-09-24 09:55:00,2025-09-25 12:10:20
2384,The response time for service requests is unacceptably slow.,Service Delay,Operations,Open,CUST6091,2025-09-09 11:10:00,
2385,The response time for service requests is unacceptably slow.,,Operations,Resolved,CUST8382,2025-07-15 06:21:00,2025-07-20 20:05:14
2386,I witnessed a near-accident due to lack of proper signage.,Safety Concern,Security,Closed,CUST1473,2025-09-08 12:12:00,2025-09-08 13:12:00
2387,I was treated very disrespectfully by the customer support agent.,Staff Behavior,Customer Support,Closed,CUST3143,2025-10-12 11:16:00,2025-10-15 05:34:15
2388,I was asked to pay extra money to get my work done faster.,,Administration,In Progress,CUST6472,2025-09-11 13:44:00,
2389,The equipment at the site is old and frequently malfunctions.,Infrastructure,Maintenance,Closed,CUST3625,2025-04-02 07:00:00,2025-04-11 06:07:44
2390,I was asked to pay extra money to get my work done faster.,Corruption/Bribery,Administration,Closed,CUST8015,2025-03-10 07:11:00,2025-03-20 18:55:36
2391,"Great job by the support team, issue resolved within a day.",Appreciation,Customer Support,Resolved,CUST2103,2025-08-16 17:19:00,2025-08-18 11:31:50
2392,It has been three weeks and my complaint is still not resolved.,,Operations,Closed,CUST9247,2025-02-09 13:45:00,2025-02-14 22:09:49
2393,I witnessed a near-accident due to lack of proper signage.,,Security,Resolved,CUST9795,2025-07-17 14:40:00,2025-07-19 08:32:40
2394,Why is the late fee applied when I paid on time?,Billing Issue,Billing,Closed,CUST3094,2025-07-13 06:30:00,2025-07-14 21:46:21
2395,I was overcharged on my last bill and no one is responding.,Billing Issue,Billing,Closed,CUST1223,2025-03-20 08:56:00,2025-03-22 04:44:06
2396,"The new online system has made things much easier, well done.",Appreciation,Customer Support,Closed,CUST7963,2025-06-23 08:26:00,2025-06-24 08:56:06
2397,I was overcharged on my last bill and no one is responding.,,Billing,Resolved,CUST8843,2025-11-02 09:13:00,2025-11-03 12:51:10
2398,I have been waiting since last month for this issue to be fixed.,Service Delay,Operations,Resolved,CUST1787,2025-05-19 11:46:00,2025-05-26 10:42:06
2399,The employee refused to help and was arguing instead of assisting.,,Customer Support,Resolved,CUST9422,2025-12-21 07:10:00,2025-12-21 18:31:26
2400,My bill amount doubled this month without any explanation.,Billing Issue,Billing,Closed,CUST5148,2025-03-18 00:44:00,2025-03-20 22:52:56
2401,The response time for service requests is unacceptably slow.,Service Delay,Operations,In Progress,CUST5672,2025-01-22 11:27:00,
2402,The equipment at the site is old and frequently malfunctions.,,Maintenance,Closed,CUST3292,2025-09-28 12:12:00,2025-10-11 11:06:28
2403,,Appreciation,Customer Support,Closed,CUST9048,2025-12-15 11:18:00,2025-12-16 12:21:35
2404,The new infrastructure upgrade has improved things significantly.,Infrastructure,Maintenance,Resolved,CUST4379,2025-09-03 15:28:00,2025-09-13 16:03:37
2405,The response time for service requests is unacceptably slow.,,Operations,In Progress,CUST4139,2025-08-22 10:47:00,
2406,There is clear favoritism and under-the-table dealing happening.,Corruption/Bribery,Administration,Closed,CUST6793,2025-07-22 11:10:00,2025-07-27 21:32:44
2407,The new infrastructure upgrade has improved things significantly.,Infrastructure,Maintenance,Resolved,CUST5045,2025-01-28 09:04:00,2025-02-04 23:59:24
2408,An official demanded a bribe before processing my documents.,Corruption/Bribery,Administration,Open,CUST4760,2025-05-21 16:12:00,
2409,Staff keep telling me to wait but nothing happens.,,Operations,Resolved,CUST4760,2025-07-05 15:17:00,2025-07-07 19:53:28
2410,I was asked to pay extra money to get my work done faster.,Corruption/Bribery,Administration,Closed,CUST9432,2025-01-28 19:44:00,2025-02-10 16:26:07
2411,Why is the late fee applied when I paid on time?,,Billing,Resolved,CUST7962,2025-06-17 07:18:00,2025-06-18 14:04:05
2412,No technician has visited despite multiple requests.,Service Delay,Operations,Closed,CUST5290,2025-05-09 16:58:00,2025-05-12 01:58:54
2413,The staff member was polite and handled my issue very well.,,Customer Support,Resolved,CUST4562,2025-04-18 23:56:00,2025-04-22 14:24:41
2414,The staff member was polite and handled my issue very well.,Staff Behavior,Customer Support,Closed,CUST6251,2025-02-21 17:43:00,2025-02-24 07:41:08
2415,Staff keep telling me to wait but nothing happens.,Service Delay,Operations,Closed,CUST5185,2025-03-18 09:29:00,2025-03-20 08:10:23
2416,There is clear favoritism and under-the-table dealing happening.,Corruption/Bribery,Administration,Resolved,CUST9645,2025-06-20 22:36:00,2025-06-22 22:28:18
2417,I was treated very disrespectfully by the customer support agent.,,Customer Support,Resolved,CUST6152,2025-11-25 09:44:00,2025-11-27 16:31:39
2418,I was treated very disrespectfully by the customer support agent.,Staff Behavior,Customer Support,Closed,,2025-10-04 15:17:00,2025-10-08 22:19:36
2419,It has been three weeks and my complaint is still not resolved.,Service Delay,Operations,Closed,CUST7247,2025-10-28 11:46:00,2025-11-04 21:24:55
2420,There is a major leakage that has not been fixed for weeks.,,Maintenance,Resolved,CUST8365,2025-04-07 16:53:00,2025-04-16 23:31:08
2421,My bill amount doubled this month without any explanation.,,Billing,In Progress,CUST9191,2025-04-26 17:06:00,
2422,My bill amount doubled this month without any explanation.,Billing Issue,Billing,Closed,CUST9432,2025-12-19 07:13:00,2025-12-20 15:56:31
2423,"Excellent service today, very satisfied with the response.",,Customer Support,Closed,CUST4768,2025-03-04 11:02:00,2025-03-05 15:06:27
2424,I was overcharged on my last bill and no one is responding.,Billing Issue,Billing,Resolved,CUST2877,2025-01-23 13:33:00,2025-01-25 23:12:09
2425,I was overcharged on my last bill and no one is responding.,Billing Issue,Billing,Closed,CUST8878,2025-07-21 23:38:00,2025-07-22 00:38:00
2426,The road near the facility is damaged and causing accidents.,Infrastructure,Maintenance,In Progress,CUST2522,2025-01-03 08:52:00,
2427,No technician has visited despite multiple requests.,,Operations,In Progress,CUST2393,2025-11-10 15:59:00,
2428,The road near the facility is damaged and causing accidents.,Infrastructure,Maintenance,Closed,CUST3265,2025-09-09 11:26:00,2025-09-15 20:53:26
2429,"There is a billing error, I already paid but it still shows unpaid.",Billing Issue,Billing,Closed,CUST1571,2025-06-19 15:20:00,2025-06-20 16:47:41
2430,I was overcharged on my last bill and no one is responding.,,Billing,Closed,CUST5570,2025-06-25 12:25:00,2025-06-26 01:14:54
2431,"Great job by the support team, issue resolved within a day.",Appreciation,Customer Support,Open,CUST8141,2025-06-03 14:21:00,
2432,Very unprofessional behavior from the officer on duty.,Staff Behavior,Customer Support,Open,CUST7077,2025-06-03 13:04:00,
2433,It has been three weeks and my complaint is still not resolved.,Service Delay,Operations,Closed,CUST5623,2025-09-23 08:53:00,2025-09-26 06:25:13
2434,Why is the late fee applied when I paid on time?,Billing Issue,Billing,Resolved,CUST5405,2025-07-04 12:25:00,2025-07-08 04:39:24
2435,Security personnel are not checking IDs properly at the gate.,Safety Concern,Security,Resolved,CUST4189,2025-01-20 09:00:00,2025-01-26 12:23:59
2436,The staff member was polite and handled my issue very well.,Staff Behavior,Customer Support,Resolved,CUST7639,2025-04-18 15:09:00,2025-04-21 13:44:16
2437,The online payment portal charged me twice for the same bill.,Billing Issue,Billing,In Progress,CUST9520,2025-06-01 16:33:00,
2438,There is clear favoritism and under-the-table dealing happening.,Corruption/Bribery,Administration,Closed,CUST2190,2025-02-17 13:43:00,2025-02-23 10:05:42
2439,The response time for service requests is unacceptably slow.,Service Delay,Operations,Resolved,CUST8446,2025-10-14 10:11:00,2025-10-20 15:41:44
2440,I was asked to pay extra money to get my work done faster.,,Administration,Open,CUST8071,2025-08-08 16:08:00,
2441,An official demanded a bribe before processing my documents.,Corruption/Bribery,Administration,Resolved,CUST4060,2025-06-21 15:33:00,2025-07-02 08:16:09
2442,The response time for service requests is unacceptably slow.,Service Delay,Operations,Open,CUST7038,2025-12-18 14:54:00,
2443,I want to thank the team for resolving my issue so quickly.,Appreciation,Customer Support,Resolved,CUST2929,2025-09-12 12:21:00,2025-09-13 08:31:40
2444,Very unprofessional behavior from the officer on duty.,Staff Behavior,Customer Support,Closed,CUST7309,2025-05-03 11:42:00,2025-05-05 18:04:35
2445,The road near the facility is damaged and causing accidents.,Infrastructure,Maintenance,Closed,CUST5592,2025-02-22 14:51:00,2025-02-24 19:03:26
2446,The online payment portal charged me twice for the same bill.,,Billing,In Progress,CUST8823,2025-06-05 00:27:00,
2447,Staff keep telling me to wait but nothing happens.,Service Delay,Operations,Closed,CUST5330,2025-02-02 12:51:00,2025-02-07 18:35:19
2448,I witnessed a near-accident due to lack of proper signage.,,Security,Closed,CUST5811,2025-04-05 10:06:00,2025-04-10 03:09:34
2449,It has been three weeks and my complaint is still not resolved.,Service Delay,Operations,Open,CUST3318,2025-05-25 09:32:00,
2450,"There is a billing error, I already paid but it still shows unpaid.",Billing Issue,Billing,Resolved,CUST1815,2025-07-01 12:45:00,2025-07-03 15:06:47
2451,Why is the late fee applied when I paid on time?,,Billing,In Progress,CUST1865,2025-04-23 07:57:00,
2452,I was treated very disrespectfully by the customer support agent.,Staff Behavior,Customer Support,Closed,CUST9242,2025-10-09 14:54:00,2025-10-09 23:49:48
2453,The online payment portal charged me twice for the same bill.,,Billing,Closed,CUST2457,2025-08-24 13:56:00,2025-08-27 12:52:10
2454,The staff member was polite and handled my issue very well.,,Customer Support,Closed,CUST3232,2025-03-23 18:16:00,2025-03-27 00:51:50
2455,I want to thank the team for resolving my issue so quickly.,Appreciation,Customer Support,Closed,CUST1102,2025-06-18 18:59:00,2025-06-20 05:17:48
2456,The staff at the counter was extremely rude to me today.,Staff Behavior,Customer Support,Closed,CUST2498,2025-09-18 14:41:00,2025-09-21 06:06:57
2457,"There is a billing error, I already paid but it still shows unpaid.",Billing Issue,Billing,Closed,CUST2789,2025-12-20 16:11:00,2025-12-23 17:22:24
2458,I want to thank the team for resolving my issue so quickly.,,Customer Support,Closed,CUST6942,2025-05-14 18:05:00,2025-05-15 05:53:26
2459,I have been waiting since last month for this issue to be fixed.,,Operations,In Progress,CUST2161,2025-01-19 10:08:00,
2460,Thank you for quickly fixing the safety issue I reported earlier.,,Security,Closed,CUST2419,2025-05-01 09:00:00,2025-05-05 13:19:49
2461,There is clear favoritism and under-the-table dealing happening.,,Administration,In Progress,CUST3307,2025-09-18 09:45:00,
2462,Thank you for quickly fixing the safety issue I reported earlier.,Safety Concern,Security,Resolved,CUST7752,2025-06-19 10:35:00,2025-06-26 09:04:30
2463,Staff keep telling me to wait but nothing happens.,Service Delay,Operations,Open,CUST2443,2025-04-16 11:49:00,
2464,"Excellent service today, very satisfied with the response.",Appreciation,Customer Support,In Progress,CUST4493,2025-12-07 14:51:00,
2465,I want to thank the team for resolving my issue so quickly.,Appreciation,Customer Support,In Progress,CUST7607,2025-01-11 07:02:00,
2466,No technician has visited despite multiple requests.,Service Delay,Operations,Closed,CUST6897,2025-02-10 07:13:00,2025-02-17 23:07:15
2467,The staff member was polite and handled my issue very well.,Staff Behavior,Customer Support,In Progress,CUST7892,2025-09-27 09:15:00,
2468,Very unprofessional behavior from the officer on duty.,Staff Behavior,Customer Support,Open,CUST4174,2025-11-18 13:27:00,
2469,There is a major leakage that has not been fixed for weeks.,Infrastructure,Maintenance,In Progress,CUST4198,2025-12-09 09:57:00,
2470,I was treated very disrespectfully by the customer support agent.,Staff Behavior,Customer Support,Closed,CUST5881,2025-05-08 10:24:00,2025-05-12 22:06:00
2471,No technician has visited despite multiple requests.,Service Delay,Operations,Open,CUST5533,2025-07-11 01:21:00,
2472,Poor maintenance of the facility is causing repeated problems.,Infrastructure,Maintenance,Resolved,CUST7505,2025-05-20 14:21:00,2025-05-27 14:39:05
2473,The online payment portal charged me twice for the same bill.,Billing Issue,Billing,Resolved,CUST6460,2025-03-27 15:00:00,2025-03-29 12:56:19
2474,"The new online system has made things much easier, well done.",Appreciation,Customer Support,Closed,CUST2666,2025-02-16 13:40:00,2025-02-17 23:15:39
2475,I was asked to pay extra money to get my work done faster.,Corruption/Bribery,Administration,Closed,CUST2552,2025-12-04 14:29:00,2025-12-12 01:15:50
2476,The road near the facility is damaged and causing accidents.,Infrastructure,Maintenance,Closed,CUST7374,2025-03-26 23:18:00,2025-04-04 23:12:57
2477,My bill amount doubled this month without any explanation.,Billing Issue,Billing,Closed,CUST4830,2025-03-01 15:25:00,2025-03-04 03:53:13
2478,The response time for service requests is unacceptably slow.,,Operations,In Progress,CUST2354,2025-08-03 06:43:00,
2479,There is a major leakage that has not been fixed for weeks.,Infrastructure,Maintenance,Closed,CUST1975,2025-06-11 09:50:00,2025-06-18 12:43:11
2480,Why is the late fee applied when I paid on time?,,Billing,Open,CUST6525,2025-09-23 18:58:00,
2481,My bill amount doubled this month without any explanation.,Billing Issue,Billing,Closed,CUST5253,2025-11-12 09:51:00,2025-11-14 00:45:06
2482,The staff member was polite and handled my issue very well.,Staff Behavior,Customer Support,Open,CUST2636,2025-05-15 17:18:00,
2483,No safety measures are in place despite previous warnings.,Safety Concern,Security,Resolved,CUST6999,2025-10-15 13:38:00,2025-10-18 18:27:52
2484,There is a major leakage that has not been fixed for weeks.,Infrastructure,Maintenance,Open,CUST5716,2025-08-27 15:04:00,
2485,"Excellent service today, very satisfied with the response.",Appreciation,Customer Support,Open,CUST2941,2025-12-25 09:46:00,
2486,"There is a billing error, I already paid but it still shows unpaid.",,Billing,In Progress,CUST5656,2025-03-02 16:56:00,
2487,The online payment portal charged me twice for the same bill.,,Billing,Open,CUST6518,2025-05-20 16:58:00,
2488,There is clear favoritism and under-the-table dealing happening.,Corruption/Bribery,Administration,In Progress,CUST7124,2025-11-18 10:22:00,
2489,The equipment at the site is old and frequently malfunctions.,,Maintenance,Open,CUST8977,2025-03-12 11:24:00,
2490,The staff member was polite and handled my issue very well.,Staff Behavior,Customer Support,Resolved,CUST9970,2025-01-01 09:25:00,2025-01-04 10:23:47
2491,The online payment portal charged me twice for the same bill.,Billing Issue,Billing,In Progress,CUST4958,2025-06-15 19:30:00,
2492,"The new online system has made things much easier, well done.",,Customer Support,Closed,CUST4175,2025-08-05 10:45:00,2025-08-06 11:49:09
2493,The equipment at the site is old and frequently malfunctions.,,Maintenance,Closed,CUST7432,2025-05-23 16:23:00,2025-06-03 13:11:34
2494,Very unprofessional behavior from the officer on duty.,,Customer Support,In Progress,CUST3632,2025-09-28 21:10:00,
2495,The road near the facility is damaged and causing accidents.,,Maintenance,In Progress,CUST7408,2025-02-07 11:24:00,
2496,I was overcharged on my last bill and no one is responding.,Billing Issue,Billing,Resolved,CUST3448,2025-06-09 08:11:00,2025-06-12 04:25:40
2497,My bill amount doubled this month without any explanation.,Billing Issue,Billing,Open,CUST1523,2025-05-28 15:06:00,
2498,Poor maintenance of the facility is causing repeated problems.,Infrastructure,Maintenance,In Progress,CUST9863,2025-10-02 15:22:00,
2499,Very unprofessional behavior from the officer on duty.,Staff Behavior,Customer Support,In Progress,CUST2448,2025-07-08 13:00:00,
2500,I have been waiting since last month for this issue to be fixed.,,Operations,Closed,CUST6480,2025-04-05 09:39:00,2025-04-06 10:41:42
1407,It has been three weeks and my complaint is still not resolved.,Service Delay,Operations,Closed,CUST2462,2025-04-24 14:44:00,2025-04-29 23:33:29
298,I was asked to pay extra money to get my work done faster.,,Administration,Closed,CUST4422,2025-10-19 16:46:00,2025-10-25 04:32:05
1277,I was overcharged on my last bill and no one is responding.,Billing Issue,Billing,Open,CUST2742,2025-04-21 14:38:00,
2369,I was overcharged on my last bill and no one is responding.,Billing Issue,Billing,Closed,CUST5737,2025-08-14 16:20:00,2025-08-17 16:42:05
439,I was overcharged on my last bill and no one is responding.,,Billing,Closed,CUST3787,2025-05-11 10:16:00,2025-05-14 02:37:47
2010,The online payment portal charged me twice for the same bill.,Billing Issue,Billing,Open,CUST8541,2025-04-17 10:23:00,
643,No technician has visited despite multiple requests.,Service Delay,Operations,Resolved,CUST9165,2025-01-07 15:21:00,2025-01-12 06:49:06
656,The employee refused to help and was arguing instead of assisting.,Staff Behavior,Customer Support,Closed,CUST3627,2025-09-09 11:55:00,2025-09-12 05:18:35
1194,Security personnel are not checking IDs properly at the gate.,Safety Concern,Security,In Progress,CUST9978,2025-02-24 17:18:00,
2411,Why is the late fee applied when I paid on time?,,Billing,Resolved,CUST7962,2025-06-17 07:18:00,2025-06-18 14:04:05
899,I witnessed a near-accident due to lack of proper signage.,Safety Concern,Security,Resolved,CUST7557,2025-09-25 08:37:00,2025-09-28 10:49:39
469,The response time for service requests is unacceptably slow.,Service Delay,Operations,In Progress,CUST6713,2025-09-23 04:41:00,
608,I was treated very disrespectfully by the customer support agent.,,Customer Support,In Progress,CUST5091,2025-04-08 15:55:00,
2500,I have been waiting since last month for this issue to be fixed.,,Operations,Closed,CUST6480,2025-04-05 09:39:00,2025-04-06 10:41:42
2263,The employee refused to help and was arguing instead of assisting.,,Customer Support,Closed,CUST5719,2025-09-14 08:23:00,2025-09-18 05:09:07
590,Staff keep telling me to wait but nothing happens.,Service Delay,Operations,In Progress,CUST4337,2025-06-12 17:39:00,
108,"Excellent service today, very satisfied with the response.",Appreciation,Customer Support,Closed,CUST8700,2025-12-14 16:40:00,2025-12-15 10:08:18
536,I was overcharged on my last bill and no one is responding.,Billing Issue,Billing,Open,CUST5178,2025-06-18 13:16:00,
1550,The employee refused to help and was arguing instead of assisting.,Staff Behavior,Customer Support,Resolved,CUST2334,2025-12-08 09:20:00,2025-12-09 00:35:39
1266,"The new online system has made things much easier, well done.",Appreciation,Customer Support,Closed,CUST4440,2025-11-02 11:41:00,2025-11-02 15:01:33
