complaint_id,stage_order,department,action,routed_correctly,comment,stage_timestamp,resolution_status
1,1,Public Relations,Received,,Complaint logged and reviewed for routing.,2025-09-08 11:28:41.948699,
1,2,Maintenance,Forwarded (Correct),True,"Received from Public Relations, correctly routed for Infrastructure.",2025-09-08 17:56:15.902263,
1,3,Maintenance,Reviewed,True,Waiting on additional information from the customer.,2025-09-10 14:16:17.039716,Unresolved
2,1,Public Relations,Received,,Complaint logged and reviewed for routing.,2025-01-03 21:41:28.501816,
2,2,Billing,Forwarded (Correct),True,"Received from Public Relations, correctly routed for Billing Issue.",2025-01-04 05:32:13.837518,
2,3,Billing,Reviewed,True,"Still under investigation, pending further review.",2025-01-06 11:04:43.669798,Unresolved
3,1,Public Relations,Received,,Complaint logged and reviewed for routing.,2025-06-15 16:40:07.663971,
3,2,Security,Forwarded (Incorrect),False,"This complaint does not belong to our department, forwarding to the correct team.",2025-06-15 18:10:23.352532,
3,3,Maintenance,Forwarded (Re-routed),True,Re-routed from Security; now correctly assigned for Infrastructure.,2025-06-16 03:32:30.959099,
3,4,Maintenance,Reviewed,True,Escalated to senior staff for further action.,2025-06-18 05:31:52.043372,Unresolved
4,1,Public Relations,Received,,Complaint logged and reviewed for routing.,2025-05-07 16:11:25.933173,
4,2,Maintenance,Forwarded (Correct),True,"Received from Public Relations, correctly routed for Infrastructure.",2025-05-07 22:49:00.156883,
4,3,Maintenance,Reviewed,True,On hold due to resource availability.,2025-05-09 13:51:47.860182,Unresolved
5,1,Public Relations,Received,,Complaint logged and reviewed for routing.,2025-08-26 08:15:31.004613,
5,2,Operations,Forwarded (Correct),True,"Received from Public Relations, correctly routed for Service Delay.",2025-08-26 11:16:32.273716,
5,3,Operations,Reviewed,True,Issue verified and resolved after review.,2025-08-30 02:57:29.650097,Resolved
6,1,Public Relations,Received,,Complaint logged and reviewed for routing.,2025-10-20 16:26:19.555818,
6,2,Billing,Forwarded (Correct),True,"Received from Public Relations, correctly routed for Billing Issue.",2025-10-20 20:36:13.079656,
6,3,Billing,Reviewed,True,Issue verified and resolved after review.,2025-10-24 14:16:28.513377,Resolved
7,1,Public Relations,Received,,Complaint logged and reviewed for routing.,2025-09-03 04:02:50.310716,
7,2,Billing,Forwarded (Correct),True,"Received from Public Relations, correctly routed for Billing Issue.",2025-09-03 09:15:04.143436,
7,3,Billing,Reviewed,True,On hold due to resource availability.,2025-09-07 04:39:47.033973,Unresolved
8,1,Public Relations,Received,,Complaint logged and reviewed for routing.,2025-03-12 21:45:15.271693,
8,2,Customer Support,Forwarded (Correct),True,"Received from Public Relations, correctly routed for Staff Behavior.",2025-03-13 02:35:37.217658,
8,3,Customer Support,Reviewed,True,Completed the requested action successfully.,2025-03-16 18:14:00.535420,Resolved
9,1,Public Relations,Received,,Complaint logged and reviewed for routing.,2025-07-08 09:31:10.879009,
9,2,Operations,Forwarded (Incorrect),False,"Not within our scope, sending to the relevant department.",2025-07-08 14:11:00.876042,
9,3,Maintenance,Forwarded (Re-routed),True,Re-routed from Operations; now correctly assigned for Infrastructure.,2025-07-09 09:11:30.385897,
9,4,Maintenance,Reviewed,True,Completed the requested action successfully.,2025-07-12 02:44:27.571278,Resolved
10,1,Public Relations,Received,,Complaint logged and reviewed for routing.,2025-04-02 10:50:19.429561,
10,2,Maintenance,Forwarded (Correct),True,"Received from Public Relations, correctly routed for Infrastructure.",2025-04-02 13:16:21.626637,
10,3,Maintenance,Reviewed,True,On hold due to resource availability.,2025-04-04 14:25:23.289104,Unresolved
11,1,Public Relations,Received,,Complaint logged and reviewed for routing.,2025-04-16 11:13:27.111275,
11,2,Customer Support,Forwarded (Correct),True,"Received from Public Relations, correctly routed for Appreciation.",2025-04-16 15:33:57.620377,
11,3,Customer Support,Reviewed,True,Issue verified and resolved after review.,2025-04-18 05:13:40.516148,Resolved
12,1,Public Relations,Received,,Complaint logged and reviewed for routing.,2025-09-18 11:57:31.359081,
12,2,Operations,Forwarded (Correct),True,"Received from Public Relations, correctly routed for Service Delay.",2025-09-18 18:20:21.276245,
12,3,Operations,Reviewed,True,Issue verified and resolved after review.,2025-09-20 03:13:36.313338,Resolved
13,1,Public Relations,Received,,Complaint logged and reviewed for routing.,2025-07-03 15:59:16.757275,
13,2,Operations,Forwarded (Correct),True,"Received from Public Relations, correctly routed for Service Delay.",2025-07-03 18:55:13.193293,
13,3,Operations,Reviewed,True,Waiting on additional information from the customer.,2025-07-05 16:34:54.772552,Unresolved
14,1,Public Relations,Received,,Complaint logged and reviewed for routing.,2025-08-13 09:10:14.372023,
14,2,Security,Forwarded (Correct),True,"Received from Public Relations, correctly routed for Safety Concern.",2025-08-13 14:46:20.838485,
14,3,Security,Reviewed,True,Corrected the error and notified the customer.,2025-08-15 04:50:41.117171,Resolved
15,1,Public Relations,Received,,Complaint logged and reviewed for routing.,2025-08-04 13:41:20.195969,
15,2,Customer Support,Forwarded (Correct),True,"Received from Public Relations, correctly routed for Appreciation.",2025-08-04 19:43:27.163856,
15,3,Customer Support,Reviewed,True,Completed the requested action successfully.,2025-08-06 13:43:10.057659,Resolved
16,1,Public Relations,Received,,Complaint logged and reviewed for routing.,2025-03-01 18:35:19.935161,
16,2,Billing,Forwarded (Correct),True,"Received from Public Relations, correctly routed for Billing Issue.",2025-03-01 20:51:07.315965,
16,3,Billing,Reviewed,True,Corrected the error and notified the customer.,2025-03-04 21:02:05.886674,Resolved
17,1,Public Relations,Received,,Complaint logged and reviewed for routing.,2025-11-28 15:34:09.038459,
17,2,Security,Forwarded (Correct),True,"Received from Public Relations, correctly routed for Safety Concern.",2025-11-28 19:33:15.668491,
17,3,Security,Reviewed,True,On hold due to resource availability.,2025-12-01 09:55:02.280983,Unresolved
18,1,Public Relations,Received,,Complaint logged and reviewed for routing.,2025-07-25 08:04:36.678415,
18,2,Billing,Forwarded (Correct),True,"Received from Public Relations, correctly routed for Billing Issue.",2025-07-25 11:58:51.805072,
18,3,Billing,Reviewed,True,Resolved following standard procedure.,2025-07-25 16:06:44.387914,Resolved
19,1,Public Relations,Received,,Complaint logged and reviewed for routing.,2025-12-27 15:07:31.074446,
19,2,Operations,Forwarded (Incorrect),False,"Not within our scope, sending to the relevant department.",2025-12-27 21:05:27.813168,
19,3,Customer Support,Forwarded (Re-routed),True,Re-routed from Operations; now correctly assigned for Staff Behavior.,2025-12-28 11:34:40.696135,
19,4,Customer Support,Reviewed,True,"Still under investigation, pending further review.",2025-12-31 07:37:29.041652,Unresolved
20,1,Public Relations,Received,,Complaint logged and reviewed for routing.,2025-10-25 10:28:55.403329,
20,2,Billing,Forwarded (Correct),True,"Received from Public Relations, correctly routed for Billing Issue.",2025-10-25 16:15:44.832459,
20,3,Billing,Reviewed,True,Confirmed with the customer that the issue is fixed.,2025-10-26 01:09:01.054810,Resolved
21,1,Public Relations,Received,,Complaint logged and reviewed for routing.,2025-04-28 16:19:12.552364,
21,2,Customer Support,Forwarded (Correct),True,"Received from Public Relations, correctly routed for Appreciation.",2025-04-28 21:28:05.938485,
21,3,Customer Support,Reviewed,True,Confirmed with the customer that the issue is fixed.,2025-04-29 23:05:57.817369,Resolved
22,1,Public Relations,Received,,Complaint logged and reviewed for routing.,2025-09-13 14:38:00.401637,
22,2,Security,Forwarded (Correct),True,"Received from Public Relations, correctly routed for Safety Concern.",2025-09-13 22:14:55.616877,
22,3,Security,Reviewed,True,Confirmed with the customer that the issue is fixed.,2025-09-17 08:18:05.988610,Resolved
23,1,Public Relations,Received,,Complaint logged and reviewed for routing.,2025-04-11 06:00:50.696135,
23,2,Customer Support,Forwarded (Correct),True,"Received from Public Relations, correctly routed for Staff Behavior.",2025-04-11 12:54:15.909350,
23,3,Customer Support,Reviewed,True,Confirmed with the customer that the issue is fixed.,2025-04-12 04:57:59.754096,Resolved
24,1,Public Relations,Received,,Complaint logged and reviewed for routing.,2025-04-02 19:36:11.738216,
24,2,Billing,Forwarded (Correct),True,"Received from Public Relations, correctly routed for Billing Issue.",2025-04-02 23:50:39.247349,
24,3,Billing,Reviewed,True,Waiting on additional information from the customer.,2025-04-06 00:05:39.040215,Unresolved
25,1,Public Relations,Received,,Complaint logged and reviewed for routing.,2025-07-24 12:00:23.044564,
25,2,Maintenance,Forwarded (Correct),True,"Received from Public Relations, correctly routed for Infrastructure.",2025-07-24 13:57:52.322758,
25,3,Maintenance,Reviewed,True,Corrected the error and notified the customer.,2025-07-26 01:34:11.621396,Resolved
26,1,Public Relations,Received,,Complaint logged and reviewed for routing.,2025-03-04 14:24:59.075001,
26,2,Administration,Forwarded (Incorrect),False,"Not within our scope, sending to the relevant department.",2025-03-04 17:31:09.631390,
26,3,Security,Forwarded (Re-routed),True,Re-routed from Administration; now correctly assigned for Safety Concern.,2025-03-05 00:49:45.732224,
26,4,Security,Reviewed,True,Confirmed with the customer that the issue is fixed.,2025-03-06 19:00:01.199300,Resolved
27,1,Public Relations,Received,,Complaint logged and reviewed for routing.,2025-08-21 14:03:05.145297,
27,2,Administration,Forwarded (Correct),True,"Received from Public Relations, correctly routed for Corruption/Bribery.",2025-08-21 20:28:32.634768,
27,3,Administration,Reviewed,True,Requires field visit before it can be closed.,2025-08-25 01:44:37.234867,Unresolved
28,1,Public Relations,Received,,Complaint logged and reviewed for routing.,2025-07-05 10:32:33.148476,
28,2,Operations,Forwarded (Correct),True,"Received from Public Relations, correctly routed for Service Delay.",2025-07-05 14:46:01.031939,
28,3,Operations,Reviewed,True,"Still under investigation, pending further review.",2025-07-08 18:21:45.376770,Unresolved
29,1,Public Relations,Received,,Complaint logged and reviewed for routing.,2025-02-21 23:21:09.056431,
29,2,Maintenance,Forwarded (Incorrect),False,"This complaint does not belong to our department, forwarding to the correct team.",2025-02-22 05:04:37.009432,
29,3,Customer Support,Forwarded (Re-routed),True,Re-routed from Maintenance; now correctly assigned for Staff Behavior.,2025-02-23 01:05:11.500960,
29,4,Customer Support,Reviewed,True,Resolved following standard procedure.,2025-02-26 19:29:05.181316,Resolved
30,1,Public Relations,Received,,Complaint logged and reviewed for routing.,2025-07-28 19:35:38.085737,
30,2,Billing,Forwarded (Correct),True,"Received from Public Relations, correctly routed for Billing Issue.",2025-07-29 02:43:25.013204,
30,3,Billing,Reviewed,True,Confirmed with the customer that the issue is fixed.,2025-07-30 08:10:02.702800,Resolved
31,1,Public Relations,Received,,Complaint logged and reviewed for routing.,2025-12-26 08:29:14.229176,
31,2,Customer Support,Forwarded (Correct),True,"Received from Public Relations, correctly routed for Appreciation.",2025-12-26 15:03:52.605291,
31,3,Customer Support,Reviewed,True,"Still under investigation, pending further review.",2025-12-29 13:03:03.232621,Unresolved
32,1,Public Relations,Received,,Complaint logged and reviewed for routing.,2025-04-02 09:59:46.489392,
32,2,Billing,Forwarded (Correct),True,"Received from Public Relations, correctly routed for Billing Issue.",2025-04-02 15:36:26.945518,
32,3,Billing,Reviewed,True,Completed the requested action successfully.,2025-04-03 01:58:43.231105,Resolved
33,1,Public Relations,Received,,Complaint logged and reviewed for routing.,2025-07-28 12:19:42.363098,
33,2,Billing,Forwarded (Correct),True,"Received from Public Relations, correctly routed for Billing Issue.",2025-07-28 19:01:05.667762,
33,3,Billing,Reviewed,True,Escalated to senior staff for further action.,2025-07-30 14:22:01.508461,Unresolved
34,1,Public Relations,Received,,Complaint logged and reviewed for routing.,2025-08-22 12:09:23.004353,
34,2,Administration,Forwarded (Correct),True,"Received from Public Relations, correctly routed for Corruption/Bribery.",2025-08-22 18:15:12.668688,
34,3,Administration,Reviewed,True,Escalated to senior staff for further action.,2025-08-26 01:48:23.252559,Unresolved
35,1,Public Relations,Received,,Complaint logged and reviewed for routing.,2025-08-14 19:14:41.923421,
35,2,Maintenance,Forwarded (Correct),True,"Received from Public Relations, correctly routed for Infrastructure.",2025-08-14 20:17:41.933958,
35,3,Maintenance,Reviewed,True,Completed the requested action successfully.,2025-08-16 14:57:30.997270,Resolved
36,1,Public Relations,Received,,Complaint logged and reviewed for routing.,2025-04-13 12:06:47.851731,
36,2,Billing,Forwarded (Correct),True,"Received from Public Relations, correctly routed for Billing Issue.",2025-04-13 13:30:06.439209,
36,3,Billing,Reviewed,True,Issue verified and resolved after review.,2025-04-15 19:18:52.073359,Resolved
37,1,Public Relations,Received,,Complaint logged and reviewed for routing.,2025-01-20 09:51:17.151940,
37,2,Customer Support,Forwarded (Correct),True,"Received from Public Relations, correctly routed for Appreciation.",2025-01-20 16:39:14.172454,
37,3,Customer Support,Reviewed,True,Resolved following standard procedure.,2025-01-24 11:18:01.402079,Resolved
38,1,Public Relations,Received,,Complaint logged and reviewed for routing.,2025-12-03 17:16:36.531321,
38,2,Customer Support,Forwarded (Correct),True,"Received from Public Relations, correctly routed for Staff Behavior.",2025-12-03 19:53:23.384316,
38,3,Customer Support,Reviewed,True,"Still under investigation, pending further review.",2025-12-06 12:31:56.645426,Unresolved
39,1,Public Relations,Received,,Complaint logged and reviewed for routing.,2025-05-26 08:02:06.122084,
39,2,Billing,Forwarded (Incorrect),False,"Not within our scope, sending to the relevant department.",2025-05-26 10:36:12.903735,
39,3,Administration,Forwarded (Re-routed),True,Re-routed from Billing; now correctly assigned for Corruption/Bribery.,2025-05-27 02:06:03.010041,
39,4,Administration,Reviewed,True,Completed the requested action successfully.,2025-05-27 21:41:49.267286,Resolved
40,1,Public Relations,Received,,Complaint logged and reviewed for routing.,2025-12-05 16:51:10.454235,
40,2,Customer Support,Forwarded (Correct),True,"Received from Public Relations, correctly routed for Appreciation.",2025-12-05 23:51:06.240013,
40,3,Customer Support,Reviewed,True,Requires field visit before it can be closed.,2025-12-06 06:56:59.136544,Unresolved
41,1,Public Relations,Received,,Complaint logged and reviewed for routing.,2025-04-11 17:19:43.290466,
41,2,Operations,Forwarded (Correct),True,"Received from Public Relations, correctly routed for Service Delay.",2025-04-11 23:54:26.464674,
41,3,Operations,Reviewed,True,Confirmed with the customer that the issue is fixed.,2025-04-15 21:37:12.727073,Resolved
42,1,Public Relations,Received,,Complaint logged and reviewed for routing.,2025-02-14 08:30:15.928777,
42,2,Customer Support,Forwarded (Correct),True,"Received from Public Relations, correctly routed for Staff Behavior.",2025-02-14 10:41:17.275574,
42,3,Customer Support,Reviewed,True,Escalated to senior staff for further action.,2025-02-17 23:20:40.623650,Unresolved
43,1,Public Relations,Received,,Complaint logged and reviewed for routing.,2025-03-15 13:24:38.808052,
43,2,Billing,Forwarded (Incorrect),False,"Incorrectly routed here, reassigning to the appropriate department.",2025-03-15 15:47:36.636867,
43,3,Maintenance,Forwarded (Re-routed),True,Re-routed from Billing; now correctly assigned for Infrastructure.,2025-03-16 04:37:26.778342,
43,4,Maintenance,Reviewed,True,Corrected the error and notified the customer.,2025-03-19 02:47:36.463671,Resolved
44,1,Public Relations,Received,,Complaint logged and reviewed for routing.,2025-07-27 09:05:22.160886,
44,2,Billing,Forwarded (Correct),True,"Received from Public Relations, correctly routed for Billing Issue.",2025-07-27 11:16:02.698581,
44,3,Billing,Reviewed,True,Confirmed with the customer that the issue is fixed.,2025-07-30 04:26:40.419095,Resolved
45,1,Public Relations,Received,,Complaint logged and reviewed for routing.,2025-11-26 12:33:05.594542,
45,2,Administration,Forwarded (Incorrect),False,"This complaint does not belong to our department, forwarding to the correct team.",2025-11-26 17:23:58.390386,
45,3,Billing,Forwarded (Re-routed),True,Re-routed from Administration; now correctly assigned for Billing Issue.,2025-11-27 00:41:37.989818,
45,4,Billing,Reviewed,True,Waiting on additional information from the customer.,2025-11-27 07:57:45.129978,Unresolved
46,1,Public Relations,Received,,Complaint logged and reviewed for routing.,2025-09-28 11:04:05.691314,
46,2,Maintenance,Forwarded (Correct),True,"Received from Public Relations, correctly routed for Infrastructure.",2025-09-28 17:43:24.036645,
46,3,Maintenance,Reviewed,True,Confirmed with the customer that the issue is fixed.,2025-09-29 01:50:30.622237,Resolved
47,1,Public Relations,Received,,Complaint logged and reviewed for routing.,2025-11-01 18:17:56.200894,
47,2,Maintenance,Forwarded (Incorrect),False,"Incorrectly routed here, reassigning to the appropriate department.",2025-11-01 21:49:48.940416,
47,3,Administration,Forwarded (Re-routed),True,Re-routed from Maintenance; now correctly assigned for Corruption/Bribery.,2025-11-02 03:06:09.744986,
47,4,Administration,Reviewed,True,Completed the requested action successfully.,2025-11-02 20:51:19.608647,Resolved
48,1,Public Relations,Received,,Complaint logged and reviewed for routing.,2025-04-26 12:52:38.622118,
48,2,Security,Forwarded (Correct),True,"Received from Public Relations, correctly routed for Safety Concern.",2025-04-26 17:33:01.562005,
48,3,Security,Reviewed,True,Waiting on additional information from the customer.,2025-04-29 13:38:47.244810,Unresolved
49,1,Public Relations,Received,,Complaint logged and reviewed for routing.,2025-05-27 09:44:41.045892,
49,2,Operations,Forwarded (Correct),True,"Received from Public Relations, correctly routed for Service Delay.",2025-05-27 11:41:12.221450,
49,3,Operations,Reviewed,True,Completed the requested action successfully.,2025-05-28 22:10:17.729721,Resolved
50,1,Public Relations,Received,,Complaint logged and reviewed for routing.,2025-11-25 14:30:17.965643,
50,2,Operations,Forwarded (Correct),True,"Received from Public Relations, correctly routed for Service Delay.",2025-11-25 22:05:22.632757,
50,3,Operations,Reviewed,True,Confirmed with the customer that the issue is fixed.,2025-11-29 21:24:17.749347,Resolved
51,1,Public Relations,Received,,Complaint logged and reviewed for routing.,2025-02-09 16:44:32.563950,
51,2,Operations,Forwarded (Correct),True,"Received from Public Relations, correctly routed for Service Delay.",2025-02-09 17:48:59.177605,
51,3,Operations,Reviewed,True,Confirmed with the customer that the issue is fixed.,2025-02-13 02:14:07.253574,Resolved
52,1,Public Relations,Received,,Complaint logged and reviewed for routing.,2025-05-26 13:11:38.032494,
52,2,Billing,Forwarded (Correct),True,"Received from Public Relations, correctly routed for Billing Issue.",2025-05-26 17:24:14.840184,
52,3,Billing,Reviewed,True,Corrected the error and notified the customer.,2025-05-29 20:22:36.544703,Resolved
53,1,Public Relations,Received,,Complaint logged and reviewed for routing.,2025-03-02 06:29:44.801393,
53,2,Administration,Forwarded (Incorrect),False,"This complaint does not belong to our department, forwarding to the correct team.",2025-03-02 11:45:47.094311,
53,3,Operations,Forwarded (Re-routed),True,Re-routed from Administration; now correctly assigned for Service Delay.,2025-03-03 09:12:56.251497,
53,4,Operations,Reviewed,True,Corrected the error and notified the customer.,2025-03-03 15:24:52.933755,Resolved
54,1,Public Relations,Received,,Complaint logged and reviewed for routing.,2025-06-03 14:18:57.711307,
54,2,Security,Forwarded (Incorrect),False,"This complaint does not belong to our department, forwarding to the correct team.",2025-06-03 17:15:23.644791,
54,3,Maintenance,Forwarded (Re-routed),True,Re-routed from Security; now correctly assigned for Infrastructure.,2025-06-03 23:40:09.179629,
54,4,Maintenance,Reviewed,True,Resolved following standard procedure.,2025-06-07 15:27:17.475689,Resolved
55,1,Public Relations,Received,,Complaint logged and reviewed for routing.,2025-07-22 18:35:28.204584,
55,2,Maintenance,Forwarded (Correct),True,"Received from Public Relations, correctly routed for Infrastructure.",2025-07-23 00:17:56.742528,
55,3,Maintenance,Reviewed,True,Waiting on additional information from the customer.,2025-07-23 10:51:44.446948,Unresolved
56,1,Public Relations,Received,,Complaint logged and reviewed for routing.,2025-08-06 10:26:07.738577,
56,2,Billing,Forwarded (Correct),True,"Received from Public Relations, correctly routed for Billing Issue.",2025-08-06 14:21:43.847052,
56,3,Billing,Reviewed,True,Resolved following standard procedure.,2025-08-07 11:03:04.947588,Resolved
57,1,Public Relations,Received,,Complaint logged and reviewed for routing.,2025-06-19 10:43:23.736466,
57,2,Operations,Forwarded (Correct),True,"Received from Public Relations, correctly routed for Service Delay.",2025-06-19 15:28:05.528841,
57,3,Operations,Reviewed,True,Resolved following standard procedure.,2025-06-21 00:38:10.462538,Resolved
58,1,Public Relations,Received,,Complaint logged and reviewed for routing.,2025-07-26 09:17:01.682327,
58,2,Maintenance,Forwarded (Correct),True,"Received from Public Relations, correctly routed for Infrastructure.",2025-07-26 11:24:18.783075,
58,3,Maintenance,Reviewed,True,On hold due to resource availability.,2025-07-27 09:06:57.505195,Unresolved
59,1,Public Relations,Received,,Complaint logged and reviewed for routing.,2025-05-27 11:34:24.855363,
59,2,Maintenance,Forwarded (Correct),True,"Received from Public Relations, correctly routed for Infrastructure.",2025-05-27 15:13:19.933925,
59,3,Maintenance,Reviewed,True,"Still under investigation, pending further review.",2025-05-28 14:12:01.809598,Unresolved
60,1,Public Relations,Received,,Complaint logged and reviewed for routing.,2025-04-16 10:29:43.970963,
60,2,Billing,Forwarded (Correct),True,"Received from Public Relations, correctly routed for Billing Issue.",2025-04-16 17:17:31.928916,
60,3,Billing,Reviewed,True,Completed the requested action successfully.,2025-04-17 07:07:29.506614,Resolved
61,1,Public Relations,Received,,Complaint logged and reviewed for routing.,2025-04-23 17:12:07.283663,
61,2,Administration,Forwarded (Correct),True,"Received from Public Relations, correctly routed for Corruption/Bribery.",2025-04-23 19:49:50.595273,
61,3,Administration,Reviewed,True,Confirmed with the customer that the issue is fixed.,2025-04-25 17:19:47.828570,Resolved
62,1,Public Relations,Received,,Complaint logged and reviewed for routing.,2025-09-08 09:48:30.009554,
62,2,Administration,Forwarded (Correct),True,"Received from Public Relations, correctly routed for Corruption/Bribery.",2025-09-08 14:19:15.543210,
62,3,Administration,Reviewed,True,Confirmed with the customer that the issue is fixed.,2025-09-12 07:12:01.707509,Resolved
63,1,Public Relations,Received,,Complaint logged and reviewed for routing.,2025-11-04 17:18:36.376190,
63,2,Billing,Forwarded (Correct),True,"Received from Public Relations, correctly routed for Billing Issue.",2025-11-04 22:51:39.610071,
63,3,Billing,Reviewed,True,"Still under investigation, pending further review.",2025-11-07 09:39:29.322703,Unresolved
64,1,Public Relations,Received,,Complaint logged and reviewed for routing.,2025-12-15 20:10:43.362358,
64,2,Administration,Forwarded (Incorrect),False,"Incorrectly routed here, reassigning to the appropriate department.",2025-12-15 21:36:37.328678,
64,3,Customer Support,Forwarded (Re-routed),True,Re-routed from Administration; now correctly assigned for Appreciation.,2025-12-16 16:30:24.633183,
64,4,Customer Support,Reviewed,True,Corrected the error and notified the customer.,2025-12-20 11:33:51.220263,Resolved
65,1,Public Relations,Received,,Complaint logged and reviewed for routing.,2025-06-06 12:01:48.347334,
65,2,Security,Forwarded (Incorrect),False,"This complaint does not belong to our department, forwarding to the correct team.",2025-06-06 15:02:35.361875,
65,3,Administration,Forwarded (Re-routed),True,Re-routed from Security; now correctly assigned for Corruption/Bribery.,2025-06-07 08:29:25.945602,
65,4,Administration,Reviewed,True,Issue verified and resolved after review.,2025-06-10 05:59:56.503784,Resolved
66,1,Public Relations,Received,,Complaint logged and reviewed for routing.,2025-09-17 12:51:50.119960,
66,2,Operations,Forwarded (Incorrect),False,"Not within our scope, sending to the relevant department.",2025-09-17 14:53:32.763915,
66,3,Administration,Forwarded (Re-routed),True,Re-routed from Operations; now correctly assigned for Corruption/Bribery.,2025-09-18 14:21:43.004830,
66,4,Administration,Reviewed,True,Issue verified and resolved after review.,2025-09-22 10:15:26.004073,Resolved
67,1,Public Relations,Received,,Complaint logged and reviewed for routing.,2025-05-11 17:51:24.438644,
67,2,Maintenance,Forwarded (Correct),True,"Received from Public Relations, correctly routed for Infrastructure.",2025-05-11 23:00:44.099345,
67,3,Maintenance,Reviewed,True,Completed the requested action successfully.,2025-05-12 06:39:29.083010,Resolved
68,1,Public Relations,Received,,Complaint logged and reviewed for routing.,2025-08-03 11:24:42.258848,
68,2,Administration,Forwarded (Incorrect),False,"Not within our scope, sending to the relevant department.",2025-08-03 18:08:34.632662,
68,3,Operations,Forwarded (Re-routed),True,Re-routed from Administration; now correctly assigned for Service Delay.,2025-08-04 10:52:22.801317,
68,4,Operations,Reviewed,True,Confirmed with the customer that the issue is fixed.,2025-08-07 12:53:34.068603,Resolved
69,1,Public Relations,Received,,Complaint logged and reviewed for routing.,2025-06-25 09:04:26.124712,
69,2,Billing,Forwarded (Correct),True,"Received from Public Relations, correctly routed for Billing Issue.",2025-06-25 12:13:39.020382,
69,3,Billing,Reviewed,True,Resolved following standard procedure.,2025-06-26 14:53:44.595369,Resolved
70,1,Public Relations,Received,,Complaint logged and reviewed for routing.,2025-05-13 12:07:56.975982,
70,2,Customer Support,Forwarded (Correct),True,"Received from Public Relations, correctly routed for Staff Behavior.",2025-05-13 13:46:32.978257,
70,3,Customer Support,Reviewed,True,Completed the requested action successfully.,2025-05-17 04:10:19.005360,Resolved
71,1,Public Relations,Received,,Complaint logged and reviewed for routing.,2025-10-08 14:29:41.967444,
71,2,Security,Forwarded (Correct),True,"Received from Public Relations, correctly routed for Safety Concern.",2025-10-08 18:36:31.239041,
71,3,Security,Reviewed,True,"Still under investigation, pending further review.",2025-10-09 08:14:31.622784,Unresolved
72,1,Public Relations,Received,,Complaint logged and reviewed for routing.,2025-09-27 16:53:04.743613,
72,2,Maintenance,Forwarded (Incorrect),False,"Incorrectly routed here, reassigning to the appropriate department.",2025-09-27 23:36:10.472270,
72,3,Operations,Forwarded (Re-routed),True,Re-routed from Maintenance; now correctly assigned for Service Delay.,2025-09-28 16:11:38.084615,
72,4,Operations,Reviewed,True,Confirmed with the customer that the issue is fixed.,2025-09-29 18:27:35.972207,Resolved
73,1,Public Relations,Received,,Complaint logged and reviewed for routing.,2025-07-22 22:36:32.277736,
73,2,Billing,Forwarded (Correct),True,"Received from Public Relations, correctly routed for Billing Issue.",2025-07-23 00:37:43.399457,
73,3,Billing,Reviewed,True,"Still under investigation, pending further review.",2025-07-26 08:44:17.319615,Unresolved
74,1,Public Relations,Received,,Complaint logged and reviewed for routing.,2025-06-07 10:41:12.024735,
74,2,Billing,Forwarded (Correct),True,"Received from Public Relations, correctly routed for Billing Issue.",2025-06-07 13:42:44.219587,
74,3,Billing,Reviewed,True,Escalated to senior staff for further action.,2025-06-09 16:55:50.433615,Unresolved
75,1,Public Relations,Received,,Complaint logged and reviewed for routing.,2025-04-03 13:47:41.343597,
75,2,Operations,Forwarded (Correct),True,"Received from Public Relations, correctly routed for Service Delay.",2025-04-03 16:36:17.798962,
75,3,Operations,Reviewed,True,Requires field visit before it can be closed.,2025-04-07 02:31:13.251786,Unresolved
76,1,Public Relations,Received,,Complaint logged and reviewed for routing.,2025-09-21 10:56:01.375367,
76,2,Operations,Forwarded (Correct),True,"Received from Public Relations, correctly routed for Service Delay.",2025-09-21 18:10:48.279290,
76,3,Operations,Reviewed,True,Corrected the error and notified the customer.,2025-09-25 03:02:35.466742,Resolved
77,1,Public Relations,Received,,Complaint logged and reviewed for routing.,2025-03-05 10:47:19.536997,
77,2,Administration,Forwarded (Correct),True,"Received from Public Relations, correctly routed for Corruption/Bribery.",2025-03-05 16:18:45.140555,
77,3,Administration,Reviewed,True,Corrected the error and notified the customer.,2025-03-07 00:52:40.940978,Resolved
78,1,Public Relations,Received,,Complaint logged and reviewed for routing.,2025-09-06 15:09:57.723867,
78,2,Customer Support,Forwarded (Correct),True,"Received from Public Relations, correctly routed for Staff Behavior.",2025-09-06 19:57:52.041635,
78,3,Customer Support,Reviewed,True,Completed the requested action successfully.,2025-09-08 18:03:48.788920,Resolved
79,1,Public Relations,Received,,Complaint logged and reviewed for routing.,2025-12-04 08:25:04.308806,
79,2,Security,Forwarded (Correct),True,"Received from Public Relations, correctly routed for Safety Concern.",2025-12-04 09:49:07.098513,
79,3,Security,Reviewed,True,On hold due to resource availability.,2025-12-06 17:05:30.696200,Unresolved
80,1,Public Relations,Received,,Complaint logged and reviewed for routing.,2025-02-23 11:36:22.911919,
80,2,Operations,Forwarded (Correct),True,"Received from Public Relations, correctly routed for Service Delay.",2025-02-23 12:51:11.799994,
80,3,Operations,Reviewed,True,Completed the requested action successfully.,2025-02-26 14:10:37.133388,Resolved
81,1,Public Relations,Received,,Complaint logged and reviewed for routing.,2025-10-26 09:46:02.306088,
81,2,Customer Support,Forwarded (Incorrect),False,"Not within our scope, sending to the relevant department.",2025-10-26 17:01:34.768579,
81,3,Administration,Forwarded (Re-routed),True,Re-routed from Customer Support; now correctly assigned for Corruption/Bribery.,2025-10-27 08:59:29.576964,
81,4,Administration,Reviewed,True,Resolved following standard procedure.,2025-10-28 19:59:55.330311,Resolved
82,1,Public Relations,Received,,Complaint logged and reviewed for routing.,2025-07-11 13:58:18.902443,
82,2,Maintenance,Forwarded (Correct),True,"Received from Public Relations, correctly routed for Infrastructure.",2025-07-11 15:46:54.896518,
82,3,Maintenance,Reviewed,True,Corrected the error and notified the customer.,2025-07-12 00:37:16.593660,Resolved
83,1,Public Relations,Received,,Complaint logged and reviewed for routing.,2025-08-27 10:58:31.133861,
83,2,Customer Support,Forwarded (Correct),True,"Received from Public Relations, correctly routed for Staff Behavior.",2025-08-27 14:34:17.181323,
83,3,Customer Support,Reviewed,True,Corrected the error and notified the customer.,2025-08-29 03:49:34.415365,Resolved
84,1,Public Relations,Received,,Complaint logged and reviewed for routing.,2025-08-18 17:34:55.479950,
84,2,Customer Support,Forwarded (Correct),True,"Received from Public Relations, correctly routed for Appreciation.",2025-08-18 20:52:23.279842,
84,3,Customer Support,Reviewed,True,Completed the requested action successfully.,2025-08-22 10:39:36.303130,Resolved
85,1,Public Relations,Received,,Complaint logged and reviewed for routing.,2025-10-03 15:36:24.877778,
85,2,Operations,Forwarded (Correct),True,"Received from Public Relations, correctly routed for Service Delay.",2025-10-03 18:54:36.926284,
85,3,Operations,Reviewed,True,Corrected the error and notified the customer.,2025-10-04 04:23:14.141425,Resolved
86,1,Public Relations,Received,,Complaint logged and reviewed for routing.,2025-05-16 14:27:56.547972,
86,2,Customer Support,Forwarded (Correct),True,"Received from Public Relations, correctly routed for Staff Behavior.",2025-05-16 22:14:40.560643,
86,3,Customer Support,Reviewed,True,Waiting on additional information from the customer.,2025-05-18 15:31:45.203088,Unresolved
87,1,Public Relations,Received,,Complaint logged and reviewed for routing.,2025-05-20 08:08:14.628876,
87,2,Security,Forwarded (Correct),True,"Received from Public Relations, correctly routed for Safety Concern.",2025-05-20 11:13:24.562756,
87,3,Security,Reviewed,True,Confirmed with the customer that the issue is fixed.,2025-05-24 01:59:04.060715,Resolved
88,1,Public Relations,Received,,Complaint logged and reviewed for routing.,2025-04-14 09:55:48.440734,
88,2,Customer Support,Forwarded (Correct),True,"Received from Public Relations, correctly routed for Appreciation.",2025-04-14 16:22:30.514411,
88,3,Customer Support,Reviewed,True,Corrected the error and notified the customer.,2025-04-15 08:46:57.680330,Resolved
89,1,Public Relations,Received,,Complaint logged and reviewed for routing.,2025-06-01 08:00:35.933000,
89,2,Billing,Forwarded (Incorrect),False,"Incorrectly routed here, reassigning to the appropriate department.",2025-06-01 12:43:17.108730,
89,3,Maintenance,Forwarded (Re-routed),True,Re-routed from Billing; now correctly assigned for Infrastructure.,2025-06-01 17:35:05.344093,
89,4,Maintenance,Reviewed,True,"Still under investigation, pending further review.",2025-06-05 11:13:57.533361,Unresolved
90,1,Public Relations,Received,,Complaint logged and reviewed for routing.,2025-06-18 15:19:50.262724,
90,2,Operations,Forwarded (Correct),True,"Received from Public Relations, correctly routed for Service Delay.",2025-06-18 21:27:02.078952,
90,3,Operations,Reviewed,True,Escalated to senior staff for further action.,2025-06-21 01:37:54.173454,Unresolved
91,1,Public Relations,Received,,Complaint logged and reviewed for routing.,2025-05-09 15:30:33.259534,
91,2,Operations,Forwarded (Correct),True,"Received from Public Relations, correctly routed for Service Delay.",2025-05-09 17:15:05.951828,
91,3,Operations,Reviewed,True,Waiting on additional information from the customer.,2025-05-10 10:58:49.255497,Unresolved
92,1,Public Relations,Received,,Complaint logged and reviewed for routing.,2025-03-24 02:54:22.608063,
92,2,Security,Forwarded (Correct),True,"Received from Public Relations, correctly routed for Safety Concern.",2025-03-24 04:16:32.054050,
92,3,Security,Reviewed,True,Escalated to senior staff for further action.,2025-03-24 12:36:02.814309,Unresolved
93,1,Public Relations,Received,,Complaint logged and reviewed for routing.,2025-10-10 15:08:07.249545,
93,2,Maintenance,Forwarded (Correct),True,"Received from Public Relations, correctly routed for Infrastructure.",2025-10-10 16:46:27.802653,
93,3,Maintenance,Reviewed,True,Resolved following standard procedure.,2025-10-12 19:32:33.877707,Resolved
94,1,Public Relations,Received,,Complaint logged and reviewed for routing.,2025-12-18 09:37:31.427971,
94,2,Billing,Forwarded (Correct),True,"Received from Public Relations, correctly routed for Billing Issue.",2025-12-18 12:07:44.081821,
94,3,Billing,Reviewed,True,Resolved following standard procedure.,2025-12-21 14:19:53.552326,Resolved
95,1,Public Relations,Received,,Complaint logged and reviewed for routing.,2025-07-16 17:22:56.842176,
95,2,Customer Support,Forwarded (Incorrect),False,"This complaint does not belong to our department, forwarding to the correct team.",2025-07-16 21:40:13.602083,
95,3,Billing,Forwarded (Re-routed),True,Re-routed from Customer Support; now correctly assigned for Billing Issue.,2025-07-17 01:46:59.822765,
95,4,Billing,Reviewed,True,Confirmed with the customer that the issue is fixed.,2025-07-21 01:42:37.612188,Resolved
96,1,Public Relations,Received,,Complaint logged and reviewed for routing.,2025-02-03 08:36:26.768775,
96,2,Administration,Forwarded (Incorrect),False,"Incorrectly routed here, reassigning to the appropriate department.",2025-02-03 12:20:00.855957,
96,3,Operations,Forwarded (Re-routed),True,Re-routed from Administration; now correctly assigned for Service Delay.,2025-02-04 03:06:52.938406,
96,4,Operations,Reviewed,True,Completed the requested action successfully.,2025-02-07 17:09:15.052924,Resolved
97,1,Public Relations,Received,,Complaint logged and reviewed for routing.,2025-12-03 11:54:50.086844,
97,2,Billing,Forwarded (Correct),True,"Received from Public Relations, correctly routed for Billing Issue.",2025-12-03 17:10:46.630198,
97,3,Billing,Reviewed,True,On hold due to resource availability.,2025-12-05 09:51:03.708969,Unresolved
98,1,Public Relations,Received,,Complaint logged and reviewed for routing.,2025-06-15 10:00:07.834439,
98,2,Security,Forwarded (Correct),True,"Received from Public Relations, correctly routed for Safety Concern.",2025-06-15 17:05:08.105774,
98,3,Security,Reviewed,True,Confirmed with the customer that the issue is fixed.,2025-06-19 05:18:03.011087,Resolved
99,1,Public Relations,Received,,Complaint logged and reviewed for routing.,2025-08-24 17:33:48.633218,
99,2,Customer Support,Forwarded (Correct),True,"Received from Public Relations, correctly routed for Staff Behavior.",2025-08-24 19:14:52.874286,
99,3,Customer Support,Reviewed,True,Resolved following standard procedure.,2025-08-26 02:43:02.380884,Resolved
100,1,Public Relations,Received,,Complaint logged and reviewed for routing.,2025-03-06 14:36:23.706863,
100,2,Operations,Forwarded (Correct),True,"Received from Public Relations, correctly routed for Service Delay.",2025-03-06 19:08:31.051716,
100,3,Operations,Reviewed,True,"Still under investigation, pending further review.",2025-03-10 03:45:58.726015,Unresolved
101,1,Public Relations,Received,,Complaint logged and reviewed for routing.,2025-05-08 13:51:06.803532,
101,2,Maintenance,Forwarded (Correct),True,"Received from Public Relations, correctly routed for Infrastructure.",2025-05-08 19:30:14.490572,
101,3,Maintenance,Reviewed,True,Issue verified and resolved after review.,2025-05-10 09:55:49.496611,Resolved
102,1,Public Relations,Received,,Complaint logged and reviewed for routing.,2025-12-26 20:24:24.300664,
102,2,Billing,Forwarded (Correct),True,"Received from Public Relations, correctly routed for Billing Issue.",2025-12-26 22:46:37.813763,
102,3,Billing,Reviewed,True,Corrected the error and notified the customer.,2025-12-28 22:37:36.773335,Resolved
103,1,Public Relations,Received,,Complaint logged and reviewed for routing.,2025-04-05 19:15:48.340690,
103,2,Customer Support,Forwarded (Correct),True,"Received from Public Relations, correctly routed for Staff Behavior.",2025-04-05 21:44:50.493078,
103,3,Customer Support,Reviewed,True,Waiting on additional information from the customer.,2025-04-09 15:47:00.349195,Unresolved
104,1,Public Relations,Received,,Complaint logged and reviewed for routing.,2025-08-27 15:18:01.762236,
104,2,Billing,Forwarded (Correct),True,"Received from Public Relations, correctly routed for Billing Issue.",2025-08-27 22:33:04.782739,
104,3,Billing,Reviewed,True,Resolved following standard procedure.,2025-08-30 02:47:13.965314,Resolved
105,1,Public Relations,Received,,Complaint logged and reviewed for routing.,2025-12-17 15:44:26.986756,
105,2,Billing,Forwarded (Incorrect),False,"Incorrectly routed here, reassigning to the appropriate department.",2025-12-17 22:17:30.125151,
105,3,Maintenance,Forwarded (Re-routed),True,Re-routed from Billing; now correctly assigned for Infrastructure.,2025-12-18 03:19:51.021601,
105,4,Maintenance,Reviewed,True,Confirmed with the customer that the issue is fixed.,2025-12-21 11:24:34.718195,Resolved
106,1,Public Relations,Received,,Complaint logged and reviewed for routing.,2025-05-09 18:08:00.185917,
106,2,Administration,Forwarded (Correct),True,"Received from Public Relations, correctly routed for Corruption/Bribery.",2025-05-09 23:51:07.791366,
106,3,Administration,Reviewed,True,"Still under investigation, pending further review.",2025-05-10 19:05:52.243242,Unresolved
107,1,Public Relations,Received,,Complaint logged and reviewed for routing.,2025-07-25 19:33:05.266629,
107,2,Customer Support,Forwarded (Correct),True,"Received from Public Relations, correctly routed for Appreciation.",2025-07-26 03:13:14.601778,
107,3,Customer Support,Reviewed,True,Waiting on additional information from the customer.,2025-07-28 03:57:15.128079,Unresolved
108,1,Public Relations,Received,,Complaint logged and reviewed for routing.,2025-12-14 18:00:56.796475,
108,2,Customer Support,Forwarded (Correct),True,"Received from Public Relations, correctly routed for Appreciation.",2025-12-15 00:12:03.320901,
108,3,Customer Support,Reviewed,True,Issue verified and resolved after review.,2025-12-15 14:18:51.466730,Resolved
109,1,Public Relations,Received,,Complaint logged and reviewed for routing.,2025-05-04 10:35:37.362985,
109,2,Maintenance,Forwarded (Incorrect),False,"Not within our scope, sending to the relevant department.",2025-05-04 17:59:28.145441,
109,3,Operations,Forwarded (Re-routed),True,Re-routed from Maintenance; now correctly assigned for Service Delay.,2025-05-05 01:05:58.432410,
109,4,Operations,Reviewed,True,Waiting on additional information from the customer.,2025-05-07 07:21:12.600060,Unresolved
110,1,Public Relations,Received,,Complaint logged and reviewed for routing.,2025-10-18 18:40:19.175043,
110,2,Operations,Forwarded (Correct),True,"Received from Public Relations, correctly routed for Service Delay.",2025-10-19 00:51:23.472661,
110,3,Operations,Reviewed,True,Completed the requested action successfully.,2025-10-19 07:27:26.626775,Resolved
111,1,Public Relations,Received,,Complaint logged and reviewed for routing.,2025-11-27 15:04:25.821504,
111,2,Billing,Forwarded (Correct),True,"Received from Public Relations, correctly routed for Billing Issue.",2025-11-27 21:37:24.755859,
111,3,Billing,Reviewed,True,Resolved following standard procedure.,2025-11-30 21:13:09.619720,Resolved
112,1,Public Relations,Received,,Complaint logged and reviewed for routing.,2025-06-25 15:49:19.977407,
112,2,Billing,Forwarded (Correct),True,"Received from Public Relations, correctly routed for Billing Issue.",2025-06-25 22:39:10.068147,
112,3,Billing,Reviewed,True,Completed the requested action successfully.,2025-06-27 00:32:02.917962,Resolved
113,1,Public Relations,Received,,Complaint logged and reviewed for routing.,2025-12-15 16:34:05.267398,
113,2,Customer Support,Forwarded (Incorrect),False,"Not within our scope, sending to the relevant department.",2025-12-15 21:02:52.913961,
113,3,Operations,Forwarded (Re-routed),True,Re-routed from Customer Support; now correctly assigned for Service Delay.,2025-12-16 04:15:52.369051,
113,4,Operations,Reviewed,True,Issue verified and resolved after review.,2025-12-19 03:47:46.641461,Resolved
114,1,Public Relations,Received,,Complaint logged and reviewed for routing.,2025-07-18 11:04:06.124593,
114,2,Maintenance,Forwarded (Correct),True,"Received from Public Relations, correctly routed for Infrastructure.",2025-07-18 16:57:38.433573,
114,3,Maintenance,Reviewed,True,Waiting on additional information from the customer.,2025-07-22 13:43:35.541059,Unresolved
115,1,Public Relations,Received,,Complaint logged and reviewed for routing.,2025-08-05 11:06:12.028046,
115,2,Customer Support,Forwarded (Correct),True,"Received from Public Relations, correctly routed for Staff Behavior.",2025-08-05 13:45:13.238686,
115,3,Customer Support,Reviewed,True,Corrected the error and notified the customer.,2025-08-06 07:17:55.845094,Resolved
116,1,Public Relations,Received,,Complaint logged and reviewed for routing.,2025-12-08 17:36:29.538476,
116,2,Operations,Forwarded (Correct),True,"Received from Public Relations, correctly routed for Service Delay.",2025-12-08 21:24:15.648800,
116,3,Operations,Reviewed,True,Corrected the error and notified the customer.,2025-12-10 10:13:02.119334,Resolved
117,1,Public Relations,Received,,Complaint logged and reviewed for routing.,2025-11-09 15:47:28.483470,
117,2,Operations,Forwarded (Incorrect),False,"Incorrectly routed here, reassigning to the appropriate department.",2025-11-09 18:42:46.947614,
117,3,Security,Forwarded (Re-routed),True,Re-routed from Operations; now correctly assigned for Safety Concern.,2025-11-09 22:47:53.694806,
117,4,Security,Reviewed,True,Completed the requested action successfully.,2025-11-11 22:11:57.522954,Resolved
118,1,Public Relations,Received,,Complaint logged and reviewed for routing.,2025-05-10 14:30:27.050093,
118,2,Operations,Forwarded (Correct),True,"Received from Public Relations, correctly routed for Service Delay.",2025-05-10 18:39:21.597038,
118,3,Operations,Reviewed,True,Completed the requested action successfully.,2025-05-14 12:06:45.034799,Resolved
119,1,Public Relations,Received,,Complaint logged and reviewed for routing.,2025-07-12 10:47:24.396983,
119,2,Administration,Forwarded (Correct),True,"Received from Public Relations, correctly routed for Corruption/Bribery.",2025-07-12 16:15:08.983149,
119,3,Administration,Reviewed,True,Completed the requested action successfully.,2025-07-15 07:32:19.196791,Resolved
120,1,Public Relations,Received,,Complaint logged and reviewed for routing.,2025-12-08 10:14:04.045376,
120,2,Customer Support,Forwarded (Correct),True,"Received from Public Relations, correctly routed for Appreciation.",2025-12-08 14:31:50.422894,
120,3,Customer Support,Reviewed,True,Corrected the error and notified the customer.,2025-12-12 11:44:05.798602,Resolved
121,1,Public Relations,Received,,Complaint logged and reviewed for routing.,2025-08-26 19:09:02.427258,
121,2,Administration,Forwarded (Incorrect),False,"Incorrectly routed here, reassigning to the appropriate department.",2025-08-27 01:08:13.525856,
121,3,Billing,Forwarded (Re-routed),True,Re-routed from Administration; now correctly assigned for Billing Issue.,2025-08-27 21:56:29.305065,
121,4,Billing,Reviewed,True,Completed the requested action successfully.,2025-08-29 11:07:30.199941,Resolved
122,1,Public Relations,Received,,Complaint logged and reviewed for routing.,2025-03-19 16:19:51.012677,
122,2,Customer Support,Forwarded (Correct),True,"Received from Public Relations, correctly routed for Staff Behavior.",2025-03-19 21:42:42.917537,
122,3,Customer Support,Reviewed,True,Completed the requested action successfully.,2025-03-21 23:48:09.239158,Resolved
123,1,Public Relations,Received,,Complaint logged and reviewed for routing.,2025-01-05 15:53:29.967420,
123,2,Billing,Forwarded (Correct),True,"Received from Public Relations, correctly routed for Billing Issue.",2025-01-05 19:51:30.481753,
123,3,Billing,Reviewed,True,Completed the requested action successfully.,2025-01-08 17:23:33.092359,Resolved
124,1,Public Relations,Received,,Complaint logged and reviewed for routing.,2025-05-23 13:02:19.648302,
124,2,Administration,Forwarded (Incorrect),False,"Not within our scope, sending to the relevant department.",2025-05-23 20:31:45.297824,
124,3,Customer Support,Forwarded (Re-routed),True,Re-routed from Administration; now correctly assigned for Staff Behavior.,2025-05-24 11:22:06.622155,
124,4,Customer Support,Reviewed,True,Completed the requested action successfully.,2025-05-25 13:36:00.934431,Resolved
125,1,Public Relations,Received,,Complaint logged and reviewed for routing.,2025-08-25 11:26:50.425212,
125,2,Maintenance,Forwarded (Incorrect),False,"This complaint does not belong to our department, forwarding to the correct team.",2025-08-25 18:42:46.858036,
125,3,Operations,Forwarded (Re-routed),True,Re-routed from Maintenance; now correctly assigned for Service Delay.,2025-08-26 14:51:14.841009,
125,4,Operations,Reviewed,True,Completed the requested action successfully.,2025-08-28 15:25:30.957924,Resolved
126,1,Public Relations,Received,,Complaint logged and reviewed for routing.,2025-12-24 03:51:05.639469,
126,2,Administration,Forwarded (Incorrect),False,"This complaint does not belong to our department, forwarding to the correct team.",2025-12-24 07:29:07.074304,
126,3,Operations,Forwarded (Re-routed),True,Re-routed from Administration; now correctly assigned for Service Delay.,2025-12-25 07:06:33.140051,
126,4,Operations,Reviewed,True,Corrected the error and notified the customer.,2025-12-25 21:25:58.014487,Resolved
127,1,Public Relations,Received,,Complaint logged and reviewed for routing.,2025-11-02 21:07:20.923446,
127,2,Customer Support,Forwarded (Correct),True,"Received from Public Relations, correctly routed for Staff Behavior.",2025-11-03 04:07:32.667056,
127,3,Customer Support,Reviewed,True,Issue verified and resolved after review.,2025-11-04 04:46:10.107102,Resolved
128,1,Public Relations,Received,,Complaint logged and reviewed for routing.,2025-07-19 21:28:49.613742,
128,2,Customer Support,Forwarded (Correct),True,"Received from Public Relations, correctly routed for Staff Behavior.",2025-07-20 02:28:02.522887,
128,3,Customer Support,Reviewed,True,Resolved following standard procedure.,2025-07-23 08:17:14.986366,Resolved
129,1,Public Relations,Received,,Complaint logged and reviewed for routing.,2025-08-08 04:25:21.046573,
129,2,Maintenance,Forwarded (Correct),True,"Received from Public Relations, correctly routed for Infrastructure.",2025-08-08 12:21:54.625903,
129,3,Maintenance,Reviewed,True,Completed the requested action successfully.,2025-08-09 18:14:18.567222,Resolved
130,1,Public Relations,Received,,Complaint logged and reviewed for routing.,2025-04-01 20:24:55.766848,
130,2,Maintenance,Forwarded (Correct),True,"Received from Public Relations, correctly routed for Infrastructure.",2025-04-02 00:49:46.440695,
130,3,Maintenance,Reviewed,True,Issue verified and resolved after review.,2025-04-04 08:07:31.604684,Resolved
131,1,Public Relations,Received,,Complaint logged and reviewed for routing.,2025-12-19 22:39:51.860014,
131,2,Billing,Forwarded (Correct),True,"Received from Public Relations, correctly routed for Billing Issue.",2025-12-20 00:25:03.156548,
131,3,Billing,Reviewed,True,Issue verified and resolved after review.,2025-12-22 15:52:56.270158,Resolved
132,1,Public Relations,Received,,Complaint logged and reviewed for routing.,2025-04-13 19:45:02.232912,
132,2,Customer Support,Forwarded (Correct),True,"Received from Public Relations, correctly routed for Staff Behavior.",2025-04-14 03:09:25.299821,
132,3,Customer Support,Reviewed,True,Resolved following standard procedure.,2025-04-17 21:59:03.248389,Resolved
133,1,Public Relations,Received,,Complaint logged and reviewed for routing.,2025-01-27 19:33:08.802847,
133,2,Customer Support,Forwarded (Incorrect),False,"Not within our scope, sending to the relevant department.",2025-01-28 03:16:40.404100,
133,3,Maintenance,Forwarded (Re-routed),True,Re-routed from Customer Support; now correctly assigned for Infrastructure.,2025-01-28 08:15:06.266772,
133,4,Maintenance,Reviewed,True,Confirmed with the customer that the issue is fixed.,2025-02-01 00:31:31.491533,Resolved
134,1,Public Relations,Received,,Complaint logged and reviewed for routing.,2025-10-10 11:25:55.095606,
134,2,Customer Support,Forwarded (Correct),True,"Received from Public Relations, correctly routed for Appreciation.",2025-10-10 14:40:35.872140,
134,3,Customer Support,Reviewed,True,Issue verified and resolved after review.,2025-10-12 12:52:08.908742,Resolved
135,1,Public Relations,Received,,Complaint logged and reviewed for routing.,2025-08-22 21:42:54.117902,
135,2,Billing,Forwarded (Correct),True,"Received from Public Relations, correctly routed for Billing Issue.",2025-08-23 02:57:02.358249,
135,3,Billing,Reviewed,True,Completed the requested action successfully.,2025-08-24 15:23:54.351604,Resolved
136,1,Public Relations,Received,,Complaint logged and reviewed for routing.,2025-05-15 15:50:39.238309,
136,2,Maintenance,Forwarded (Correct),True,"Received from Public Relations, correctly routed for Infrastructure.",2025-05-15 23:10:43.436227,
136,3,Maintenance,Reviewed,True,Completed the requested action successfully.,2025-05-19 06:50:04.950827,Resolved
137,1,Public Relations,Received,,Complaint logged and reviewed for routing.,2025-09-06 14:33:40.758006,
137,2,Customer Support,Forwarded (Correct),True,"Received from Public Relations, correctly routed for Appreciation.",2025-09-06 17:18:07.541033,
137,3,Customer Support,Reviewed,True,Escalated to senior staff for further action.,2025-09-08 07:31:15.791627,Unresolved
138,1,Public Relations,Received,,Complaint logged and reviewed for routing.,2025-10-09 23:28:42.515214,
138,2,Customer Support,Forwarded (Correct),True,"Received from Public Relations, correctly routed for Staff Behavior.",2025-10-10 04:25:22.255382,
138,3,Customer Support,Reviewed,True,Completed the requested action successfully.,2025-10-11 04:59:51.412676,Resolved
139,1,Public Relations,Received,,Complaint logged and reviewed for routing.,2025-10-15 09:15:32.483556,
139,2,Security,Forwarded (Correct),True,"Received from Public Relations, correctly routed for Safety Concern.",2025-10-15 16:48:40.304015,
139,3,Security,Reviewed,True,On hold due to resource availability.,2025-10-19 02:53:21.787112,Unresolved
140,1,Public Relations,Received,,Complaint logged and reviewed for routing.,2025-02-13 13:17:18.962087,
140,2,Customer Support,Forwarded (Correct),True,"Received from Public Relations, correctly routed for Appreciation.",2025-02-13 15:44:12.963006,
140,3,Customer Support,Reviewed,True,On hold due to resource availability.,2025-02-15 09:42:35.512044,Unresolved
141,1,Public Relations,Received,,Complaint logged and reviewed for routing.,2025-07-27 18:59:39.512624,
141,2,Maintenance,Forwarded (Correct),True,"Received from Public Relations, correctly routed for Infrastructure.",2025-07-27 22:42:00.984967,
141,3,Maintenance,Reviewed,True,Resolved following standard procedure.,2025-07-29 01:50:55.001361,Resolved
142,1,Public Relations,Received,,Complaint logged and reviewed for routing.,2025-11-18 16:05:17.467814,
142,2,Customer Support,Forwarded (Correct),True,"Received from Public Relations, correctly routed for Staff Behavior.",2025-11-18 18:30:58.610195,
142,3,Customer Support,Reviewed,True,Corrected the error and notified the customer.,2025-11-22 05:48:28.867701,Resolved
143,1,Public Relations,Received,,Complaint logged and reviewed for routing.,2025-11-10 13:06:29.201712,
143,2,Maintenance,Forwarded (Correct),True,"Received from Public Relations, correctly routed for Infrastructure.",2025-11-10 16:59:07.135093,
143,3,Maintenance,Reviewed,True,Corrected the error and notified the customer.,2025-11-13 13:25:30.024116,Resolved
144,1,Public Relations,Received,,Complaint logged and reviewed for routing.,2025-02-08 18:01:14.948532,
144,2,Operations,Forwarded (Correct),True,"Received from Public Relations, correctly routed for Service Delay.",2025-02-08 22:42:16.756253,
144,3,Operations,Reviewed,True,Confirmed with the customer that the issue is fixed.,2025-02-10 12:30:04.933776,Resolved
145,1,Public Relations,Received,,Complaint logged and reviewed for routing.,2025-06-24 18:47:39.413573,
145,2,Maintenance,Forwarded (Correct),True,"Received from Public Relations, correctly routed for Infrastructure.",2025-06-25 02:41:34.422864,
145,3,Maintenance,Reviewed,True,"Still under investigation, pending further review.",2025-06-28 06:51:49.186918,Unresolved
146,1,Public Relations,Received,,Complaint logged and reviewed for routing.,2025-06-09 19:42:21.470002,
146,2,Administration,Forwarded (Correct),True,"Received from Public Relations, correctly routed for Corruption/Bribery.",2025-06-09 21:34:35.640658,
146,3,Administration,Reviewed,True,Confirmed with the customer that the issue is fixed.,2025-06-11 23:58:11.183856,Resolved
147,1,Public Relations,Received,,Complaint logged and reviewed for routing.,2025-02-22 17:10:49.602432,
147,2,Billing,Forwarded (Incorrect),False,"This complaint does not belong to our department, forwarding to the correct team.",2025-02-22 18:48:10.058094,
147,3,Customer Support,Forwarded (Re-routed),True,Re-routed from Billing; now correctly assigned for Appreciation.,2025-02-23 06:42:30.003983,
147,4,Customer Support,Reviewed,True,Corrected the error and notified the customer.,2025-02-23 17:32:00.961854,Resolved
148,1,Public Relations,Received,,Complaint logged and reviewed for routing.,2025-03-04 15:26:40.694847,
148,2,Billing,Forwarded (Correct),True,"Received from Public Relations, correctly routed for Billing Issue.",2025-03-04 22:02:09.515171,
148,3,Billing,Reviewed,True,Resolved following standard procedure.,2025-03-07 17:10:04.743303,Resolved
149,1,Public Relations,Received,,Complaint logged and reviewed for routing.,2025-12-02 20:15:38.059006,
149,2,Operations,Forwarded (Incorrect),False,"Incorrectly routed here, reassigning to the appropriate department.",2025-12-02 21:48:57.877505,
149,3,Maintenance,Forwarded (Re-routed),True,Re-routed from Operations; now correctly assigned for Infrastructure.,2025-12-03 05:05:44.601491,
149,4,Maintenance,Reviewed,True,Waiting on additional information from the customer.,2025-12-03 11:04:53.270007,Unresolved
150,1,Public Relations,Received,,Complaint logged and reviewed for routing.,2025-04-07 11:09:06.999364,
150,2,Billing,Forwarded (Correct),True,"Received from Public Relations, correctly routed for Billing Issue.",2025-04-07 12:51:37.713185,
150,3,Billing,Reviewed,True,Issue verified and resolved after review.,2025-04-11 09:11:37.635050,Resolved
151,1,Public Relations,Received,,Complaint logged and reviewed for routing.,2025-01-28 12:56:54.626642,
151,2,Security,Forwarded (Correct),True,"Received from Public Relations, correctly routed for Safety Concern.",2025-01-28 15:22:41.826902,
151,3,Security,Reviewed,True,Confirmed with the customer that the issue is fixed.,2025-01-29 18:43:44.677501,Resolved
152,1,Public Relations,Received,,Complaint logged and reviewed for routing.,2025-03-12 07:45:32.404488,
152,2,Billing,Forwarded (Correct),True,"Received from Public Relations, correctly routed for Billing Issue.",2025-03-12 12:44:56.345196,
152,3,Billing,Reviewed,True,Corrected the error and notified the customer.,2025-03-14 02:39:11.259735,Resolved
153,1,Public Relations,Received,,Complaint logged and reviewed for routing.,2025-03-14 13:32:11.162954,
153,2,Billing,Forwarded (Correct),True,"Received from Public Relations, correctly routed for Billing Issue.",2025-03-14 16:26:30.853661,
153,3,Billing,Reviewed,True,Requires field visit before it can be closed.,2025-03-17 02:07:51.648793,Unresolved
154,1,Public Relations,Received,,Complaint logged and reviewed for routing.,2025-08-15 15:00:40.859265,
154,2,Security,Forwarded (Correct),True,"Received from Public Relations, correctly routed for Safety Concern.",2025-08-15 19:37:10.155310,
154,3,Security,Reviewed,True,Requires field visit before it can be closed.,2025-08-19 03:07:14.845309,Unresolved
155,1,Public Relations,Received,,Complaint logged and reviewed for routing.,2025-01-16 11:12:54.360060,
155,2,Operations,Forwarded (Correct),True,"Received from Public Relations, correctly routed for Service Delay.",2025-01-16 16:26:26.415001,
155,3,Operations,Reviewed,True,Corrected the error and notified the customer.,2025-01-20 15:29:02.695869,Resolved
156,1,Public Relations,Received,,Complaint logged and reviewed for routing.,2025-02-03 05:42:59.700701,
156,2,Maintenance,Forwarded (Correct),True,"Received from Public Relations, correctly routed for Infrastructure.",2025-02-03 10:10:54.609574,
156,3,Maintenance,Reviewed,True,Issue verified and resolved after review.,2025-02-06 00:09:18.727781,Resolved
157,1,Public Relations,Received,,Complaint logged and reviewed for routing.,2025-07-11 18:08:28.701234,
157,2,Maintenance,Forwarded (Correct),True,"Received from Public Relations, correctly routed for Infrastructure.",2025-07-12 01:53:37.057679,
157,3,Maintenance,Reviewed,True,Issue verified and resolved after review.,2025-07-14 02:33:04.984707,Resolved
158,1,Public Relations,Received,,Complaint logged and reviewed for routing.,2025-02-23 14:07:34.299014,
158,2,Customer Support,Forwarded (Correct),True,"Received from Public Relations, correctly routed for Staff Behavior.",2025-02-23 21:26:41.424366,
158,3,Customer Support,Reviewed,True,Confirmed with the customer that the issue is fixed.,2025-02-24 02:54:30.952570,Resolved
159,1,Public Relations,Received,,Complaint logged and reviewed for routing.,2025-06-27 18:14:03.174487,
159,2,Customer Support,Forwarded (Correct),True,"Received from Public Relations, correctly routed for Staff Behavior.",2025-06-27 20:08:15.824187,
159,3,Customer Support,Reviewed,True,Issue verified and resolved after review.,2025-06-29 11:01:16.404304,Resolved
160,1,Public Relations,Received,,Complaint logged and reviewed for routing.,2025-06-05 08:44:41.040206,
160,2,Customer Support,Forwarded (Correct),True,"Received from Public Relations, correctly routed for Staff Behavior.",2025-06-05 13:04:50.319368,
160,3,Customer Support,Reviewed,True,Completed the requested action successfully.,2025-06-05 20:42:22.433833,Resolved
161,1,Public Relations,Received,,Complaint logged and reviewed for routing.,2025-09-12 07:33:09.012751,
161,2,Billing,Forwarded (Correct),True,"Received from Public Relations, correctly routed for Billing Issue.",2025-09-12 11:03:00.238948,
161,3,Billing,Reviewed,True,On hold due to resource availability.,2025-09-16 07:01:06.832005,Unresolved
162,1,Public Relations,Received,,Complaint logged and reviewed for routing.,2025-05-22 15:38:32.179965,
162,2,Maintenance,Forwarded (Correct),True,"Received from Public Relations, correctly routed for Infrastructure.",2025-05-22 20:43:57.765547,
162,3,Maintenance,Reviewed,True,Issue verified and resolved after review.,2025-05-26 14:36:09.149422,Resolved
163,1,Public Relations,Received,,Complaint logged and reviewed for routing.,2025-05-19 17:16:27.792839,
163,2,Customer Support,Forwarded (Correct),True,"Received from Public Relations, correctly routed for Appreciation.",2025-05-19 20:54:16.004907,
163,3,Customer Support,Reviewed,True,Waiting on additional information from the customer.,2025-05-20 11:39:55.425977,Unresolved
164,1,Public Relations,Received,,Complaint logged and reviewed for routing.,2025-10-12 23:22:12.820821,
164,2,Administration,Forwarded (Correct),True,"Received from Public Relations, correctly routed for Corruption/Bribery.",2025-10-13 02:37:52.658689,
164,3,Administration,Reviewed,True,Issue verified and resolved after review.,2025-10-13 07:31:39.375653,Resolved
165,1,Public Relations,Received,,Complaint logged and reviewed for routing.,2025-08-21 15:32:51.266769,
165,2,Billing,Forwarded (Incorrect),False,"This complaint does not belong to our department, forwarding to the correct team.",2025-08-21 23:19:57.024374,
165,3,Administration,Forwarded (Re-routed),True,Re-routed from Billing; now correctly assigned for Corruption/Bribery.,2025-08-22 14:04:07.088470,
165,4,Administration,Reviewed,True,Waiting on additional information from the customer.,2025-08-25 02:56:30.193045,Unresolved
166,1,Public Relations,Received,,Complaint logged and reviewed for routing.,2025-08-10 12:20:15.048924,
166,2,Billing,Forwarded (Correct),True,"Received from Public Relations, correctly routed for Billing Issue.",2025-08-10 19:49:23.824392,
166,3,Billing,Reviewed,True,Waiting on additional information from the customer.,2025-08-12 18:50:02.698555,Unresolved
167,1,Public Relations,Received,,Complaint logged and reviewed for routing.,2025-02-24 17:52:26.886727,
167,2,Customer Support,Forwarded (Correct),True,"Received from Public Relations, correctly routed for Staff Behavior.",2025-02-24 20:27:35.686071,
167,3,Customer Support,Reviewed,True,Resolved following standard procedure.,2025-02-25 22:45:37.983989,Resolved
168,1,Public Relations,Received,,Complaint logged and reviewed for routing.,2025-06-06 08:28:31.247412,
168,2,Billing,Forwarded (Correct),True,"Received from Public Relations, correctly routed for Billing Issue.",2025-06-06 11:04:47.212188,
168,3,Billing,Reviewed,True,On hold due to resource availability.,2025-06-06 17:51:46.934722,Unresolved
169,1,Public Relations,Received,,Complaint logged and reviewed for routing.,2025-03-20 04:50:59.910443,
169,2,Administration,Forwarded (Correct),True,"Received from Public Relations, correctly routed for Corruption/Bribery.",2025-03-20 11:05:58.528075,
169,3,Administration,Reviewed,True,Completed the requested action successfully.,2025-03-21 16:35:24.172617,Resolved
170,1,Public Relations,Received,,Complaint logged and reviewed for routing.,2025-06-07 23:32:20.894939,
170,2,Customer Support,Forwarded (Correct),True,"Received from Public Relations, correctly routed for Staff Behavior.",2025-06-08 05:27:23.955034,
170,3,Customer Support,Reviewed,True,Resolved following standard procedure.,2025-06-10 21:33:43.243984,Resolved
171,1,Public Relations,Received,,Complaint logged and reviewed for routing.,2025-07-22 13:06:44.584684,
171,2,Customer Support,Forwarded (Incorrect),False,"Not within our scope, sending to the relevant department.",2025-07-22 14:37:44.622659,
171,3,Operations,Forwarded (Re-routed),True,Re-routed from Customer Support; now correctly assigned for Service Delay.,2025-07-22 22:12:15.731423,
171,4,Operations,Reviewed,True,Waiting on additional information from the customer.,2025-07-26 13:51:26.029102,Unresolved
172,1,Public Relations,Received,,Complaint logged and reviewed for routing.,2025-12-25 10:57:24.135657,
172,2,Billing,Forwarded (Correct),True,"Received from Public Relations, correctly routed for Billing Issue.",2025-12-25 12:30:16.470506,
172,3,Billing,Reviewed,True,Issue verified and resolved after review.,2025-12-28 15:44:01.960712,Resolved
173,1,Public Relations,Received,,Complaint logged and reviewed for routing.,2025-03-13 08:41:45.557722,
173,2,Billing,Forwarded (Correct),True,"Received from Public Relations, correctly routed for Billing Issue.",2025-03-13 10:38:33.493667,
173,3,Billing,Reviewed,True,Issue verified and resolved after review.,2025-03-14 00:44:26.195674,Resolved
174,1,Public Relations,Received,,Complaint logged and reviewed for routing.,2025-06-15 16:37:30.929752,
174,2,Billing,Forwarded (Correct),True,"Received from Public Relations, correctly routed for Billing Issue.",2025-06-15 20:20:35.293952,
174,3,Billing,Reviewed,True,Escalated to senior staff for further action.,2025-06-19 12:08:36.717799,Unresolved
175,1,Public Relations,Received,,Complaint logged and reviewed for routing.,2025-05-13 14:56:44.961039,
175,2,Operations,Forwarded (Incorrect),False,"This complaint does not belong to our department, forwarding to the correct team.",2025-05-13 16:48:45.957789,
175,3,Maintenance,Forwarded (Re-routed),True,Re-routed from Operations; now correctly assigned for Infrastructure.,2025-05-14 02:15:35.067584,
175,4,Maintenance,Reviewed,True,Resolved following standard procedure.,2025-05-14 06:50:47.073051,Resolved
176,1,Public Relations,Received,,Complaint logged and reviewed for routing.,2025-02-28 10:15:11.857916,
176,2,Administration,Forwarded (Correct),True,"Received from Public Relations, correctly routed for Corruption/Bribery.",2025-02-28 14:16:14.779617,
176,3,Administration,Reviewed,True,Requires field visit before it can be closed.,2025-03-02 17:23:31.534042,Unresolved
177,1,Public Relations,Received,,Complaint logged and reviewed for routing.,2025-09-08 20:55:29.737230,
177,2,Security,Forwarded (Incorrect),False,"Incorrectly routed here, reassigning to the appropriate department.",2025-09-09 00:35:03.026131,
177,3,Billing,Forwarded (Re-routed),True,Re-routed from Security; now correctly assigned for Billing Issue.,2025-09-09 06:39:05.592165,
177,4,Billing,Reviewed,True,Resolved following standard procedure.,2025-09-11 23:15:47.293425,Resolved
178,1,Public Relations,Received,,Complaint logged and reviewed for routing.,2025-11-12 15:12:45.422102,
178,2,Customer Support,Forwarded (Correct),True,"Received from Public Relations, correctly routed for Staff Behavior.",2025-11-12 17:20:35.867209,
178,3,Customer Support,Reviewed,True,Issue verified and resolved after review.,2025-11-14 19:06:12.637891,Resolved
179,1,Public Relations,Received,,Complaint logged and reviewed for routing.,2025-04-06 12:07:45.283904,
179,2,Operations,Forwarded (Correct),True,"Received from Public Relations, correctly routed for Service Delay.",2025-04-06 15:10:26.941709,
179,3,Operations,Reviewed,True,Waiting on additional information from the customer.,2025-04-07 06:35:52.189073,Unresolved
180,1,Public Relations,Received,,Complaint logged and reviewed for routing.,2025-06-19 11:23:00.196560,
180,2,Billing,Forwarded (Correct),True,"Received from Public Relations, correctly routed for Billing Issue.",2025-06-19 14:20:18.940313,
180,3,Billing,Reviewed,True,Corrected the error and notified the customer.,2025-06-23 10:15:39.048749,Resolved
181,1,Public Relations,Received,,Complaint logged and reviewed for routing.,2025-05-15 01:56:13.154271,
181,2,Operations,Forwarded (Incorrect),False,"This complaint does not belong to our department, forwarding to the correct team.",2025-05-15 04:01:24.055461,
181,3,Administration,Forwarded (Re-routed),True,Re-routed from Operations; now correctly assigned for Corruption/Bribery.,2025-05-15 22:07:39.389229,
181,4,Administration,Reviewed,True,Resolved following standard procedure.,2025-05-18 21:36:53.847932,Resolved
182,1,Public Relations,Received,,Complaint logged and reviewed for routing.,2025-07-10 10:15:28.226379,
182,2,Maintenance,Forwarded (Correct),True,"Received from Public Relations, correctly routed for Infrastructure.",2025-07-10 12:10:42.340772,
182,3,Maintenance,Reviewed,True,Completed the requested action successfully.,2025-07-13 16:50:52.570419,Resolved
183,1,Public Relations,Received,,Complaint logged and reviewed for routing.,2025-08-17 14:08:00.752158,
183,2,Billing,Forwarded (Correct),True,"Received from Public Relations, correctly routed for Billing Issue.",2025-08-17 17:15:54.613197,
183,3,Billing,Reviewed,True,Resolved following standard procedure.,2025-08-19 15:04:39.111747,Resolved
184,1,Public Relations,Received,,Complaint logged and reviewed for routing.,2025-08-11 09:54:38.351000,
184,2,Customer Support,Forwarded (Correct),True,"Received from Public Relations, correctly routed for Staff Behavior.",2025-08-11 12:37:45.282212,
184,3,Customer Support,Reviewed,True,Corrected the error and notified the customer.,2025-08-15 00:47:38.362794,Resolved
185,1,Public Relations,Received,,Complaint logged and reviewed for routing.,2025-12-03 10:57:42.488704,
185,2,Customer Support,Forwarded (Correct),True,"Received from Public Relations, correctly routed for Staff Behavior.",2025-12-03 17:57:30.901460,
185,3,Customer Support,Reviewed,True,Issue verified and resolved after review.,2025-12-05 15:21:02.765993,Resolved
186,1,Public Relations,Received,,Complaint logged and reviewed for routing.,2025-06-10 12:29:09.948802,
186,2,Customer Support,Forwarded (Correct),True,"Received from Public Relations, correctly routed for Appreciation.",2025-06-10 14:50:45.160817,
186,3,Customer Support,Reviewed,True,Issue verified and resolved after review.,2025-06-11 23:44:10.036002,Resolved
187,1,Public Relations,Received,,Complaint logged and reviewed for routing.,2025-02-04 16:04:09.863171,
187,2,Maintenance,Forwarded (Incorrect),False,"Not within our scope, sending to the relevant department.",2025-02-04 23:46:56.859181,
187,3,Security,Forwarded (Re-routed),True,Re-routed from Maintenance; now correctly assigned for Safety Concern.,2025-02-05 06:49:28.265707,
187,4,Security,Reviewed,True,Corrected the error and notified the customer.,2025-02-05 15:29:01.402092,Resolved
188,1,Public Relations,Received,,Complaint logged and reviewed for routing.,2025-08-12 06:32:41.376291,
188,2,Operations,Forwarded (Correct),True,"Received from Public Relations, correctly routed for Service Delay.",2025-08-12 10:35:35.264865,
188,3,Operations,Reviewed,True,Corrected the error and notified the customer.,2025-08-15 15:31:07.991912,Resolved
189,1,Public Relations,Received,,Complaint logged and reviewed for routing.,2025-05-13 14:12:38.160527,
189,2,Billing,Forwarded (Correct),True,"Received from Public Relations, correctly routed for Billing Issue.",2025-05-13 18:33:01.888726,
189,3,Billing,Reviewed,True,Issue verified and resolved after review.,2025-05-15 21:58:03.091955,Resolved
190,1,Public Relations,Received,,Complaint logged and reviewed for routing.,2025-07-01 19:04:29.884403,
190,2,Billing,Forwarded (Correct),True,"Received from Public Relations, correctly routed for Billing Issue.",2025-07-01 21:13:23.521219,
190,3,Billing,Reviewed,True,Requires field visit before it can be closed.,2025-07-02 02:34:38.323553,Unresolved
191,1,Public Relations,Received,,Complaint logged and reviewed for routing.,2025-03-05 15:12:45.520421,
191,2,Customer Support,Forwarded (Correct),True,"Received from Public Relations, correctly routed for Appreciation.",2025-03-05 18:41:57.717524,
191,3,Customer Support,Reviewed,True,On hold due to resource availability.,2025-03-07 01:34:42.890008,Unresolved
192,1,Public Relations,Received,,Complaint logged and reviewed for routing.,2025-10-17 09:36:02.101747,
192,2,Customer Support,Forwarded (Correct),True,"Received from Public Relations, correctly routed for Staff Behavior.",2025-10-17 15:23:05.471946,
192,3,Customer Support,Reviewed,True,Confirmed with the customer that the issue is fixed.,2025-10-18 03:06:25.455258,Resolved
193,1,Public Relations,Received,,Complaint logged and reviewed for routing.,2025-03-27 05:52:29.027001,
193,2,Maintenance,Forwarded (Correct),True,"Received from Public Relations, correctly routed for Infrastructure.",2025-03-27 12:27:34.711403,
193,3,Maintenance,Reviewed,True,Resolved following standard procedure.,2025-03-31 04:09:02.163975,Resolved
194,1,Public Relations,Received,,Complaint logged and reviewed for routing.,2025-06-22 14:52:01.264846,
194,2,Security,Forwarded (Correct),True,"Received from Public Relations, correctly routed for Safety Concern.",2025-06-22 21:31:11.527333,
194,3,Security,Reviewed,True,Waiting on additional information from the customer.,2025-06-23 05:29:55.240974,Unresolved
195,1,Public Relations,Received,,Complaint logged and reviewed for routing.,2025-04-08 20:42:45.704770,
195,2,Security,Forwarded (Correct),True,"Received from Public Relations, correctly routed for Safety Concern.",2025-04-09 01:53:55.483782,
195,3,Security,Reviewed,True,Corrected the error and notified the customer.,2025-04-12 21:29:03.279772,Resolved
196,1,Public Relations,Received,,Complaint logged and reviewed for routing.,2025-12-15 16:07:02.052991,
196,2,Operations,Forwarded (Correct),True,"Received from Public Relations, correctly routed for Service Delay.",2025-12-15 17:36:24.517406,
196,3,Operations,Reviewed,True,Escalated to senior staff for further action.,2025-12-18 11:17:00.329425,Unresolved
197,1,Public Relations,Received,,Complaint logged and reviewed for routing.,2025-10-26 13:13:03.655650,
197,2,Operations,Forwarded (Correct),True,"Received from Public Relations, correctly routed for Service Delay.",2025-10-26 20:02:28.644287,
197,3,Operations,Reviewed,True,Waiting on additional information from the customer.,2025-10-27 02:56:08.888465,Unresolved
198,1,Public Relations,Received,,Complaint logged and reviewed for routing.,2025-12-23 14:36:57.089035,
198,2,Billing,Forwarded (Incorrect),False,"Incorrectly routed here, reassigning to the appropriate department.",2025-12-23 20:21:03.273387,
198,3,Administration,Forwarded (Re-routed),True,Re-routed from Billing; now correctly assigned for Corruption/Bribery.,2025-12-24 03:27:48.978997,
198,4,Administration,Reviewed,True,Corrected the error and notified the customer.,2025-12-26 18:55:14.268462,Resolved
199,1,Public Relations,Received,,Complaint logged and reviewed for routing.,2025-06-17 21:34:29.017668,
199,2,Billing,Forwarded (Incorrect),False,"Not within our scope, sending to the relevant department.",2025-06-18 03:42:40.214825,
199,3,Security,Forwarded (Re-routed),True,Re-routed from Billing; now correctly assigned for Safety Concern.,2025-06-19 01:13:04.348660,
199,4,Security,Reviewed,True,Resolved following standard procedure.,2025-06-20 19:13:44.966296,Resolved
200,1,Public Relations,Received,,Complaint logged and reviewed for routing.,2025-12-14 18:25:14.583539,
200,2,Security,Forwarded (Correct),True,"Received from Public Relations, correctly routed for Safety Concern.",2025-12-14 21:14:34.418985,
200,3,Security,Reviewed,True,Resolved following standard procedure.,2025-12-16 13:05:38.223943,Resolved
201,1,Public Relations,Received,,Complaint logged and reviewed for routing.,2025-04-11 10:11:13.310580,
201,2,Administration,Forwarded (Incorrect),False,"This complaint does not belong to our department, forwarding to the correct team.",2025-04-11 16:08:48.741090,
201,3,Customer Support,Forwarded (Re-routed),True,Re-routed from Administration; now correctly assigned for Appreciation.,2025-04-11 21:24:25.507730,
201,4,Customer Support,Reviewed,True,Escalated to senior staff for further action.,2025-04-12 06:42:58.648124,Unresolved
202,1,Public Relations,Received,,Complaint logged and reviewed for routing.,2025-01-27 09:22:18.296835,
202,2,Security,Forwarded (Correct),True,"Received from Public Relations, correctly routed for Safety Concern.",2025-01-27 16:00:55.692969,
202,3,Security,Reviewed,True,Resolved following standard procedure.,2025-01-28 19:21:14.855674,Resolved
203,1,Public Relations,Received,,Complaint logged and reviewed for routing.,2025-11-01 08:00:57.283348,
203,2,Customer Support,Forwarded (Correct),True,"Received from Public Relations, correctly routed for Staff Behavior.",2025-11-01 14:47:50.459783,
203,3,Customer Support,Reviewed,True,Escalated to senior staff for further action.,2025-11-04 03:46:01.245678,Unresolved
204,1,Public Relations,Received,,Complaint logged and reviewed for routing.,2025-04-04 10:39:12.036495,
204,2,Customer Support,Forwarded (Correct),True,"Received from Public Relations, correctly routed for Staff Behavior.",2025-04-04 14:47:47.320233,
204,3,Customer Support,Reviewed,True,On hold due to resource availability.,2025-04-08 01:30:28.655552,Unresolved
205,1,Public Relations,Received,,Complaint logged and reviewed for routing.,2025-08-01 17:46:04.728852,
205,2,Billing,Forwarded (Correct),True,"Received from Public Relations, correctly routed for Billing Issue.",2025-08-02 01:42:53.054287,
205,3,Billing,Reviewed,True,Issue verified and resolved after review.,2025-08-04 09:46:50.240743,Resolved
206,1,Public Relations,Received,,Complaint logged and reviewed for routing.,2025-08-08 04:02:45.017325,
206,2,Operations,Forwarded (Correct),True,"Received from Public Relations, correctly routed for Service Delay.",2025-08-08 10:38:49.876030,
206,3,Operations,Reviewed,True,Resolved following standard procedure.,2025-08-08 21:39:25.722305,Resolved
207,1,Public Relations,Received,,Complaint logged and reviewed for routing.,2025-02-17 09:26:44.400543,
207,2,Customer Support,Forwarded (Correct),True,"Received from Public Relations, correctly routed for Staff Behavior.",2025-02-17 14:27:27.333577,
207,3,Customer Support,Reviewed,True,Corrected the error and notified the customer.,2025-02-18 17:11:58.101728,Resolved
208,1,Public Relations,Received,,Complaint logged and reviewed for routing.,2025-01-13 17:09:54.992471,
208,2,Maintenance,Forwarded (Incorrect),False,"This complaint does not belong to our department, forwarding to the correct team.",2025-01-13 23:02:36.722243,
208,3,Operations,Forwarded (Re-routed),True,Re-routed from Maintenance; now correctly assigned for Service Delay.,2025-01-14 06:16:48.348244,
208,4,Operations,Reviewed,True,Requires field visit before it can be closed.,2025-01-15 00:19:09.303217,Unresolved
209,1,Public Relations,Received,,Complaint logged and reviewed for routing.,2025-09-24 15:01:03.623071,
209,2,Operations,Forwarded (Correct),True,"Received from Public Relations, correctly routed for Service Delay.",2025-09-24 20:01:05.385627,
209,3,Operations,Reviewed,True,Waiting on additional information from the customer.,2025-09-25 17:14:48.219383,Unresolved
211,1,Public Relations,Received,,Complaint logged and reviewed for routing.,2025-09-15 11:09:54.001504,
211,2,Security,Forwarded (Correct),True,"Received from Public Relations, correctly routed for Safety Concern.",2025-09-15 17:54:04.707953,
211,3,Security,Reviewed,True,"Still under investigation, pending further review.",2025-09-19 06:47:10.786831,Unresolved
212,1,Public Relations,Received,,Complaint logged and reviewed for routing.,2025-12-17 09:44:15.836302,
212,2,Customer Support,Forwarded (Incorrect),False,"This complaint does not belong to our department, forwarding to the correct team.",2025-12-17 13:03:48.219444,
212,3,Administration,Forwarded (Re-routed),True,Re-routed from Customer Support; now correctly assigned for Corruption/Bribery.,2025-12-18 01:24:39.271097,
212,4,Administration,Reviewed,True,Confirmed with the customer that the issue is fixed.,2025-12-19 16:41:07.139333,Resolved
213,1,Public Relations,Received,,Complaint logged and reviewed for routing.,2025-05-28 17:42:44.790069,
213,2,Billing,Forwarded (Correct),True,"Received from Public Relations, correctly routed for Billing Issue.",2025-05-28 21:55:56.474599,
213,3,Billing,Reviewed,True,Requires field visit before it can be closed.,2025-05-31 23:32:05.932460,Unresolved
214,1,Public Relations,Received,,Complaint logged and reviewed for routing.,2025-06-13 17:27:49.727998,
214,2,Administration,Forwarded (Incorrect),False,"Not within our scope, sending to the relevant department.",2025-06-13 20:52:04.021062,
214,3,Billing,Forwarded (Re-routed),True,Re-routed from Administration; now correctly assigned for Billing Issue.,2025-06-14 08:40:21.641984,
214,4,Billing,Reviewed,True,Corrected the error and notified the customer.,2025-06-15 02:35:05.197655,Resolved
215,1,Public Relations,Received,,Complaint logged and reviewed for routing.,2025-08-12 13:16:51.754283,
215,2,Security,Forwarded (Incorrect),False,"This complaint does not belong to our department, forwarding to the correct team.",2025-08-12 17:04:57.954063,
215,3,Customer Support,Forwarded (Re-routed),True,Re-routed from Security; now correctly assigned for Appreciation.,2025-08-13 15:24:20.939514,
215,4,Customer Support,Reviewed,True,Completed the requested action successfully.,2025-08-16 22:58:33.877406,Resolved
216,1,Public Relations,Received,,Complaint logged and reviewed for routing.,2025-06-27 16:43:14.430543,
216,2,Security,Forwarded (Correct),True,"Received from Public Relations, correctly routed for Safety Concern.",2025-06-27 19:25:00.742642,
216,3,Security,Reviewed,True,Resolved following standard procedure.,2025-06-30 23:23:08.762546,Resolved
217,1,Public Relations,Received,,Complaint logged and reviewed for routing.,2025-05-20 18:54:49.626775,
217,2,Operations,Forwarded (Correct),True,"Received from Public Relations, correctly routed for Service Delay.",2025-05-20 19:59:06.936559,
217,3,Operations,Reviewed,True,Confirmed with the customer that the issue is fixed.,2025-05-23 09:56:04.203598,Resolved
218,1,Public Relations,Received,,Complaint logged and reviewed for routing.,2025-08-14 12:08:01.204320,
218,2,Security,Forwarded (Incorrect),False,"Not within our scope, sending to the relevant department.",2025-08-14 18:37:48.591206,
218,3,Customer Support,Forwarded (Re-routed),True,Re-routed from Security; now correctly assigned for Staff Behavior.,2025-08-15 13:34:01.577689,
218,4,Customer Support,Reviewed,True,Corrected the error and notified the customer.,2025-08-19 06:25:16.614118,Resolved
219,1,Public Relations,Received,,Complaint logged and reviewed for routing.,2025-06-26 10:12:43.116043,
219,2,Security,Forwarded (Incorrect),False,"Not within our scope, sending to the relevant department.",2025-06-26 17:36:10.176431,
219,3,Billing,Forwarded (Re-routed),True,Re-routed from Security; now correctly assigned for Billing Issue.,2025-06-27 03:17:45.323375,
219,4,Billing,Reviewed,True,Confirmed with the customer that the issue is fixed.,2025-06-28 14:27:27.959878,Resolved
220,1,Public Relations,Received,,Complaint logged and reviewed for routing.,2025-09-02 18:20:44.933782,
220,2,Administration,Forwarded (Correct),True,"Received from Public Relations, correctly routed for Corruption/Bribery.",2025-09-03 01:24:51.723739,
220,3,Administration,Reviewed,True,On hold due to resource availability.,2025-09-03 19:36:08.588850,Unresolved
221,1,Public Relations,Received,,Complaint logged and reviewed for routing.,2025-01-05 14:51:51.025463,
221,2,Security,Forwarded (Incorrect),False,"Not within our scope, sending to the relevant department.",2025-01-05 19:25:42.749252,
221,3,Operations,Forwarded (Re-routed),True,Re-routed from Security; now correctly assigned for Service Delay.,2025-01-06 15:42:26.074936,
221,4,Operations,Reviewed,True,Completed the requested action successfully.,2025-01-08 07:24:08.186211,Resolved
222,1,Public Relations,Received,,Complaint logged and reviewed for routing.,2025-03-12 18:47:15.826357,
222,2,Security,Forwarded (Correct),True,"Received from Public Relations, correctly routed for Safety Concern.",2025-03-12 22:28:09.468716,
222,3,Security,Reviewed,True,"Still under investigation, pending further review.",2025-03-13 06:53:23.626933,Unresolved
223,1,Public Relations,Received,,Complaint logged and reviewed for routing.,2025-07-13 12:38:22.053522,
223,2,Billing,Forwarded (Correct),True,"Received from Public Relations, correctly routed for Billing Issue.",2025-07-13 18:02:58.121870,
223,3,Billing,Reviewed,True,Completed the requested action successfully.,2025-07-14 03:18:23.931186,Resolved
224,1,Public Relations,Received,,Complaint logged and reviewed for routing.,2025-12-10 03:42:49.522189,
224,2,Maintenance,Forwarded (Correct),True,"Received from Public Relations, correctly routed for Infrastructure.",2025-12-10 08:28:01.487230,
224,3,Maintenance,Reviewed,True,Corrected the error and notified the customer.,2025-12-11 16:04:25.285009,Resolved
225,1,Public Relations,Received,,Complaint logged and reviewed for routing.,2025-06-23 22:09:03.104745,
225,2,Customer Support,Forwarded (Incorrect),False,"This complaint does not belong to our department, forwarding to the correct team.",2025-06-24 00:06:47.227313,
225,3,Billing,Forwarded (Re-routed),True,Re-routed from Customer Support; now correctly assigned for Billing Issue.,2025-06-24 10:33:08.633294,
225,4,Billing,Reviewed,True,Resolved following standard procedure.,2025-06-28 04:46:12.715934,Resolved
226,1,Public Relations,Received,,Complaint logged and reviewed for routing.,2025-07-10 14:30:21.142283,
226,2,Maintenance,Forwarded (Correct),True,"Received from Public Relations, correctly routed for Infrastructure.",2025-07-10 20:38:10.018848,
226,3,Maintenance,Reviewed,True,Requires field visit before it can be closed.,2025-07-11 08:04:54.161535,Unresolved
227,1,Public Relations,Received,,Complaint logged and reviewed for routing.,2025-04-07 15:56:42.126510,
227,2,Security,Forwarded (Correct),True,"Received from Public Relations, correctly routed for Safety Concern.",2025-04-07 21:33:06.526386,
227,3,Security,Reviewed,True,On hold due to resource availability.,2025-04-08 20:50:46.799007,Unresolved
228,1,Public Relations,Received,,Complaint logged and reviewed for routing.,2025-06-26 13:18:20.990031,
228,2,Customer Support,Forwarded (Incorrect),False,"Not within our scope, sending to the relevant department.",2025-06-26 18:09:33.818765,
228,3,Operations,Forwarded (Re-routed),True,Re-routed from Customer Support; now correctly assigned for Service Delay.,2025-06-27 09:57:32.735778,
228,4,Operations,Reviewed,True,On hold due to resource availability.,2025-06-28 04:08:49.590367,Unresolved
229,1,Public Relations,Received,,Complaint logged and reviewed for routing.,2025-07-25 11:18:49.698623,
229,2,Operations,Forwarded (Correct),True,"Received from Public Relations, correctly routed for Service Delay.",2025-07-25 19:18:42.970580,
229,3,Operations,Reviewed,True,Confirmed with the customer that the issue is fixed.,2025-07-27 04:58:33.423745,Resolved
230,1,Public Relations,Received,,Complaint logged and reviewed for routing.,2025-06-17 17:57:31.835454,
230,2,Maintenance,Forwarded (Correct),True,"Received from Public Relations, correctly routed for Infrastructure.",2025-06-17 20:22:12.506322,
230,3,Maintenance,Reviewed,True,Requires field visit before it can be closed.,2025-06-19 18:47:59.947018,Unresolved
231,1,Public Relations,Received,,Complaint logged and reviewed for routing.,2025-06-28 17:08:04.279750,
231,2,Security,Forwarded (Correct),True,"Received from Public Relations, correctly routed for Safety Concern.",2025-06-28 22:18:23.940656,
231,3,Security,Reviewed,True,Completed the requested action successfully.,2025-07-01 20:19:50.605920,Resolved
232,1,Public Relations,Received,,Complaint logged and reviewed for routing.,2025-12-08 17:58:44.026980,
232,2,Billing,Forwarded (Correct),True,"Received from Public Relations, correctly routed for Billing Issue.",2025-12-08 23:52:48.203006,
232,3,Billing,Reviewed,True,Issue verified and resolved after review.,2025-12-12 06:08:33.015399,Resolved
233,1,Public Relations,Received,,Complaint logged and reviewed for routing.,2025-04-18 08:03:59.978024,
233,2,Administration,Forwarded (Correct),True,"Received from Public Relations, correctly routed for Corruption/Bribery.",2025-04-18 11:20:58.184008,
233,3,Administration,Reviewed,True,"Still under investigation, pending further review.",2025-04-21 19:27:43.025790,Unresolved
234,1,Public Relations,Received,,Complaint logged and reviewed for routing.,2025-07-19 14:14:16.650790,
234,2,Billing,Forwarded (Correct),True,"Received from Public Relations, correctly routed for Billing Issue.",2025-07-19 17:03:14.233019,
234,3,Billing,Reviewed,True,Requires field visit before it can be closed.,2025-07-20 12:58:36.243917,Unresolved
235,1,Public Relations,Received,,Complaint logged and reviewed for routing.,2025-01-28 13:34:08.831205,
235,2,Customer Support,Forwarded (Incorrect),False,"Incorrectly routed here, reassigning to the appropriate department.",2025-01-28 19:01:31.978484,
235,3,Administration,Forwarded (Re-routed),True,Re-routed from Customer Support; now correctly assigned for Corruption/Bribery.,2025-01-29 00:26:24.637045,
235,4,Administration,Reviewed,True,Waiting on additional information from the customer.,2025-01-31 10:29:09.310905,Unresolved
236,1,Public Relations,Received,,Complaint logged and reviewed for routing.,2025-06-21 18:12:04.698878,
236,2,Maintenance,Forwarded (Correct),True,"Received from Public Relations, correctly routed for Infrastructure.",2025-06-21 21:56:24.351351,
236,3,Maintenance,Reviewed,True,Corrected the error and notified the customer.,2025-06-24 06:29:12.953356,Resolved
238,1,Public Relations,Received,,Complaint logged and reviewed for routing.,2025-06-16 09:49:07.331438,
238,2,Maintenance,Forwarded (Correct),True,"Received from Public Relations, correctly routed for Infrastructure.",2025-06-16 11:55:25.220884,
238,3,Maintenance,Reviewed,True,Requires field visit before it can be closed.,2025-06-16 20:02:55.115792,Unresolved
239,1,Public Relations,Received,,Complaint logged and reviewed for routing.,2025-09-28 08:33:40.002547,
239,2,Administration,Forwarded (Correct),True,"Received from Public Relations, correctly routed for Corruption/Bribery.",2025-09-28 15:17:33.365800,
239,3,Administration,Reviewed,True,Confirmed with the customer that the issue is fixed.,2025-10-01 20:34:51.137999,Resolved
240,1,Public Relations,Received,,Complaint logged and reviewed for routing.,2025-05-15 15:54:00.073658,
240,2,Billing,Forwarded (Incorrect),False,"This complaint does not belong to our department, forwarding to the correct team.",2025-05-15 20:56:19.241810,
240,3,Customer Support,Forwarded (Re-routed),True,Re-routed from Billing; now correctly assigned for Staff Behavior.,2025-05-16 15:18:45.489148,
240,4,Customer Support,Reviewed,True,On hold due to resource availability.,2025-05-20 03:38:45.484152,Unresolved
241,1,Public Relations,Received,,Complaint logged and reviewed for routing.,2025-11-14 08:17:02.730639,
241,2,Billing,Forwarded (Correct),True,"Received from Public Relations, correctly routed for Billing Issue.",2025-11-14 15:24:45.333530,
241,3,Billing,Reviewed,True,Corrected the error and notified the customer.,2025-11-16 00:38:37.138551,Resolved
242,1,Public Relations,Received,,Complaint logged and reviewed for routing.,2025-03-06 08:01:59.684646,
242,2,Administration,Forwarded (Incorrect),False,"Incorrectly routed here, reassigning to the appropriate department.",2025-03-06 11:05:31.591338,
242,3,Customer Support,Forwarded (Re-routed),True,Re-routed from Administration; now correctly assigned for Appreciation.,2025-03-07 05:41:14.845770,
242,4,Customer Support,Reviewed,True,Resolved following standard procedure.,2025-03-10 19:07:13.350659,Resolved
243,1,Public Relations,Received,,Complaint logged and reviewed for routing.,2025-12-17 08:28:42.886173,
243,2,Customer Support,Forwarded (Correct),True,"Received from Public Relations, correctly routed for Staff Behavior.",2025-12-17 14:21:00.013054,
243,3,Customer Support,Reviewed,True,Resolved following standard procedure.,2025-12-18 07:07:15.128510,Resolved
244,1,Public Relations,Received,,Complaint logged and reviewed for routing.,2025-07-27 21:44:50.816311,
244,2,Billing,Forwarded (Correct),True,"Received from Public Relations, correctly routed for Billing Issue.",2025-07-28 01:47:28.813121,
244,3,Billing,Reviewed,True,Corrected the error and notified the customer.,2025-07-29 21:29:56.144024,Resolved
245,1,Public Relations,Received,,Complaint logged and reviewed for routing.,2025-03-09 23:13:26.225491,
245,2,Customer Support,Forwarded (Incorrect),False,"Incorrectly routed here, reassigning to the appropriate department.",2025-03-10 04:35:00.307810,
245,3,Administration,Forwarded (Re-routed),True,Re-routed from Customer Support; now correctly assigned for Corruption/Bribery.,2025-03-10 22:01:29.514095,
245,4,Administration,Reviewed,True,Resolved following standard procedure.,2025-03-13 12:33:59.961612,Resolved
246,1,Public Relations,Received,,Complaint logged and reviewed for routing.,2025-07-12 09:05:40.453223,
246,2,Operations,Forwarded (Correct),True,"Received from Public Relations, correctly routed for Service Delay.",2025-07-12 13:18:07.680544,
246,3,Operations,Reviewed,True,"Still under investigation, pending further review.",2025-07-15 23:44:28.631797,Unresolved
247,1,Public Relations,Received,,Complaint logged and reviewed for routing.,2025-10-20 17:54:07.091445,
247,2,Security,Forwarded (Correct),True,"Received from Public Relations, correctly routed for Safety Concern.",2025-10-21 01:04:28.703549,
247,3,Security,Reviewed,True,Confirmed with the customer that the issue is fixed.,2025-10-22 18:48:31.957805,Resolved
248,1,Public Relations,Received,,Complaint logged and reviewed for routing.,2025-07-12 15:13:48.948156,
248,2,Operations,Forwarded (Correct),True,"Received from Public Relations, correctly routed for Service Delay.",2025-07-12 17:36:28.434931,
248,3,Operations,Reviewed,True,On hold due to resource availability.,2025-07-13 05:15:00.224761,Unresolved
249,1,Public Relations,Received,,Complaint logged and reviewed for routing.,2025-01-23 13:13:11.476358,
249,2,Customer Support,Forwarded (Correct),True,"Received from Public Relations, correctly routed for Staff Behavior.",2025-01-23 16:48:56.587529,
249,3,Customer Support,Reviewed,True,Confirmed with the customer that the issue is fixed.,2025-01-24 01:01:11.936559,Resolved
250,1,Public Relations,Received,,Complaint logged and reviewed for routing.,2025-03-20 13:36:30.222025,
250,2,Maintenance,Forwarded (Correct),True,"Received from Public Relations, correctly routed for Infrastructure.",2025-03-20 21:08:28.404904,
250,3,Maintenance,Reviewed,True,"Still under investigation, pending further review.",2025-03-23 23:53:24.185300,Unresolved
251,1,Public Relations,Received,,Complaint logged and reviewed for routing.,2025-10-18 08:29:32.770253,
251,2,Maintenance,Forwarded (Correct),True,"Received from Public Relations, correctly routed for Infrastructure.",2025-10-18 16:02:17.716826,
251,3,Maintenance,Reviewed,True,Completed the requested action successfully.,2025-10-20 13:56:50.405066,Resolved
252,1,Public Relations,Received,,Complaint logged and reviewed for routing.,2025-12-19 08:51:39.942671,
252,2,Customer Support,Forwarded (Incorrect),False,"Incorrectly routed here, reassigning to the appropriate department.",2025-12-19 10:19:03.952460,
252,3,Operations,Forwarded (Re-routed),True,Re-routed from Customer Support; now correctly assigned for Service Delay.,2025-12-19 19:45:36.860458,
252,4,Operations,Reviewed,True,Issue verified and resolved after review.,2025-12-22 09:55:05.650021,Resolved
253,1,Public Relations,Received,,Complaint logged and reviewed for routing.,2025-12-26 17:38:50.496670,
253,2,Maintenance,Forwarded (Correct),True,"Received from Public Relations, correctly routed for Infrastructure.",2025-12-26 18:39:33.535197,
253,3,Maintenance,Reviewed,True,Issue verified and resolved after review.,2025-12-30 01:52:04.391516,Resolved
254,1,Public Relations,Received,,Complaint logged and reviewed for routing.,2025-07-24 16:12:08.939187,
254,2,Maintenance,Forwarded (Correct),True,"Received from Public Relations, correctly routed for Infrastructure.",2025-07-24 22:02:21.699327,
254,3,Maintenance,Reviewed,True,Confirmed with the customer that the issue is fixed.,2025-07-25 13:48:14.615788,Resolved
255,1,Public Relations,Received,,Complaint logged and reviewed for routing.,2025-03-15 10:32:04.268117,
255,2,Billing,Forwarded (Correct),True,"Received from Public Relations, correctly routed for Billing Issue.",2025-03-15 16:41:30.474425,
255,3,Billing,Reviewed,True,Confirmed with the customer that the issue is fixed.,2025-03-18 07:42:05.215221,Resolved
256,1,Public Relations,Received,,Complaint logged and reviewed for routing.,2025-11-28 18:42:10.102826,
256,2,Operations,Forwarded (Correct),True,"Received from Public Relations, correctly routed for Service Delay.",2025-11-28 22:07:16.906108,
256,3,Operations,Reviewed,True,Corrected the error and notified the customer.,2025-11-29 05:07:28.388437,Resolved
257,1,Public Relations,Received,,Complaint logged and reviewed for routing.,2025-05-22 09:29:15.090395,
257,2,Operations,Forwarded (Incorrect),False,"This complaint does not belong to our department, forwarding to the correct team.",2025-05-22 16:20:38.472628,
257,3,Customer Support,Forwarded (Re-routed),True,Re-routed from Operations; now correctly assigned for Staff Behavior.,2025-05-23 15:49:40.207560,
257,4,Customer Support,Reviewed,True,Completed the requested action successfully.,2025-05-26 23:05:14.219051,Resolved
258,1,Public Relations,Received,,Complaint logged and reviewed for routing.,2025-05-12 14:41:18.553923,
258,2,Customer Support,Forwarded (Correct),True,"Received from Public Relations, correctly routed for Staff Behavior.",2025-05-12 21:36:16.706794,
258,3,Customer Support,Reviewed,True,Resolved following standard procedure.,2025-05-13 19:51:12.709409,Resolved
259,1,Public Relations,Received,,Complaint logged and reviewed for routing.,2025-12-09 15:57:39.726662,
259,2,Security,Forwarded (Incorrect),False,"Incorrectly routed here, reassigning to the appropriate department.",2025-12-09 18:37:17.654160,
259,3,Maintenance,Forwarded (Re-routed),True,Re-routed from Security; now correctly assigned for Infrastructure.,2025-12-10 06:28:16.031738,
259,4,Maintenance,Reviewed,True,"Still under investigation, pending further review.",2025-12-13 18:39:56.480479,Unresolved
260,1,Public Relations,Received,,Complaint logged and reviewed for routing.,2025-08-16 16:14:26.665444,
260,2,Security,Forwarded (Correct),True,"Received from Public Relations, correctly routed for Safety Concern.",2025-08-16 23:29:48.309753,
260,3,Security,Reviewed,True,Corrected the error and notified the customer.,2025-08-19 10:39:22.375312,Resolved
261,1,Public Relations,Received,,Complaint logged and reviewed for routing.,2025-08-13 13:36:29.223606,
261,2,Operations,Forwarded (Correct),True,"Received from Public Relations, correctly routed for Service Delay.",2025-08-13 16:25:50.219119,
261,3,Operations,Reviewed,True,Confirmed with the customer that the issue is fixed.,2025-08-13 20:44:27.707310,Resolved
262,1,Public Relations,Received,,Complaint logged and reviewed for routing.,2025-12-03 19:33:13.150607,
262,2,Operations,Forwarded (Correct),True,"Received from Public Relations, correctly routed for Service Delay.",2025-12-04 02:25:25.103718,
262,3,Operations,Reviewed,True,Corrected the error and notified the customer.,2025-12-05 03:05:51.861756,Resolved
263,1,Public Relations,Received,,Complaint logged and reviewed for routing.,2025-05-18 07:44:38.022744,
263,2,Maintenance,Forwarded (Incorrect),False,"Not within our scope, sending to the relevant department.",2025-05-18 15:37:52.203745,
263,3,Billing,Forwarded (Re-routed),True,Re-routed from Maintenance; now correctly assigned for Billing Issue.,2025-05-19 03:29:56.093155,
263,4,Billing,Reviewed,True,Requires field visit before it can be closed.,2025-05-22 21:50:09.684050,Unresolved
264,1,Public Relations,Received,,Complaint logged and reviewed for routing.,2025-04-08 11:43:13.880490,
264,2,Operations,Forwarded (Correct),True,"Received from Public Relations, correctly routed for Service Delay.",2025-04-08 16:10:58.117533,
264,3,Operations,Reviewed,True,Waiting on additional information from the customer.,2025-04-11 06:38:10.728414,Unresolved
265,1,Public Relations,Received,,Complaint logged and reviewed for routing.,2025-01-18 21:12:28.588451,
265,2,Billing,Forwarded (Correct),True,"Received from Public Relations, correctly routed for Billing Issue.",2025-01-19 01:49:22.690123,
265,3,Billing,Reviewed,True,Requires field visit before it can be closed.,2025-01-22 03:44:12.691573,Unresolved
266,1,Public Relations,Received,,Complaint logged and reviewed for routing.,2025-09-10 18:52:15.707487,
266,2,Customer Support,Forwarded (Correct),True,"Received from Public Relations, correctly routed for Staff Behavior.",2025-09-10 20:13:53.172366,
266,3,Customer Support,Reviewed,True,Escalated to senior staff for further action.,2025-09-11 02:56:10.846987,Unresolved
267,1,Public Relations,Received,,Complaint logged and reviewed for routing.,2025-07-24 13:18:16.559669,
267,2,Administration,Forwarded (Incorrect),False,"Incorrectly routed here, reassigning to the appropriate department.",2025-07-24 15:58:08.288022,
267,3,Maintenance,Forwarded (Re-routed),True,Re-routed from Administration; now correctly assigned for Infrastructure.,2025-07-25 12:04:37.209515,
267,4,Maintenance,Reviewed,True,Issue verified and resolved after review.,2025-07-27 10:18:55.945144,Resolved
268,1,Public Relations,Received,,Complaint logged and reviewed for routing.,2025-12-02 11:00:03.219302,
268,2,Operations,Forwarded (Correct),True,"Received from Public Relations, correctly routed for Service Delay.",2025-12-02 14:11:33.365966,
268,3,Operations,Reviewed,True,Corrected the error and notified the customer.,2025-12-03 21:41:05.308208,Resolved
269,1,Public Relations,Received,,Complaint logged and reviewed for routing.,2025-05-20 13:15:05.840767,
269,2,Administration,Forwarded (Correct),True,"Received from Public Relations, correctly routed for Corruption/Bribery.",2025-05-20 19:28:19.723901,
269,3,Administration,Reviewed,True,Resolved following standard procedure.,2025-05-21 16:05:44.306952,Resolved
270,1,Public Relations,Received,,Complaint logged and reviewed for routing.,2025-11-05 08:49:33.002237,
270,2,Operations,Forwarded (Incorrect),False,"Incorrectly routed here, reassigning to the appropriate department.",2025-11-05 14:20:03.993435,
270,3,Customer Support,Forwarded (Re-routed),True,Re-routed from Operations; now correctly assigned for Appreciation.,2025-11-06 13:32:10.752835,
270,4,Customer Support,Reviewed,True,Confirmed with the customer that the issue is fixed.,2025-11-07 18:19:17.253931,Resolved
271,1,Public Relations,Received,,Complaint logged and reviewed for routing.,2025-08-23 22:01:47.190052,
271,2,Operations,Forwarded (Correct),True,"Received from Public Relations, correctly routed for Service Delay.",2025-08-24 03:00:53.607911,
271,3,Operations,Reviewed,True,On hold due to resource availability.,2025-08-24 20:04:10.078155,Unresolved
272,1,Public Relations,Received,,Complaint logged and reviewed for routing.,2025-03-28 23:55:43.227527,
272,2,Maintenance,Forwarded (Incorrect),False,"Incorrectly routed here, reassigning to the appropriate department.",2025-03-29 07:44:59.550147,
272,3,Customer Support,Forwarded (Re-routed),True,Re-routed from Maintenance; now correctly assigned for Staff Behavior.,2025-03-29 17:13:05.808753,
272,4,Customer Support,Reviewed,True,Issue verified and resolved after review.,2025-03-31 17:25:54.420963,Resolved
273,1,Public Relations,Received,,Complaint logged and reviewed for routing.,2025-08-06 10:27:24.645731,
273,2,Operations,Forwarded (Correct),True,"Received from Public Relations, correctly routed for Service Delay.",2025-08-06 15:04:59.764071,
273,3,Operations,Reviewed,True,Issue verified and resolved after review.,2025-08-10 12:28:06.039430,Resolved
274,1,Public Relations,Received,,Complaint logged and reviewed for routing.,2025-06-09 17:28:49.853617,
274,2,Operations,Forwarded (Correct),True,"Received from Public Relations, correctly routed for Service Delay.",2025-06-09 19:58:30.090215,
274,3,Operations,Reviewed,True,Escalated to senior staff for further action.,2025-06-11 04:33:52.888112,Unresolved
275,1,Public Relations,Received,,Complaint logged and reviewed for routing.,2025-08-02 16:59:24.626887,
275,2,Operations,Forwarded (Correct),True,"Received from Public Relations, correctly routed for Service Delay.",2025-08-02 23:59:21.617520,
275,3,Operations,Reviewed,True,Waiting on additional information from the customer.,2025-08-04 21:42:20.180965,Unresolved
276,1,Public Relations,Received,,Complaint logged and reviewed for routing.,2025-08-21 09:59:52.421633,
276,2,Maintenance,Forwarded (Correct),True,"Received from Public Relations, correctly routed for Infrastructure.",2025-08-21 16:39:48.175708,
276,3,Maintenance,Reviewed,True,Resolved following standard procedure.,2025-08-22 06:21:01.454875,Resolved
277,1,Public Relations,Received,,Complaint logged and reviewed for routing.,2025-07-15 21:41:26.519964,
277,2,Billing,Forwarded (Correct),True,"Received from Public Relations, correctly routed for Billing Issue.",2025-07-16 01:56:38.599512,
277,3,Billing,Reviewed,True,Resolved following standard procedure.,2025-07-17 12:27:21.032568,Resolved
278,1,Public Relations,Received,,Complaint logged and reviewed for routing.,2025-09-22 19:22:45.247080,
278,2,Billing,Forwarded (Incorrect),False,"Incorrectly routed here, reassigning to the appropriate department.",2025-09-22 22:10:28.357201,
278,3,Customer Support,Forwarded (Re-routed),True,Re-routed from Billing; now correctly assigned for Appreciation.,2025-09-23 05:06:11.794448,
278,4,Customer Support,Reviewed,True,Issue verified and resolved after review.,2025-09-24 08:51:01.695831,Resolved
279,1,Public Relations,Received,,Complaint logged and reviewed for routing.,2025-02-19 23:29:40.111149,
279,2,Customer Support,Forwarded (Correct),True,"Received from Public Relations, correctly routed for Staff Behavior.",2025-02-20 01:11:56.944250,
279,3,Customer Support,Reviewed,True,Requires field visit before it can be closed.,2025-02-21 22:43:10.509140,Unresolved
280,1,Public Relations,Received,,Complaint logged and reviewed for routing.,2025-03-11 09:26:51.225759,
280,2,Billing,Forwarded (Correct),True,"Received from Public Relations, correctly routed for Billing Issue.",2025-03-11 14:16:02.315536,
280,3,Billing,Reviewed,True,Completed the requested action successfully.,2025-03-12 06:59:20.797853,Resolved
281,1,Public Relations,Received,,Complaint logged and reviewed for routing.,2025-02-17 16:02:13.929266,
281,2,Maintenance,Forwarded (Correct),True,"Received from Public Relations, correctly routed for Infrastructure.",2025-02-17 23:30:16.525924,
281,3,Maintenance,Reviewed,True,Issue verified and resolved after review.,2025-02-19 08:53:08.298842,Resolved
282,1,Public Relations,Received,,Complaint logged and reviewed for routing.,2025-01-15 18:29:24.633393,
282,2,Maintenance,Forwarded (Incorrect),False,"Incorrectly routed here, reassigning to the appropriate department.",2025-01-15 23:40:36.381440,
282,3,Operations,Forwarded (Re-routed),True,Re-routed from Maintenance; now correctly assigned for Service Delay.,2025-01-16 18:27:11.301828,
282,4,Operations,Reviewed,True,Completed the requested action successfully.,2025-01-17 03:48:51.545729,Resolved
283,1,Public Relations,Received,,Complaint logged and reviewed for routing.,2025-09-19 18:26:55.482855,
283,2,Operations,Forwarded (Correct),True,"Received from Public Relations, correctly routed for Service Delay.",2025-09-20 01:08:54.538619,
283,3,Operations,Reviewed,True,Escalated to senior staff for further action.,2025-09-23 06:03:37.563083,Unresolved
284,1,Public Relations,Received,,Complaint logged and reviewed for routing.,2025-12-03 13:55:00.033453,
284,2,Customer Support,Forwarded (Correct),True,"Received from Public Relations, correctly routed for Staff Behavior.",2025-12-03 20:40:33.848422,
284,3,Customer Support,Reviewed,True,Completed the requested action successfully.,2025-12-06 03:00:25.646126,Resolved
285,1,Public Relations,Received,,Complaint logged and reviewed for routing.,2025-06-13 06:55:17.199607,
285,2,Security,Forwarded (Correct),True,"Received from Public Relations, correctly routed for Safety Concern.",2025-06-13 09:55:17.767950,
285,3,Security,Reviewed,True,Confirmed with the customer that the issue is fixed.,2025-06-15 20:27:11.917376,Resolved
286,1,Public Relations,Received,,Complaint logged and reviewed for routing.,2025-03-28 18:30:58.927656,
286,2,Billing,Forwarded (Correct),True,"Received from Public Relations, correctly routed for Billing Issue.",2025-03-29 01:07:53.568113,
286,3,Billing,Reviewed,True,Escalated to senior staff for further action.,2025-03-31 22:54:06.289536,Unresolved
287,1,Public Relations,Received,,Complaint logged and reviewed for routing.,2025-10-25 16:31:17.331424,
287,2,Customer Support,Forwarded (Correct),True,"Received from Public Relations, correctly routed for Staff Behavior.",2025-10-25 20:18:11.466958,
287,3,Customer Support,Reviewed,True,Resolved following standard procedure.,2025-10-28 23:53:09.635650,Resolved
288,1,Public Relations,Received,,Complaint logged and reviewed for routing.,2025-10-08 21:27:13.527993,
288,2,Customer Support,Forwarded (Correct),True,"Received from Public Relations, correctly routed for Staff Behavior.",2025-10-09 00:01:44.290519,
288,3,Customer Support,Reviewed,True,Waiting on additional information from the customer.,2025-10-12 18:14:30.077340,Unresolved
289,1,Public Relations,Received,,Complaint logged and reviewed for routing.,2025-08-01 18:12:11.677066,
289,2,Billing,Forwarded (Correct),True,"Received from Public Relations, correctly routed for Billing Issue.",2025-08-01 21:21:51.595640,
289,3,Billing,Reviewed,True,On hold due to resource availability.,2025-08-04 00:24:00.334874,Unresolved
290,1,Public Relations,Received,,Complaint logged and reviewed for routing.,2025-04-02 10:05:18.281573,
290,2,Customer Support,Forwarded (Correct),True,"Received from Public Relations, correctly routed for Staff Behavior.",2025-04-02 12:58:51.952318,
290,3,Customer Support,Reviewed,True,Issue verified and resolved after review.,2025-04-05 05:50:31.280636,Resolved
291,1,Public Relations,Received,,Complaint logged and reviewed for routing.,2025-04-24 14:12:39.395831,
291,2,Billing,Forwarded (Correct),True,"Received from Public Relations, correctly routed for Billing Issue.",2025-04-24 18:04:21.955594,
291,3,Billing,Reviewed,True,Waiting on additional information from the customer.,2025-04-25 12:52:45.338493,Unresolved
292,1,Public Relations,Received,,Complaint logged and reviewed for routing.,2025-12-17 09:14:14.440453,
292,2,Security,Forwarded (Incorrect),False,"Incorrectly routed here, reassigning to the appropriate department.",2025-12-17 13:02:54.779157,
292,3,Operations,Forwarded (Re-routed),True,Re-routed from Security; now correctly assigned for Service Delay.,2025-12-18 01:45:45.992696,
292,4,Operations,Reviewed,True,Completed the requested action successfully.,2025-12-19 03:49:52.922580,Resolved
293,1,Public Relations,Received,,Complaint logged and reviewed for routing.,2025-07-02 10:55:44.046005,
293,2,Maintenance,Forwarded (Correct),True,"Received from Public Relations, correctly routed for Infrastructure.",2025-07-02 13:20:40.181791,
293,3,Maintenance,Reviewed,True,Resolved following standard procedure.,2025-07-02 20:53:59.910852,Resolved
294,1,Public Relations,Received,,Complaint logged and reviewed for routing.,2025-06-10 16:49:48.777238,
294,2,Operations,Forwarded (Correct),True,"Received from Public Relations, correctly routed for Service Delay.",2025-06-10 23:01:39.805960,
294,3,Operations,Reviewed,True,Requires field visit before it can be closed.,2025-06-12 00:59:36.904655,Unresolved
295,1,Public Relations,Received,,Complaint logged and reviewed for routing.,2025-10-05 15:16:46.096495,
295,2,Administration,Forwarded (Correct),True,"Received from Public Relations, correctly routed for Corruption/Bribery.",2025-10-05 20:20:35.484736,
295,3,Administration,Reviewed,True,Completed the requested action successfully.,2025-10-09 12:56:57.084560,Resolved
296,1,Public Relations,Received,,Complaint logged and reviewed for routing.,2025-06-09 15:47:57.245753,
296,2,Operations,Forwarded (Incorrect),False,"This complaint does not belong to our department, forwarding to the correct team.",2025-06-09 20:34:45.351497,
296,3,Customer Support,Forwarded (Re-routed),True,Re-routed from Operations; now correctly assigned for Appreciation.,2025-06-10 05:52:00.583321,
296,4,Customer Support,Reviewed,True,Escalated to senior staff for further action.,2025-06-13 06:05:54.328453,Unresolved
297,1,Public Relations,Received,,Complaint logged and reviewed for routing.,2025-07-27 14:11:14.939312,
297,2,Administration,Forwarded (Correct),True,"Received from Public Relations, correctly routed for Corruption/Bribery.",2025-07-27 17:50:24.639307,
297,3,Administration,Reviewed,True,Escalated to senior staff for further action.,2025-07-30 10:12:18.398015,Unresolved
298,1,Public Relations,Received,,Complaint logged and reviewed for routing.,2025-10-19 17:52:34.909659,
298,2,Billing,Forwarded (Incorrect),False,"Not within our scope, sending to the relevant department.",2025-10-19 20:17:03.873301,
298,3,Administration,Forwarded (Re-routed),True,Re-routed from Billing; now correctly assigned for Corruption/Bribery.,2025-10-20 08:36:31.154761,
298,4,Administration,Reviewed,True,Corrected the error and notified the customer.,2025-10-24 04:36:21.804583,Resolved
299,1,Public Relations,Received,,Complaint logged and reviewed for routing.,2025-05-01 14:50:19.764864,
299,2,Administration,Forwarded (Correct),True,"Received from Public Relations, correctly routed for Corruption/Bribery.",2025-05-01 19:25:24.901698,
299,3,Administration,Reviewed,True,Confirmed with the customer that the issue is fixed.,2025-05-04 12:11:10.330606,Resolved
300,1,Public Relations,Received,,Complaint logged and reviewed for routing.,2025-11-23 14:00:13.820543,
300,2,Security,Forwarded (Correct),True,"Received from Public Relations, correctly routed for Safety Concern.",2025-11-23 17:53:46.293543,
300,3,Security,Reviewed,True,Completed the requested action successfully.,2025-11-27 08:13:09.475115,Resolved
301,1,Public Relations,Received,,Complaint logged and reviewed for routing.,2025-06-18 18:08:26.743140,
301,2,Customer Support,Forwarded (Correct),True,"Received from Public Relations, correctly routed for Staff Behavior.",2025-06-19 02:00:51.160769,
301,3,Customer Support,Reviewed,True,Resolved following standard procedure.,2025-06-22 12:02:25.552052,Resolved
302,1,Public Relations,Received,,Complaint logged and reviewed for routing.,2025-02-24 05:54:13.116192,
302,2,Administration,Forwarded (Correct),True,"Received from Public Relations, correctly routed for Corruption/Bribery.",2025-02-24 09:31:08.444805,
302,3,Administration,Reviewed,True,Issue verified and resolved after review.,2025-02-24 21:59:24.529863,Resolved
303,1,Public Relations,Received,,Complaint logged and reviewed for routing.,2025-01-28 16:53:35.637262,
303,2,Operations,Forwarded (Correct),True,"Received from Public Relations, correctly routed for Service Delay.",2025-01-28 23:04:48.748420,
303,3,Operations,Reviewed,True,Completed the requested action successfully.,2025-01-30 17:52:09.744387,Resolved
304,1,Public Relations,Received,,Complaint logged and reviewed for routing.,2025-05-13 11:13:31.740470,
304,2,Operations,Forwarded (Correct),True,"Received from Public Relations, correctly routed for Service Delay.",2025-05-13 13:44:09.811675,
304,3,Operations,Reviewed,True,Corrected the error and notified the customer.,2025-05-16 21:31:14.529961,Resolved
305,1,Public Relations,Received,,Complaint logged and reviewed for routing.,2025-12-21 10:31:03.163230,
305,2,Operations,Forwarded (Correct),True,"Received from Public Relations, correctly routed for Service Delay.",2025-12-21 16:34:22.531753,
305,3,Operations,Reviewed,True,Completed the requested action successfully.,2025-12-22 15:20:32.013380,Resolved
306,1,Public Relations,Received,,Complaint logged and reviewed for routing.,2025-07-18 13:12:24.577456,
306,2,Billing,Forwarded (Correct),True,"Received from Public Relations, correctly routed for Billing Issue.",2025-07-18 14:39:24.796263,
306,3,Billing,Reviewed,True,Corrected the error and notified the customer.,2025-07-18 23:22:35.802288,Resolved
307,1,Public Relations,Received,,Complaint logged and reviewed for routing.,2025-09-14 19:38:15.236284,
307,2,Administration,Forwarded (Incorrect),False,"Incorrectly routed here, reassigning to the appropriate department.",2025-09-15 00:04:41.455628,
307,3,Customer Support,Forwarded (Re-routed),True,Re-routed from Administration; now correctly assigned for Appreciation.,2025-09-15 19:18:30.263364,
307,4,Customer Support,Reviewed,True,Confirmed with the customer that the issue is fixed.,2025-09-17 01:19:15.795466,Resolved
308,1,Public Relations,Received,,Complaint logged and reviewed for routing.,2025-06-02 17:24:21.625412,
308,2,Billing,Forwarded (Correct),True,"Received from Public Relations, correctly routed for Billing Issue.",2025-06-03 00:40:08.156038,
308,3,Billing,Reviewed,True,Confirmed with the customer that the issue is fixed.,2025-06-07 00:25:41.538322,Resolved
309,1,Public Relations,Received,,Complaint logged and reviewed for routing.,2025-01-18 11:43:36.010647,
309,2,Maintenance,Forwarded (Correct),True,"Received from Public Relations, correctly routed for Infrastructure.",2025-01-18 18:10:53.163365,
309,3,Maintenance,Reviewed,True,"Still under investigation, pending further review.",2025-01-21 01:20:49.572346,Unresolved
310,1,Public Relations,Received,,Complaint logged and reviewed for routing.,2025-01-27 14:50:31.113714,
310,2,Maintenance,Forwarded (Incorrect),False,"Not within our scope, sending to the relevant department.",2025-01-27 20:09:28.177376,
310,3,Customer Support,Forwarded (Re-routed),True,Re-routed from Maintenance; now correctly assigned for Staff Behavior.,2025-01-28 05:45:23.006876,
310,4,Customer Support,Reviewed,True,Confirmed with the customer that the issue is fixed.,2025-01-29 18:00:29.494529,Resolved
311,1,Public Relations,Received,,Complaint logged and reviewed for routing.,2025-07-08 14:08:29.867589,
311,2,Billing,Forwarded (Correct),True,"Received from Public Relations, correctly routed for Billing Issue.",2025-07-08 20:20:25.351008,
311,3,Billing,Reviewed,True,Confirmed with the customer that the issue is fixed.,2025-07-09 05:21:22.951417,Resolved
312,1,Public Relations,Received,,Complaint logged and reviewed for routing.,2025-02-13 23:52:37.874452,
312,2,Maintenance,Forwarded (Incorrect),False,"Not within our scope, sending to the relevant department.",2025-02-14 00:58:05.365039,
312,3,Operations,Forwarded (Re-routed),True,Re-routed from Maintenance; now correctly assigned for Service Delay.,2025-02-14 22:41:31.322697,
312,4,Operations,Reviewed,True,Confirmed with the customer that the issue is fixed.,2025-02-17 09:35:12.572183,Resolved
313,1,Public Relations,Received,,Complaint logged and reviewed for routing.,2025-08-28 15:58:54.817761,
313,2,Operations,Forwarded (Correct),True,"Received from Public Relations, correctly routed for Service Delay.",2025-08-28 17:05:49.326342,
313,3,Operations,Reviewed,True,Corrected the error and notified the customer.,2025-08-29 04:48:19.206510,Resolved
314,1,Public Relations,Received,,Complaint logged and reviewed for routing.,2025-01-01 10:49:58.885896,
314,2,Operations,Forwarded (Correct),True,"Received from Public Relations, correctly routed for Service Delay.",2025-01-01 14:30:18.598024,
314,3,Operations,Reviewed,True,Waiting on additional information from the customer.,2025-01-04 21:47:18.059694,Unresolved
315,1,Public Relations,Received,,Complaint logged and reviewed for routing.,2025-07-28 07:44:22.368962,
315,2,Security,Forwarded (Incorrect),False,"Not within our scope, sending to the relevant department.",2025-07-28 11:32:13.944182,
315,3,Maintenance,Forwarded (Re-routed),True,Re-routed from Security; now correctly assigned for Infrastructure.,2025-07-28 17:56:13.853398,
315,4,Maintenance,Reviewed,True,Issue verified and resolved after review.,2025-07-30 20:12:04.705390,Resolved
316,1,Public Relations,Received,,Complaint logged and reviewed for routing.,2025-07-02 12:53:52.347551,
316,2,Billing,Forwarded (Correct),True,"Received from Public Relations, correctly routed for Billing Issue.",2025-07-02 15:45:32.948759,
316,3,Billing,Reviewed,True,Requires field visit before it can be closed.,2025-07-05 20:30:56.385025,Unresolved
317,1,Public Relations,Received,,Complaint logged and reviewed for routing.,2025-03-28 18:44:41.459820,
317,2,Operations,Forwarded (Incorrect),False,"This complaint does not belong to our department, forwarding to the correct team.",2025-03-29 01:56:46.213901,
317,3,Customer Support,Forwarded (Re-routed),True,Re-routed from Operations; now correctly assigned for Staff Behavior.,2025-03-29 16:11:55.803238,
317,4,Customer Support,Reviewed,True,Waiting on additional information from the customer.,2025-03-30 07:46:23.467470,Unresolved
318,1,Public Relations,Received,,Complaint logged and reviewed for routing.,2025-12-10 13:45:13.644991,
318,2,Security,Forwarded (Correct),True,"Received from Public Relations, correctly routed for Safety Concern.",2025-12-10 20:58:00.830119,
318,3,Security,Reviewed,True,Issue verified and resolved after review.,2025-12-11 14:18:45.089157,Resolved
319,1,Public Relations,Received,,Complaint logged and reviewed for routing.,2025-05-25 16:06:23.124895,
319,2,Maintenance,Forwarded (Correct),True,"Received from Public Relations, correctly routed for Infrastructure.",2025-05-25 18:51:58.114216,
319,3,Maintenance,Reviewed,True,Escalated to senior staff for further action.,2025-05-27 22:14:29.038692,Unresolved
320,1,Public Relations,Received,,Complaint logged and reviewed for routing.,2025-01-14 11:08:18.754776,
320,2,Customer Support,Forwarded (Correct),True,"Received from Public Relations, correctly routed for Staff Behavior.",2025-01-14 18:09:45.854094,
320,3,Customer Support,Reviewed,True,Resolved following standard procedure.,2025-01-16 04:01:41.977147,Resolved
321,1,Public Relations,Received,,Complaint logged and reviewed for routing.,2025-01-09 10:00:14.858277,
321,2,Customer Support,Forwarded (Correct),True,"Received from Public Relations, correctly routed for Appreciation.",2025-01-09 15:10:26.696405,
321,3,Customer Support,Reviewed,True,Confirmed with the customer that the issue is fixed.,2025-01-12 00:03:07.895243,Resolved
322,1,Public Relations,Received,,Complaint logged and reviewed for routing.,2025-06-22 08:10:32.118156,
322,2,Customer Support,Forwarded (Correct),True,"Received from Public Relations, correctly routed for Staff Behavior.",2025-06-22 13:24:01.846801,
322,3,Customer Support,Reviewed,True,Issue verified and resolved after review.,2025-06-26 11:42:25.880221,Resolved
323,1,Public Relations,Received,,Complaint logged and reviewed for routing.,2025-02-05 09:46:27.606749,
323,2,Administration,Forwarded (Incorrect),False,"Not within our scope, sending to the relevant department.",2025-02-05 12:58:40.626559,
323,3,Security,Forwarded (Re-routed),True,Re-routed from Administration; now correctly assigned for Safety Concern.,2025-02-06 09:56:11.842225,
323,4,Security,Reviewed,True,Completed the requested action successfully.,2025-02-07 04:34:50.565335,Resolved
324,1,Public Relations,Received,,Complaint logged and reviewed for routing.,2025-02-10 11:48:40.778564,
324,2,Billing,Forwarded (Incorrect),False,"This complaint does not belong to our department, forwarding to the correct team.",2025-02-10 14:00:55.729380,
324,3,Operations,Forwarded (Re-routed),True,Re-routed from Billing; now correctly assigned for Service Delay.,2025-02-11 09:24:33.953014,
324,4,Operations,Reviewed,True,Completed the requested action successfully.,2025-02-12 01:07:58.779444,Resolved
325,1,Public Relations,Received,,Complaint logged and reviewed for routing.,2025-06-18 06:48:23.292157,
325,2,Security,Forwarded (Incorrect),False,"Incorrectly routed here, reassigning to the appropriate department.",2025-06-18 12:11:42.611777,
325,3,Billing,Forwarded (Re-routed),True,Re-routed from Security; now correctly assigned for Billing Issue.,2025-06-19 07:31:54.384546,
325,4,Billing,Reviewed,True,Confirmed with the customer that the issue is fixed.,2025-06-22 09:06:56.323704,Resolved
326,1,Public Relations,Received,,Complaint logged and reviewed for routing.,2025-08-11 17:50:22.423840,
326,2,Customer Support,Forwarded (Correct),True,"Received from Public Relations, correctly routed for Staff Behavior.",2025-08-12 01:15:20.751363,
326,3,Customer Support,Reviewed,True,Resolved following standard procedure.,2025-08-12 19:08:10.647037,Resolved
327,1,Public Relations,Received,,Complaint logged and reviewed for routing.,2025-11-08 18:32:20.007421,
327,2,Security,Forwarded (Correct),True,"Received from Public Relations, correctly routed for Safety Concern.",2025-11-08 22:07:26.043733,
327,3,Security,Reviewed,True,Corrected the error and notified the customer.,2025-11-11 04:22:22.855372,Resolved
328,1,Public Relations,Received,,Complaint logged and reviewed for routing.,2025-04-05 19:32:01.913871,
328,2,Billing,Forwarded (Correct),True,"Received from Public Relations, correctly routed for Billing Issue.",2025-04-05 21:33:49.410739,
328,3,Billing,Reviewed,True,Waiting on additional information from the customer.,2025-04-09 20:01:57.691275,Unresolved
329,1,Public Relations,Received,,Complaint logged and reviewed for routing.,2025-05-08 08:26:26.543054,
329,2,Customer Support,Forwarded (Correct),True,"Received from Public Relations, correctly routed for Staff Behavior.",2025-05-08 12:56:19.030697,
329,3,Customer Support,Reviewed,True,Issue verified and resolved after review.,2025-05-12 05:14:07.108846,Resolved
330,1,Public Relations,Received,,Complaint logged and reviewed for routing.,2025-05-13 17:01:30.138748,
330,2,Customer Support,Forwarded (Correct),True,"Received from Public Relations, correctly routed for Staff Behavior.",2025-05-13 20:35:28.358459,
330,3,Customer Support,Reviewed,True,Resolved following standard procedure.,2025-05-16 04:24:05.336243,Resolved
331,1,Public Relations,Received,,Complaint logged and reviewed for routing.,2025-10-28 09:54:45.546646,
331,2,Administration,Forwarded (Incorrect),False,"Incorrectly routed here, reassigning to the appropriate department.",2025-10-28 11:04:34.650411,
331,3,Customer Support,Forwarded (Re-routed),True,Re-routed from Administration; now correctly assigned for Staff Behavior.,2025-10-29 03:43:53.268517,
331,4,Customer Support,Reviewed,True,Confirmed with the customer that the issue is fixed.,2025-10-30 17:51:09.158533,Resolved
332,1,Public Relations,Received,,Complaint logged and reviewed for routing.,2025-07-06 12:40:03.788388,
332,2,Operations,Forwarded (Incorrect),False,"Not within our scope, sending to the relevant department.",2025-07-06 15:40:27.059399,
332,3,Maintenance,Forwarded (Re-routed),True,Re-routed from Operations; now correctly assigned for Infrastructure.,2025-07-07 09:32:35.922136,
332,4,Maintenance,Reviewed,True,Confirmed with the customer that the issue is fixed.,2025-07-10 11:25:37.642124,Resolved
333,1,Public Relations,Received,,Complaint logged and reviewed for routing.,2025-05-09 15:55:36.909605,
333,2,Customer Support,Forwarded (Correct),True,"Received from Public Relations, correctly routed for Appreciation.",2025-05-09 18:28:20.166248,
333,3,Customer Support,Reviewed,True,Corrected the error and notified the customer.,2025-05-13 03:42:21.254987,Resolved
334,1,Public Relations,Received,,Complaint logged and reviewed for routing.,2025-03-25 17:04:40.620231,
334,2,Maintenance,Forwarded (Correct),True,"Received from Public Relations, correctly routed for Infrastructure.",2025-03-25 23:22:34.892087,
334,3,Maintenance,Reviewed,True,Escalated to senior staff for further action.,2025-03-26 17:28:22.673387,Unresolved
335,1,Public Relations,Received,,Complaint logged and reviewed for routing.,2025-10-03 07:44:34.395435,
335,2,Customer Support,Forwarded (Correct),True,"Received from Public Relations, correctly routed for Staff Behavior.",2025-10-03 14:09:23.339142,
335,3,Customer Support,Reviewed,True,Resolved following standard procedure.,2025-10-05 16:16:13.947997,Resolved
336,1,Public Relations,Received,,Complaint logged and reviewed for routing.,2025-04-22 10:04:29.731660,
336,2,Billing,Forwarded (Correct),True,"Received from Public Relations, correctly routed for Billing Issue.",2025-04-22 15:05:08.720515,
336,3,Billing,Reviewed,True,Corrected the error and notified the customer.,2025-04-25 07:54:29.785603,Resolved
337,1,Public Relations,Received,,Complaint logged and reviewed for routing.,2025-07-13 14:43:35.917410,
337,2,Billing,Forwarded (Incorrect),False,"Not within our scope, sending to the relevant department.",2025-07-13 20:35:50.510241,
337,3,Customer Support,Forwarded (Re-routed),True,Re-routed from Billing; now correctly assigned for Staff Behavior.,2025-07-14 02:21:03.545635,
337,4,Customer Support,Reviewed,True,Completed the requested action successfully.,2025-07-15 20:43:50.132740,Resolved
338,1,Public Relations,Received,,Complaint logged and reviewed for routing.,2025-08-26 15:05:53.818221,
338,2,Maintenance,Forwarded (Incorrect),False,"This complaint does not belong to our department, forwarding to the correct team.",2025-08-26 19:10:00.288319,
338,3,Customer Support,Forwarded (Re-routed),True,Re-routed from Maintenance; now correctly assigned for Staff Behavior.,2025-08-27 18:34:48.116383,
338,4,Customer Support,Reviewed,True,Resolved following standard procedure.,2025-08-29 23:42:23.886936,Resolved
339,1,Public Relations,Received,,Complaint logged and reviewed for routing.,2025-03-20 13:43:26.918049,
339,2,Security,Forwarded (Correct),True,"Received from Public Relations, correctly routed for Safety Concern.",2025-03-20 20:58:07.441325,
339,3,Security,Reviewed,True,Corrected the error and notified the customer.,2025-03-22 15:48:46.550395,Resolved
340,1,Public Relations,Received,,Complaint logged and reviewed for routing.,2025-12-14 10:14:15.910328,
340,2,Administration,Forwarded (Incorrect),False,"Incorrectly routed here, reassigning to the appropriate department.",2025-12-14 15:43:38.539551,
340,3,Customer Support,Forwarded (Re-routed),True,Re-routed from Administration; now correctly assigned for Appreciation.,2025-12-15 12:50:51.127309,
340,4,Customer Support,Reviewed,True,Escalated to senior staff for further action.,2025-12-16 12:06:57.220060,Unresolved
341,1,Public Relations,Received,,Complaint logged and reviewed for routing.,2025-07-19 11:59:36.795690,
341,2,Security,Forwarded (Correct),True,"Received from Public Relations, correctly routed for Safety Concern.",2025-07-19 17:00:34.834219,
341,3,Security,Reviewed,True,Completed the requested action successfully.,2025-07-21 06:43:21.229115,Resolved
342,1,Public Relations,Received,,Complaint logged and reviewed for routing.,2025-07-10 11:10:13.076737,
342,2,Billing,Forwarded (Correct),True,"Received from Public Relations, correctly routed for Billing Issue.",2025-07-10 19:02:33.952826,
342,3,Billing,Reviewed,True,Corrected the error and notified the customer.,2025-07-14 14:10:26.797175,Resolved
343,1,Public Relations,Received,,Complaint logged and reviewed for routing.,2025-06-07 10:41:11.926881,
343,2,Operations,Forwarded (Correct),True,"Received from Public Relations, correctly routed for Service Delay.",2025-06-07 14:06:40.419074,
343,3,Operations,Reviewed,True,Confirmed with the customer that the issue is fixed.,2025-06-11 11:42:28.977122,Resolved
344,1,Public Relations,Received,,Complaint logged and reviewed for routing.,2025-05-10 18:09:51.772208,
344,2,Security,Forwarded (Correct),True,"Received from Public Relations, correctly routed for Safety Concern.",2025-05-10 19:30:24.688595,
344,3,Security,Reviewed,True,Issue verified and resolved after review.,2025-05-12 20:16:28.895053,Resolved
345,1,Public Relations,Received,,Complaint logged and reviewed for routing.,2025-12-24 15:27:55.019186,
345,2,Maintenance,Forwarded (Correct),True,"Received from Public Relations, correctly routed for Infrastructure.",2025-12-24 16:30:40.024342,
345,3,Maintenance,Reviewed,True,Corrected the error and notified the customer.,2025-12-25 13:45:38.329724,Resolved
346,1,Public Relations,Received,,Complaint logged and reviewed for routing.,2025-04-13 13:55:49.639619,
346,2,Customer Support,Forwarded (Correct),True,"Received from Public Relations, correctly routed for Staff Behavior.",2025-04-13 16:40:44.658373,
346,3,Customer Support,Reviewed,True,"Still under investigation, pending further review.",2025-04-14 13:30:13.465283,Unresolved
347,1,Public Relations,Received,,Complaint logged and reviewed for routing.,2025-11-15 07:57:10.100524,
347,2,Operations,Forwarded (Correct),True,"Received from Public Relations, correctly routed for Service Delay.",2025-11-15 09:51:32.467959,
347,3,Operations,Reviewed,True,Completed the requested action successfully.,2025-11-17 00:01:37.546208,Resolved
348,1,Public Relations,Received,,Complaint logged and reviewed for routing.,2025-07-26 14:15:40.563962,
348,2,Billing,Forwarded (Correct),True,"Received from Public Relations, correctly routed for Billing Issue.",2025-07-26 20:40:30.795226,
348,3,Billing,Reviewed,True,Issue verified and resolved after review.,2025-07-28 13:43:52.456481,Resolved
349,1,Public Relations,Received,,Complaint logged and reviewed for routing.,2025-08-16 11:52:19.083848,
349,2,Customer Support,Forwarded (Correct),True,"Received from Public Relations, correctly routed for Staff Behavior.",2025-08-16 17:25:53.099700,
349,3,Customer Support,Reviewed,True,Corrected the error and notified the customer.,2025-08-19 21:56:39.656384,Resolved
350,1,Public Relations,Received,,Complaint logged and reviewed for routing.,2025-02-12 09:41:00.032240,
350,2,Maintenance,Forwarded (Correct),True,"Received from Public Relations, correctly routed for Infrastructure.",2025-02-12 10:43:34.624392,
350,3,Maintenance,Reviewed,True,Resolved following standard procedure.,2025-02-15 02:32:30.268185,Resolved
351,1,Public Relations,Received,,Complaint logged and reviewed for routing.,2025-08-11 15:38:57.291053,
351,2,Customer Support,Forwarded (Correct),True,"Received from Public Relations, correctly routed for Appreciation.",2025-08-11 22:52:27.429267,
351,3,Customer Support,Reviewed,True,"Still under investigation, pending further review.",2025-08-14 20:29:03.183799,Unresolved
352,1,Public Relations,Received,,Complaint logged and reviewed for routing.,2025-06-20 14:22:02.418684,
352,2,Maintenance,Forwarded (Correct),True,"Received from Public Relations, correctly routed for Infrastructure.",2025-06-20 17:46:08.142922,
352,3,Maintenance,Reviewed,True,Resolved following standard procedure.,2025-06-21 20:12:05.941743,Resolved
353,1,Public Relations,Received,,Complaint logged and reviewed for routing.,2025-07-16 11:31:23.742221,
353,2,Security,Forwarded (Incorrect),False,"Not within our scope, sending to the relevant department.",2025-07-16 18:15:30.193680,
353,3,Maintenance,Forwarded (Re-routed),True,Re-routed from Security; now correctly assigned for Infrastructure.,2025-07-17 09:27:52.073126,
353,4,Maintenance,Reviewed,True,Requires field visit before it can be closed.,2025-07-18 15:57:03.303630,Unresolved
354,1,Public Relations,Received,,Complaint logged and reviewed for routing.,2025-12-16 22:28:12.604747,
354,2,Billing,Forwarded (Incorrect),False,"Incorrectly routed here, reassigning to the appropriate department.",2025-12-17 01:29:19.314483,
354,3,Maintenance,Forwarded (Re-routed),True,Re-routed from Billing; now correctly assigned for Infrastructure.,2025-12-17 20:38:39.726282,
354,4,Maintenance,Reviewed,True,Escalated to senior staff for further action.,2025-12-18 20:29:49.580815,Unresolved
355,1,Public Relations,Received,,Complaint logged and reviewed for routing.,2025-08-14 14:56:56.382374,
355,2,Maintenance,Forwarded (Correct),True,"Received from Public Relations, correctly routed for Infrastructure.",2025-08-14 18:36:33.585553,
355,3,Maintenance,Reviewed,True,Issue verified and resolved after review.,2025-08-16 05:30:13.815866,Resolved
356,1,Public Relations,Received,,Complaint logged and reviewed for routing.,2025-05-09 09:39:27.750969,
356,2,Billing,Forwarded (Incorrect),False,"This complaint does not belong to our department, forwarding to the correct team.",2025-05-09 14:32:58.971155,
356,3,Customer Support,Forwarded (Re-routed),True,Re-routed from Billing; now correctly assigned for Staff Behavior.,2025-05-10 04:00:14.136349,
356,4,Customer Support,Reviewed,True,Resolved following standard procedure.,2025-05-14 01:48:09.993465,Resolved
357,1,Public Relations,Received,,Complaint logged and reviewed for routing.,2025-07-04 11:18:13.792946,
357,2,Customer Support,Forwarded (Correct),True,"Received from Public Relations, correctly routed for Staff Behavior.",2025-07-04 13:12:03.225332,
357,3,Customer Support,Reviewed,True,"Still under investigation, pending further review.",2025-07-05 16:03:11.536400,Unresolved
358,1,Public Relations,Received,,Complaint logged and reviewed for routing.,2025-09-15 09:27:48.449503,
358,2,Customer Support,Forwarded (Correct),True,"Received from Public Relations, correctly routed for Staff Behavior.",2025-09-15 10:57:50.839205,
358,3,Customer Support,Reviewed,True,Waiting on additional information from the customer.,2025-09-18 12:42:47.457392,Unresolved
359,1,Public Relations,Received,,Complaint logged and reviewed for routing.,2025-06-12 11:28:34.308976,
359,2,Operations,Forwarded (Correct),True,"Received from Public Relations, correctly routed for Service Delay.",2025-06-12 14:31:23.410750,
359,3,Operations,Reviewed,True,Resolved following standard procedure.,2025-06-16 05:48:57.125406,Resolved
360,1,Public Relations,Received,,Complaint logged and reviewed for routing.,2025-04-24 19:45:58.991055,
360,2,Security,Forwarded (Correct),True,"Received from Public Relations, correctly routed for Safety Concern.",2025-04-24 22:19:54.054742,
360,3,Security,Reviewed,True,Confirmed with the customer that the issue is fixed.,2025-04-27 11:30:32.874965,Resolved
361,1,Public Relations,Received,,Complaint logged and reviewed for routing.,2025-09-27 08:35:40.374755,
361,2,Maintenance,Forwarded (Incorrect),False,"This complaint does not belong to our department, forwarding to the correct team.",2025-09-27 14:37:02.601185,
361,3,Billing,Forwarded (Re-routed),True,Re-routed from Maintenance; now correctly assigned for Billing Issue.,2025-09-28 14:02:39.341490,
361,4,Billing,Reviewed,True,Resolved following standard procedure.,2025-10-02 06:05:58.121988,Resolved
362,1,Public Relations,Received,,Complaint logged and reviewed for routing.,2025-03-23 23:11:06.810449,
362,2,Operations,Forwarded (Correct),True,"Received from Public Relations, correctly routed for Service Delay.",2025-03-24 03:12:28.816840,
362,3,Operations,Reviewed,True,Requires field visit before it can be closed.,2025-03-24 09:21:56.328051,Unresolved
363,1,Public Relations,Received,,Complaint logged and reviewed for routing.,2025-03-25 09:43:35.693139,
363,2,Billing,Forwarded (Incorrect),False,"Not within our scope, sending to the relevant department.",2025-03-25 11:57:59.839308,
363,3,Customer Support,Forwarded (Re-routed),True,Re-routed from Billing; now correctly assigned for Appreciation.,2025-03-25 18:22:11.955475,
363,4,Customer Support,Reviewed,True,Confirmed with the customer that the issue is fixed.,2025-03-29 01:25:40.075288,Resolved
364,1,Public Relations,Received,,Complaint logged and reviewed for routing.,2025-08-05 11:23:29.202012,
364,2,Maintenance,Forwarded (Incorrect),False,"This complaint does not belong to our department, forwarding to the correct team.",2025-08-05 13:17:41.454765,
364,3,Administration,Forwarded (Re-routed),True,Re-routed from Maintenance; now correctly assigned for Corruption/Bribery.,2025-08-06 06:34:55.706537,
364,4,Administration,Reviewed,True,Requires field visit before it can be closed.,2025-08-08 14:45:47.385989,Unresolved
365,1,Public Relations,Received,,Complaint logged and reviewed for routing.,2025-07-19 22:34:54.558147,
365,2,Customer Support,Forwarded (Incorrect),False,"Incorrectly routed here, reassigning to the appropriate department.",2025-07-20 05:14:05.625503,
365,3,Security,Forwarded (Re-routed),True,Re-routed from Customer Support; now correctly assigned for Safety Concern.,2025-07-20 13:59:50.717283,
365,4,Security,Reviewed,True,"Still under investigation, pending further review.",2025-07-21 13:00:23.093539,Unresolved
366,1,Public Relations,Received,,Complaint logged and reviewed for routing.,2025-06-24 18:21:33.590491,
366,2,Billing,Forwarded (Correct),True,"Received from Public Relations, correctly routed for Billing Issue.",2025-06-24 20:06:21.252719,
366,3,Billing,Reviewed,True,Issue verified and resolved after review.,2025-06-27 15:30:03.981650,Resolved
367,1,Public Relations,Received,,Complaint logged and reviewed for routing.,2025-07-28 11:41:35.482735,
367,2,Operations,Forwarded (Incorrect),False,"Not within our scope, sending to the relevant department.",2025-07-28 18:22:23.369630,
367,3,Customer Support,Forwarded (Re-routed),True,Re-routed from Operations; now correctly assigned for Appreciation.,2025-07-29 15:59:50.389346,
367,4,Customer Support,Reviewed,True,Resolved following standard procedure.,2025-07-30 02:42:31.734727,Resolved
368,1,Public Relations,Received,,Complaint logged and reviewed for routing.,2025-10-26 16:28:20.394881,
368,2,Maintenance,Forwarded (Correct),True,"Received from Public Relations, correctly routed for Infrastructure.",2025-10-26 23:47:34.486198,
368,3,Maintenance,Reviewed,True,Resolved following standard procedure.,2025-10-30 09:11:54.154701,Resolved
369,1,Public Relations,Received,,Complaint logged and reviewed for routing.,2025-10-11 14:48:41.537356,
369,2,Customer Support,Forwarded (Correct),True,"Received from Public Relations, correctly routed for Staff Behavior.",2025-10-11 20:23:32.877299,
369,3,Customer Support,Reviewed,True,Completed the requested action successfully.,2025-10-13 00:51:55.894724,Resolved
370,1,Public Relations,Received,,Complaint logged and reviewed for routing.,2025-01-21 11:26:14.189536,
370,2,Administration,Forwarded (Incorrect),False,"Incorrectly routed here, reassigning to the appropriate department.",2025-01-21 12:54:15.323390,
370,3,Security,Forwarded (Re-routed),True,Re-routed from Administration; now correctly assigned for Safety Concern.,2025-01-22 10:56:34.314195,
370,4,Security,Reviewed,True,Resolved following standard procedure.,2025-01-23 17:31:47.358542,Resolved
371,1,Public Relations,Received,,Complaint logged and reviewed for routing.,2025-12-14 12:11:08.710770,
371,2,Security,Forwarded (Incorrect),False,"Not within our scope, sending to the relevant department.",2025-12-14 13:14:00.766712,
371,3,Customer Support,Forwarded (Re-routed),True,Re-routed from Security; now correctly assigned for Staff Behavior.,2025-12-15 09:12:57.649459,
371,4,Customer Support,Reviewed,True,Issue verified and resolved after review.,2025-12-17 13:35:22.997036,Resolved
372,1,Public Relations,Received,,Complaint logged and reviewed for routing.,2025-02-12 11:26:47.425519,
372,2,Operations,Forwarded (Incorrect),False,"This complaint does not belong to our department, forwarding to the correct team.",2025-02-12 17:05:19.811691,
372,3,Billing,Forwarded (Re-routed),True,Re-routed from Operations; now correctly assigned for Billing Issue.,2025-02-13 11:08:16.773329,
372,4,Billing,Reviewed,True,Requires field visit before it can be closed.,2025-02-16 07:30:09.661840,Unresolved
373,1,Public Relations,Received,,Complaint logged and reviewed for routing.,2025-09-25 14:39:20.166954,
373,2,Billing,Forwarded (Correct),True,"Received from Public Relations, correctly routed for Billing Issue.",2025-09-25 20:24:09.944108,
373,3,Billing,Reviewed,True,Confirmed with the customer that the issue is fixed.,2025-09-28 23:01:12.266477,Resolved
374,1,Public Relations,Received,,Complaint logged and reviewed for routing.,2025-02-19 15:03:19.920969,
374,2,Billing,Forwarded (Correct),True,"Received from Public Relations, correctly routed for Billing Issue.",2025-02-19 22:45:34.259529,
374,3,Billing,Reviewed,True,Confirmed with the customer that the issue is fixed.,2025-02-21 23:10:35.720054,Resolved
375,1,Public Relations,Received,,Complaint logged and reviewed for routing.,2025-12-14 11:20:31.888152,
375,2,Maintenance,Forwarded (Correct),True,"Received from Public Relations, correctly routed for Infrastructure.",2025-12-14 19:17:31.663682,
375,3,Maintenance,Reviewed,True,Requires field visit before it can be closed.,2025-12-16 01:00:28.968563,Unresolved
376,1,Public Relations,Received,,Complaint logged and reviewed for routing.,2025-02-12 15:52:14.712143,
376,2,Billing,Forwarded (Correct),True,"Received from Public Relations, correctly routed for Billing Issue.",2025-02-12 21:45:17.710742,
376,3,Billing,Reviewed,True,Waiting on additional information from the customer.,2025-02-16 03:11:01.443448,Unresolved
377,1,Public Relations,Received,,Complaint logged and reviewed for routing.,2025-02-19 08:42:05.881736,
377,2,Maintenance,Forwarded (Correct),True,"Received from Public Relations, correctly routed for Infrastructure.",2025-02-19 09:56:54.622879,
377,3,Maintenance,Reviewed,True,Corrected the error and notified the customer.,2025-02-21 19:07:45.362062,Resolved
378,1,Public Relations,Received,,Complaint logged and reviewed for routing.,2025-11-20 07:56:29.188632,
378,2,Administration,Forwarded (Incorrect),False,"Not within our scope, sending to the relevant department.",2025-11-20 14:02:54.221162,
378,3,Security,Forwarded (Re-routed),True,Re-routed from Administration; now correctly assigned for Safety Concern.,2025-11-20 23:16:05.100745,
378,4,Security,Reviewed,True,Corrected the error and notified the customer.,2025-11-24 06:46:28.908309,Resolved
379,1,Public Relations,Received,,Complaint logged and reviewed for routing.,2025-07-13 11:56:13.706193,
379,2,Billing,Forwarded (Correct),True,"Received from Public Relations, correctly routed for Billing Issue.",2025-07-13 18:58:07.321143,
379,3,Billing,Reviewed,True,Resolved following standard procedure.,2025-07-16 20:31:18.100559,Resolved
380,1,Public Relations,Received,,Complaint logged and reviewed for routing.,2025-04-20 17:00:44.117704,
380,2,Operations,Forwarded (Correct),True,"Received from Public Relations, correctly routed for Service Delay.",2025-04-20 21:53:27.920471,
380,3,Operations,Reviewed,True,Confirmed with the customer that the issue is fixed.,2025-04-24 08:46:35.764001,Resolved
381,1,Public Relations,Received,,Complaint logged and reviewed for routing.,2025-11-07 17:04:45.580063,
381,2,Administration,Forwarded (Correct),True,"Received from Public Relations, correctly routed for Corruption/Bribery.",2025-11-07 22:44:03.825241,
381,3,Administration,Reviewed,True,Completed the requested action successfully.,2025-11-11 03:36:30.144626,Resolved
382,1,Public Relations,Received,,Complaint logged and reviewed for routing.,2025-09-26 12:49:19.180040,
382,2,Administration,Forwarded (Incorrect),False,"Incorrectly routed here, reassigning to the appropriate department.",2025-09-26 14:43:45.527837,
382,3,Operations,Forwarded (Re-routed),True,Re-routed from Administration; now correctly assigned for Service Delay.,2025-09-27 01:00:23.486733,
382,4,Operations,Reviewed,True,Corrected the error and notified the customer.,2025-09-30 18:49:11.823976,Resolved
383,1,Public Relations,Received,,Complaint logged and reviewed for routing.,2025-07-01 11:57:18.068438,
383,2,Maintenance,Forwarded (Correct),True,"Received from Public Relations, correctly routed for Infrastructure.",2025-07-01 14:02:16.131475,
383,3,Maintenance,Reviewed,True,Issue verified and resolved after review.,2025-07-03 14:29:58.236943,Resolved
384,1,Public Relations,Received,,Complaint logged and reviewed for routing.,2025-09-25 10:42:25.995999,
384,2,Operations,Forwarded (Correct),True,"Received from Public Relations, correctly routed for Service Delay.",2025-09-25 17:43:25.980168,
384,3,Operations,Reviewed,True,Requires field visit before it can be closed.,2025-09-27 21:33:45.398594,Unresolved
385,1,Public Relations,Received,,Complaint logged and reviewed for routing.,2025-12-13 07:49:33.894646,
385,2,Billing,Forwarded (Correct),True,"Received from Public Relations, correctly routed for Billing Issue.",2025-12-13 10:21:41.532210,
385,3,Billing,Reviewed,True,Escalated to senior staff for further action.,2025-12-13 16:36:37.409041,Unresolved
386,1,Public Relations,Received,,Complaint logged and reviewed for routing.,2025-02-18 15:58:53.611662,
386,2,Customer Support,Forwarded (Correct),True,"Received from Public Relations, correctly routed for Staff Behavior.",2025-02-18 17:24:33.957856,
386,3,Customer Support,Reviewed,True,Confirmed with the customer that the issue is fixed.,2025-02-21 13:48:35.848084,Resolved
387,1,Public Relations,Received,,Complaint logged and reviewed for routing.,2025-12-05 14:59:54.608171,
387,2,Billing,Forwarded (Correct),True,"Received from Public Relations, correctly routed for Billing Issue.",2025-12-05 19:06:06.159661,
387,3,Billing,Reviewed,True,"Still under investigation, pending further review.",2025-12-09 08:09:01.966164,Unresolved
388,1,Public Relations,Received,,Complaint logged and reviewed for routing.,2025-09-28 17:37:40.607985,
388,2,Operations,Forwarded (Correct),True,"Received from Public Relations, correctly routed for Service Delay.",2025-09-28 19:59:09.544711,
388,3,Operations,Reviewed,True,"Still under investigation, pending further review.",2025-10-01 08:14:07.365847,Unresolved
389,1,Public Relations,Received,,Complaint logged and reviewed for routing.,2025-08-10 09:48:12.032061,
389,2,Billing,Forwarded (Correct),True,"Received from Public Relations, correctly routed for Billing Issue.",2025-08-10 11:39:31.123287,
389,3,Billing,Reviewed,True,Confirmed with the customer that the issue is fixed.,2025-08-14 03:05:19.832004,Resolved
390,1,Public Relations,Received,,Complaint logged and reviewed for routing.,2025-08-06 09:47:53.394128,
390,2,Billing,Forwarded (Correct),True,"Received from Public Relations, correctly routed for Billing Issue.",2025-08-06 15:03:13.786270,
390,3,Billing,Reviewed,True,Confirmed with the customer that the issue is fixed.,2025-08-08 05:22:48.377077,Resolved
391,1,Public Relations,Received,,Complaint logged and reviewed for routing.,2025-09-28 09:32:06.456639,
391,2,Billing,Forwarded (Correct),True,"Received from Public Relations, correctly routed for Billing Issue.",2025-09-28 11:02:08.465534,
391,3,Billing,Reviewed,True,Corrected the error and notified the customer.,2025-09-29 18:44:48.325121,Resolved
392,1,Public Relations,Received,,Complaint logged and reviewed for routing.,2025-05-03 14:34:12.302494,
392,2,Operations,Forwarded (Correct),True,"Received from Public Relations, correctly routed for Service Delay.",2025-05-03 19:45:39.870040,
392,3,Operations,Reviewed,True,Completed the requested action successfully.,2025-05-06 00:09:18.866254,Resolved
393,1,Public Relations,Received,,Complaint logged and reviewed for routing.,2025-05-16 12:06:03.172363,
393,2,Customer Support,Forwarded (Correct),True,"Received from Public Relations, correctly routed for Staff Behavior.",2025-05-16 15:21:08.209040,
393,3,Customer Support,Reviewed,True,Corrected the error and notified the customer.,2025-05-20 13:55:39.917905,Resolved
394,1,Public Relations,Received,,Complaint logged and reviewed for routing.,2025-08-04 18:07:31.424881,
394,2,Security,Forwarded (Correct),True,"Received from Public Relations, correctly routed for Safety Concern.",2025-08-05 00:52:01.224574,
394,3,Security,Reviewed,True,Issue verified and resolved after review.,2025-08-05 10:43:59.130408,Resolved
395,1,Public Relations,Received,,Complaint logged and reviewed for routing.,2025-06-05 12:25:22.623875,
395,2,Operations,Forwarded (Correct),True,"Received from Public Relations, correctly routed for Service Delay.",2025-06-05 14:54:41.841222,
395,3,Operations,Reviewed,True,Resolved following standard procedure.,2025-06-08 23:03:54.923274,Resolved
396,1,Public Relations,Received,,Complaint logged and reviewed for routing.,2025-06-24 10:49:14.842017,
396,2,Operations,Forwarded (Correct),True,"Received from Public Relations, correctly routed for Service Delay.",2025-06-24 13:23:52.496419,
396,3,Operations,Reviewed,True,On hold due to resource availability.,2025-06-25 17:21:16.371439,Unresolved
397,1,Public Relations,Received,,Complaint logged and reviewed for routing.,2025-03-26 18:02:35.196304,
397,2,Billing,Forwarded (Correct),True,"Received from Public Relations, correctly routed for Billing Issue.",2025-03-26 22:44:10.217172,
397,3,Billing,Reviewed,True,Resolved following standard procedure.,2025-03-30 09:54:16.937371,Resolved
398,1,Public Relations,Received,,Complaint logged and reviewed for routing.,2025-09-10 13:34:40.125758,
398,2,Administration,Forwarded (Correct),True,"Received from Public Relations, correctly routed for Corruption/Bribery.",2025-09-10 14:56:19.289375,
398,3,Administration,Reviewed,True,Waiting on additional information from the customer.,2025-09-14 00:47:41.530120,Unresolved
399,1,Public Relations,Received,,Complaint logged and reviewed for routing.,2025-09-24 09:57:25.330861,
399,2,Billing,Forwarded (Correct),True,"Received from Public Relations, correctly routed for Billing Issue.",2025-09-24 15:57:41.791251,
399,3,Billing,Reviewed,True,Waiting on additional information from the customer.,2025-09-27 03:34:54.938710,Unresolved
400,1,Public Relations,Received,,Complaint logged and reviewed for routing.,2025-09-18 19:17:37.584719,
400,2,Administration,Forwarded (Incorrect),False,"Incorrectly routed here, reassigning to the appropriate department.",2025-09-18 22:06:54.953172,
400,3,Customer Support,Forwarded (Re-routed),True,Re-routed from Administration; now correctly assigned for Appreciation.,2025-09-19 16:54:36.702752,
400,4,Customer Support,Reviewed,True,Completed the requested action successfully.,2025-09-19 22:54:21.534471,Resolved
401,1,Public Relations,Received,,Complaint logged and reviewed for routing.,2025-05-27 20:38:56.760267,
401,2,Billing,Forwarded (Correct),True,"Received from Public Relations, correctly routed for Billing Issue.",2025-05-27 21:57:49.033689,
401,3,Billing,Reviewed,True,Issue verified and resolved after review.,2025-05-28 16:50:12.172091,Resolved
402,1,Public Relations,Received,,Complaint logged and reviewed for routing.,2025-10-24 15:37:57.268939,
402,2,Security,Forwarded (Correct),True,"Received from Public Relations, correctly routed for Safety Concern.",2025-10-24 17:25:59.642760,
402,3,Security,Reviewed,True,Waiting on additional information from the customer.,2025-10-28 17:13:09.733994,Unresolved
403,1,Public Relations,Received,,Complaint logged and reviewed for routing.,2025-12-05 09:40:21.708045,
403,2,Operations,Forwarded (Correct),True,"Received from Public Relations, correctly routed for Service Delay.",2025-12-05 11:09:19.320269,
403,3,Operations,Reviewed,True,Waiting on additional information from the customer.,2025-12-06 06:20:14.231479,Unresolved
404,1,Public Relations,Received,,Complaint logged and reviewed for routing.,2025-06-12 20:36:49.053709,
404,2,Administration,Forwarded (Correct),True,"Received from Public Relations, correctly routed for Corruption/Bribery.",2025-06-13 03:42:20.490695,
404,3,Administration,Reviewed,True,Issue verified and resolved after review.,2025-06-14 07:21:14.447005,Resolved
405,1,Public Relations,Received,,Complaint logged and reviewed for routing.,2025-02-19 08:54:31.754466,
405,2,Customer Support,Forwarded (Correct),True,"Received from Public Relations, correctly routed for Staff Behavior.",2025-02-19 13:53:29.742885,
405,3,Customer Support,Reviewed,True,Issue verified and resolved after review.,2025-02-22 05:45:18.440114,Resolved
406,1,Public Relations,Received,,Complaint logged and reviewed for routing.,2025-12-13 18:12:27.191027,
406,2,Maintenance,Forwarded (Incorrect),False,"This complaint does not belong to our department, forwarding to the correct team.",2025-12-13 21:28:50.995990,
406,3,Operations,Forwarded (Re-routed),True,Re-routed from Maintenance; now correctly assigned for Service Delay.,2025-12-14 08:53:36.930704,
406,4,Operations,Reviewed,True,Confirmed with the customer that the issue is fixed.,2025-12-17 21:15:54.186293,Resolved
407,1,Public Relations,Received,,Complaint logged and reviewed for routing.,2025-12-05 20:38:17.614738,
407,2,Operations,Forwarded (Correct),True,"Received from Public Relations, correctly routed for Service Delay.",2025-12-06 00:33:36.086429,
407,3,Operations,Reviewed,True,Issue verified and resolved after review.,2025-12-10 00:14:33.369808,Resolved
408,1,Public Relations,Received,,Complaint logged and reviewed for routing.,2025-05-04 16:59:58.202096,
408,2,Billing,Forwarded (Correct),True,"Received from Public Relations, correctly routed for Billing Issue.",2025-05-04 23:45:45.146790,
408,3,Billing,Reviewed,True,Corrected the error and notified the customer.,2025-05-08 15:23:00.646157,Resolved
409,1,Public Relations,Received,,Complaint logged and reviewed for routing.,2025-10-03 10:20:22.296571,
409,2,Administration,Forwarded (Incorrect),False,"Not within our scope, sending to the relevant department.",2025-10-03 16:10:58.731801,
409,3,Operations,Forwarded (Re-routed),True,Re-routed from Administration; now correctly assigned for Service Delay.,2025-10-03 21:23:05.771959,
409,4,Operations,Reviewed,True,Completed the requested action successfully.,2025-10-07 06:54:26.835213,Resolved
410,1,Public Relations,Received,,Complaint logged and reviewed for routing.,2025-03-23 16:38:52.836210,
410,2,Billing,Forwarded (Correct),True,"Received from Public Relations, correctly routed for Billing Issue.",2025-03-23 21:41:49.079511,
410,3,Billing,Reviewed,True,Issue verified and resolved after review.,2025-03-26 07:10:13.061640,Resolved
411,1,Public Relations,Received,,Complaint logged and reviewed for routing.,2025-10-06 16:25:13.953139,
411,2,Maintenance,Forwarded (Correct),True,"Received from Public Relations, correctly routed for Infrastructure.",2025-10-06 23:21:05.941303,
411,3,Maintenance,Reviewed,True,Corrected the error and notified the customer.,2025-10-09 04:01:52.072050,Resolved
412,1,Public Relations,Received,,Complaint logged and reviewed for routing.,2025-10-05 18:22:18.146638,
412,2,Billing,Forwarded (Correct),True,"Received from Public Relations, correctly routed for Billing Issue.",2025-10-05 20:33:44.211349,
412,3,Billing,Reviewed,True,Escalated to senior staff for further action.,2025-10-08 10:21:00.260749,Unresolved
413,1,Public Relations,Received,,Complaint logged and reviewed for routing.,2025-06-21 11:14:10.344698,
413,2,Billing,Forwarded (Correct),True,"Received from Public Relations, correctly routed for Billing Issue.",2025-06-21 17:34:22.138184,
413,3,Billing,Reviewed,True,"Still under investigation, pending further review.",2025-06-22 00:06:49.539663,Unresolved
414,1,Public Relations,Received,,Complaint logged and reviewed for routing.,2025-04-21 17:48:11.044526,
414,2,Billing,Forwarded (Correct),True,"Received from Public Relations, correctly routed for Billing Issue.",2025-04-21 20:16:51.645235,
414,3,Billing,Reviewed,True,Completed the requested action successfully.,2025-04-23 13:10:05.640044,Resolved
415,1,Public Relations,Received,,Complaint logged and reviewed for routing.,2025-01-19 18:12:15.470872,
415,2,Billing,Forwarded (Correct),True,"Received from Public Relations, correctly routed for Billing Issue.",2025-01-19 19:15:06.899648,
415,3,Billing,Reviewed,True,Resolved following standard procedure.,2025-01-22 02:23:53.725637,Resolved
416,1,Public Relations,Received,,Complaint logged and reviewed for routing.,2025-03-07 09:08:06.279340,
416,2,Operations,Forwarded (Correct),True,"Received from Public Relations, correctly routed for Service Delay.",2025-03-07 12:47:32.667932,
416,3,Operations,Reviewed,True,Escalated to senior staff for further action.,2025-03-08 20:13:24.509015,Unresolved
417,1,Public Relations,Received,,Complaint logged and reviewed for routing.,2025-08-21 09:42:42.725258,
417,2,Billing,Forwarded (Correct),True,"Received from Public Relations, correctly routed for Billing Issue.",2025-08-21 14:04:01.946818,
417,3,Billing,Reviewed,True,Issue verified and resolved after review.,2025-08-23 01:30:53.057550,Resolved
418,1,Public Relations,Received,,Complaint logged and reviewed for routing.,2025-06-14 14:47:51.157154,
418,2,Billing,Forwarded (Correct),True,"Received from Public Relations, correctly routed for Billing Issue.",2025-06-14 20:04:45.633783,
418,3,Billing,Reviewed,True,Resolved following standard procedure.,2025-06-15 22:33:33.778236,Resolved
419,1,Public Relations,Received,,Complaint logged and reviewed for routing.,2025-10-13 17:46:48.553007,
419,2,Operations,Forwarded (Incorrect),False,"This complaint does not belong to our department, forwarding to the correct team.",2025-10-13 20:31:35.672329,
419,3,Maintenance,Forwarded (Re-routed),True,Re-routed from Operations; now correctly assigned for Infrastructure.,2025-10-14 20:17:51.304270,
419,4,Maintenance,Reviewed,True,Resolved following standard procedure.,2025-10-15 15:08:37.757741,Resolved
420,1,Public Relations,Received,,Complaint logged and reviewed for routing.,2025-07-13 12:11:17.341257,
420,2,Operations,Forwarded (Correct),True,"Received from Public Relations, correctly routed for Service Delay.",2025-07-13 13:37:38.258877,
420,3,Operations,Reviewed,True,Escalated to senior staff for further action.,2025-07-13 18:18:37.376565,Unresolved
421,1,Public Relations,Received,,Complaint logged and reviewed for routing.,2025-01-16 09:50:06.792349,
421,2,Billing,Forwarded (Correct),True,"Received from Public Relations, correctly routed for Billing Issue.",2025-01-16 15:47:07.636846,
421,3,Billing,Reviewed,True,Resolved following standard procedure.,2025-01-17 17:11:21.355210,Resolved
422,1,Public Relations,Received,,Complaint logged and reviewed for routing.,2025-04-08 18:54:25.299030,
422,2,Operations,Forwarded (Incorrect),False,"Incorrectly routed here, reassigning to the appropriate department.",2025-04-09 00:37:13.024650,
422,3,Customer Support,Forwarded (Re-routed),True,Re-routed from Operations; now correctly assigned for Appreciation.,2025-04-09 05:12:37.002439,
422,4,Customer Support,Reviewed,True,Completed the requested action successfully.,2025-04-11 10:54:52.143885,Resolved
423,1,Public Relations,Received,,Complaint logged and reviewed for routing.,2025-07-26 13:15:38.318184,
423,2,Security,Forwarded (Correct),True,"Received from Public Relations, correctly routed for Safety Concern.",2025-07-26 15:23:24.546720,
423,3,Security,Reviewed,True,Confirmed with the customer that the issue is fixed.,2025-07-30 07:16:11.401864,Resolved
424,1,Public Relations,Received,,Complaint logged and reviewed for routing.,2025-05-24 21:31:04.977677,
424,2,Billing,Forwarded (Correct),True,"Received from Public Relations, correctly routed for Billing Issue.",2025-05-25 00:33:26.733349,
424,3,Billing,Reviewed,True,Confirmed with the customer that the issue is fixed.,2025-05-27 20:27:06.507587,Resolved
425,1,Public Relations,Received,,Complaint logged and reviewed for routing.,2025-07-07 15:36:31.444225,
425,2,Customer Support,Forwarded (Correct),True,"Received from Public Relations, correctly routed for Appreciation.",2025-07-07 18:12:17.871621,
425,3,Customer Support,Reviewed,True,Corrected the error and notified the customer.,2025-07-08 09:54:15.230178,Resolved
426,1,Public Relations,Received,,Complaint logged and reviewed for routing.,2025-07-03 15:58:26.614426,
426,2,Customer Support,Forwarded (Correct),True,"Received from Public Relations, correctly routed for Staff Behavior.",2025-07-03 19:57:58.111817,
426,3,Customer Support,Reviewed,True,"Still under investigation, pending further review.",2025-07-06 01:11:07.139357,Unresolved
427,1,Public Relations,Received,,Complaint logged and reviewed for routing.,2025-11-07 03:49:05.469692,
427,2,Customer Support,Forwarded (Correct),True,"Received from Public Relations, correctly routed for Staff Behavior.",2025-11-07 10:36:49.868797,
427,3,Customer Support,Reviewed,True,Requires field visit before it can be closed.,2025-11-09 06:04:31.535793,Unresolved
428,1,Public Relations,Received,,Complaint logged and reviewed for routing.,2025-07-05 19:21:18.304767,
428,2,Billing,Forwarded (Correct),True,"Received from Public Relations, correctly routed for Billing Issue.",2025-07-06 00:00:51.772272,
428,3,Billing,Reviewed,True,Requires field visit before it can be closed.,2025-07-06 11:20:44.600169,Unresolved
429,1,Public Relations,Received,,Complaint logged and reviewed for routing.,2025-08-22 20:29:03.820532,
429,2,Customer Support,Forwarded (Correct),True,"Received from Public Relations, correctly routed for Appreciation.",2025-08-23 03:28:24.909226,
429,3,Customer Support,Reviewed,True,Resolved following standard procedure.,2025-08-25 08:20:10.846940,Resolved
430,1,Public Relations,Received,,Complaint logged and reviewed for routing.,2025-09-14 20:40:46.690509,
430,2,Billing,Forwarded (Correct),True,"Received from Public Relations, correctly routed for Billing Issue.",2025-09-14 21:51:32.858008,
430,3,Billing,Reviewed,True,Issue verified and resolved after review.,2025-09-17 18:22:41.710941,Resolved
431,1,Public Relations,Received,,Complaint logged and reviewed for routing.,2025-08-20 16:40:45.385215,
431,2,Billing,Forwarded (Correct),True,"Received from Public Relations, correctly routed for Billing Issue.",2025-08-20 19:56:33.630175,
431,3,Billing,Reviewed,True,Completed the requested action successfully.,2025-08-22 09:57:41.562948,Resolved
432,1,Public Relations,Received,,Complaint logged and reviewed for routing.,2025-03-24 14:53:37.082728,
432,2,Operations,Forwarded (Correct),True,"Received from Public Relations, correctly routed for Service Delay.",2025-03-24 18:14:38.282520,
432,3,Operations,Reviewed,True,Confirmed with the customer that the issue is fixed.,2025-03-26 01:04:44.751656,Resolved
433,1,Public Relations,Received,,Complaint logged and reviewed for routing.,2025-01-20 12:18:29.814030,
433,2,Administration,Forwarded (Correct),True,"Received from Public Relations, correctly routed for Corruption/Bribery.",2025-01-20 13:38:04.792182,
433,3,Administration,Reviewed,True,Resolved following standard procedure.,2025-01-21 14:24:16.710964,Resolved
434,1,Public Relations,Received,,Complaint logged and reviewed for routing.,2025-12-05 20:16:56.816107,
434,2,Maintenance,Forwarded (Correct),True,"Received from Public Relations, correctly routed for Infrastructure.",2025-12-06 03:28:33.106915,
434,3,Maintenance,Reviewed,True,Confirmed with the customer that the issue is fixed.,2025-12-07 22:51:50.098687,Resolved
435,1,Public Relations,Received,,Complaint logged and reviewed for routing.,2025-10-22 13:49:22.306829,
435,2,Billing,Forwarded (Correct),True,"Received from Public Relations, correctly routed for Billing Issue.",2025-10-22 21:04:40.844266,
435,3,Billing,Reviewed,True,Corrected the error and notified the customer.,2025-10-26 03:12:49.708620,Resolved
436,1,Public Relations,Received,,Complaint logged and reviewed for routing.,2025-08-12 12:43:12.106608,
436,2,Operations,Forwarded (Correct),True,"Received from Public Relations, correctly routed for Service Delay.",2025-08-12 18:03:22.425436,
436,3,Operations,Reviewed,True,Confirmed with the customer that the issue is fixed.,2025-08-15 04:52:38.542645,Resolved
437,1,Public Relations,Received,,Complaint logged and reviewed for routing.,2025-12-14 06:58:43.208173,
437,2,Operations,Forwarded (Correct),True,"Received from Public Relations, correctly routed for Service Delay.",2025-12-14 08:55:28.695780,
437,3,Operations,Reviewed,True,Confirmed with the customer that the issue is fixed.,2025-12-14 18:02:49.578633,Resolved
438,1,Public Relations,Received,,Complaint logged and reviewed for routing.,2025-09-19 00:57:41.710454,
438,2,Billing,Forwarded (Correct),True,"Received from Public Relations, correctly routed for Billing Issue.",2025-09-19 06:15:59.246053,
438,3,Billing,Reviewed,True,Issue verified and resolved after review.,2025-09-21 18:14:47.772563,Resolved
439,1,Public Relations,Received,,Complaint logged and reviewed for routing.,2025-05-11 10:26:15.032647,
439,2,Billing,Forwarded (Correct),True,"Received from Public Relations, correctly routed for Billing Issue.",2025-05-11 17:18:21.009729,
439,3,Billing,Reviewed,True,Resolved following standard procedure.,2025-05-13 13:55:35.282059,Resolved
440,1,Public Relations,Received,,Complaint logged and reviewed for routing.,2025-09-18 21:04:22.923651,
440,2,Administration,Forwarded (Correct),True,"Received from Public Relations, correctly routed for Corruption/Bribery.",2025-09-18 22:35:15.706851,
440,3,Administration,Reviewed,True,Corrected the error and notified the customer.,2025-09-22 09:34:05.439562,Resolved
441,1,Public Relations,Received,,Complaint logged and reviewed for routing.,2025-12-06 10:53:07.657960,
441,2,Customer Support,Forwarded (Incorrect),False,"Not within our scope, sending to the relevant department.",2025-12-06 13:21:44.898080,
441,3,Maintenance,Forwarded (Re-routed),True,Re-routed from Customer Support; now correctly assigned for Infrastructure.,2025-12-07 02:39:56.645166,
441,4,Maintenance,Reviewed,True,Corrected the error and notified the customer.,2025-12-09 04:26:58.037797,Resolved
442,1,Public Relations,Received,,Complaint logged and reviewed for routing.,2025-06-18 13:52:47.246467,
442,2,Operations,Forwarded (Correct),True,"Received from Public Relations, correctly routed for Service Delay.",2025-06-18 21:25:55.509061,
442,3,Operations,Reviewed,True,Confirmed with the customer that the issue is fixed.,2025-06-19 04:38:58.585170,Resolved
443,1,Public Relations,Received,,Complaint logged and reviewed for routing.,2025-01-19 10:58:05.359816,
443,2,Security,Forwarded (Incorrect),False,"Incorrectly routed here, reassigning to the appropriate department.",2025-01-19 14:58:35.882552,
443,3,Operations,Forwarded (Re-routed),True,Re-routed from Security; now correctly assigned for Service Delay.,2025-01-20 11:13:17.076472,
443,4,Operations,Reviewed,True,Completed the requested action successfully.,2025-01-23 04:37:56.995339,Resolved
444,1,Public Relations,Received,,Complaint logged and reviewed for routing.,2025-05-22 11:18:38.234764,
444,2,Billing,Forwarded (Correct),True,"Received from Public Relations, correctly routed for Billing Issue.",2025-05-22 18:21:19.144175,
444,3,Billing,Reviewed,True,Resolved following standard procedure.,2025-05-25 22:09:08.213544,Resolved
445,1,Public Relations,Received,,Complaint logged and reviewed for routing.,2025-12-16 14:15:04.627163,
445,2,Billing,Forwarded (Correct),True,"Received from Public Relations, correctly routed for Billing Issue.",2025-12-16 19:00:42.645919,
445,3,Billing,Reviewed,True,On hold due to resource availability.,2025-12-19 22:09:18.330457,Unresolved
446,1,Public Relations,Received,,Complaint logged and reviewed for routing.,2025-02-18 12:58:16.922281,
446,2,Customer Support,Forwarded (Correct),True,"Received from Public Relations, correctly routed for Staff Behavior.",2025-02-18 20:27:38.868365,
446,3,Customer Support,Reviewed,True,"Still under investigation, pending further review.",2025-02-20 14:43:27.348587,Unresolved
447,1,Public Relations,Received,,Complaint logged and reviewed for routing.,2025-04-15 18:23:01.322339,
447,2,Billing,Forwarded (Correct),True,"Received from Public Relations, correctly routed for Billing Issue.",2025-04-16 00:28:27.725807,
447,3,Billing,Reviewed,True,Requires field visit before it can be closed.,2025-04-17 06:03:55.496432,Unresolved
448,1,Public Relations,Received,,Complaint logged and reviewed for routing.,2025-02-12 13:11:44.352313,
448,2,Billing,Forwarded (Correct),True,"Received from Public Relations, correctly routed for Billing Issue.",2025-02-12 14:32:18.765677,
448,3,Billing,Reviewed,True,Corrected the error and notified the customer.,2025-02-14 03:13:58.619978,Resolved
449,1,Public Relations,Received,,Complaint logged and reviewed for routing.,2025-10-14 02:52:10.798463,
449,2,Customer Support,Forwarded (Correct),True,"Received from Public Relations, correctly routed for Staff Behavior.",2025-10-14 04:45:07.294680,
449,3,Customer Support,Reviewed,True,Issue verified and resolved after review.,2025-10-15 13:55:42.245986,Resolved
450,1,Public Relations,Received,,Complaint logged and reviewed for routing.,2025-06-28 16:07:32.077119,
450,2,Customer Support,Forwarded (Correct),True,"Received from Public Relations, correctly routed for Staff Behavior.",2025-06-28 23:21:47.068915,
450,3,Customer Support,Reviewed,True,Requires field visit before it can be closed.,2025-07-02 02:35:59.499140,Unresolved
451,1,Public Relations,Received,,Complaint logged and reviewed for routing.,2025-03-25 10:46:47.387318,
451,2,Security,Forwarded (Correct),True,"Received from Public Relations, correctly routed for Safety Concern.",2025-03-25 15:25:09.787803,
451,3,Security,Reviewed,True,On hold due to resource availability.,2025-03-29 13:21:32.545719,Unresolved
452,1,Public Relations,Received,,Complaint logged and reviewed for routing.,2025-01-03 22:18:28.736186,
452,2,Security,Forwarded (Correct),True,"Received from Public Relations, correctly routed for Safety Concern.",2025-01-04 04:14:47.752248,
452,3,Security,Reviewed,True,Confirmed with the customer that the issue is fixed.,2025-01-04 16:10:51.758636,Resolved
453,1,Public Relations,Received,,Complaint logged and reviewed for routing.,2025-05-24 09:14:51.887609,
453,2,Security,Forwarded (Incorrect),False,"Not within our scope, sending to the relevant department.",2025-05-24 11:36:54.137448,
453,3,Administration,Forwarded (Re-routed),True,Re-routed from Security; now correctly assigned for Corruption/Bribery.,2025-05-24 15:48:11.923276,
453,4,Administration,Reviewed,True,Corrected the error and notified the customer.,2025-05-28 07:27:01.755373,Resolved
454,1,Public Relations,Received,,Complaint logged and reviewed for routing.,2025-07-28 23:37:50.760992,
454,2,Customer Support,Forwarded (Correct),True,"Received from Public Relations, correctly routed for Staff Behavior.",2025-07-29 07:33:46.295538,
454,3,Customer Support,Reviewed,True,Corrected the error and notified the customer.,2025-08-01 02:06:20.986843,Resolved
455,1,Public Relations,Received,,Complaint logged and reviewed for routing.,2025-06-05 08:58:28.727469,
455,2,Security,Forwarded (Correct),True,"Received from Public Relations, correctly routed for Safety Concern.",2025-06-05 14:41:19.019105,
455,3,Security,Reviewed,True,Completed the requested action successfully.,2025-06-09 13:59:10.086128,Resolved
456,1,Public Relations,Received,,Complaint logged and reviewed for routing.,2025-09-28 17:05:37.108072,
456,2,Customer Support,Forwarded (Correct),True,"Received from Public Relations, correctly routed for Appreciation.",2025-09-29 01:00:25.611194,
456,3,Customer Support,Reviewed,True,Confirmed with the customer that the issue is fixed.,2025-09-30 10:36:00.479037,Resolved
457,1,Public Relations,Received,,Complaint logged and reviewed for routing.,2025-07-16 09:18:44.768564,
457,2,Administration,Forwarded (Incorrect),False,"This complaint does not belong to our department, forwarding to the correct team.",2025-07-16 16:46:05.433088,
457,3,Operations,Forwarded (Re-routed),True,Re-routed from Administration; now correctly assigned for Service Delay.,2025-07-16 22:42:49.394328,
457,4,Operations,Reviewed,True,Requires field visit before it can be closed.,2025-07-18 22:26:26.174967,Unresolved
458,1,Public Relations,Received,,Complaint logged and reviewed for routing.,2025-08-02 11:28:04.911062,
458,2,Billing,Forwarded (Correct),True,"Received from Public Relations, correctly routed for Billing Issue.",2025-08-02 14:24:15.378358,
458,3,Billing,Reviewed,True,Corrected the error and notified the customer.,2025-08-05 12:39:57.501730,Resolved
459,1,Public Relations,Received,,Complaint logged and reviewed for routing.,2025-05-27 06:50:10.622579,
459,2,Billing,Forwarded (Correct),True,"Received from Public Relations, correctly routed for Billing Issue.",2025-05-27 12:40:26.304188,
459,3,Billing,Reviewed,True,Issue verified and resolved after review.,2025-05-28 06:32:23.781225,Resolved
460,1,Public Relations,Received,,Complaint logged and reviewed for routing.,2025-09-11 08:43:08.352225,
460,2,Billing,Forwarded (Correct),True,"Received from Public Relations, correctly routed for Billing Issue.",2025-09-11 15:35:48.436619,
460,3,Billing,Reviewed,True,Corrected the error and notified the customer.,2025-09-12 08:35:59.936523,Resolved
461,1,Public Relations,Received,,Complaint logged and reviewed for routing.,2025-11-14 18:42:31.073318,
461,2,Security,Forwarded (Incorrect),False,"Not within our scope, sending to the relevant department.",2025-11-15 02:22:16.098690,
461,3,Billing,Forwarded (Re-routed),True,Re-routed from Security; now correctly assigned for Billing Issue.,2025-11-15 12:44:54.867446,
461,4,Billing,Reviewed,True,Issue verified and resolved after review.,2025-11-19 08:38:27.708520,Resolved
462,1,Public Relations,Received,,Complaint logged and reviewed for routing.,2025-09-03 14:11:58.956412,
462,2,Administration,Forwarded (Correct),True,"Received from Public Relations, correctly routed for Corruption/Bribery.",2025-09-03 16:00:56.058362,
462,3,Administration,Reviewed,True,Resolved following standard procedure.,2025-09-06 16:27:59.777778,Resolved
463,1,Public Relations,Received,,Complaint logged and reviewed for routing.,2025-03-27 13:07:43.164283,
463,2,Security,Forwarded (Incorrect),False,"Incorrectly routed here, reassigning to the appropriate department.",2025-03-27 19:53:38.060944,
463,3,Administration,Forwarded (Re-routed),True,Re-routed from Security; now correctly assigned for Corruption/Bribery.,2025-03-28 02:32:52.826086,
463,4,Administration,Reviewed,True,Completed the requested action successfully.,2025-03-29 20:04:33.015714,Resolved
464,1,Public Relations,Received,,Complaint logged and reviewed for routing.,2025-08-09 10:33:17.797652,
464,2,Billing,Forwarded (Correct),True,"Received from Public Relations, correctly routed for Billing Issue.",2025-08-09 14:09:16.995759,
464,3,Billing,Reviewed,True,Resolved following standard procedure.,2025-08-11 05:38:53.368691,Resolved
465,1,Public Relations,Received,,Complaint logged and reviewed for routing.,2025-06-20 17:44:59.450600,
465,2,Maintenance,Forwarded (Correct),True,"Received from Public Relations, correctly routed for Infrastructure.",2025-06-20 18:47:58.446303,
465,3,Maintenance,Reviewed,True,Escalated to senior staff for further action.,2025-06-22 02:57:55.180501,Unresolved
466,1,Public Relations,Received,,Complaint logged and reviewed for routing.,2025-09-23 20:59:16.578808,
466,2,Operations,Forwarded (Correct),True,"Received from Public Relations, correctly routed for Service Delay.",2025-09-24 02:02:22.382969,
466,3,Operations,Reviewed,True,Requires field visit before it can be closed.,2025-09-27 21:55:56.035779,Unresolved
467,1,Public Relations,Received,,Complaint logged and reviewed for routing.,2025-10-21 11:30:11.942269,
467,2,Administration,Forwarded (Correct),True,"Received from Public Relations, correctly routed for Corruption/Bribery.",2025-10-21 14:55:59.733441,
467,3,Administration,Reviewed,True,Resolved following standard procedure.,2025-10-25 02:58:58.674464,Resolved
468,1,Public Relations,Received,,Complaint logged and reviewed for routing.,2025-07-05 13:21:07.711002,
468,2,Customer Support,Forwarded (Correct),True,"Received from Public Relations, correctly routed for Staff Behavior.",2025-07-05 15:08:08.817678,
468,3,Customer Support,Reviewed,True,Requires field visit before it can be closed.,2025-07-08 09:18:32.946372,Unresolved
469,1,Public Relations,Received,,Complaint logged and reviewed for routing.,2025-09-23 04:57:11.452790,
469,2,Customer Support,Forwarded (Incorrect),False,"Not within our scope, sending to the relevant department.",2025-09-23 12:34:22.830957,
469,3,Operations,Forwarded (Re-routed),True,Re-routed from Customer Support; now correctly assigned for Service Delay.,2025-09-23 21:46:20.648911,
469,4,Operations,Reviewed,True,Requires field visit before it can be closed.,2025-09-26 09:32:10.297937,Unresolved
470,1,Public Relations,Received,,Complaint logged and reviewed for routing.,2025-06-22 09:32:38.810438,
470,2,Customer Support,Forwarded (Correct),True,"Received from Public Relations, correctly routed for Staff Behavior.",2025-06-22 14:07:39.816943,
470,3,Customer Support,Reviewed,True,Confirmed with the customer that the issue is fixed.,2025-06-23 13:48:52.231191,Resolved
471,1,Public Relations,Received,,Complaint logged and reviewed for routing.,2025-07-20 16:24:54.029075,
471,2,Billing,Forwarded (Correct),True,"Received from Public Relations, correctly routed for Billing Issue.",2025-07-20 19:23:29.983813,
471,3,Billing,Reviewed,True,Requires field visit before it can be closed.,2025-07-23 08:02:17.089817,Unresolved
472,1,Public Relations,Received,,Complaint logged and reviewed for routing.,2025-08-28 15:11:08.726247,
472,2,Billing,Forwarded (Correct),True,"Received from Public Relations, correctly routed for Billing Issue.",2025-08-28 20:19:37.395724,
472,3,Billing,Reviewed,True,Requires field visit before it can be closed.,2025-08-31 01:41:59.726583,Unresolved
473,1,Public Relations,Received,,Complaint logged and reviewed for routing.,2025-09-02 06:12:55.402445,
473,2,Billing,Forwarded (Correct),True,"Received from Public Relations, correctly routed for Billing Issue.",2025-09-02 14:02:38.596154,
473,3,Billing,Reviewed,True,Issue verified and resolved after review.,2025-09-04 19:07:40.522419,Resolved
474,1,Public Relations,Received,,Complaint logged and reviewed for routing.,2025-09-21 16:39:17.741953,
474,2,Billing,Forwarded (Incorrect),False,"Incorrectly routed here, reassigning to the appropriate department.",2025-09-21 21:57:11.722280,
474,3,Maintenance,Forwarded (Re-routed),True,Re-routed from Billing; now correctly assigned for Infrastructure.,2025-09-22 12:54:06.871760,
474,4,Maintenance,Reviewed,True,Issue verified and resolved after review.,2025-09-24 06:44:27.376257,Resolved
475,1,Public Relations,Received,,Complaint logged and reviewed for routing.,2025-07-19 04:26:02.666449,
475,2,Operations,Forwarded (Correct),True,"Received from Public Relations, correctly routed for Service Delay.",2025-07-19 09:11:20.114160,
475,3,Operations,Reviewed,True,On hold due to resource availability.,2025-07-20 11:49:31.880322,Unresolved
476,1,Public Relations,Received,,Complaint logged and reviewed for routing.,2025-11-22 09:43:10.714133,
476,2,Maintenance,Forwarded (Correct),True,"Received from Public Relations, correctly routed for Infrastructure.",2025-11-22 16:55:26.407807,
476,3,Maintenance,Reviewed,True,Issue verified and resolved after review.,2025-11-25 22:32:07.199701,Resolved
477,1,Public Relations,Received,,Complaint logged and reviewed for routing.,2025-03-09 16:21:39.097429,
477,2,Administration,Forwarded (Incorrect),False,"This complaint does not belong to our department, forwarding to the correct team.",2025-03-09 18:51:12.088790,
477,3,Operations,Forwarded (Re-routed),True,Re-routed from Administration; now correctly assigned for Service Delay.,2025-03-09 23:31:32.713555,
477,4,Operations,Reviewed,True,Resolved following standard procedure.,2025-03-10 22:16:13.845531,Resolved
478,1,Public Relations,Received,,Complaint logged and reviewed for routing.,2025-08-08 10:33:00.212793,
478,2,Customer Support,Forwarded (Correct),True,"Received from Public Relations, correctly routed for Appreciation.",2025-08-08 12:25:26.282013,
478,3,Customer Support,Reviewed,True,On hold due to resource availability.,2025-08-09 01:38:24.669975,Unresolved
479,1,Public Relations,Received,,Complaint logged and reviewed for routing.,2025-06-19 10:17:45.280243,
479,2,Maintenance,Forwarded (Incorrect),False,"Incorrectly routed here, reassigning to the appropriate department.",2025-06-19 13:46:34.903734,
479,3,Security,Forwarded (Re-routed),True,Re-routed from Maintenance; now correctly assigned for Safety Concern.,2025-06-19 19:02:53.669733,
479,4,Security,Reviewed,True,Corrected the error and notified the customer.,2025-06-21 22:06:23.845231,Resolved
480,1,Public Relations,Received,,Complaint logged and reviewed for routing.,2025-07-20 18:29:30.439323,
480,2,Customer Support,Forwarded (Incorrect),False,"Not within our scope, sending to the relevant department.",2025-07-20 22:42:48.930087,
480,3,Administration,Forwarded (Re-routed),True,Re-routed from Customer Support; now correctly assigned for Corruption/Bribery.,2025-07-21 05:20:27.406035,
480,4,Administration,Reviewed,True,Issue verified and resolved after review.,2025-07-23 08:42:21.535873,Resolved
481,1,Public Relations,Received,,Complaint logged and reviewed for routing.,2025-07-14 17:16:52.577229,
481,2,Maintenance,Forwarded (Incorrect),False,"Incorrectly routed here, reassigning to the appropriate department.",2025-07-14 23:23:39.153075,
481,3,Administration,Forwarded (Re-routed),True,Re-routed from Maintenance; now correctly assigned for Corruption/Bribery.,2025-07-15 22:10:30.459378,
481,4,Administration,Reviewed,True,Corrected the error and notified the customer.,2025-07-16 06:01:55.946035,Resolved
482,1,Public Relations,Received,,Complaint logged and reviewed for routing.,2025-11-15 10:20:02.309773,
482,2,Operations,Forwarded (Correct),True,"Received from Public Relations, correctly routed for Service Delay.",2025-11-15 17:09:00.007296,
482,3,Operations,Reviewed,True,Waiting on additional information from the customer.,2025-11-18 08:04:53.953392,Unresolved
483,1,Public Relations,Received,,Complaint logged and reviewed for routing.,2025-05-02 10:22:59.781905,
483,2,Billing,Forwarded (Incorrect),False,"Not within our scope, sending to the relevant department.",2025-05-02 11:51:37.416877,
483,3,Customer Support,Forwarded (Re-routed),True,Re-routed from Billing; now correctly assigned for Staff Behavior.,2025-05-03 01:00:35.981883,
483,4,Customer Support,Reviewed,True,Resolved following standard procedure.,2025-05-03 09:27:00.074263,Resolved
484,1,Public Relations,Received,,Complaint logged and reviewed for routing.,2025-07-25 20:30:23.839614,
484,2,Security,Forwarded (Incorrect),False,"Incorrectly routed here, reassigning to the appropriate department.",2025-07-26 01:07:14.762771,
484,3,Maintenance,Forwarded (Re-routed),True,Re-routed from Security; now correctly assigned for Infrastructure.,2025-07-26 11:27:21.827361,
484,4,Maintenance,Reviewed,True,Requires field visit before it can be closed.,2025-07-29 14:22:45.085006,Unresolved
485,1,Public Relations,Received,,Complaint logged and reviewed for routing.,2025-06-02 02:04:27.394563,
485,2,Security,Forwarded (Incorrect),False,"Incorrectly routed here, reassigning to the appropriate department.",2025-06-02 06:40:15.795344,
485,3,Operations,Forwarded (Re-routed),True,Re-routed from Security; now correctly assigned for Service Delay.,2025-06-02 20:47:39.439215,
485,4,Operations,Reviewed,True,Waiting on additional information from the customer.,2025-06-03 10:21:47.725226,Unresolved
486,1,Public Relations,Received,,Complaint logged and reviewed for routing.,2025-03-22 08:37:18.357332,
486,2,Administration,Forwarded (Correct),True,"Received from Public Relations, correctly routed for Corruption/Bribery.",2025-03-22 14:30:43.709767,
486,3,Administration,Reviewed,True,Completed the requested action successfully.,2025-03-23 12:49:10.390025,Resolved
487,1,Public Relations,Received,,Complaint logged and reviewed for routing.,2025-06-19 12:14:07.032264,
487,2,Operations,Forwarded (Correct),True,"Received from Public Relations, correctly routed for Service Delay.",2025-06-19 15:24:01.873072,
487,3,Operations,Reviewed,True,Escalated to senior staff for further action.,2025-06-23 09:38:11.291393,Unresolved
488,1,Public Relations,Received,,Complaint logged and reviewed for routing.,2025-09-20 19:55:07.896747,
488,2,Customer Support,Forwarded (Correct),True,"Received from Public Relations, correctly routed for Appreciation.",2025-09-21 03:31:45.249828,
488,3,Customer Support,Reviewed,True,Waiting on additional information from the customer.,2025-09-24 06:04:05.543294,Unresolved
489,1,Public Relations,Received,,Complaint logged and reviewed for routing.,2025-05-07 17:46:14.699019,
489,2,Administration,Forwarded (Incorrect),False,"Not within our scope, sending to the relevant department.",2025-05-07 20:56:31.746931,
489,3,Operations,Forwarded (Re-routed),True,Re-routed from Administration; now correctly assigned for Service Delay.,2025-05-08 17:54:59.099946,
489,4,Operations,Reviewed,True,Resolved following standard procedure.,2025-05-10 04:42:57.093974,Resolved
490,1,Public Relations,Received,,Complaint logged and reviewed for routing.,2025-09-05 11:53:16.533211,
490,2,Billing,Forwarded (Correct),True,"Received from Public Relations, correctly routed for Billing Issue.",2025-09-05 17:51:24.332414,
490,3,Billing,Reviewed,True,Confirmed with the customer that the issue is fixed.,2025-09-07 20:44:16.927869,Resolved
491,1,Public Relations,Received,,Complaint logged and reviewed for routing.,2025-06-21 14:41:25.107886,
491,2,Billing,Forwarded (Correct),True,"Received from Public Relations, correctly routed for Billing Issue.",2025-06-21 19:53:46.961953,
491,3,Billing,Reviewed,True,Resolved following standard procedure.,2025-06-24 09:21:04.319399,Resolved
492,1,Public Relations,Received,,Complaint logged and reviewed for routing.,2025-01-04 11:50:09.192648,
492,2,Security,Forwarded (Incorrect),False,"This complaint does not belong to our department, forwarding to the correct team.",2025-01-04 13:18:00.604801,
492,3,Maintenance,Forwarded (Re-routed),True,Re-routed from Security; now correctly assigned for Infrastructure.,2025-01-04 22:17:29.768540,
492,4,Maintenance,Reviewed,True,Resolved following standard procedure.,2025-01-07 05:53:56.177596,Resolved
493,1,Public Relations,Received,,Complaint logged and reviewed for routing.,2025-04-22 15:23:10.940217,
493,2,Customer Support,Forwarded (Correct),True,"Received from Public Relations, correctly routed for Staff Behavior.",2025-04-22 18:00:49.967292,
493,3,Customer Support,Reviewed,True,Requires field visit before it can be closed.,2025-04-26 08:32:23.770467,Unresolved
494,1,Public Relations,Received,,Complaint logged and reviewed for routing.,2025-08-23 14:05:10.109988,
494,2,Maintenance,Forwarded (Correct),True,"Received from Public Relations, correctly routed for Infrastructure.",2025-08-23 15:42:31.344392,
494,3,Maintenance,Reviewed,True,Completed the requested action successfully.,2025-08-26 14:19:18.775786,Resolved
495,1,Public Relations,Received,,Complaint logged and reviewed for routing.,2025-05-26 10:57:18.901269,
495,2,Maintenance,Forwarded (Correct),True,"Received from Public Relations, correctly routed for Infrastructure.",2025-05-26 12:55:13.933530,
495,3,Maintenance,Reviewed,True,Issue verified and resolved after review.,2025-05-27 13:23:32.574278,Resolved
496,1,Public Relations,Received,,Complaint logged and reviewed for routing.,2025-05-14 17:05:11.838653,
496,2,Security,Forwarded (Incorrect),False,"Not within our scope, sending to the relevant department.",2025-05-14 18:12:43.348642,
496,3,Administration,Forwarded (Re-routed),True,Re-routed from Security; now correctly assigned for Corruption/Bribery.,2025-05-15 12:06:12.156798,
496,4,Administration,Reviewed,True,Requires field visit before it can be closed.,2025-05-17 09:50:26.405961,Unresolved
497,1,Public Relations,Received,,Complaint logged and reviewed for routing.,2025-05-01 11:45:26.412399,
497,2,Maintenance,Forwarded (Correct),True,"Received from Public Relations, correctly routed for Infrastructure.",2025-05-01 18:49:51.139006,
497,3,Maintenance,Reviewed,True,Resolved following standard procedure.,2025-05-05 15:44:11.374805,Resolved
498,1,Public Relations,Received,,Complaint logged and reviewed for routing.,2025-09-03 04:44:14.893397,
498,2,Billing,Forwarded (Correct),True,"Received from Public Relations, correctly routed for Billing Issue.",2025-09-03 07:54:45.980152,
498,3,Billing,Reviewed,True,Resolved following standard procedure.,2025-09-05 19:24:34.225506,Resolved
499,1,Public Relations,Received,,Complaint logged and reviewed for routing.,2025-04-02 14:58:13.838992,
499,2,Customer Support,Forwarded (Correct),True,"Received from Public Relations, correctly routed for Staff Behavior.",2025-04-02 22:12:42.105310,
499,3,Customer Support,Reviewed,True,Resolved following standard procedure.,2025-04-04 04:44:41.836972,Resolved
500,1,Public Relations,Received,,Complaint logged and reviewed for routing.,2025-06-04 09:26:36.151469,
500,2,Operations,Forwarded (Correct),True,"Received from Public Relations, correctly routed for Service Delay.",2025-06-04 10:32:55.708823,
500,3,Operations,Reviewed,True,Issue verified and resolved after review.,2025-06-05 06:13:06.850270,Resolved
501,1,Public Relations,Received,,Complaint logged and reviewed for routing.,2025-08-11 22:38:46.428277,
501,2,Administration,Forwarded (Correct),True,"Received from Public Relations, correctly routed for Corruption/Bribery.",2025-08-12 06:01:16.505900,
501,3,Administration,Reviewed,True,Corrected the error and notified the customer.,2025-08-15 00:34:23.113192,Resolved
502,1,Public Relations,Received,,Complaint logged and reviewed for routing.,2025-06-11 14:23:14.209709,
502,2,Administration,Forwarded (Correct),True,"Received from Public Relations, correctly routed for Corruption/Bribery.",2025-06-11 22:00:01.959062,
502,3,Administration,Reviewed,True,"Still under investigation, pending further review.",2025-06-14 10:52:06.932913,Unresolved
503,1,Public Relations,Received,,Complaint logged and reviewed for routing.,2025-08-16 11:17:29.802374,
503,2,Operations,Forwarded (Correct),True,"Received from Public Relations, correctly routed for Service Delay.",2025-08-16 13:24:04.741741,
503,3,Operations,Reviewed,True,Completed the requested action successfully.,2025-08-17 19:51:34.637871,Resolved
504,1,Public Relations,Received,,Complaint logged and reviewed for routing.,2025-12-28 14:26:23.215601,
504,2,Billing,Forwarded (Correct),True,"Received from Public Relations, correctly routed for Billing Issue.",2025-12-28 21:17:28.889834,
504,3,Billing,Reviewed,True,On hold due to resource availability.,2025-12-30 03:14:43.896028,Unresolved
505,1,Public Relations,Received,,Complaint logged and reviewed for routing.,2025-03-13 15:46:43.140586,
505,2,Security,Forwarded (Correct),True,"Received from Public Relations, correctly routed for Safety Concern.",2025-03-13 18:45:11.565472,
505,3,Security,Reviewed,True,Resolved following standard procedure.,2025-03-15 01:22:06.659711,Resolved
506,1,Public Relations,Received,,Complaint logged and reviewed for routing.,2025-02-14 18:39:32.097040,
506,2,Customer Support,Forwarded (Correct),True,"Received from Public Relations, correctly routed for Staff Behavior.",2025-02-15 02:05:31.550527,
506,3,Customer Support,Reviewed,True,"Still under investigation, pending further review.",2025-02-18 23:53:49.401456,Unresolved
507,1,Public Relations,Received,,Complaint logged and reviewed for routing.,2025-09-19 10:56:29.964149,
507,2,Billing,Forwarded (Correct),True,"Received from Public Relations, correctly routed for Billing Issue.",2025-09-19 12:06:39.101923,
507,3,Billing,Reviewed,True,Resolved following standard procedure.,2025-09-20 17:32:15.190144,Resolved
508,1,Public Relations,Received,,Complaint logged and reviewed for routing.,2025-02-22 17:06:45.058487,
508,2,Customer Support,Forwarded (Correct),True,"Received from Public Relations, correctly routed for Staff Behavior.",2025-02-23 00:35:10.260364,
508,3,Customer Support,Reviewed,True,Requires field visit before it can be closed.,2025-02-23 18:01:32.325970,Unresolved
509,1,Public Relations,Received,,Complaint logged and reviewed for routing.,2025-11-20 10:43:27.283652,
509,2,Billing,Forwarded (Correct),True,"Received from Public Relations, correctly routed for Billing Issue.",2025-11-20 17:52:49.961311,
509,3,Billing,Reviewed,True,Escalated to senior staff for further action.,2025-11-21 06:08:27.720126,Unresolved
510,1,Public Relations,Received,,Complaint logged and reviewed for routing.,2025-11-03 20:37:08.937517,
510,2,Administration,Forwarded (Correct),True,"Received from Public Relations, correctly routed for Corruption/Bribery.",2025-11-04 01:47:12.260954,
510,3,Administration,Reviewed,True,Corrected the error and notified the customer.,2025-11-07 11:38:02.101297,Resolved
511,1,Public Relations,Received,,Complaint logged and reviewed for routing.,2025-07-13 12:47:47.956709,
511,2,Billing,Forwarded (Correct),True,"Received from Public Relations, correctly routed for Billing Issue.",2025-07-13 18:32:51.157643,
511,3,Billing,Reviewed,True,Completed the requested action successfully.,2025-07-17 07:01:52.741273,Resolved
512,1,Public Relations,Received,,Complaint logged and reviewed for routing.,2025-02-16 08:00:58.703420,
512,2,Security,Forwarded (Correct),True,"Received from Public Relations, correctly routed for Safety Concern.",2025-02-16 11:52:39.814369,
512,3,Security,Reviewed,True,"Still under investigation, pending further review.",2025-02-18 03:03:53.765267,Unresolved
513,1,Public Relations,Received,,Complaint logged and reviewed for routing.,2025-01-18 09:56:25.910055,
513,2,Security,Forwarded (Incorrect),False,"Incorrectly routed here, reassigning to the appropriate department.",2025-01-18 12:47:17.525980,
513,3,Billing,Forwarded (Re-routed),True,Re-routed from Security; now correctly assigned for Billing Issue.,2025-01-19 00:19:23.186962,
513,4,Billing,Reviewed,True,Resolved following standard procedure.,2025-01-19 17:33:58.696815,Resolved
514,1,Public Relations,Received,,Complaint logged and reviewed for routing.,2025-04-22 16:13:39.515327,
514,2,Billing,Forwarded (Incorrect),False,"Not within our scope, sending to the relevant department.",2025-04-22 21:19:01.141997,
514,3,Administration,Forwarded (Re-routed),True,Re-routed from Billing; now correctly assigned for Corruption/Bribery.,2025-04-23 05:11:37.633764,
514,4,Administration,Reviewed,True,Corrected the error and notified the customer.,2025-04-25 00:22:21.963646,Resolved
515,1,Public Relations,Received,,Complaint logged and reviewed for routing.,2025-05-25 10:54:23.641761,
515,2,Security,Forwarded (Correct),True,"Received from Public Relations, correctly routed for Safety Concern.",2025-05-25 14:36:14.029142,
515,3,Security,Reviewed,True,Resolved following standard procedure.,2025-05-28 16:04:46.987783,Resolved
516,1,Public Relations,Received,,Complaint logged and reviewed for routing.,2025-02-22 12:18:45.174519,
516,2,Maintenance,Forwarded (Correct),True,"Received from Public Relations, correctly routed for Infrastructure.",2025-02-22 15:35:17.539063,
516,3,Maintenance,Reviewed,True,Waiting on additional information from the customer.,2025-02-25 14:16:04.318532,Unresolved
517,1,Public Relations,Received,,Complaint logged and reviewed for routing.,2025-08-02 12:06:09.248872,
517,2,Customer Support,Forwarded (Correct),True,"Received from Public Relations, correctly routed for Staff Behavior.",2025-08-02 16:15:50.414874,
517,3,Customer Support,Reviewed,True,Requires field visit before it can be closed.,2025-08-03 11:05:08.395347,Unresolved
518,1,Public Relations,Received,,Complaint logged and reviewed for routing.,2025-04-04 13:57:30.351704,
518,2,Billing,Forwarded (Correct),True,"Received from Public Relations, correctly routed for Billing Issue.",2025-04-04 16:10:33.421200,
518,3,Billing,Reviewed,True,Issue verified and resolved after review.,2025-04-06 07:33:37.410296,Resolved
519,1,Public Relations,Received,,Complaint logged and reviewed for routing.,2025-09-02 15:11:45.270501,
519,2,Maintenance,Forwarded (Correct),True,"Received from Public Relations, correctly routed for Infrastructure.",2025-09-02 22:43:44.016370,
519,3,Maintenance,Reviewed,True,Corrected the error and notified the customer.,2025-09-04 06:27:38.609918,Resolved
520,1,Public Relations,Received,,Complaint logged and reviewed for routing.,2025-06-19 12:51:03.861150,
520,2,Security,Forwarded (Correct),True,"Received from Public Relations, correctly routed for Safety Concern.",2025-06-19 18:47:53.229081,
520,3,Security,Reviewed,True,Requires field visit before it can be closed.,2025-06-23 14:17:09.528358,Unresolved
521,1,Public Relations,Received,,Complaint logged and reviewed for routing.,2025-12-27 16:34:31.400503,
521,2,Operations,Forwarded (Incorrect),False,"Not within our scope, sending to the relevant department.",2025-12-28 00:33:41.193137,
521,3,Security,Forwarded (Re-routed),True,Re-routed from Operations; now correctly assigned for Safety Concern.,2025-12-28 11:00:01.174917,
521,4,Security,Reviewed,True,Resolved following standard procedure.,2026-01-01 00:00:50.630850,Resolved
522,1,Public Relations,Received,,Complaint logged and reviewed for routing.,2025-09-05 09:12:09.896409,
522,2,Maintenance,Forwarded (Correct),True,"Received from Public Relations, correctly routed for Infrastructure.",2025-09-05 14:57:35.175464,
522,3,Maintenance,Reviewed,True,Resolved following standard procedure.,2025-09-09 04:23:51.030423,Resolved
523,1,Public Relations,Received,,Complaint logged and reviewed for routing.,2025-06-20 06:35:54.734553,
523,2,Customer Support,Forwarded (Correct),True,"Received from Public Relations, correctly routed for Staff Behavior.",2025-06-20 13:31:57.877559,
523,3,Customer Support,Reviewed,True,Issue verified and resolved after review.,2025-06-23 00:40:55.999499,Resolved
524,1,Public Relations,Received,,Complaint logged and reviewed for routing.,2025-06-05 06:50:30.123878,
524,2,Customer Support,Forwarded (Correct),True,"Received from Public Relations, correctly routed for Appreciation.",2025-06-05 08:08:34.665899,
524,3,Customer Support,Reviewed,True,Completed the requested action successfully.,2025-06-08 01:00:47.357732,Resolved
525,1,Public Relations,Received,,Complaint logged and reviewed for routing.,2025-10-23 13:35:47.528261,
525,2,Operations,Forwarded (Correct),True,"Received from Public Relations, correctly routed for Service Delay.",2025-10-23 18:24:08.526278,
525,3,Operations,Reviewed,True,Completed the requested action successfully.,2025-10-24 16:40:33.800159,Resolved
526,1,Public Relations,Received,,Complaint logged and reviewed for routing.,2025-08-22 16:16:12.371887,
526,2,Billing,Forwarded (Correct),True,"Received from Public Relations, correctly routed for Billing Issue.",2025-08-22 17:56:53.181340,
526,3,Billing,Reviewed,True,Confirmed with the customer that the issue is fixed.,2025-08-25 08:54:45.317203,Resolved
527,1,Public Relations,Received,,Complaint logged and reviewed for routing.,2025-09-25 08:42:31.696021,
527,2,Customer Support,Forwarded (Correct),True,"Received from Public Relations, correctly routed for Staff Behavior.",2025-09-25 11:47:29.731747,
527,3,Customer Support,Reviewed,True,Completed the requested action successfully.,2025-09-27 22:14:57.724011,Resolved
528,1,Public Relations,Received,,Complaint logged and reviewed for routing.,2025-05-28 13:04:07.523353,
528,2,Maintenance,Forwarded (Correct),True,"Received from Public Relations, correctly routed for Infrastructure.",2025-05-28 17:22:40.713479,
528,3,Maintenance,Reviewed,True,Corrected the error and notified the customer.,2025-05-30 11:19:40.059829,Resolved
529,1,Public Relations,Received,,Complaint logged and reviewed for routing.,2025-08-07 16:51:36.633314,
529,2,Customer Support,Forwarded (Incorrect),False,"This complaint does not belong to our department, forwarding to the correct team.",2025-08-07 20:41:02.511074,
529,3,Operations,Forwarded (Re-routed),True,Re-routed from Customer Support; now correctly assigned for Service Delay.,2025-08-08 06:20:42.481135,
529,4,Operations,Reviewed,True,Issue verified and resolved after review.,2025-08-12 05:03:16.178600,Resolved
530,1,Public Relations,Received,,Complaint logged and reviewed for routing.,2025-10-23 17:15:42.010115,
530,2,Maintenance,Forwarded (Correct),True,"Received from Public Relations, correctly routed for Infrastructure.",2025-10-23 22:44:38.418332,
530,3,Maintenance,Reviewed,True,Requires field visit before it can be closed.,2025-10-26 12:07:30.554241,Unresolved
531,1,Public Relations,Received,,Complaint logged and reviewed for routing.,2025-02-28 17:28:51.192125,
531,2,Administration,Forwarded (Incorrect),False,"This complaint does not belong to our department, forwarding to the correct team.",2025-02-28 23:41:11.366711,
531,3,Operations,Forwarded (Re-routed),True,Re-routed from Administration; now correctly assigned for Service Delay.,2025-03-01 18:45:42.086485,
531,4,Operations,Reviewed,True,Issue verified and resolved after review.,2025-03-03 18:35:13.158630,Resolved
532,1,Public Relations,Received,,Complaint logged and reviewed for routing.,2025-08-02 16:41:49.751634,
532,2,Security,Forwarded (Incorrect),False,"Not within our scope, sending to the relevant department.",2025-08-02 18:29:23.685117,
532,3,Operations,Forwarded (Re-routed),True,Re-routed from Security; now correctly assigned for Service Delay.,2025-08-03 15:53:16.763817,
532,4,Operations,Reviewed,True,Corrected the error and notified the customer.,2025-08-07 14:24:06.472038,Resolved
533,1,Public Relations,Received,,Complaint logged and reviewed for routing.,2025-01-09 11:49:58.333188,
533,2,Administration,Forwarded (Incorrect),False,"Not within our scope, sending to the relevant department.",2025-01-09 15:04:24.990552,
533,3,Customer Support,Forwarded (Re-routed),True,Re-routed from Administration; now correctly assigned for Appreciation.,2025-01-10 07:59:21.599458,
533,4,Customer Support,Reviewed,True,Completed the requested action successfully.,2025-01-13 11:38:28.906364,Resolved
534,1,Public Relations,Received,,Complaint logged and reviewed for routing.,2025-08-21 09:05:22.151570,
534,2,Administration,Forwarded (Correct),True,"Received from Public Relations, correctly routed for Corruption/Bribery.",2025-08-21 15:27:52.622035,
534,3,Administration,Reviewed,True,Confirmed with the customer that the issue is fixed.,2025-08-24 10:03:46.144519,Resolved
535,1,Public Relations,Received,,Complaint logged and reviewed for routing.,2025-05-06 10:59:54.464411,
535,2,Security,Forwarded (Correct),True,"Received from Public Relations, correctly routed for Safety Concern.",2025-05-06 12:05:58.035587,
535,3,Security,Reviewed,True,Waiting on additional information from the customer.,2025-05-08 13:09:22.142004,Unresolved
536,1,Public Relations,Received,,Complaint logged and reviewed for routing.,2025-06-18 14:42:46.431763,
536,2,Billing,Forwarded (Correct),True,"Received from Public Relations, correctly routed for Billing Issue.",2025-06-18 17:49:55.157232,
536,3,Billing,Reviewed,True,"Still under investigation, pending further review.",2025-06-19 20:32:50.343693,Unresolved
537,1,Public Relations,Received,,Complaint logged and reviewed for routing.,2025-09-05 17:55:03.531424,
537,2,Billing,Forwarded (Correct),True,"Received from Public Relations, correctly routed for Billing Issue.",2025-09-05 22:43:39.462340,
537,3,Billing,Reviewed,True,"Still under investigation, pending further review.",2025-09-06 03:44:30.632471,Unresolved
538,1,Public Relations,Received,,Complaint logged and reviewed for routing.,2025-10-10 17:02:40.736092,
538,2,Security,Forwarded (Correct),True,"Received from Public Relations, correctly routed for Safety Concern.",2025-10-10 23:00:18.766858,
538,3,Security,Reviewed,True,Confirmed with the customer that the issue is fixed.,2025-10-11 23:41:07.919169,Resolved
539,1,Public Relations,Received,,Complaint logged and reviewed for routing.,2025-07-06 17:07:20.362707,
539,2,Security,Forwarded (Correct),True,"Received from Public Relations, correctly routed for Safety Concern.",2025-07-06 19:20:37.416954,
539,3,Security,Reviewed,True,"Still under investigation, pending further review.",2025-07-08 13:13:55.105835,Unresolved
540,1,Public Relations,Received,,Complaint logged and reviewed for routing.,2025-02-08 16:51:25.405055,
540,2,Customer Support,Forwarded (Correct),True,"Received from Public Relations, correctly routed for Staff Behavior.",2025-02-08 20:35:29.178247,
540,3,Customer Support,Reviewed,True,Requires field visit before it can be closed.,2025-02-12 13:46:50.883824,Unresolved
541,1,Public Relations,Received,,Complaint logged and reviewed for routing.,2025-07-18 16:18:39.754518,
541,2,Operations,Forwarded (Correct),True,"Received from Public Relations, correctly routed for Service Delay.",2025-07-18 18:59:12.018524,
541,3,Operations,Reviewed,True,Confirmed with the customer that the issue is fixed.,2025-07-20 21:37:28.678142,Resolved
542,1,Public Relations,Received,,Complaint logged and reviewed for routing.,2025-04-21 13:02:13.348420,
542,2,Billing,Forwarded (Incorrect),False,"This complaint does not belong to our department, forwarding to the correct team.",2025-04-21 14:49:48.930363,
542,3,Maintenance,Forwarded (Re-routed),True,Re-routed from Billing; now correctly assigned for Infrastructure.,2025-04-22 08:13:49.541303,
542,4,Maintenance,Reviewed,True,Corrected the error and notified the customer.,2025-04-23 19:43:50.000394,Resolved
543,1,Public Relations,Received,,Complaint logged and reviewed for routing.,2025-06-26 10:32:39.579770,
543,2,Maintenance,Forwarded (Correct),True,"Received from Public Relations, correctly routed for Infrastructure.",2025-06-26 13:08:06.199887,
543,3,Maintenance,Reviewed,True,Resolved following standard procedure.,2025-06-27 20:43:03.337377,Resolved
544,1,Public Relations,Received,,Complaint logged and reviewed for routing.,2025-10-12 07:19:47.019897,
544,2,Billing,Forwarded (Correct),True,"Received from Public Relations, correctly routed for Billing Issue.",2025-10-12 12:23:14.262898,
544,3,Billing,Reviewed,True,Issue verified and resolved after review.,2025-10-13 03:40:04.907466,Resolved
545,1,Public Relations,Received,,Complaint logged and reviewed for routing.,2025-05-03 15:59:57.323844,
545,2,Billing,Forwarded (Incorrect),False,"Not within our scope, sending to the relevant department.",2025-05-03 17:41:59.196122,
545,3,Operations,Forwarded (Re-routed),True,Re-routed from Billing; now correctly assigned for Service Delay.,2025-05-03 23:01:28.271429,
545,4,Operations,Reviewed,True,"Still under investigation, pending further review.",2025-05-06 06:55:38.467530,Unresolved
546,1,Public Relations,Received,,Complaint logged and reviewed for routing.,2025-04-21 11:07:44.310473,
546,2,Customer Support,Forwarded (Correct),True,"Received from Public Relations, correctly routed for Staff Behavior.",2025-04-21 13:37:46.384875,
546,3,Customer Support,Reviewed,True,On hold due to resource availability.,2025-04-22 00:18:30.684348,Unresolved
547,1,Public Relations,Received,,Complaint logged and reviewed for routing.,2025-08-03 20:05:41.132042,
547,2,Billing,Forwarded (Correct),True,"Received from Public Relations, correctly routed for Billing Issue.",2025-08-04 00:14:01.479011,
547,3,Billing,Reviewed,True,Completed the requested action successfully.,2025-08-04 19:28:27.916451,Resolved
548,1,Public Relations,Received,,Complaint logged and reviewed for routing.,2025-01-26 17:57:50.476499,
548,2,Billing,Forwarded (Correct),True,"Received from Public Relations, correctly routed for Billing Issue.",2025-01-26 22:00:36.575819,
548,3,Billing,Reviewed,True,Resolved following standard procedure.,2025-01-27 19:52:07.317627,Resolved
549,1,Public Relations,Received,,Complaint logged and reviewed for routing.,2025-06-21 10:46:22.614485,
549,2,Customer Support,Forwarded (Correct),True,"Received from Public Relations, correctly routed for Appreciation.",2025-06-21 12:48:27.264033,
549,3,Customer Support,Reviewed,True,Corrected the error and notified the customer.,2025-06-25 07:24:16.337175,Resolved
550,1,Public Relations,Received,,Complaint logged and reviewed for routing.,2025-02-24 09:22:45.164454,
550,2,Security,Forwarded (Incorrect),False,"This complaint does not belong to our department, forwarding to the correct team.",2025-02-24 13:34:06.567701,
550,3,Customer Support,Forwarded (Re-routed),True,Re-routed from Security; now correctly assigned for Staff Behavior.,2025-02-25 08:37:38.535190,
550,4,Customer Support,Reviewed,True,Waiting on additional information from the customer.,2025-02-28 13:02:50.667797,Unresolved
551,1,Public Relations,Received,,Complaint logged and reviewed for routing.,2025-05-22 08:44:18.749753,
551,2,Administration,Forwarded (Incorrect),False,"Not within our scope, sending to the relevant department.",2025-05-22 15:58:55.784888,
551,3,Customer Support,Forwarded (Re-routed),True,Re-routed from Administration; now correctly assigned for Appreciation.,2025-05-23 06:38:07.138721,
551,4,Customer Support,Reviewed,True,Corrected the error and notified the customer.,2025-05-24 01:54:24.579376,Resolved
552,1,Public Relations,Received,,Complaint logged and reviewed for routing.,2025-07-18 16:29:47.616070,
552,2,Operations,Forwarded (Correct),True,"Received from Public Relations, correctly routed for Service Delay.",2025-07-18 20:39:48.378535,
552,3,Operations,Reviewed,True,Escalated to senior staff for further action.,2025-07-22 04:59:12.431734,Unresolved
553,1,Public Relations,Received,,Complaint logged and reviewed for routing.,2025-05-26 11:28:41.851179,
553,2,Maintenance,Forwarded (Incorrect),False,"Incorrectly routed here, reassigning to the appropriate department.",2025-05-26 17:13:05.057889,
553,3,Operations,Forwarded (Re-routed),True,Re-routed from Maintenance; now correctly assigned for Service Delay.,2025-05-26 21:25:10.324715,
553,4,Operations,Reviewed,True,Completed the requested action successfully.,2025-05-28 12:39:40.663532,Resolved
554,1,Public Relations,Received,,Complaint logged and reviewed for routing.,2025-03-02 10:45:27.324881,
554,2,Customer Support,Forwarded (Correct),True,"Received from Public Relations, correctly routed for Staff Behavior.",2025-03-02 12:25:05.281495,
554,3,Customer Support,Reviewed,True,Completed the requested action successfully.,2025-03-05 19:56:18.068447,Resolved
555,1,Public Relations,Received,,Complaint logged and reviewed for routing.,2025-04-24 15:37:15.781743,
555,2,Customer Support,Forwarded (Correct),True,"Received from Public Relations, correctly routed for Appreciation.",2025-04-24 18:22:25.514326,
555,3,Customer Support,Reviewed,True,Completed the requested action successfully.,2025-04-27 15:50:17.658492,Resolved
556,1,Public Relations,Received,,Complaint logged and reviewed for routing.,2025-04-27 16:04:50.266974,
556,2,Billing,Forwarded (Correct),True,"Received from Public Relations, correctly routed for Billing Issue.",2025-04-27 21:08:28.427131,
556,3,Billing,Reviewed,True,"Still under investigation, pending further review.",2025-04-29 11:04:03.307564,Unresolved
557,1,Public Relations,Received,,Complaint logged and reviewed for routing.,2025-06-18 19:27:46.941840,
557,2,Administration,Forwarded (Correct),True,"Received from Public Relations, correctly routed for Corruption/Bribery.",2025-06-18 23:13:52.994868,
557,3,Administration,Reviewed,True,Waiting on additional information from the customer.,2025-06-21 07:48:17.067063,Unresolved
558,1,Public Relations,Received,,Complaint logged and reviewed for routing.,2025-07-11 15:43:23.908202,
558,2,Billing,Forwarded (Correct),True,"Received from Public Relations, correctly routed for Billing Issue.",2025-07-11 18:46:24.716683,
558,3,Billing,Reviewed,True,Escalated to senior staff for further action.,2025-07-14 11:42:19.548277,Unresolved
559,1,Public Relations,Received,,Complaint logged and reviewed for routing.,2025-11-11 10:34:53.755124,
559,2,Operations,Forwarded (Correct),True,"Received from Public Relations, correctly routed for Service Delay.",2025-11-11 15:44:00.104643,
559,3,Operations,Reviewed,True,Confirmed with the customer that the issue is fixed.,2025-11-12 22:19:17.378076,Resolved
560,1,Public Relations,Received,,Complaint logged and reviewed for routing.,2025-07-12 06:22:01.383871,
560,2,Maintenance,Forwarded (Correct),True,"Received from Public Relations, correctly routed for Infrastructure.",2025-07-12 08:24:44.047004,
560,3,Maintenance,Reviewed,True,"Still under investigation, pending further review.",2025-07-14 08:38:42.635369,Unresolved
561,1,Public Relations,Received,,Complaint logged and reviewed for routing.,2025-09-21 18:33:36.954880,
561,2,Operations,Forwarded (Correct),True,"Received from Public Relations, correctly routed for Service Delay.",2025-09-21 19:37:03.372960,
561,3,Operations,Reviewed,True,Waiting on additional information from the customer.,2025-09-25 00:57:58.390505,Unresolved
562,1,Public Relations,Received,,Complaint logged and reviewed for routing.,2025-06-25 04:28:12.642865,
562,2,Customer Support,Forwarded (Incorrect),False,"This complaint does not belong to our department, forwarding to the correct team.",2025-06-25 06:01:20.389065,
562,3,Administration,Forwarded (Re-routed),True,Re-routed from Customer Support; now correctly assigned for Corruption/Bribery.,2025-06-26 02:59:58.998116,
562,4,Administration,Reviewed,True,Issue verified and resolved after review.,2025-06-29 00:20:23.292944,Resolved
563,1,Public Relations,Received,,Complaint logged and reviewed for routing.,2025-11-07 21:06:16.726642,
563,2,Administration,Forwarded (Correct),True,"Received from Public Relations, correctly routed for Corruption/Bribery.",2025-11-08 02:52:41.371175,
563,3,Administration,Reviewed,True,Corrected the error and notified the customer.,2025-11-10 05:11:56.555353,Resolved
564,1,Public Relations,Received,,Complaint logged and reviewed for routing.,2025-08-27 18:13:06.359473,
564,2,Administration,Forwarded (Correct),True,"Received from Public Relations, correctly routed for Corruption/Bribery.",2025-08-27 21:43:39.882140,
564,3,Administration,Reviewed,True,Corrected the error and notified the customer.,2025-08-29 17:48:10.699119,Resolved
565,1,Public Relations,Received,,Complaint logged and reviewed for routing.,2025-07-18 13:16:35.799111,
565,2,Customer Support,Forwarded (Correct),True,"Received from Public Relations, correctly routed for Appreciation.",2025-07-18 16:33:32.452425,
565,3,Customer Support,Reviewed,True,Issue verified and resolved after review.,2025-07-22 11:20:58.650734,Resolved
566,1,Public Relations,Received,,Complaint logged and reviewed for routing.,2025-09-10 15:11:43.983055,
566,2,Customer Support,Forwarded (Incorrect),False,"Not within our scope, sending to the relevant department.",2025-09-10 19:44:52.905485,
566,3,Operations,Forwarded (Re-routed),True,Re-routed from Customer Support; now correctly assigned for Service Delay.,2025-09-11 07:19:07.698898,
566,4,Operations,Reviewed,True,Issue verified and resolved after review.,2025-09-12 17:27:57.951593,Resolved
567,1,Public Relations,Received,,Complaint logged and reviewed for routing.,2025-08-28 12:23:19.638790,
567,2,Operations,Forwarded (Correct),True,"Received from Public Relations, correctly routed for Service Delay.",2025-08-28 20:01:57.984958,
567,3,Operations,Reviewed,True,Issue verified and resolved after review.,2025-08-31 19:25:39.989643,Resolved
568,1,Public Relations,Received,,Complaint logged and reviewed for routing.,2025-03-19 16:42:50.163732,
568,2,Billing,Forwarded (Correct),True,"Received from Public Relations, correctly routed for Billing Issue.",2025-03-19 21:53:47.732207,
568,3,Billing,Reviewed,True,Resolved following standard procedure.,2025-03-23 07:03:02.550426,Resolved
569,1,Public Relations,Received,,Complaint logged and reviewed for routing.,2025-04-16 12:02:10.450928,
569,2,Security,Forwarded (Incorrect),False,"Not within our scope, sending to the relevant department.",2025-04-16 15:00:39.718692,
569,3,Customer Support,Forwarded (Re-routed),True,Re-routed from Security; now correctly assigned for Appreciation.,2025-04-17 04:33:21.021314,
569,4,Customer Support,Reviewed,True,"Still under investigation, pending further review.",2025-04-19 02:53:40.646354,Unresolved
570,1,Public Relations,Received,,Complaint logged and reviewed for routing.,2025-11-12 12:04:43.289978,
570,2,Maintenance,Forwarded (Correct),True,"Received from Public Relations, correctly routed for Infrastructure.",2025-11-12 19:20:24.093120,
570,3,Maintenance,Reviewed,True,Confirmed with the customer that the issue is fixed.,2025-11-16 06:22:06.440733,Resolved
571,1,Public Relations,Received,,Complaint logged and reviewed for routing.,2025-02-17 12:05:09.054816,
571,2,Billing,Forwarded (Correct),True,"Received from Public Relations, correctly routed for Billing Issue.",2025-02-17 16:46:52.642930,
571,3,Billing,Reviewed,True,Corrected the error and notified the customer.,2025-02-18 12:51:01.500053,Resolved
572,1,Public Relations,Received,,Complaint logged and reviewed for routing.,2025-03-21 17:16:10.110662,
572,2,Maintenance,Forwarded (Correct),True,"Received from Public Relations, correctly routed for Infrastructure.",2025-03-22 00:14:55.678106,
572,3,Maintenance,Reviewed,True,Issue verified and resolved after review.,2025-03-24 04:39:04.879656,Resolved
573,1,Public Relations,Received,,Complaint logged and reviewed for routing.,2025-12-08 11:04:58.461912,
573,2,Operations,Forwarded (Incorrect),False,"Not within our scope, sending to the relevant department.",2025-12-08 18:22:36.553797,
573,3,Customer Support,Forwarded (Re-routed),True,Re-routed from Operations; now correctly assigned for Staff Behavior.,2025-12-09 04:28:01.601411,
573,4,Customer Support,Reviewed,True,Resolved following standard procedure.,2025-12-11 13:15:17.712519,Resolved
574,1,Public Relations,Received,,Complaint logged and reviewed for routing.,2025-11-01 20:27:19.882088,
574,2,Customer Support,Forwarded (Correct),True,"Received from Public Relations, correctly routed for Staff Behavior.",2025-11-01 23:01:09.732592,
574,3,Customer Support,Reviewed,True,Corrected the error and notified the customer.,2025-11-02 16:49:50.665415,Resolved
575,1,Public Relations,Received,,Complaint logged and reviewed for routing.,2025-04-06 22:04:12.959413,
575,2,Operations,Forwarded (Incorrect),False,"Incorrectly routed here, reassigning to the appropriate department.",2025-04-07 05:12:05.879757,
575,3,Billing,Forwarded (Re-routed),True,Re-routed from Operations; now correctly assigned for Billing Issue.,2025-04-07 10:04:32.068669,
575,4,Billing,Reviewed,True,Resolved following standard procedure.,2025-04-09 19:26:18.126229,Resolved
576,1,Public Relations,Received,,Complaint logged and reviewed for routing.,2025-10-24 09:26:35.502975,
576,2,Maintenance,Forwarded (Correct),True,"Received from Public Relations, correctly routed for Infrastructure.",2025-10-24 15:27:40.408804,
576,3,Maintenance,Reviewed,True,Resolved following standard procedure.,2025-10-27 04:09:27.774413,Resolved
577,1,Public Relations,Received,,Complaint logged and reviewed for routing.,2025-01-03 00:18:07.525149,
577,2,Administration,Forwarded (Incorrect),False,"Incorrectly routed here, reassigning to the appropriate department.",2025-01-03 05:33:16.581451,
577,3,Maintenance,Forwarded (Re-routed),True,Re-routed from Administration; now correctly assigned for Infrastructure.,2025-01-03 21:56:52.175024,
577,4,Maintenance,Reviewed,True,Issue verified and resolved after review.,2025-01-04 10:26:20.143675,Resolved
578,1,Public Relations,Received,,Complaint logged and reviewed for routing.,2025-03-06 13:41:49.952243,
578,2,Billing,Forwarded (Correct),True,"Received from Public Relations, correctly routed for Billing Issue.",2025-03-06 16:42:00.498330,
578,3,Billing,Reviewed,True,Resolved following standard procedure.,2025-03-10 10:04:05.369185,Resolved
579,1,Public Relations,Received,,Complaint logged and reviewed for routing.,2025-08-24 10:45:14.401484,
579,2,Maintenance,Forwarded (Correct),True,"Received from Public Relations, correctly routed for Infrastructure.",2025-08-24 16:02:58.561841,
579,3,Maintenance,Reviewed,True,Completed the requested action successfully.,2025-08-28 13:08:39.129882,Resolved
580,1,Public Relations,Received,,Complaint logged and reviewed for routing.,2025-12-28 09:47:26.965456,
580,2,Billing,Forwarded (Correct),True,"Received from Public Relations, correctly routed for Billing Issue.",2025-12-28 12:08:18.009865,
580,3,Billing,Reviewed,True,Escalated to senior staff for further action.,2025-12-29 18:01:31.691230,Unresolved
581,1,Public Relations,Received,,Complaint logged and reviewed for routing.,2025-08-17 18:06:46.637813,
581,2,Security,Forwarded (Correct),True,"Received from Public Relations, correctly routed for Safety Concern.",2025-08-18 00:08:20.755282,
581,3,Security,Reviewed,True,"Still under investigation, pending further review.",2025-08-18 16:09:00.227011,Unresolved
582,1,Public Relations,Received,,Complaint logged and reviewed for routing.,2025-04-13 10:22:05.394861,
582,2,Maintenance,Forwarded (Correct),True,"Received from Public Relations, correctly routed for Infrastructure.",2025-04-13 12:33:28.327949,
582,3,Maintenance,Reviewed,True,"Still under investigation, pending further review.",2025-04-17 04:47:33.500369,Unresolved
583,1,Public Relations,Received,,Complaint logged and reviewed for routing.,2025-08-06 07:24:00.102889,
583,2,Maintenance,Forwarded (Correct),True,"Received from Public Relations, correctly routed for Infrastructure.",2025-08-06 14:29:17.517243,
583,3,Maintenance,Reviewed,True,Issue verified and resolved after review.,2025-08-10 00:22:37.203853,Resolved
584,1,Public Relations,Received,,Complaint logged and reviewed for routing.,2025-02-22 23:04:10.639502,
584,2,Customer Support,Forwarded (Correct),True,"Received from Public Relations, correctly routed for Staff Behavior.",2025-02-23 03:51:55.741729,
584,3,Customer Support,Reviewed,True,Issue verified and resolved after review.,2025-02-24 09:00:59.334517,Resolved
585,1,Public Relations,Received,,Complaint logged and reviewed for routing.,2025-08-17 16:30:38.649921,
585,2,Administration,Forwarded (Correct),True,"Received from Public Relations, correctly routed for Corruption/Bribery.",2025-08-17 23:45:48.652858,
585,3,Administration,Reviewed,True,Corrected the error and notified the customer.,2025-08-21 18:58:39.087572,Resolved
586,1,Public Relations,Received,,Complaint logged and reviewed for routing.,2025-09-13 09:13:20.281400,
586,2,Customer Support,Forwarded (Correct),True,"Received from Public Relations, correctly routed for Staff Behavior.",2025-09-13 13:37:55.963278,
586,3,Customer Support,Reviewed,True,Issue verified and resolved after review.,2025-09-16 19:02:11.923324,Resolved
587,1,Public Relations,Received,,Complaint logged and reviewed for routing.,2025-07-08 10:49:15.277758,
587,2,Customer Support,Forwarded (Correct),True,"Received from Public Relations, correctly routed for Staff Behavior.",2025-07-08 13:29:54.973090,
587,3,Customer Support,Reviewed,True,Resolved following standard procedure.,2025-07-09 19:12:02.634356,Resolved
588,1,Public Relations,Received,,Complaint logged and reviewed for routing.,2025-01-24 14:50:44.012433,
588,2,Customer Support,Forwarded (Incorrect),False,"Not within our scope, sending to the relevant department.",2025-01-24 17:30:50.624766,
588,3,Operations,Forwarded (Re-routed),True,Re-routed from Customer Support; now correctly assigned for Service Delay.,2025-01-25 12:48:23.766672,
588,4,Operations,Reviewed,True,Waiting on additional information from the customer.,2025-01-28 06:11:24.213389,Unresolved
589,1,Public Relations,Received,,Complaint logged and reviewed for routing.,2025-08-11 16:18:19.410623,
589,2,Billing,Forwarded (Correct),True,"Received from Public Relations, correctly routed for Billing Issue.",2025-08-11 22:31:58.866493,
589,3,Billing,Reviewed,True,Issue verified and resolved after review.,2025-08-13 20:14:15.404417,Resolved
590,1,Public Relations,Received,,Complaint logged and reviewed for routing.,2025-06-12 18:05:49.290793,
590,2,Maintenance,Forwarded (Incorrect),False,"This complaint does not belong to our department, forwarding to the correct team.",2025-06-12 20:44:39.022412,
590,3,Operations,Forwarded (Re-routed),True,Re-routed from Maintenance; now correctly assigned for Service Delay.,2025-06-13 18:28:53.231298,
590,4,Operations,Reviewed,True,Requires field visit before it can be closed.,2025-06-16 08:57:21.665169,Unresolved
591,1,Public Relations,Received,,Complaint logged and reviewed for routing.,2025-07-12 10:53:11.081941,
591,2,Operations,Forwarded (Correct),True,"Received from Public Relations, correctly routed for Service Delay.",2025-07-12 15:23:06.824221,
591,3,Operations,Reviewed,True,Corrected the error and notified the customer.,2025-07-15 17:52:42.948349,Resolved
592,1,Public Relations,Received,,Complaint logged and reviewed for routing.,2025-09-28 10:32:44.717862,
592,2,Maintenance,Forwarded (Correct),True,"Received from Public Relations, correctly routed for Infrastructure.",2025-09-28 17:25:17.646565,
592,3,Maintenance,Reviewed,True,Completed the requested action successfully.,2025-10-02 09:14:07.803921,Resolved
593,1,Public Relations,Received,,Complaint logged and reviewed for routing.,2025-02-17 15:25:58.991413,
593,2,Security,Forwarded (Correct),True,"Received from Public Relations, correctly routed for Safety Concern.",2025-02-17 21:06:13.786945,
593,3,Security,Reviewed,True,Completed the requested action successfully.,2025-02-18 07:51:06.773874,Resolved
594,1,Public Relations,Received,,Complaint logged and reviewed for routing.,2025-10-27 14:30:25.311708,
594,2,Billing,Forwarded (Correct),True,"Received from Public Relations, correctly routed for Billing Issue.",2025-10-27 19:06:33.940992,
594,3,Billing,Reviewed,True,Corrected the error and notified the customer.,2025-10-28 18:43:04.162067,Resolved
595,1,Public Relations,Received,,Complaint logged and reviewed for routing.,2025-06-20 11:36:49.838548,
595,2,Billing,Forwarded (Correct),True,"Received from Public Relations, correctly routed for Billing Issue.",2025-06-20 17:34:04.981695,
595,3,Billing,Reviewed,True,Corrected the error and notified the customer.,2025-06-21 18:21:02.741102,Resolved
596,1,Public Relations,Received,,Complaint logged and reviewed for routing.,2025-05-20 10:48:03.973411,
596,2,Maintenance,Forwarded (Correct),True,"Received from Public Relations, correctly routed for Infrastructure.",2025-05-20 14:26:23.217800,
596,3,Maintenance,Reviewed,True,Corrected the error and notified the customer.,2025-05-23 16:26:47.181489,Resolved
597,1,Public Relations,Received,,Complaint logged and reviewed for routing.,2025-10-26 08:00:57.727784,
597,2,Customer Support,Forwarded (Correct),True,"Received from Public Relations, correctly routed for Staff Behavior.",2025-10-26 09:34:13.911831,
597,3,Customer Support,Reviewed,True,"Still under investigation, pending further review.",2025-10-27 06:26:35.202087,Unresolved
598,1,Public Relations,Received,,Complaint logged and reviewed for routing.,2025-08-22 10:29:13.679091,
598,2,Customer Support,Forwarded (Correct),True,"Received from Public Relations, correctly routed for Staff Behavior.",2025-08-22 11:50:25.647863,
598,3,Customer Support,Reviewed,True,Issue verified and resolved after review.,2025-08-24 18:50:23.958947,Resolved
599,1,Public Relations,Received,,Complaint logged and reviewed for routing.,2025-09-12 16:45:28.554898,
599,2,Billing,Forwarded (Correct),True,"Received from Public Relations, correctly routed for Billing Issue.",2025-09-12 20:22:37.801813,
599,3,Billing,Reviewed,True,Completed the requested action successfully.,2025-09-14 08:19:50.586911,Resolved
600,1,Public Relations,Received,,Complaint logged and reviewed for routing.,2025-11-18 15:25:24.511273,
600,2,Billing,Forwarded (Correct),True,"Received from Public Relations, correctly routed for Billing Issue.",2025-11-18 16:50:57.658800,
600,3,Billing,Reviewed,True,Resolved following standard procedure.,2025-11-20 02:33:10.687500,Resolved
601,1,Public Relations,Received,,Complaint logged and reviewed for routing.,2025-04-07 18:22:28.592515,
601,2,Operations,Forwarded (Correct),True,"Received from Public Relations, correctly routed for Service Delay.",2025-04-07 20:21:56.225520,
601,3,Operations,Reviewed,True,Confirmed with the customer that the issue is fixed.,2025-04-10 00:37:51.525365,Resolved
602,1,Public Relations,Received,,Complaint logged and reviewed for routing.,2025-02-03 14:13:16.451341,
602,2,Billing,Forwarded (Correct),True,"Received from Public Relations, correctly routed for Billing Issue.",2025-02-03 15:40:49.449177,
602,3,Billing,Reviewed,True,"Still under investigation, pending further review.",2025-02-04 07:27:53.389620,Unresolved
603,1,Public Relations,Received,,Complaint logged and reviewed for routing.,2025-08-13 11:19:22.489020,
603,2,Customer Support,Forwarded (Correct),True,"Received from Public Relations, correctly routed for Appreciation.",2025-08-13 16:57:20.615466,
603,3,Customer Support,Reviewed,True,Issue verified and resolved after review.,2025-08-16 22:34:41.066683,Resolved
604,1,Public Relations,Received,,Complaint logged and reviewed for routing.,2025-08-19 19:56:25.743106,
604,2,Customer Support,Forwarded (Correct),True,"Received from Public Relations, correctly routed for Appreciation.",2025-08-19 21:16:02.899955,
604,3,Customer Support,Reviewed,True,Escalated to senior staff for further action.,2025-08-22 09:06:36.937212,Unresolved
605,1,Public Relations,Received,,Complaint logged and reviewed for routing.,2025-08-08 18:40:12.393035,
605,2,Operations,Forwarded (Correct),True,"Received from Public Relations, correctly routed for Service Delay.",2025-08-08 20:01:50.862070,
605,3,Operations,Reviewed,True,On hold due to resource availability.,2025-08-10 08:01:10.123195,Unresolved
606,1,Public Relations,Received,,Complaint logged and reviewed for routing.,2025-04-03 14:32:55.302469,
606,2,Customer Support,Forwarded (Correct),True,"Received from Public Relations, correctly routed for Staff Behavior.",2025-04-03 19:35:23.183119,
606,3,Customer Support,Reviewed,True,Confirmed with the customer that the issue is fixed.,2025-04-04 09:11:02.943969,Resolved
607,1,Public Relations,Received,,Complaint logged and reviewed for routing.,2025-07-12 17:06:16.006830,
607,2,Customer Support,Forwarded (Correct),True,"Received from Public Relations, correctly routed for Staff Behavior.",2025-07-12 20:57:22.104029,
607,3,Customer Support,Reviewed,True,Corrected the error and notified the customer.,2025-07-15 10:07:15.619515,Resolved
608,1,Public Relations,Received,,Complaint logged and reviewed for routing.,2025-04-08 16:38:28.307972,
608,2,Customer Support,Forwarded (Correct),True,"Received from Public Relations, correctly routed for Staff Behavior.",2025-04-08 19:59:33.647667,
608,3,Customer Support,Reviewed,True,Waiting on additional information from the customer.,2025-04-09 01:03:15.439352,Unresolved
609,1,Public Relations,Received,,Complaint logged and reviewed for routing.,2025-03-04 15:51:47.883386,
609,2,Administration,Forwarded (Correct),True,"Received from Public Relations, correctly routed for Corruption/Bribery.",2025-03-04 18:45:04.926841,
609,3,Administration,Reviewed,True,Completed the requested action successfully.,2025-03-05 21:36:01.515026,Resolved
610,1,Public Relations,Received,,Complaint logged and reviewed for routing.,2025-12-28 19:17:01.975175,
610,2,Maintenance,Forwarded (Correct),True,"Received from Public Relations, correctly routed for Infrastructure.",2025-12-28 21:34:21.753726,
610,3,Maintenance,Reviewed,True,Resolved following standard procedure.,2025-12-30 06:18:24.120666,Resolved
611,1,Public Relations,Received,,Complaint logged and reviewed for routing.,2025-05-08 18:26:02.821041,
611,2,Customer Support,Forwarded (Correct),True,"Received from Public Relations, correctly routed for Staff Behavior.",2025-05-09 02:15:31.728250,
611,3,Customer Support,Reviewed,True,Completed the requested action successfully.,2025-05-12 14:52:34.193718,Resolved
612,1,Public Relations,Received,,Complaint logged and reviewed for routing.,2025-01-12 16:03:11.618882,
612,2,Customer Support,Forwarded (Correct),True,"Received from Public Relations, correctly routed for Staff Behavior.",2025-01-12 22:55:39.133964,
612,3,Customer Support,Reviewed,True,Confirmed with the customer that the issue is fixed.,2025-01-13 06:26:07.962224,Resolved
613,1,Public Relations,Received,,Complaint logged and reviewed for routing.,2025-05-01 09:10:49.250258,
613,2,Customer Support,Forwarded (Correct),True,"Received from Public Relations, correctly routed for Appreciation.",2025-05-01 16:13:29.712877,
613,3,Customer Support,Reviewed,True,Resolved following standard procedure.,2025-05-02 16:10:45.298938,Resolved
614,1,Public Relations,Received,,Complaint logged and reviewed for routing.,2025-11-06 13:59:20.885310,
614,2,Maintenance,Forwarded (Incorrect),False,"Not within our scope, sending to the relevant department.",2025-11-06 20:32:52.751541,
614,3,Operations,Forwarded (Re-routed),True,Re-routed from Maintenance; now correctly assigned for Service Delay.,2025-11-07 13:36:50.357807,
614,4,Operations,Reviewed,True,Escalated to senior staff for further action.,2025-11-11 11:14:07.603681,Unresolved
615,1,Public Relations,Received,,Complaint logged and reviewed for routing.,2025-06-14 01:08:06.089871,
615,2,Operations,Forwarded (Correct),True,"Received from Public Relations, correctly routed for Service Delay.",2025-06-14 03:10:26.629026,
615,3,Operations,Reviewed,True,Corrected the error and notified the customer.,2025-06-14 12:16:10.338180,Resolved
616,1,Public Relations,Received,,Complaint logged and reviewed for routing.,2025-07-19 11:25:58.119373,
616,2,Operations,Forwarded (Correct),True,"Received from Public Relations, correctly routed for Service Delay.",2025-07-19 12:46:00.846980,
616,3,Operations,Reviewed,True,Waiting on additional information from the customer.,2025-07-22 01:15:04.008921,Unresolved
617,1,Public Relations,Received,,Complaint logged and reviewed for routing.,2025-06-13 14:27:47.329954,
617,2,Security,Forwarded (Correct),True,"Received from Public Relations, correctly routed for Safety Concern.",2025-06-13 18:38:34.162250,
617,3,Security,Reviewed,True,Escalated to senior staff for further action.,2025-06-15 22:01:44.969602,Unresolved
618,1,Public Relations,Received,,Complaint logged and reviewed for routing.,2025-03-16 22:23:50.645747,
618,2,Customer Support,Forwarded (Correct),True,"Received from Public Relations, correctly routed for Staff Behavior.",2025-03-17 04:14:26.396428,
618,3,Customer Support,Reviewed,True,Completed the requested action successfully.,2025-03-21 03:22:16.982342,Resolved
619,1,Public Relations,Received,,Complaint logged and reviewed for routing.,2025-09-10 15:06:22.676619,
619,2,Customer Support,Forwarded (Correct),True,"Received from Public Relations, correctly routed for Staff Behavior.",2025-09-10 19:43:26.235073,
619,3,Customer Support,Reviewed,True,Corrected the error and notified the customer.,2025-09-12 10:14:51.344516,Resolved
620,1,Public Relations,Received,,Complaint logged and reviewed for routing.,2025-01-27 15:13:41.832077,
620,2,Billing,Forwarded (Correct),True,"Received from Public Relations, correctly routed for Billing Issue.",2025-01-27 22:10:54.088279,
620,3,Billing,Reviewed,True,Resolved following standard procedure.,2025-01-31 19:18:07.821775,Resolved
621,1,Public Relations,Received,,Complaint logged and reviewed for routing.,2025-05-18 17:25:03.050928,
621,2,Security,Forwarded (Correct),True,"Received from Public Relations, correctly routed for Safety Concern.",2025-05-18 20:37:54.606859,
621,3,Security,Reviewed,True,Resolved following standard procedure.,2025-05-19 02:06:59.947421,Resolved
622,1,Public Relations,Received,,Complaint logged and reviewed for routing.,2025-11-20 13:26:45.743365,
622,2,Billing,Forwarded (Incorrect),False,"This complaint does not belong to our department, forwarding to the correct team.",2025-11-20 21:08:25.103517,
622,3,Operations,Forwarded (Re-routed),True,Re-routed from Billing; now correctly assigned for Service Delay.,2025-11-21 12:49:38.307108,
622,4,Operations,Reviewed,True,Resolved following standard procedure.,2025-11-23 09:52:01.618167,Resolved
623,1,Public Relations,Received,,Complaint logged and reviewed for routing.,2025-05-22 14:55:59.602681,
623,2,Billing,Forwarded (Correct),True,"Received from Public Relations, correctly routed for Billing Issue.",2025-05-22 22:29:57.894516,
623,3,Billing,Reviewed,True,Issue verified and resolved after review.,2025-05-23 06:07:11.754065,Resolved
624,1,Public Relations,Received,,Complaint logged and reviewed for routing.,2025-06-05 21:14:56.298792,
624,2,Customer Support,Forwarded (Incorrect),False,"This complaint does not belong to our department, forwarding to the correct team.",2025-06-06 02:26:29.896294,
624,3,Operations,Forwarded (Re-routed),True,Re-routed from Customer Support; now correctly assigned for Service Delay.,2025-06-06 21:03:57.768516,
624,4,Operations,Reviewed,True,Requires field visit before it can be closed.,2025-06-09 21:29:14.491479,Unresolved
625,1,Public Relations,Received,,Complaint logged and reviewed for routing.,2025-07-28 10:20:53.567385,
625,2,Customer Support,Forwarded (Correct),True,"Received from Public Relations, correctly routed for Staff Behavior.",2025-07-28 15:13:20.813410,
625,3,Customer Support,Reviewed,True,Waiting on additional information from the customer.,2025-07-30 11:07:07.265498,Unresolved
626,1,Public Relations,Received,,Complaint logged and reviewed for routing.,2025-09-20 21:18:24.682671,
626,2,Operations,Forwarded (Correct),True,"Received from Public Relations, correctly routed for Service Delay.",2025-09-20 23:14:10.660265,
626,3,Operations,Reviewed,True,Resolved following standard procedure.,2025-09-22 05:13:30.949854,Resolved
627,1,Public Relations,Received,,Complaint logged and reviewed for routing.,2025-12-14 11:45:07.474653,
627,2,Security,Forwarded (Correct),True,"Received from Public Relations, correctly routed for Safety Concern.",2025-12-14 18:58:32.306556,
627,3,Security,Reviewed,True,Waiting on additional information from the customer.,2025-12-17 11:53:32.912094,Unresolved
628,1,Public Relations,Received,,Complaint logged and reviewed for routing.,2025-04-13 15:17:41.071704,
628,2,Customer Support,Forwarded (Incorrect),False,"Incorrectly routed here, reassigning to the appropriate department.",2025-04-13 22:06:29.038943,
628,3,Maintenance,Forwarded (Re-routed),True,Re-routed from Customer Support; now correctly assigned for Infrastructure.,2025-04-14 21:28:37.711991,
628,4,Maintenance,Reviewed,True,Waiting on additional information from the customer.,2025-04-16 19:49:52.417723,Unresolved
629,1,Public Relations,Received,,Complaint logged and reviewed for routing.,2025-09-17 08:38:30.110430,
629,2,Customer Support,Forwarded (Correct),True,"Received from Public Relations, correctly routed for Staff Behavior.",2025-09-17 12:06:28.299378,
629,3,Customer Support,Reviewed,True,Confirmed with the customer that the issue is fixed.,2025-09-19 23:54:41.436714,Resolved
630,1,Public Relations,Received,,Complaint logged and reviewed for routing.,2025-05-08 15:12:20.901814,
630,2,Maintenance,Forwarded (Incorrect),False,"Incorrectly routed here, reassigning to the appropriate department.",2025-05-08 17:08:53.312392,
630,3,Billing,Forwarded (Re-routed),True,Re-routed from Maintenance; now correctly assigned for Billing Issue.,2025-05-09 16:57:53.871184,
630,4,Billing,Reviewed,True,Waiting on additional information from the customer.,2025-05-11 19:03:37.368883,Unresolved
631,1,Public Relations,Received,,Complaint logged and reviewed for routing.,2025-01-22 11:26:41.024007,
631,2,Customer Support,Forwarded (Correct),True,"Received from Public Relations, correctly routed for Staff Behavior.",2025-01-22 14:33:16.164208,
631,3,Customer Support,Reviewed,True,Resolved following standard procedure.,2025-01-22 22:39:51.485268,Resolved
632,1,Public Relations,Received,,Complaint logged and reviewed for routing.,2025-12-18 17:41:21.342320,
632,2,Customer Support,Forwarded (Correct),True,"Received from Public Relations, correctly routed for Staff Behavior.",2025-12-18 19:06:06.924619,
632,3,Customer Support,Reviewed,True,Waiting on additional information from the customer.,2025-12-21 15:47:09.307479,Unresolved
633,1,Public Relations,Received,,Complaint logged and reviewed for routing.,2025-06-24 23:14:53.277808,
633,2,Billing,Forwarded (Correct),True,"Received from Public Relations, correctly routed for Billing Issue.",2025-06-25 06:54:24.322765,
633,3,Billing,Reviewed,True,Confirmed with the customer that the issue is fixed.,2025-06-29 05:07:32.993598,Resolved
634,1,Public Relations,Received,,Complaint logged and reviewed for routing.,2025-07-08 22:14:14.155070,
634,2,Administration,Forwarded (Incorrect),False,"Incorrectly routed here, reassigning to the appropriate department.",2025-07-08 23:20:34.786988,
634,3,Operations,Forwarded (Re-routed),True,Re-routed from Administration; now correctly assigned for Service Delay.,2025-07-09 17:01:50.813146,
634,4,Operations,Reviewed,True,On hold due to resource availability.,2025-07-10 23:54:10.050163,Unresolved
635,1,Public Relations,Received,,Complaint logged and reviewed for routing.,2025-01-17 18:43:10.337091,
635,2,Operations,Forwarded (Correct),True,"Received from Public Relations, correctly routed for Service Delay.",2025-01-17 23:07:59.188941,
635,3,Operations,Reviewed,True,Confirmed with the customer that the issue is fixed.,2025-01-19 19:27:00.458151,Resolved
636,1,Public Relations,Received,,Complaint logged and reviewed for routing.,2025-08-16 05:41:56.743754,
636,2,Customer Support,Forwarded (Correct),True,"Received from Public Relations, correctly routed for Staff Behavior.",2025-08-16 08:50:52.536098,
636,3,Customer Support,Reviewed,True,Completed the requested action successfully.,2025-08-18 16:44:02.157069,Resolved
637,1,Public Relations,Received,,Complaint logged and reviewed for routing.,2025-04-01 04:02:04.158020,
637,2,Security,Forwarded (Correct),True,"Received from Public Relations, correctly routed for Safety Concern.",2025-04-01 11:52:28.682571,
637,3,Security,Reviewed,True,Corrected the error and notified the customer.,2025-04-04 18:04:40.335442,Resolved
638,1,Public Relations,Received,,Complaint logged and reviewed for routing.,2025-09-21 18:07:16.956469,
638,2,Operations,Forwarded (Correct),True,"Received from Public Relations, correctly routed for Service Delay.",2025-09-22 01:44:33.533520,
638,3,Operations,Reviewed,True,Confirmed with the customer that the issue is fixed.,2025-09-24 20:33:13.266914,Resolved
639,1,Public Relations,Received,,Complaint logged and reviewed for routing.,2025-07-26 17:46:48.655275,
639,2,Customer Support,Forwarded (Correct),True,"Received from Public Relations, correctly routed for Staff Behavior.",2025-07-26 23:56:58.364333,
639,3,Customer Support,Reviewed,True,Resolved following standard procedure.,2025-07-28 23:34:31.802303,Resolved
640,1,Public Relations,Received,,Complaint logged and reviewed for routing.,2025-10-14 23:20:23.400241,
640,2,Operations,Forwarded (Correct),True,"Received from Public Relations, correctly routed for Service Delay.",2025-10-15 03:56:49.606174,
640,3,Operations,Reviewed,True,Issue verified and resolved after review.,2025-10-17 09:34:48.284501,Resolved
641,1,Public Relations,Received,,Complaint logged and reviewed for routing.,2025-08-09 13:13:56.845188,
641,2,Billing,Forwarded (Correct),True,"Received from Public Relations, correctly routed for Billing Issue.",2025-08-09 20:18:52.170607,
641,3,Billing,Reviewed,True,Corrected the error and notified the customer.,2025-08-12 10:09:14.933843,Resolved
642,1,Public Relations,Received,,Complaint logged and reviewed for routing.,2025-01-04 16:33:56.240768,
642,2,Billing,Forwarded (Correct),True,"Received from Public Relations, correctly routed for Billing Issue.",2025-01-04 18:12:24.864058,
642,3,Billing,Reviewed,True,Waiting on additional information from the customer.,2025-01-08 06:20:27.137058,Unresolved
643,1,Public Relations,Received,,Complaint logged and reviewed for routing.,2025-01-07 17:07:25.650482,
643,2,Operations,Forwarded (Correct),True,"Received from Public Relations, correctly routed for Service Delay.",2025-01-07 20:55:40.238176,
643,3,Operations,Reviewed,True,Confirmed with the customer that the issue is fixed.,2025-01-08 07:12:33.596394,Resolved
644,1,Public Relations,Received,,Complaint logged and reviewed for routing.,2025-08-02 09:39:14.395156,
644,2,Customer Support,Forwarded (Correct),True,"Received from Public Relations, correctly routed for Appreciation.",2025-08-02 11:27:15.842439,
644,3,Customer Support,Reviewed,True,"Still under investigation, pending further review.",2025-08-06 03:30:54.334380,Unresolved
645,1,Public Relations,Received,,Complaint logged and reviewed for routing.,2025-02-16 08:03:19.548294,
645,2,Billing,Forwarded (Correct),True,"Received from Public Relations, correctly routed for Billing Issue.",2025-02-16 12:18:05.779022,
645,3,Billing,Reviewed,True,Requires field visit before it can be closed.,2025-02-19 19:39:08.396485,Unresolved
646,1,Public Relations,Received,,Complaint logged and reviewed for routing.,2025-12-23 15:48:44.863038,
646,2,Administration,Forwarded (Correct),True,"Received from Public Relations, correctly routed for Corruption/Bribery.",2025-12-23 20:32:27.383174,
646,3,Administration,Reviewed,True,Corrected the error and notified the customer.,2025-12-26 05:44:29.818583,Resolved
647,1,Public Relations,Received,,Complaint logged and reviewed for routing.,2025-04-24 21:42:19.004453,
647,2,Security,Forwarded (Correct),True,"Received from Public Relations, correctly routed for Safety Concern.",2025-04-24 23:32:56.431206,
647,3,Security,Reviewed,True,Escalated to senior staff for further action.,2025-04-26 18:32:22.517688,Unresolved
648,1,Public Relations,Received,,Complaint logged and reviewed for routing.,2025-12-06 08:58:46.371885,
648,2,Customer Support,Forwarded (Correct),True,"Received from Public Relations, correctly routed for Staff Behavior.",2025-12-06 12:12:05.144001,
648,3,Customer Support,Reviewed,True,Confirmed with the customer that the issue is fixed.,2025-12-08 05:01:59.507638,Resolved
649,1,Public Relations,Received,,Complaint logged and reviewed for routing.,2025-08-07 11:50:41.938834,
649,2,Billing,Forwarded (Correct),True,"Received from Public Relations, correctly routed for Billing Issue.",2025-08-07 19:49:35.675563,
649,3,Billing,Reviewed,True,Issue verified and resolved after review.,2025-08-10 15:17:42.981409,Resolved
650,1,Public Relations,Received,,Complaint logged and reviewed for routing.,2025-08-11 15:52:10.942670,
650,2,Security,Forwarded (Incorrect),False,"This complaint does not belong to our department, forwarding to the correct team.",2025-08-11 23:23:38.056638,
650,3,Customer Support,Forwarded (Re-routed),True,Re-routed from Security; now correctly assigned for Appreciation.,2025-08-12 09:07:56.972509,
650,4,Customer Support,Reviewed,True,Waiting on additional information from the customer.,2025-08-13 02:28:20.592900,Unresolved
651,1,Public Relations,Received,,Complaint logged and reviewed for routing.,2025-01-02 13:36:03.431947,
651,2,Operations,Forwarded (Correct),True,"Received from Public Relations, correctly routed for Service Delay.",2025-01-02 18:10:20.176611,
651,3,Operations,Reviewed,True,Corrected the error and notified the customer.,2025-01-05 12:27:09.958091,Resolved
652,1,Public Relations,Received,,Complaint logged and reviewed for routing.,2025-04-16 11:49:46.630120,
652,2,Operations,Forwarded (Correct),True,"Received from Public Relations, correctly routed for Service Delay.",2025-04-16 15:12:32.086479,
652,3,Operations,Reviewed,True,Issue verified and resolved after review.,2025-04-19 01:41:42.783075,Resolved
653,1,Public Relations,Received,,Complaint logged and reviewed for routing.,2025-08-26 18:46:05.445492,
653,2,Billing,Forwarded (Correct),True,"Received from Public Relations, correctly routed for Billing Issue.",2025-08-26 21:16:32.213625,
653,3,Billing,Reviewed,True,Requires field visit before it can be closed.,2025-08-27 04:26:34.298925,Unresolved
654,1,Public Relations,Received,,Complaint logged and reviewed for routing.,2025-09-01 10:16:52.188372,
654,2,Security,Forwarded (Correct),True,"Received from Public Relations, correctly routed for Safety Concern.",2025-09-01 13:01:35.466435,
654,3,Security,Reviewed,True,Confirmed with the customer that the issue is fixed.,2025-09-04 13:46:11.565571,Resolved
655,1,Public Relations,Received,,Complaint logged and reviewed for routing.,2025-08-18 10:22:51.178646,
655,2,Administration,Forwarded (Correct),True,"Received from Public Relations, correctly routed for Corruption/Bribery.",2025-08-18 16:47:34.192768,
655,3,Administration,Reviewed,True,Resolved following standard procedure.,2025-08-19 23:07:33.809697,Resolved
656,1,Public Relations,Received,,Complaint logged and reviewed for routing.,2025-09-09 12:25:16.558530,
656,2,Customer Support,Forwarded (Correct),True,"Received from Public Relations, correctly routed for Staff Behavior.",2025-09-09 17:28:01.502740,
656,3,Customer Support,Reviewed,True,Confirmed with the customer that the issue is fixed.,2025-09-10 22:24:42.162656,Resolved
657,1,Public Relations,Received,,Complaint logged and reviewed for routing.,2025-06-27 18:47:55.999032,
657,2,Billing,Forwarded (Correct),True,"Received from Public Relations, correctly routed for Billing Issue.",2025-06-27 22:28:21.083993,
657,3,Billing,Reviewed,True,Confirmed with the customer that the issue is fixed.,2025-06-29 04:17:51.596845,Resolved
658,1,Public Relations,Received,,Complaint logged and reviewed for routing.,2025-11-20 11:25:53.375417,
658,2,Operations,Forwarded (Correct),True,"Received from Public Relations, correctly routed for Service Delay.",2025-11-20 13:45:10.742128,
658,3,Operations,Reviewed,True,Corrected the error and notified the customer.,2025-11-23 12:26:22.842949,Resolved
659,1,Public Relations,Received,,Complaint logged and reviewed for routing.,2025-10-07 18:23:26.284899,
659,2,Security,Forwarded (Correct),True,"Received from Public Relations, correctly routed for Safety Concern.",2025-10-07 19:59:10.911896,
659,3,Security,Reviewed,True,Issue verified and resolved after review.,2025-10-10 09:44:12.460312,Resolved
660,1,Public Relations,Received,,Complaint logged and reviewed for routing.,2025-06-11 18:22:27.170879,
660,2,Maintenance,Forwarded (Correct),True,"Received from Public Relations, correctly routed for Infrastructure.",2025-06-11 20:04:25.863599,
660,3,Maintenance,Reviewed,True,On hold due to resource availability.,2025-06-13 18:23:57.468828,Unresolved
661,1,Public Relations,Received,,Complaint logged and reviewed for routing.,2025-03-02 17:10:45.268451,
661,2,Administration,Forwarded (Correct),True,"Received from Public Relations, correctly routed for Corruption/Bribery.",2025-03-02 23:11:25.419425,
661,3,Administration,Reviewed,True,"Still under investigation, pending further review.",2025-03-03 21:16:54.927889,Unresolved
662,1,Public Relations,Received,,Complaint logged and reviewed for routing.,2025-08-17 15:48:48.479747,
662,2,Maintenance,Forwarded (Correct),True,"Received from Public Relations, correctly routed for Infrastructure.",2025-08-17 23:45:35.358513,
662,3,Maintenance,Reviewed,True,Confirmed with the customer that the issue is fixed.,2025-08-18 05:12:08.854953,Resolved
663,1,Public Relations,Received,,Complaint logged and reviewed for routing.,2025-01-07 10:08:41.745899,
663,2,Operations,Forwarded (Correct),True,"Received from Public Relations, correctly routed for Service Delay.",2025-01-07 13:35:33.167209,
663,3,Operations,Reviewed,True,Issue verified and resolved after review.,2025-01-09 14:14:01.623904,Resolved
664,1,Public Relations,Received,,Complaint logged and reviewed for routing.,2025-05-24 13:34:09.739318,
664,2,Maintenance,Forwarded (Incorrect),False,"Not within our scope, sending to the relevant department.",2025-05-24 17:47:23.905215,
664,3,Customer Support,Forwarded (Re-routed),True,Re-routed from Maintenance; now correctly assigned for Staff Behavior.,2025-05-25 07:42:07.120302,
664,4,Customer Support,Reviewed,True,Resolved following standard procedure.,2025-05-29 00:20:25.948898,Resolved
665,1,Public Relations,Received,,Complaint logged and reviewed for routing.,2025-07-24 09:49:33.177925,
665,2,Administration,Forwarded (Correct),True,"Received from Public Relations, correctly routed for Corruption/Bribery.",2025-07-24 17:20:18.955895,
665,3,Administration,Reviewed,True,Issue verified and resolved after review.,2025-07-28 14:22:37.283773,Resolved
666,1,Public Relations,Received,,Complaint logged and reviewed for routing.,2025-02-08 12:24:59.017721,
666,2,Maintenance,Forwarded (Incorrect),False,"Not within our scope, sending to the relevant department.",2025-02-08 18:52:55.972643,
666,3,Customer Support,Forwarded (Re-routed),True,Re-routed from Maintenance; now correctly assigned for Appreciation.,2025-02-09 16:40:57.726724,
666,4,Customer Support,Reviewed,True,Corrected the error and notified the customer.,2025-02-10 07:26:55.374529,Resolved
667,1,Public Relations,Received,,Complaint logged and reviewed for routing.,2025-07-18 10:54:47.133504,
667,2,Maintenance,Forwarded (Correct),True,"Received from Public Relations, correctly routed for Infrastructure.",2025-07-18 15:57:08.187388,
667,3,Maintenance,Reviewed,True,Confirmed with the customer that the issue is fixed.,2025-07-19 14:14:12.475680,Resolved
668,1,Public Relations,Received,,Complaint logged and reviewed for routing.,2025-11-06 16:07:59.649596,
668,2,Maintenance,Forwarded (Correct),True,"Received from Public Relations, correctly routed for Infrastructure.",2025-11-06 21:56:58.925357,
668,3,Maintenance,Reviewed,True,Waiting on additional information from the customer.,2025-11-09 14:05:32.422189,Unresolved
669,1,Public Relations,Received,,Complaint logged and reviewed for routing.,2025-12-15 11:05:41.640090,
669,2,Customer Support,Forwarded (Incorrect),False,"Not within our scope, sending to the relevant department.",2025-12-15 18:34:07.476489,
669,3,Maintenance,Forwarded (Re-routed),True,Re-routed from Customer Support; now correctly assigned for Infrastructure.,2025-12-16 05:35:44.329841,
669,4,Maintenance,Reviewed,True,Corrected the error and notified the customer.,2025-12-19 11:23:05.087907,Resolved
670,1,Public Relations,Received,,Complaint logged and reviewed for routing.,2025-09-14 17:15:35.308108,
670,2,Administration,Forwarded (Correct),True,"Received from Public Relations, correctly routed for Corruption/Bribery.",2025-09-14 22:28:29.199456,
670,3,Administration,Reviewed,True,Completed the requested action successfully.,2025-09-15 07:48:39.812479,Resolved
671,1,Public Relations,Received,,Complaint logged and reviewed for routing.,2025-12-09 02:32:29.016858,
671,2,Billing,Forwarded (Correct),True,"Received from Public Relations, correctly routed for Billing Issue.",2025-12-09 08:04:24.698681,
671,3,Billing,Reviewed,True,Corrected the error and notified the customer.,2025-12-10 23:42:39.808799,Resolved
672,1,Public Relations,Received,,Complaint logged and reviewed for routing.,2025-12-20 08:28:52.667783,
672,2,Billing,Forwarded (Correct),True,"Received from Public Relations, correctly routed for Billing Issue.",2025-12-20 12:48:07.953735,
672,3,Billing,Reviewed,True,Confirmed with the customer that the issue is fixed.,2025-12-20 21:59:34.923790,Resolved
673,1,Public Relations,Received,,Complaint logged and reviewed for routing.,2025-04-11 14:11:26.768940,
673,2,Billing,Forwarded (Correct),True,"Received from Public Relations, correctly routed for Billing Issue.",2025-04-11 15:32:45.879001,
673,3,Billing,Reviewed,True,Resolved following standard procedure.,2025-04-13 02:46:28.927621,Resolved
674,1,Public Relations,Received,,Complaint logged and reviewed for routing.,2025-02-15 12:13:51.820471,
674,2,Customer Support,Forwarded (Correct),True,"Received from Public Relations, correctly routed for Appreciation.",2025-02-15 15:31:58.135792,
674,3,Customer Support,Reviewed,True,Waiting on additional information from the customer.,2025-02-18 22:31:11.237051,Unresolved
675,1,Public Relations,Received,,Complaint logged and reviewed for routing.,2025-02-13 16:55:28.024298,
675,2,Operations,Forwarded (Correct),True,"Received from Public Relations, correctly routed for Service Delay.",2025-02-13 22:50:40.818504,
675,3,Operations,Reviewed,True,Confirmed with the customer that the issue is fixed.,2025-02-16 15:10:39.029964,Resolved
676,1,Public Relations,Received,,Complaint logged and reviewed for routing.,2025-07-23 07:13:00.409458,
676,2,Security,Forwarded (Correct),True,"Received from Public Relations, correctly routed for Safety Concern.",2025-07-23 14:19:15.612232,
676,3,Security,Reviewed,True,Corrected the error and notified the customer.,2025-07-25 08:47:42.578983,Resolved
677,1,Public Relations,Received,,Complaint logged and reviewed for routing.,2025-06-25 13:55:34.259314,
677,2,Billing,Forwarded (Correct),True,"Received from Public Relations, correctly routed for Billing Issue.",2025-06-25 15:02:08.401533,
677,3,Billing,Reviewed,True,Confirmed with the customer that the issue is fixed.,2025-06-26 05:37:35.437721,Resolved
678,1,Public Relations,Received,,Complaint logged and reviewed for routing.,2025-11-08 23:08:18.121206,
678,2,Operations,Forwarded (Correct),True,"Received from Public Relations, correctly routed for Service Delay.",2025-11-09 05:13:49.292608,
678,3,Operations,Reviewed,True,Confirmed with the customer that the issue is fixed.,2025-11-09 19:04:39.479642,Resolved
679,1,Public Relations,Received,,Complaint logged and reviewed for routing.,2025-01-17 08:57:12.358279,
679,2,Maintenance,Forwarded (Correct),True,"Received from Public Relations, correctly routed for Infrastructure.",2025-01-17 13:32:53.766699,
679,3,Maintenance,Reviewed,True,Requires field visit before it can be closed.,2025-01-19 16:49:57.999098,Unresolved
680,1,Public Relations,Received,,Complaint logged and reviewed for routing.,2025-03-22 14:25:35.936692,
680,2,Billing,Forwarded (Incorrect),False,"Incorrectly routed here, reassigning to the appropriate department.",2025-03-22 21:35:58.288376,
680,3,Customer Support,Forwarded (Re-routed),True,Re-routed from Billing; now correctly assigned for Staff Behavior.,2025-03-23 10:38:56.633594,
680,4,Customer Support,Reviewed,True,Corrected the error and notified the customer.,2025-03-24 06:47:22.223358,Resolved
681,1,Public Relations,Received,,Complaint logged and reviewed for routing.,2025-05-13 14:18:34.739531,
681,2,Billing,Forwarded (Correct),True,"Received from Public Relations, correctly routed for Billing Issue.",2025-05-13 16:05:53.519472,
681,3,Billing,Reviewed,True,Escalated to senior staff for further action.,2025-05-16 09:41:08.454997,Unresolved
682,1,Public Relations,Received,,Complaint logged and reviewed for routing.,2025-02-17 01:52:45.742618,
682,2,Customer Support,Forwarded (Correct),True,"Received from Public Relations, correctly routed for Staff Behavior.",2025-02-17 09:06:44.055083,
682,3,Customer Support,Reviewed,True,Confirmed with the customer that the issue is fixed.,2025-02-17 20:19:31.770479,Resolved
683,1,Public Relations,Received,,Complaint logged and reviewed for routing.,2025-07-21 11:17:19.298177,
683,2,Customer Support,Forwarded (Correct),True,"Received from Public Relations, correctly routed for Staff Behavior.",2025-07-21 13:47:57.829299,
683,3,Customer Support,Reviewed,True,"Still under investigation, pending further review.",2025-07-23 22:12:31.475993,Unresolved
684,1,Public Relations,Received,,Complaint logged and reviewed for routing.,2025-04-14 14:12:12.100830,
684,2,Operations,Forwarded (Correct),True,"Received from Public Relations, correctly routed for Service Delay.",2025-04-14 18:22:09.899358,
684,3,Operations,Reviewed,True,Resolved following standard procedure.,2025-04-16 15:34:18.265363,Resolved
685,1,Public Relations,Received,,Complaint logged and reviewed for routing.,2025-06-07 06:35:45.564753,
685,2,Administration,Forwarded (Incorrect),False,"Incorrectly routed here, reassigning to the appropriate department.",2025-06-07 09:25:47.169205,
685,3,Maintenance,Forwarded (Re-routed),True,Re-routed from Administration; now correctly assigned for Infrastructure.,2025-06-07 19:52:08.012540,
685,4,Maintenance,Reviewed,True,"Still under investigation, pending further review.",2025-06-08 23:38:08.008780,Unresolved
686,1,Public Relations,Received,,Complaint logged and reviewed for routing.,2025-08-26 07:50:31.157852,
686,2,Security,Forwarded (Incorrect),False,"Incorrectly routed here, reassigning to the appropriate department.",2025-08-26 13:12:41.963942,
686,3,Billing,Forwarded (Re-routed),True,Re-routed from Security; now correctly assigned for Billing Issue.,2025-08-27 11:53:31.209971,
686,4,Billing,Reviewed,True,Corrected the error and notified the customer.,2025-08-31 03:27:57.565961,Resolved
687,1,Public Relations,Received,,Complaint logged and reviewed for routing.,2025-03-24 13:50:00.696605,
687,2,Billing,Forwarded (Correct),True,"Received from Public Relations, correctly routed for Billing Issue.",2025-03-24 15:36:14.830771,
687,3,Billing,Reviewed,True,Escalated to senior staff for further action.,2025-03-27 13:31:29.231501,Unresolved
688,1,Public Relations,Received,,Complaint logged and reviewed for routing.,2025-11-27 08:32:30.373615,
688,2,Customer Support,Forwarded (Correct),True,"Received from Public Relations, correctly routed for Appreciation.",2025-11-27 15:14:55.567174,
688,3,Customer Support,Reviewed,True,"Still under investigation, pending further review.",2025-12-01 00:54:15.469427,Unresolved
689,1,Public Relations,Received,,Complaint logged and reviewed for routing.,2025-01-07 14:47:38.318755,
689,2,Operations,Forwarded (Correct),True,"Received from Public Relations, correctly routed for Service Delay.",2025-01-07 22:42:11.455482,
689,3,Operations,Reviewed,True,Corrected the error and notified the customer.,2025-01-09 21:20:40.440329,Resolved
690,1,Public Relations,Received,,Complaint logged and reviewed for routing.,2025-07-24 10:16:41.627240,
690,2,Security,Forwarded (Correct),True,"Received from Public Relations, correctly routed for Safety Concern.",2025-07-24 13:38:43.857190,
690,3,Security,Reviewed,True,Resolved following standard procedure.,2025-07-27 20:57:20.542951,Resolved
691,1,Public Relations,Received,,Complaint logged and reviewed for routing.,2025-01-06 09:13:16.307051,
691,2,Maintenance,Forwarded (Correct),True,"Received from Public Relations, correctly routed for Infrastructure.",2025-01-06 13:43:31.433112,
691,3,Maintenance,Reviewed,True,"Still under investigation, pending further review.",2025-01-08 08:48:28.440200,Unresolved
692,1,Public Relations,Received,,Complaint logged and reviewed for routing.,2025-02-22 09:48:52.741177,
692,2,Billing,Forwarded (Correct),True,"Received from Public Relations, correctly routed for Billing Issue.",2025-02-22 11:19:11.193187,
692,3,Billing,Reviewed,True,Corrected the error and notified the customer.,2025-02-25 01:30:01.791293,Resolved
693,1,Public Relations,Received,,Complaint logged and reviewed for routing.,2025-05-21 05:38:19.292182,
693,2,Maintenance,Forwarded (Incorrect),False,"Incorrectly routed here, reassigning to the appropriate department.",2025-05-21 08:09:31.101348,
693,3,Administration,Forwarded (Re-routed),True,Re-routed from Maintenance; now correctly assigned for Corruption/Bribery.,2025-05-21 12:49:15.175821,
693,4,Administration,Reviewed,True,Waiting on additional information from the customer.,2025-05-23 16:36:46.924656,Unresolved
694,1,Public Relations,Received,,Complaint logged and reviewed for routing.,2025-11-18 20:58:33.865596,
694,2,Maintenance,Forwarded (Incorrect),False,"Not within our scope, sending to the relevant department.",2025-11-18 23:28:02.009732,
694,3,Customer Support,Forwarded (Re-routed),True,Re-routed from Maintenance; now correctly assigned for Appreciation.,2025-11-19 05:43:31.406775,
694,4,Customer Support,Reviewed,True,Waiting on additional information from the customer.,2025-11-21 10:10:05.542166,Unresolved
695,1,Public Relations,Received,,Complaint logged and reviewed for routing.,2025-01-17 06:27:22.716858,
695,2,Customer Support,Forwarded (Correct),True,"Received from Public Relations, correctly routed for Staff Behavior.",2025-01-17 09:54:39.385782,
695,3,Customer Support,Reviewed,True,On hold due to resource availability.,2025-01-19 06:52:47.598752,Unresolved
696,1,Public Relations,Received,,Complaint logged and reviewed for routing.,2025-05-10 13:29:50.278636,
696,2,Billing,Forwarded (Correct),True,"Received from Public Relations, correctly routed for Billing Issue.",2025-05-10 20:42:21.839963,
696,3,Billing,Reviewed,True,Issue verified and resolved after review.,2025-05-12 12:01:45.063620,Resolved
697,1,Public Relations,Received,,Complaint logged and reviewed for routing.,2025-11-27 16:13:56.357550,
697,2,Security,Forwarded (Correct),True,"Received from Public Relations, correctly routed for Safety Concern.",2025-11-27 18:01:14.424329,
697,3,Security,Reviewed,True,Completed the requested action successfully.,2025-12-01 15:06:28.705269,Resolved
698,1,Public Relations,Received,,Complaint logged and reviewed for routing.,2025-08-03 17:12:43.385456,
698,2,Billing,Forwarded (Correct),True,"Received from Public Relations, correctly routed for Billing Issue.",2025-08-03 21:28:32.397775,
698,3,Billing,Reviewed,True,Resolved following standard procedure.,2025-08-04 09:35:43.914308,Resolved
699,1,Public Relations,Received,,Complaint logged and reviewed for routing.,2025-03-10 11:21:54.912358,
699,2,Administration,Forwarded (Incorrect),False,"Not within our scope, sending to the relevant department.",2025-03-10 13:18:56.324069,
699,3,Operations,Forwarded (Re-routed),True,Re-routed from Administration; now correctly assigned for Service Delay.,2025-03-11 01:01:38.862339,
699,4,Operations,Reviewed,True,Issue verified and resolved after review.,2025-03-11 13:06:25.962843,Resolved
700,1,Public Relations,Received,,Complaint logged and reviewed for routing.,2025-07-22 17:50:13.040735,
700,2,Billing,Forwarded (Correct),True,"Received from Public Relations, correctly routed for Billing Issue.",2025-07-22 22:47:36.656213,
700,3,Billing,Reviewed,True,Requires field visit before it can be closed.,2025-07-23 20:20:37.306407,Unresolved
701,1,Public Relations,Received,,Complaint logged and reviewed for routing.,2025-12-25 13:42:30.782740,
701,2,Customer Support,Forwarded (Correct),True,"Received from Public Relations, correctly routed for Appreciation.",2025-12-25 15:14:28.197333,
701,3,Customer Support,Reviewed,True,Issue verified and resolved after review.,2025-12-28 00:07:45.097825,Resolved
702,1,Public Relations,Received,,Complaint logged and reviewed for routing.,2025-07-24 15:45:20.420513,
702,2,Operations,Forwarded (Correct),True,"Received from Public Relations, correctly routed for Service Delay.",2025-07-24 21:03:15.713740,
702,3,Operations,Reviewed,True,Escalated to senior staff for further action.,2025-07-25 01:27:49.224170,Unresolved
703,1,Public Relations,Received,,Complaint logged and reviewed for routing.,2025-11-14 13:40:32.621209,
703,2,Security,Forwarded (Correct),True,"Received from Public Relations, correctly routed for Safety Concern.",2025-11-14 14:59:51.576478,
703,3,Security,Reviewed,True,Waiting on additional information from the customer.,2025-11-15 06:52:39.690932,Unresolved
704,1,Public Relations,Received,,Complaint logged and reviewed for routing.,2025-02-06 16:06:59.492366,
704,2,Billing,Forwarded (Correct),True,"Received from Public Relations, correctly routed for Billing Issue.",2025-02-06 23:49:53.003558,
704,3,Billing,Reviewed,True,Completed the requested action successfully.,2025-02-08 13:45:36.539095,Resolved
705,1,Public Relations,Received,,Complaint logged and reviewed for routing.,2025-04-08 18:49:53.682814,
705,2,Billing,Forwarded (Incorrect),False,"This complaint does not belong to our department, forwarding to the correct team.",2025-04-08 21:43:23.781759,
705,3,Maintenance,Forwarded (Re-routed),True,Re-routed from Billing; now correctly assigned for Infrastructure.,2025-04-09 21:10:34.900219,
705,4,Maintenance,Reviewed,True,Confirmed with the customer that the issue is fixed.,2025-04-11 12:23:17.644618,Resolved
706,1,Public Relations,Received,,Complaint logged and reviewed for routing.,2025-06-21 09:51:14.700606,
706,2,Billing,Forwarded (Correct),True,"Received from Public Relations, correctly routed for Billing Issue.",2025-06-21 12:11:36.341630,
706,3,Billing,Reviewed,True,Waiting on additional information from the customer.,2025-06-22 02:42:13.280644,Unresolved
707,1,Public Relations,Received,,Complaint logged and reviewed for routing.,2025-04-14 23:03:16.926205,
707,2,Billing,Forwarded (Correct),True,"Received from Public Relations, correctly routed for Billing Issue.",2025-04-15 06:32:28.276332,
707,3,Billing,Reviewed,True,Issue verified and resolved after review.,2025-04-18 05:04:44.652408,Resolved
708,1,Public Relations,Received,,Complaint logged and reviewed for routing.,2025-09-03 16:33:35.598349,
708,2,Billing,Forwarded (Incorrect),False,"Incorrectly routed here, reassigning to the appropriate department.",2025-09-03 21:46:28.387398,
708,3,Operations,Forwarded (Re-routed),True,Re-routed from Billing; now correctly assigned for Service Delay.,2025-09-04 11:03:14.810149,
708,4,Operations,Reviewed,True,Completed the requested action successfully.,2025-09-04 21:41:17.499251,Resolved
709,1,Public Relations,Received,,Complaint logged and reviewed for routing.,2025-11-14 16:23:36.275596,
709,2,Maintenance,Forwarded (Correct),True,"Received from Public Relations, correctly routed for Infrastructure.",2025-11-14 19:03:00.035835,
709,3,Maintenance,Reviewed,True,Resolved following standard procedure.,2025-11-17 03:47:43.908045,Resolved
710,1,Public Relations,Received,,Complaint logged and reviewed for routing.,2025-08-24 16:23:05.032135,
710,2,Security,Forwarded (Correct),True,"Received from Public Relations, correctly routed for Safety Concern.",2025-08-24 20:47:52.277990,
710,3,Security,Reviewed,True,Resolved following standard procedure.,2025-08-28 19:57:11.162994,Resolved
711,1,Public Relations,Received,,Complaint logged and reviewed for routing.,2025-06-02 11:29:14.794151,
711,2,Customer Support,Forwarded (Correct),True,"Received from Public Relations, correctly routed for Staff Behavior.",2025-06-02 14:09:21.859406,
711,3,Customer Support,Reviewed,True,Issue verified and resolved after review.,2025-06-05 10:54:49.530948,Resolved
712,1,Public Relations,Received,,Complaint logged and reviewed for routing.,2025-07-17 16:46:57.453679,
712,2,Billing,Forwarded (Incorrect),False,"Not within our scope, sending to the relevant department.",2025-07-17 19:27:03.410073,
712,3,Customer Support,Forwarded (Re-routed),True,Re-routed from Billing; now correctly assigned for Appreciation.,2025-07-18 10:37:02.138879,
712,4,Customer Support,Reviewed,True,Issue verified and resolved after review.,2025-07-19 12:07:12.967331,Resolved
713,1,Public Relations,Received,,Complaint logged and reviewed for routing.,2025-09-10 09:07:33.214410,
713,2,Operations,Forwarded (Incorrect),False,"Not within our scope, sending to the relevant department.",2025-09-10 12:11:12.579545,
713,3,Customer Support,Forwarded (Re-routed),True,Re-routed from Operations; now correctly assigned for Staff Behavior.,2025-09-10 18:09:30.883146,
713,4,Customer Support,Reviewed,True,Escalated to senior staff for further action.,2025-09-14 05:32:38.847178,Unresolved
714,1,Public Relations,Received,,Complaint logged and reviewed for routing.,2025-06-21 05:53:18.289651,
714,2,Maintenance,Forwarded (Correct),True,"Received from Public Relations, correctly routed for Infrastructure.",2025-06-21 11:50:47.978993,
714,3,Maintenance,Reviewed,True,"Still under investigation, pending further review.",2025-06-24 23:45:57.018235,Unresolved
715,1,Public Relations,Received,,Complaint logged and reviewed for routing.,2025-03-14 10:48:52.933727,
715,2,Security,Forwarded (Correct),True,"Received from Public Relations, correctly routed for Safety Concern.",2025-03-14 18:27:47.803277,
715,3,Security,Reviewed,True,Confirmed with the customer that the issue is fixed.,2025-03-15 23:21:22.264539,Resolved
716,1,Public Relations,Received,,Complaint logged and reviewed for routing.,2025-04-23 16:29:31.099246,
716,2,Administration,Forwarded (Correct),True,"Received from Public Relations, correctly routed for Corruption/Bribery.",2025-04-23 21:56:23.015234,
716,3,Administration,Reviewed,True,Corrected the error and notified the customer.,2025-04-24 12:44:57.662868,Resolved
717,1,Public Relations,Received,,Complaint logged and reviewed for routing.,2025-08-03 17:31:39.690770,
717,2,Maintenance,Forwarded (Incorrect),False,"Not within our scope, sending to the relevant department.",2025-08-03 23:08:51.643385,
717,3,Billing,Forwarded (Re-routed),True,Re-routed from Maintenance; now correctly assigned for Billing Issue.,2025-08-04 16:44:32.779744,
717,4,Billing,Reviewed,True,Corrected the error and notified the customer.,2025-08-07 02:26:38.783455,Resolved
718,1,Public Relations,Received,,Complaint logged and reviewed for routing.,2025-06-13 12:05:33.446332,
718,2,Maintenance,Forwarded (Correct),True,"Received from Public Relations, correctly routed for Infrastructure.",2025-06-13 14:27:13.776637,
718,3,Maintenance,Reviewed,True,Resolved following standard procedure.,2025-06-14 04:09:44.848651,Resolved
719,1,Public Relations,Received,,Complaint logged and reviewed for routing.,2025-03-23 22:38:00.395634,
719,2,Billing,Forwarded (Correct),True,"Received from Public Relations, correctly routed for Billing Issue.",2025-03-23 23:49:52.742957,
719,3,Billing,Reviewed,True,Completed the requested action successfully.,2025-03-26 13:11:42.285461,Resolved
720,1,Public Relations,Received,,Complaint logged and reviewed for routing.,2025-02-05 15:38:35.859555,
720,2,Operations,Forwarded (Correct),True,"Received from Public Relations, correctly routed for Service Delay.",2025-02-05 23:05:27.411857,
720,3,Operations,Reviewed,True,Waiting on additional information from the customer.,2025-02-06 13:09:33.785167,Unresolved
721,1,Public Relations,Received,,Complaint logged and reviewed for routing.,2025-07-01 13:20:29.250412,
721,2,Customer Support,Forwarded (Correct),True,"Received from Public Relations, correctly routed for Staff Behavior.",2025-07-01 20:21:19.877162,
721,3,Customer Support,Reviewed,True,Resolved following standard procedure.,2025-07-04 09:31:50.215295,Resolved
722,1,Public Relations,Received,,Complaint logged and reviewed for routing.,2025-02-20 17:53:11.957573,
722,2,Customer Support,Forwarded (Correct),True,"Received from Public Relations, correctly routed for Staff Behavior.",2025-02-21 00:00:26.249488,
722,3,Customer Support,Reviewed,True,On hold due to resource availability.,2025-02-22 16:52:55.705826,Unresolved
723,1,Public Relations,Received,,Complaint logged and reviewed for routing.,2025-01-12 18:25:50.921184,
723,2,Administration,Forwarded (Incorrect),False,"Incorrectly routed here, reassigning to the appropriate department.",2025-01-13 02:17:19.151005,
723,3,Billing,Forwarded (Re-routed),True,Re-routed from Administration; now correctly assigned for Billing Issue.,2025-01-13 23:44:08.233249,
723,4,Billing,Reviewed,True,Escalated to senior staff for further action.,2025-01-16 23:37:28.596509,Unresolved
724,1,Public Relations,Received,,Complaint logged and reviewed for routing.,2025-01-14 11:49:00.216256,
724,2,Operations,Forwarded (Correct),True,"Received from Public Relations, correctly routed for Service Delay.",2025-01-14 16:21:57.961422,
724,3,Operations,Reviewed,True,Requires field visit before it can be closed.,2025-01-15 04:26:41.739629,Unresolved
725,1,Public Relations,Received,,Complaint logged and reviewed for routing.,2025-12-03 10:59:21.033197,
725,2,Customer Support,Forwarded (Correct),True,"Received from Public Relations, correctly routed for Appreciation.",2025-12-03 18:36:41.003947,
725,3,Customer Support,Reviewed,True,Escalated to senior staff for further action.,2025-12-05 13:03:48.466741,Unresolved
726,1,Public Relations,Received,,Complaint logged and reviewed for routing.,2025-10-03 14:48:54.523425,
726,2,Administration,Forwarded (Correct),True,"Received from Public Relations, correctly routed for Corruption/Bribery.",2025-10-03 21:20:13.709988,
726,3,Administration,Reviewed,True,Resolved following standard procedure.,2025-10-06 01:43:31.861961,Resolved
727,1,Public Relations,Received,,Complaint logged and reviewed for routing.,2025-07-23 16:34:24.983349,
727,2,Operations,Forwarded (Correct),True,"Received from Public Relations, correctly routed for Service Delay.",2025-07-23 18:19:53.070409,
727,3,Operations,Reviewed,True,Confirmed with the customer that the issue is fixed.,2025-07-25 15:19:22.611256,Resolved
728,1,Public Relations,Received,,Complaint logged and reviewed for routing.,2025-09-20 09:51:31.833759,
728,2,Customer Support,Forwarded (Correct),True,"Received from Public Relations, correctly routed for Appreciation.",2025-09-20 12:55:07.960483,
728,3,Customer Support,Reviewed,True,Resolved following standard procedure.,2025-09-21 09:19:09.502405,Resolved
729,1,Public Relations,Received,,Complaint logged and reviewed for routing.,2025-04-19 11:24:35.611137,
729,2,Administration,Forwarded (Incorrect),False,"This complaint does not belong to our department, forwarding to the correct team.",2025-04-19 17:36:24.063009,
729,3,Maintenance,Forwarded (Re-routed),True,Re-routed from Administration; now correctly assigned for Infrastructure.,2025-04-20 08:52:44.670757,
729,4,Maintenance,Reviewed,True,Completed the requested action successfully.,2025-04-21 13:59:44.194111,Resolved
730,1,Public Relations,Received,,Complaint logged and reviewed for routing.,2025-07-06 11:14:18.227028,
730,2,Customer Support,Forwarded (Correct),True,"Received from Public Relations, correctly routed for Staff Behavior.",2025-07-06 15:06:51.892248,
730,3,Customer Support,Reviewed,True,Issue verified and resolved after review.,2025-07-06 19:18:13.875144,Resolved
731,1,Public Relations,Received,,Complaint logged and reviewed for routing.,2025-06-26 10:23:57.979435,
731,2,Billing,Forwarded (Correct),True,"Received from Public Relations, correctly routed for Billing Issue.",2025-06-26 16:03:38.169561,
731,3,Billing,Reviewed,True,Issue verified and resolved after review.,2025-06-30 12:35:52.422496,Resolved
732,1,Public Relations,Received,,Complaint logged and reviewed for routing.,2025-05-26 19:20:10.250472,
732,2,Operations,Forwarded (Correct),True,"Received from Public Relations, correctly routed for Service Delay.",2025-05-26 20:53:15.341652,
732,3,Operations,Reviewed,True,On hold due to resource availability.,2025-05-28 06:01:05.695883,Unresolved
733,1,Public Relations,Received,,Complaint logged and reviewed for routing.,2025-05-17 12:45:59.306016,
733,2,Operations,Forwarded (Correct),True,"Received from Public Relations, correctly routed for Service Delay.",2025-05-17 14:14:36.385147,
733,3,Operations,Reviewed,True,On hold due to resource availability.,2025-05-19 13:01:57.092759,Unresolved
734,1,Public Relations,Received,,Complaint logged and reviewed for routing.,2025-08-01 14:22:48.932248,
734,2,Operations,Forwarded (Correct),True,"Received from Public Relations, correctly routed for Service Delay.",2025-08-01 15:48:19.927434,
734,3,Operations,Reviewed,True,Requires field visit before it can be closed.,2025-08-04 05:30:36.363494,Unresolved
735,1,Public Relations,Received,,Complaint logged and reviewed for routing.,2025-11-26 12:53:03.157884,
735,2,Customer Support,Forwarded (Correct),True,"Received from Public Relations, correctly routed for Appreciation.",2025-11-26 19:39:39.130962,
735,3,Customer Support,Reviewed,True,Issue verified and resolved after review.,2025-11-27 04:35:13.922647,Resolved
736,1,Public Relations,Received,,Complaint logged and reviewed for routing.,2025-11-15 12:29:56.190826,
736,2,Maintenance,Forwarded (Incorrect),False,"Not within our scope, sending to the relevant department.",2025-11-15 13:45:49.185378,
736,3,Administration,Forwarded (Re-routed),True,Re-routed from Maintenance; now correctly assigned for Corruption/Bribery.,2025-11-16 02:10:30.016660,
736,4,Administration,Reviewed,True,Issue verified and resolved after review.,2025-11-19 20:15:25.489146,Resolved
737,1,Public Relations,Received,,Complaint logged and reviewed for routing.,2025-07-22 21:47:58.047767,
737,2,Administration,Forwarded (Correct),True,"Received from Public Relations, correctly routed for Corruption/Bribery.",2025-07-23 03:54:49.781377,
737,3,Administration,Reviewed,True,Completed the requested action successfully.,2025-07-25 05:30:50.171957,Resolved
738,1,Public Relations,Received,,Complaint logged and reviewed for routing.,2025-02-05 11:22:14.440374,
738,2,Security,Forwarded (Correct),True,"Received from Public Relations, correctly routed for Safety Concern.",2025-02-05 18:12:08.104653,
738,3,Security,Reviewed,True,Completed the requested action successfully.,2025-02-07 02:49:09.432927,Resolved
739,1,Public Relations,Received,,Complaint logged and reviewed for routing.,2025-07-13 16:54:03.210524,
739,2,Security,Forwarded (Incorrect),False,"Not within our scope, sending to the relevant department.",2025-07-13 23:03:59.618543,
739,3,Maintenance,Forwarded (Re-routed),True,Re-routed from Security; now correctly assigned for Infrastructure.,2025-07-14 05:52:29.705176,
739,4,Maintenance,Reviewed,True,Issue verified and resolved after review.,2025-07-14 19:43:36.771086,Resolved
740,1,Public Relations,Received,,Complaint logged and reviewed for routing.,2025-09-09 08:18:45.459512,
740,2,Maintenance,Forwarded (Correct),True,"Received from Public Relations, correctly routed for Infrastructure.",2025-09-09 12:04:11.562760,
740,3,Maintenance,Reviewed,True,Requires field visit before it can be closed.,2025-09-10 19:53:13.315690,Unresolved
741,1,Public Relations,Received,,Complaint logged and reviewed for routing.,2025-04-10 08:45:56.123553,
741,2,Customer Support,Forwarded (Correct),True,"Received from Public Relations, correctly routed for Staff Behavior.",2025-04-10 15:55:42.439661,
741,3,Customer Support,Reviewed,True,Waiting on additional information from the customer.,2025-04-12 09:37:20.800774,Unresolved
742,1,Public Relations,Received,,Complaint logged and reviewed for routing.,2025-07-26 14:11:13.170024,
742,2,Administration,Forwarded (Incorrect),False,"This complaint does not belong to our department, forwarding to the correct team.",2025-07-26 20:41:44.018116,
742,3,Customer Support,Forwarded (Re-routed),True,Re-routed from Administration; now correctly assigned for Appreciation.,2025-07-27 17:36:51.689546,
742,4,Customer Support,Reviewed,True,Confirmed with the customer that the issue is fixed.,2025-07-30 14:06:13.832015,Resolved
743,1,Public Relations,Received,,Complaint logged and reviewed for routing.,2025-09-05 12:44:55.479922,
743,2,Customer Support,Forwarded (Correct),True,"Received from Public Relations, correctly routed for Appreciation.",2025-09-05 14:36:31.613535,
743,3,Customer Support,Reviewed,True,Issue verified and resolved after review.,2025-09-07 11:48:02.995235,Resolved
744,1,Public Relations,Received,,Complaint logged and reviewed for routing.,2025-04-02 11:07:27.826605,
744,2,Maintenance,Forwarded (Correct),True,"Received from Public Relations, correctly routed for Infrastructure.",2025-04-02 18:56:37.299151,
744,3,Maintenance,Reviewed,True,Corrected the error and notified the customer.,2025-04-03 17:10:15.544066,Resolved
745,1,Public Relations,Received,,Complaint logged and reviewed for routing.,2025-08-20 16:25:47.006487,
745,2,Billing,Forwarded (Correct),True,"Received from Public Relations, correctly routed for Billing Issue.",2025-08-20 18:54:33.721769,
745,3,Billing,Reviewed,True,On hold due to resource availability.,2025-08-22 11:29:19.604754,Unresolved
746,1,Public Relations,Received,,Complaint logged and reviewed for routing.,2025-01-25 16:50:37.309824,
746,2,Billing,Forwarded (Correct),True,"Received from Public Relations, correctly routed for Billing Issue.",2025-01-25 23:14:05.156552,
746,3,Billing,Reviewed,True,Resolved following standard procedure.,2025-01-26 08:30:40.601869,Resolved
747,1,Public Relations,Received,,Complaint logged and reviewed for routing.,2025-07-25 06:03:07.289295,
747,2,Billing,Forwarded (Correct),True,"Received from Public Relations, correctly routed for Billing Issue.",2025-07-25 13:47:36.746319,
747,3,Billing,Reviewed,True,Issue verified and resolved after review.,2025-07-27 22:07:13.995576,Resolved
748,1,Public Relations,Received,,Complaint logged and reviewed for routing.,2025-12-18 16:43:55.820337,
748,2,Operations,Forwarded (Correct),True,"Received from Public Relations, correctly routed for Service Delay.",2025-12-18 19:31:14.637817,
748,3,Operations,Reviewed,True,Requires field visit before it can be closed.,2025-12-20 16:59:23.180517,Unresolved
749,1,Public Relations,Received,,Complaint logged and reviewed for routing.,2025-07-06 15:40:54.773973,
749,2,Operations,Forwarded (Correct),True,"Received from Public Relations, correctly routed for Service Delay.",2025-07-06 17:38:40.920798,
749,3,Operations,Reviewed,True,On hold due to resource availability.,2025-07-07 23:51:06.633650,Unresolved
750,1,Public Relations,Received,,Complaint logged and reviewed for routing.,2025-01-22 13:12:33.432339,
750,2,Customer Support,Forwarded (Correct),True,"Received from Public Relations, correctly routed for Staff Behavior.",2025-01-22 17:52:27.015927,
750,3,Customer Support,Reviewed,True,"Still under investigation, pending further review.",2025-01-24 22:07:39.144204,Unresolved
751,1,Public Relations,Received,,Complaint logged and reviewed for routing.,2025-11-21 18:38:12.911253,
751,2,Operations,Forwarded (Correct),True,"Received from Public Relations, correctly routed for Service Delay.",2025-11-21 22:41:21.183315,
751,3,Operations,Reviewed,True,Completed the requested action successfully.,2025-11-25 11:04:13.215808,Resolved
752,1,Public Relations,Received,,Complaint logged and reviewed for routing.,2025-09-22 19:41:52.659266,
752,2,Customer Support,Forwarded (Incorrect),False,"Incorrectly routed here, reassigning to the appropriate department.",2025-09-23 02:58:48.183582,
752,3,Operations,Forwarded (Re-routed),True,Re-routed from Customer Support; now correctly assigned for Service Delay.,2025-09-23 11:40:52.870567,
752,4,Operations,Reviewed,True,Completed the requested action successfully.,2025-09-26 02:04:42.597475,Resolved
753,1,Public Relations,Received,,Complaint logged and reviewed for routing.,2025-10-23 11:02:31.380154,
753,2,Customer Support,Forwarded (Correct),True,"Received from Public Relations, correctly routed for Staff Behavior.",2025-10-23 14:20:07.275272,
753,3,Customer Support,Reviewed,True,Requires field visit before it can be closed.,2025-10-25 14:13:40.434342,Unresolved
754,1,Public Relations,Received,,Complaint logged and reviewed for routing.,2025-03-20 09:59:36.864690,
754,2,Customer Support,Forwarded (Correct),True,"Received from Public Relations, correctly routed for Staff Behavior.",2025-03-20 15:54:58.448655,
754,3,Customer Support,Reviewed,True,Issue verified and resolved after review.,2025-03-23 14:43:40.156695,Resolved
755,1,Public Relations,Received,,Complaint logged and reviewed for routing.,2025-06-01 13:19:05.766761,
755,2,Security,Forwarded (Correct),True,"Received from Public Relations, correctly routed for Safety Concern.",2025-06-01 14:41:16.316483,
755,3,Security,Reviewed,True,Completed the requested action successfully.,2025-06-04 10:07:00.925163,Resolved
756,1,Public Relations,Received,,Complaint logged and reviewed for routing.,2025-09-20 20:47:17.420977,
756,2,Administration,Forwarded (Correct),True,"Received from Public Relations, correctly routed for Corruption/Bribery.",2025-09-20 22:59:06.801925,
756,3,Administration,Reviewed,True,Waiting on additional information from the customer.,2025-09-21 03:23:22.433590,Unresolved
757,1,Public Relations,Received,,Complaint logged and reviewed for routing.,2025-10-18 07:01:49.889185,
757,2,Operations,Forwarded (Correct),True,"Received from Public Relations, correctly routed for Service Delay.",2025-10-18 12:23:27.208281,
757,3,Operations,Reviewed,True,Confirmed with the customer that the issue is fixed.,2025-10-20 01:43:53.848050,Resolved
758,1,Public Relations,Received,,Complaint logged and reviewed for routing.,2025-06-11 20:33:08.955412,
758,2,Customer Support,Forwarded (Correct),True,"Received from Public Relations, correctly routed for Staff Behavior.",2025-06-11 22:37:28.236246,
758,3,Customer Support,Reviewed,True,Issue verified and resolved after review.,2025-06-14 14:16:59.879116,Resolved
759,1,Public Relations,Received,,Complaint logged and reviewed for routing.,2025-07-08 10:29:43.955920,
759,2,Customer Support,Forwarded (Correct),True,"Received from Public Relations, correctly routed for Staff Behavior.",2025-07-08 17:45:56.374997,
759,3,Customer Support,Reviewed,True,Corrected the error and notified the customer.,2025-07-09 21:20:06.533389,Resolved
760,1,Public Relations,Received,,Complaint logged and reviewed for routing.,2025-06-18 08:12:31.128272,
760,2,Billing,Forwarded (Correct),True,"Received from Public Relations, correctly routed for Billing Issue.",2025-06-18 14:48:55.745449,
760,3,Billing,Reviewed,True,Issue verified and resolved after review.,2025-06-20 00:19:56.480938,Resolved
761,1,Public Relations,Received,,Complaint logged and reviewed for routing.,2025-08-20 23:41:38.660465,
761,2,Billing,Forwarded (Correct),True,"Received from Public Relations, correctly routed for Billing Issue.",2025-08-21 01:42:16.307525,
761,3,Billing,Reviewed,True,Issue verified and resolved after review.,2025-08-22 00:24:37.636895,Resolved
762,1,Public Relations,Received,,Complaint logged and reviewed for routing.,2025-11-25 18:31:28.741847,
762,2,Billing,Forwarded (Correct),True,"Received from Public Relations, correctly routed for Billing Issue.",2025-11-25 21:33:49.345379,
762,3,Billing,Reviewed,True,Issue verified and resolved after review.,2025-11-28 00:03:27.778468,Resolved
763,1,Public Relations,Received,,Complaint logged and reviewed for routing.,2025-06-19 13:04:27.285517,
763,2,Customer Support,Forwarded (Correct),True,"Received from Public Relations, correctly routed for Staff Behavior.",2025-06-19 17:08:02.657840,
763,3,Customer Support,Reviewed,True,"Still under investigation, pending further review.",2025-06-19 23:48:44.692535,Unresolved
764,1,Public Relations,Received,,Complaint logged and reviewed for routing.,2025-11-14 14:48:22.862977,
764,2,Operations,Forwarded (Correct),True,"Received from Public Relations, correctly routed for Service Delay.",2025-11-14 20:00:46.663048,
764,3,Operations,Reviewed,True,Issue verified and resolved after review.,2025-11-18 10:40:01.011033,Resolved
765,1,Public Relations,Received,,Complaint logged and reviewed for routing.,2025-12-13 10:21:34.713229,
765,2,Customer Support,Forwarded (Incorrect),False,"Incorrectly routed here, reassigning to the appropriate department.",2025-12-13 11:54:38.294129,
765,3,Maintenance,Forwarded (Re-routed),True,Re-routed from Customer Support; now correctly assigned for Infrastructure.,2025-12-13 23:12:18.612063,
765,4,Maintenance,Reviewed,True,On hold due to resource availability.,2025-12-17 01:03:17.811858,Unresolved
767,1,Public Relations,Received,,Complaint logged and reviewed for routing.,2025-06-19 11:52:52.570064,
767,2,Operations,Forwarded (Incorrect),False,"This complaint does not belong to our department, forwarding to the correct team.",2025-06-19 13:15:20.827461,
767,3,Administration,Forwarded (Re-routed),True,Re-routed from Operations; now correctly assigned for Corruption/Bribery.,2025-06-19 17:49:12.356007,
767,4,Administration,Reviewed,True,Resolved following standard procedure.,2025-06-21 19:26:13.926099,Resolved
768,1,Public Relations,Received,,Complaint logged and reviewed for routing.,2025-04-06 16:27:01.089291,
768,2,Operations,Forwarded (Correct),True,"Received from Public Relations, correctly routed for Service Delay.",2025-04-06 18:24:40.023712,
768,3,Operations,Reviewed,True,Waiting on additional information from the customer.,2025-04-07 22:46:30.517963,Unresolved
769,1,Public Relations,Received,,Complaint logged and reviewed for routing.,2025-05-28 22:27:50.917327,
769,2,Administration,Forwarded (Correct),True,"Received from Public Relations, correctly routed for Corruption/Bribery.",2025-05-29 04:58:28.295703,
769,3,Administration,Reviewed,True,"Still under investigation, pending further review.",2025-05-30 08:50:05.024184,Unresolved
770,1,Public Relations,Received,,Complaint logged and reviewed for routing.,2025-08-05 08:42:50.800005,
770,2,Billing,Forwarded (Correct),True,"Received from Public Relations, correctly routed for Billing Issue.",2025-08-05 15:35:43.371646,
770,3,Billing,Reviewed,True,On hold due to resource availability.,2025-08-06 18:18:18.158618,Unresolved
771,1,Public Relations,Received,,Complaint logged and reviewed for routing.,2025-08-14 17:22:13.202777,
771,2,Administration,Forwarded (Correct),True,"Received from Public Relations, correctly routed for Corruption/Bribery.",2025-08-14 18:56:08.318069,
771,3,Administration,Reviewed,True,Requires field visit before it can be closed.,2025-08-16 10:07:23.543175,Unresolved
772,1,Public Relations,Received,,Complaint logged and reviewed for routing.,2025-03-20 12:17:20.471339,
772,2,Operations,Forwarded (Correct),True,"Received from Public Relations, correctly routed for Service Delay.",2025-03-20 15:33:04.342037,
772,3,Operations,Reviewed,True,Resolved following standard procedure.,2025-03-21 21:36:06.856054,Resolved
773,1,Public Relations,Received,,Complaint logged and reviewed for routing.,2025-06-18 19:08:47.217843,
773,2,Maintenance,Forwarded (Correct),True,"Received from Public Relations, correctly routed for Infrastructure.",2025-06-19 01:58:20.361455,
773,3,Maintenance,Reviewed,True,Issue verified and resolved after review.,2025-06-20 12:41:37.239395,Resolved
774,1,Public Relations,Received,,Complaint logged and reviewed for routing.,2025-07-23 17:49:40.019218,
774,2,Maintenance,Forwarded (Correct),True,"Received from Public Relations, correctly routed for Infrastructure.",2025-07-24 01:34:50.068532,
774,3,Maintenance,Reviewed,True,"Still under investigation, pending further review.",2025-07-24 20:31:21.041346,Unresolved
775,1,Public Relations,Received,,Complaint logged and reviewed for routing.,2025-07-20 21:04:56.155955,
775,2,Security,Forwarded (Incorrect),False,"This complaint does not belong to our department, forwarding to the correct team.",2025-07-21 02:13:32.859096,
775,3,Customer Support,Forwarded (Re-routed),True,Re-routed from Security; now correctly assigned for Staff Behavior.,2025-07-21 19:23:00.667098,
775,4,Customer Support,Reviewed,True,Requires field visit before it can be closed.,2025-07-22 13:30:31.240749,Unresolved
776,1,Public Relations,Received,,Complaint logged and reviewed for routing.,2025-10-10 16:21:09.008294,
776,2,Maintenance,Forwarded (Correct),True,"Received from Public Relations, correctly routed for Infrastructure.",2025-10-10 18:23:25.855002,
776,3,Maintenance,Reviewed,True,On hold due to resource availability.,2025-10-13 20:01:44.259681,Unresolved
777,1,Public Relations,Received,,Complaint logged and reviewed for routing.,2025-11-19 14:14:56.512257,
777,2,Customer Support,Forwarded (Correct),True,"Received from Public Relations, correctly routed for Staff Behavior.",2025-11-19 21:00:06.884256,
777,3,Customer Support,Reviewed,True,Requires field visit before it can be closed.,2025-11-21 16:30:20.133784,Unresolved
778,1,Public Relations,Received,,Complaint logged and reviewed for routing.,2025-08-20 14:55:09.299174,
778,2,Operations,Forwarded (Correct),True,"Received from Public Relations, correctly routed for Service Delay.",2025-08-20 22:12:58.445810,
778,3,Operations,Reviewed,True,Escalated to senior staff for further action.,2025-08-21 11:55:43.460326,Unresolved
779,1,Public Relations,Received,,Complaint logged and reviewed for routing.,2025-07-19 17:34:33.210874,
779,2,Billing,Forwarded (Correct),True,"Received from Public Relations, correctly routed for Billing Issue.",2025-07-19 18:47:28.723301,
779,3,Billing,Reviewed,True,Completed the requested action successfully.,2025-07-21 11:10:14.554019,Resolved
780,1,Public Relations,Received,,Complaint logged and reviewed for routing.,2025-03-03 15:19:09.066220,
780,2,Operations,Forwarded (Correct),True,"Received from Public Relations, correctly routed for Service Delay.",2025-03-03 22:49:16.991571,
780,3,Operations,Reviewed,True,Confirmed with the customer that the issue is fixed.,2025-03-06 05:15:22.538537,Resolved
781,1,Public Relations,Received,,Complaint logged and reviewed for routing.,2025-01-04 09:53:57.422034,
781,2,Operations,Forwarded (Correct),True,"Received from Public Relations, correctly routed for Service Delay.",2025-01-04 17:05:18.601737,
781,3,Operations,Reviewed,True,Waiting on additional information from the customer.,2025-01-05 06:09:00.362839,Unresolved
782,1,Public Relations,Received,,Complaint logged and reviewed for routing.,2025-10-09 15:19:14.934710,
782,2,Maintenance,Forwarded (Correct),True,"Received from Public Relations, correctly routed for Infrastructure.",2025-10-09 17:51:41.939256,
782,3,Maintenance,Reviewed,True,Issue verified and resolved after review.,2025-10-13 07:22:43.781984,Resolved
783,1,Public Relations,Received,,Complaint logged and reviewed for routing.,2025-12-05 12:30:42.093792,
783,2,Administration,Forwarded (Correct),True,"Received from Public Relations, correctly routed for Corruption/Bribery.",2025-12-05 19:24:56.609181,
783,3,Administration,Reviewed,True,Corrected the error and notified the customer.,2025-12-08 02:37:56.118113,Resolved
784,1,Public Relations,Received,,Complaint logged and reviewed for routing.,2025-09-08 15:42:28.623448,
784,2,Security,Forwarded (Correct),True,"Received from Public Relations, correctly routed for Safety Concern.",2025-09-08 22:13:01.127757,
784,3,Security,Reviewed,True,Confirmed with the customer that the issue is fixed.,2025-09-09 21:37:23.882253,Resolved
785,1,Public Relations,Received,,Complaint logged and reviewed for routing.,2025-01-10 00:24:57.936751,
785,2,Maintenance,Forwarded (Correct),True,"Received from Public Relations, correctly routed for Infrastructure.",2025-01-10 07:47:45.625249,
785,3,Maintenance,Reviewed,True,Confirmed with the customer that the issue is fixed.,2025-01-12 19:20:54.970241,Resolved
786,1,Public Relations,Received,,Complaint logged and reviewed for routing.,2025-07-25 17:48:24.400394,
786,2,Operations,Forwarded (Correct),True,"Received from Public Relations, correctly routed for Service Delay.",2025-07-25 23:12:40.308319,
786,3,Operations,Reviewed,True,Completed the requested action successfully.,2025-07-29 00:08:39.333691,Resolved
787,1,Public Relations,Received,,Complaint logged and reviewed for routing.,2025-07-14 14:27:10.431875,
787,2,Customer Support,Forwarded (Correct),True,"Received from Public Relations, correctly routed for Staff Behavior.",2025-07-14 18:59:35.740003,
787,3,Customer Support,Reviewed,True,Escalated to senior staff for further action.,2025-07-17 08:24:10.565162,Unresolved
788,1,Public Relations,Received,,Complaint logged and reviewed for routing.,2025-08-02 15:38:59.221922,
788,2,Security,Forwarded (Incorrect),False,"Incorrectly routed here, reassigning to the appropriate department.",2025-08-02 20:01:26.654681,
788,3,Maintenance,Forwarded (Re-routed),True,Re-routed from Security; now correctly assigned for Infrastructure.,2025-08-03 17:40:47.601456,
788,4,Maintenance,Reviewed,True,Completed the requested action successfully.,2025-08-07 09:47:30.714973,Resolved
789,1,Public Relations,Received,,Complaint logged and reviewed for routing.,2025-05-09 10:59:29.145786,
789,2,Maintenance,Forwarded (Correct),True,"Received from Public Relations, correctly routed for Infrastructure.",2025-05-09 13:46:20.043869,
789,3,Maintenance,Reviewed,True,"Still under investigation, pending further review.",2025-05-10 17:50:17.700819,Unresolved
790,1,Public Relations,Received,,Complaint logged and reviewed for routing.,2025-09-19 16:32:19.163805,
790,2,Customer Support,Forwarded (Correct),True,"Received from Public Relations, correctly routed for Staff Behavior.",2025-09-19 19:39:51.072403,
790,3,Customer Support,Reviewed,True,On hold due to resource availability.,2025-09-21 01:32:14.192560,Unresolved
792,1,Public Relations,Received,,Complaint logged and reviewed for routing.,2025-04-10 17:15:57.154453,
792,2,Maintenance,Forwarded (Correct),True,"Received from Public Relations, correctly routed for Infrastructure.",2025-04-10 19:57:09.218196,
792,3,Maintenance,Reviewed,True,On hold due to resource availability.,2025-04-13 19:07:56.284705,Unresolved
793,1,Public Relations,Received,,Complaint logged and reviewed for routing.,2025-08-27 16:22:16.981671,
793,2,Billing,Forwarded (Correct),True,"Received from Public Relations, correctly routed for Billing Issue.",2025-08-28 00:06:41.284818,
793,3,Billing,Reviewed,True,Corrected the error and notified the customer.,2025-08-28 21:27:01.604707,Resolved
794,1,Public Relations,Received,,Complaint logged and reviewed for routing.,2025-03-22 14:35:57.640437,
794,2,Billing,Forwarded (Correct),True,"Received from Public Relations, correctly routed for Billing Issue.",2025-03-22 20:21:17.109325,
794,3,Billing,Reviewed,True,Confirmed with the customer that the issue is fixed.,2025-03-26 09:41:06.287962,Resolved
795,1,Public Relations,Received,,Complaint logged and reviewed for routing.,2025-03-10 14:24:34.840000,
795,2,Administration,Forwarded (Correct),True,"Received from Public Relations, correctly routed for Corruption/Bribery.",2025-03-10 17:40:36.827413,
795,3,Administration,Reviewed,True,Corrected the error and notified the customer.,2025-03-13 05:50:25.642382,Resolved
796,1,Public Relations,Received,,Complaint logged and reviewed for routing.,2025-09-23 01:25:17.260130,
796,2,Customer Support,Forwarded (Correct),True,"Received from Public Relations, correctly routed for Appreciation.",2025-09-23 05:22:05.618379,
796,3,Customer Support,Reviewed,True,Resolved following standard procedure.,2025-09-25 11:12:29.390954,Resolved
797,1,Public Relations,Received,,Complaint logged and reviewed for routing.,2025-05-02 11:44:04.551259,
797,2,Billing,Forwarded (Correct),True,"Received from Public Relations, correctly routed for Billing Issue.",2025-05-02 18:20:39.475704,
797,3,Billing,Reviewed,True,Resolved following standard procedure.,2025-05-04 16:30:49.398540,Resolved
798,1,Public Relations,Received,,Complaint logged and reviewed for routing.,2025-03-03 16:37:38.775171,
798,2,Maintenance,Forwarded (Incorrect),False,"This complaint does not belong to our department, forwarding to the correct team.",2025-03-03 22:22:47.273151,
798,3,Customer Support,Forwarded (Re-routed),True,Re-routed from Maintenance; now correctly assigned for Appreciation.,2025-03-04 20:20:45.485577,
798,4,Customer Support,Reviewed,True,Completed the requested action successfully.,2025-03-05 12:59:23.918172,Resolved
799,1,Public Relations,Received,,Complaint logged and reviewed for routing.,2025-02-18 10:16:51.607472,
799,2,Billing,Forwarded (Correct),True,"Received from Public Relations, correctly routed for Billing Issue.",2025-02-18 12:08:49.909248,
799,3,Billing,Reviewed,True,Issue verified and resolved after review.,2025-02-22 08:44:04.360526,Resolved
800,1,Public Relations,Received,,Complaint logged and reviewed for routing.,2025-02-03 11:59:09.921935,
800,2,Administration,Forwarded (Incorrect),False,"Not within our scope, sending to the relevant department.",2025-02-03 18:00:47.338588,
800,3,Customer Support,Forwarded (Re-routed),True,Re-routed from Administration; now correctly assigned for Appreciation.,2025-02-04 01:20:28.796925,
800,4,Customer Support,Reviewed,True,Corrected the error and notified the customer.,2025-02-07 18:43:02.170387,Resolved
801,1,Public Relations,Received,,Complaint logged and reviewed for routing.,2025-03-21 14:20:18.626127,
801,2,Billing,Forwarded (Correct),True,"Received from Public Relations, correctly routed for Billing Issue.",2025-03-21 20:03:56.305266,
801,3,Billing,Reviewed,True,Completed the requested action successfully.,2025-03-22 02:31:00.567768,Resolved
802,1,Public Relations,Received,,Complaint logged and reviewed for routing.,2025-11-19 13:44:31.666303,
802,2,Billing,Forwarded (Correct),True,"Received from Public Relations, correctly routed for Billing Issue.",2025-11-19 17:27:35.647639,
802,3,Billing,Reviewed,True,Confirmed with the customer that the issue is fixed.,2025-11-22 07:14:01.343336,Resolved
803,1,Public Relations,Received,,Complaint logged and reviewed for routing.,2025-10-25 15:05:19.511854,
803,2,Customer Support,Forwarded (Correct),True,"Received from Public Relations, correctly routed for Staff Behavior.",2025-10-25 17:30:23.832687,
803,3,Customer Support,Reviewed,True,Issue verified and resolved after review.,2025-10-27 15:19:13.340853,Resolved
804,1,Public Relations,Received,,Complaint logged and reviewed for routing.,2025-02-18 13:05:16.755937,
804,2,Operations,Forwarded (Correct),True,"Received from Public Relations, correctly routed for Service Delay.",2025-02-18 19:34:16.000637,
804,3,Operations,Reviewed,True,Confirmed with the customer that the issue is fixed.,2025-02-20 17:27:42.042374,Resolved
805,1,Public Relations,Received,,Complaint logged and reviewed for routing.,2025-06-28 14:58:38.679712,
805,2,Operations,Forwarded (Correct),True,"Received from Public Relations, correctly routed for Service Delay.",2025-06-28 18:43:59.131305,
805,3,Operations,Reviewed,True,Waiting on additional information from the customer.,2025-06-30 12:15:54.387009,Unresolved
806,1,Public Relations,Received,,Complaint logged and reviewed for routing.,2025-07-13 14:06:10.901950,
806,2,Maintenance,Forwarded (Correct),True,"Received from Public Relations, correctly routed for Infrastructure.",2025-07-13 17:40:02.829936,
806,3,Maintenance,Reviewed,True,Waiting on additional information from the customer.,2025-07-16 11:54:26.683871,Unresolved
807,1,Public Relations,Received,,Complaint logged and reviewed for routing.,2025-07-21 15:37:46.472720,
807,2,Maintenance,Forwarded (Correct),True,"Received from Public Relations, correctly routed for Infrastructure.",2025-07-21 23:34:27.711059,
807,3,Maintenance,Reviewed,True,Issue verified and resolved after review.,2025-07-25 00:27:28.130126,Resolved
808,1,Public Relations,Received,,Complaint logged and reviewed for routing.,2025-04-13 17:44:26.253390,
808,2,Billing,Forwarded (Correct),True,"Received from Public Relations, correctly routed for Billing Issue.",2025-04-13 19:46:13.040623,
808,3,Billing,Reviewed,True,Confirmed with the customer that the issue is fixed.,2025-04-15 23:38:43.738051,Resolved
809,1,Public Relations,Received,,Complaint logged and reviewed for routing.,2025-12-01 20:35:51.624743,
809,2,Customer Support,Forwarded (Correct),True,"Received from Public Relations, correctly routed for Staff Behavior.",2025-12-01 23:16:11.256806,
809,3,Customer Support,Reviewed,True,Escalated to senior staff for further action.,2025-12-03 09:33:26.828409,Unresolved
810,1,Public Relations,Received,,Complaint logged and reviewed for routing.,2025-10-22 03:43:53.998189,
810,2,Operations,Forwarded (Correct),True,"Received from Public Relations, correctly routed for Service Delay.",2025-10-22 07:38:01.127866,
810,3,Operations,Reviewed,True,Issue verified and resolved after review.,2025-10-24 00:16:04.962855,Resolved
811,1,Public Relations,Received,,Complaint logged and reviewed for routing.,2025-04-03 09:49:39.269308,
811,2,Billing,Forwarded (Correct),True,"Received from Public Relations, correctly routed for Billing Issue.",2025-04-03 17:43:57.762697,
811,3,Billing,Reviewed,True,Confirmed with the customer that the issue is fixed.,2025-04-05 12:35:44.842095,Resolved
812,1,Public Relations,Received,,Complaint logged and reviewed for routing.,2025-01-23 21:31:42.574643,
812,2,Customer Support,Forwarded (Correct),True,"Received from Public Relations, correctly routed for Staff Behavior.",2025-01-24 05:28:45.059730,
812,3,Customer Support,Reviewed,True,On hold due to resource availability.,2025-01-26 18:37:28.794055,Unresolved
813,1,Public Relations,Received,,Complaint logged and reviewed for routing.,2025-06-06 09:50:21.842253,
813,2,Customer Support,Forwarded (Correct),True,"Received from Public Relations, correctly routed for Appreciation.",2025-06-06 17:50:16.284331,
813,3,Customer Support,Reviewed,True,Issue verified and resolved after review.,2025-06-10 00:49:04.692922,Resolved
814,1,Public Relations,Received,,Complaint logged and reviewed for routing.,2025-10-08 20:31:30.538095,
814,2,Billing,Forwarded (Correct),True,"Received from Public Relations, correctly routed for Billing Issue.",2025-10-08 23:04:22.293408,
814,3,Billing,Reviewed,True,Completed the requested action successfully.,2025-10-09 19:58:11.076396,Resolved
815,1,Public Relations,Received,,Complaint logged and reviewed for routing.,2025-07-11 13:05:02.861461,
815,2,Operations,Forwarded (Correct),True,"Received from Public Relations, correctly routed for Service Delay.",2025-07-11 15:36:12.339151,
815,3,Operations,Reviewed,True,Resolved following standard procedure.,2025-07-13 20:11:43.339061,Resolved
816,1,Public Relations,Received,,Complaint logged and reviewed for routing.,2025-02-09 10:04:50.493913,
816,2,Maintenance,Forwarded (Correct),True,"Received from Public Relations, correctly routed for Infrastructure.",2025-02-09 16:21:51.253592,
816,3,Maintenance,Reviewed,True,Completed the requested action successfully.,2025-02-11 00:03:24.848251,Resolved
817,1,Public Relations,Received,,Complaint logged and reviewed for routing.,2025-04-19 17:18:44.583791,
817,2,Customer Support,Forwarded (Correct),True,"Received from Public Relations, correctly routed for Staff Behavior.",2025-04-19 20:50:19.861466,
817,3,Customer Support,Reviewed,True,On hold due to resource availability.,2025-04-20 21:10:53.205262,Unresolved
818,1,Public Relations,Received,,Complaint logged and reviewed for routing.,2025-11-03 14:34:27.389841,
818,2,Security,Forwarded (Correct),True,"Received from Public Relations, correctly routed for Safety Concern.",2025-11-03 17:37:22.672459,
818,3,Security,Reviewed,True,Waiting on additional information from the customer.,2025-11-05 21:21:37.899555,Unresolved
819,1,Public Relations,Received,,Complaint logged and reviewed for routing.,2025-08-07 10:43:37.731876,
819,2,Operations,Forwarded (Correct),True,"Received from Public Relations, correctly routed for Service Delay.",2025-08-07 16:15:57.140142,
819,3,Operations,Reviewed,True,Issue verified and resolved after review.,2025-08-08 12:17:38.884967,Resolved
820,1,Public Relations,Received,,Complaint logged and reviewed for routing.,2025-08-02 14:51:09.129781,
820,2,Billing,Forwarded (Incorrect),False,"Incorrectly routed here, reassigning to the appropriate department.",2025-08-02 20:14:25.675686,
820,3,Operations,Forwarded (Re-routed),True,Re-routed from Billing; now correctly assigned for Service Delay.,2025-08-03 10:07:41.014083,
820,4,Operations,Reviewed,True,On hold due to resource availability.,2025-08-06 02:01:05.900661,Unresolved
821,1,Public Relations,Received,,Complaint logged and reviewed for routing.,2025-05-01 15:49:53.984505,
821,2,Maintenance,Forwarded (Correct),True,"Received from Public Relations, correctly routed for Infrastructure.",2025-05-01 22:16:25.868761,
821,3,Maintenance,Reviewed,True,Requires field visit before it can be closed.,2025-05-02 06:43:06.227728,Unresolved
822,1,Public Relations,Received,,Complaint logged and reviewed for routing.,2025-11-18 12:27:01.485171,
822,2,Customer Support,Forwarded (Correct),True,"Received from Public Relations, correctly routed for Appreciation.",2025-11-18 20:01:30.898551,
822,3,Customer Support,Reviewed,True,Waiting on additional information from the customer.,2025-11-22 01:42:26.824834,Unresolved
823,1,Public Relations,Received,,Complaint logged and reviewed for routing.,2025-02-05 12:24:39.758742,
823,2,Operations,Forwarded (Correct),True,"Received from Public Relations, correctly routed for Service Delay.",2025-02-05 17:55:50.316975,
823,3,Operations,Reviewed,True,Confirmed with the customer that the issue is fixed.,2025-02-09 17:10:46.855446,Resolved
824,1,Public Relations,Received,,Complaint logged and reviewed for routing.,2025-01-12 16:45:44.623665,
824,2,Billing,Forwarded (Correct),True,"Received from Public Relations, correctly routed for Billing Issue.",2025-01-12 22:23:09.848962,
824,3,Billing,Reviewed,True,"Still under investigation, pending further review.",2025-01-13 05:09:45.745907,Unresolved
825,1,Public Relations,Received,,Complaint logged and reviewed for routing.,2025-12-06 09:20:08.563307,
825,2,Billing,Forwarded (Correct),True,"Received from Public Relations, correctly routed for Billing Issue.",2025-12-06 14:44:07.634104,
825,3,Billing,Reviewed,True,Confirmed with the customer that the issue is fixed.,2025-12-08 13:32:09.833793,Resolved
826,1,Public Relations,Received,,Complaint logged and reviewed for routing.,2025-09-19 14:38:54.422778,
826,2,Billing,Forwarded (Correct),True,"Received from Public Relations, correctly routed for Billing Issue.",2025-09-19 16:59:24.811555,
826,3,Billing,Reviewed,True,Waiting on additional information from the customer.,2025-09-21 01:03:25.061634,Unresolved
827,1,Public Relations,Received,,Complaint logged and reviewed for routing.,2025-05-04 17:02:26.603809,
827,2,Operations,Forwarded (Correct),True,"Received from Public Relations, correctly routed for Service Delay.",2025-05-04 20:35:43.481489,
827,3,Operations,Reviewed,True,Issue verified and resolved after review.,2025-05-08 17:54:54.901412,Resolved
828,1,Public Relations,Received,,Complaint logged and reviewed for routing.,2025-07-16 09:28:00.908250,
828,2,Administration,Forwarded (Correct),True,"Received from Public Relations, correctly routed for Corruption/Bribery.",2025-07-16 14:11:21.789244,
828,3,Administration,Reviewed,True,Completed the requested action successfully.,2025-07-19 04:54:39.431693,Resolved
829,1,Public Relations,Received,,Complaint logged and reviewed for routing.,2025-03-24 22:36:12.879375,
829,2,Billing,Forwarded (Correct),True,"Received from Public Relations, correctly routed for Billing Issue.",2025-03-25 05:14:30.016946,
829,3,Billing,Reviewed,True,Issue verified and resolved after review.,2025-03-28 06:49:01.898489,Resolved
830,1,Public Relations,Received,,Complaint logged and reviewed for routing.,2025-08-02 14:56:14.718203,
830,2,Security,Forwarded (Incorrect),False,"Incorrectly routed here, reassigning to the appropriate department.",2025-08-02 16:21:04.012209,
830,3,Operations,Forwarded (Re-routed),True,Re-routed from Security; now correctly assigned for Service Delay.,2025-08-02 21:58:06.167125,
830,4,Operations,Reviewed,True,On hold due to resource availability.,2025-08-03 14:12:50.025472,Unresolved
831,1,Public Relations,Received,,Complaint logged and reviewed for routing.,2025-04-10 07:06:34.361425,
831,2,Operations,Forwarded (Correct),True,"Received from Public Relations, correctly routed for Service Delay.",2025-04-10 13:08:12.426787,
831,3,Operations,Reviewed,True,Escalated to senior staff for further action.,2025-04-12 18:37:17.547577,Unresolved
832,1,Public Relations,Received,,Complaint logged and reviewed for routing.,2025-10-03 15:52:35.410002,
832,2,Maintenance,Forwarded (Correct),True,"Received from Public Relations, correctly routed for Infrastructure.",2025-10-03 21:04:14.542079,
832,3,Maintenance,Reviewed,True,Resolved following standard procedure.,2025-10-06 04:33:44.032199,Resolved
833,1,Public Relations,Received,,Complaint logged and reviewed for routing.,2025-05-24 20:54:10.130197,
833,2,Maintenance,Forwarded (Correct),True,"Received from Public Relations, correctly routed for Infrastructure.",2025-05-25 03:55:27.685094,
833,3,Maintenance,Reviewed,True,Confirmed with the customer that the issue is fixed.,2025-05-28 07:01:30.209921,Resolved
834,1,Public Relations,Received,,Complaint logged and reviewed for routing.,2025-11-19 19:41:11.091902,
834,2,Customer Support,Forwarded (Correct),True,"Received from Public Relations, correctly routed for Staff Behavior.",2025-11-20 03:12:31.538989,
834,3,Customer Support,Reviewed,True,Completed the requested action successfully.,2025-11-21 19:35:25.433747,Resolved
835,1,Public Relations,Received,,Complaint logged and reviewed for routing.,2025-12-24 10:43:05.725724,
835,2,Customer Support,Forwarded (Correct),True,"Received from Public Relations, correctly routed for Appreciation.",2025-12-24 15:00:57.285564,
835,3,Customer Support,Reviewed,True,Resolved following standard procedure.,2025-12-26 03:11:22.721220,Resolved
836,1,Public Relations,Received,,Complaint logged and reviewed for routing.,2025-06-08 12:09:16.696403,
836,2,Customer Support,Forwarded (Correct),True,"Received from Public Relations, correctly routed for Staff Behavior.",2025-06-08 17:32:17.519564,
836,3,Customer Support,Reviewed,True,Resolved following standard procedure.,2025-06-11 03:34:50.451991,Resolved
837,1,Public Relations,Received,,Complaint logged and reviewed for routing.,2025-05-08 18:07:06.789108,
837,2,Administration,Forwarded (Incorrect),False,"Incorrectly routed here, reassigning to the appropriate department.",2025-05-09 00:11:41.970600,
837,3,Customer Support,Forwarded (Re-routed),True,Re-routed from Administration; now correctly assigned for Appreciation.,2025-05-09 05:36:25.025576,
837,4,Customer Support,Reviewed,True,Issue verified and resolved after review.,2025-05-10 04:40:14.879826,Resolved
838,1,Public Relations,Received,,Complaint logged and reviewed for routing.,2025-10-24 10:28:13.306817,
838,2,Customer Support,Forwarded (Incorrect),False,"Not within our scope, sending to the relevant department.",2025-10-24 17:15:28.427285,
838,3,Billing,Forwarded (Re-routed),True,Re-routed from Customer Support; now correctly assigned for Billing Issue.,2025-10-25 02:17:55.979960,
838,4,Billing,Reviewed,True,Escalated to senior staff for further action.,2025-10-28 10:25:32.398421,Unresolved
839,1,Public Relations,Received,,Complaint logged and reviewed for routing.,2025-03-28 17:35:11.240642,
839,2,Administration,Forwarded (Correct),True,"Received from Public Relations, correctly routed for Corruption/Bribery.",2025-03-28 23:28:48.991638,
839,3,Administration,Reviewed,True,Confirmed with the customer that the issue is fixed.,2025-03-30 06:44:37.620379,Resolved
840,1,Public Relations,Received,,Complaint logged and reviewed for routing.,2025-06-23 12:17:42.049648,
840,2,Administration,Forwarded (Correct),True,"Received from Public Relations, correctly routed for Corruption/Bribery.",2025-06-23 17:51:06.251755,
840,3,Administration,Reviewed,True,Issue verified and resolved after review.,2025-06-24 05:15:16.676288,Resolved
841,1,Public Relations,Received,,Complaint logged and reviewed for routing.,2025-07-26 16:50:55.422416,
841,2,Maintenance,Forwarded (Correct),True,"Received from Public Relations, correctly routed for Infrastructure.",2025-07-26 21:07:10.959537,
841,3,Maintenance,Reviewed,True,Confirmed with the customer that the issue is fixed.,2025-07-30 05:55:11.515833,Resolved
842,1,Public Relations,Received,,Complaint logged and reviewed for routing.,2025-07-22 08:48:51.998055,
842,2,Security,Forwarded (Correct),True,"Received from Public Relations, correctly routed for Safety Concern.",2025-07-22 16:34:40.777426,
842,3,Security,Reviewed,True,Issue verified and resolved after review.,2025-07-26 08:13:21.193611,Resolved
843,1,Public Relations,Received,,Complaint logged and reviewed for routing.,2025-06-06 16:02:58.711309,
843,2,Customer Support,Forwarded (Correct),True,"Received from Public Relations, correctly routed for Staff Behavior.",2025-06-06 22:24:27.483232,
843,3,Customer Support,Reviewed,True,Completed the requested action successfully.,2025-06-07 07:55:57.000159,Resolved
844,1,Public Relations,Received,,Complaint logged and reviewed for routing.,2025-04-04 10:17:37.037833,
844,2,Billing,Forwarded (Correct),True,"Received from Public Relations, correctly routed for Billing Issue.",2025-04-04 16:26:25.624619,
844,3,Billing,Reviewed,True,Issue verified and resolved after review.,2025-04-08 11:13:25.489230,Resolved
845,1,Public Relations,Received,,Complaint logged and reviewed for routing.,2025-05-09 11:04:04.746038,
845,2,Security,Forwarded (Correct),True,"Received from Public Relations, correctly routed for Safety Concern.",2025-05-09 16:23:11.663497,
845,3,Security,Reviewed,True,Completed the requested action successfully.,2025-05-12 20:00:03.603519,Resolved
846,1,Public Relations,Received,,Complaint logged and reviewed for routing.,2025-07-17 09:07:40.316622,
846,2,Operations,Forwarded (Correct),True,"Received from Public Relations, correctly routed for Service Delay.",2025-07-17 13:30:24.250591,
846,3,Operations,Reviewed,True,Requires field visit before it can be closed.,2025-07-21 11:38:56.230195,Unresolved
847,1,Public Relations,Received,,Complaint logged and reviewed for routing.,2025-08-26 04:45:20.576573,
847,2,Administration,Forwarded (Correct),True,"Received from Public Relations, correctly routed for Corruption/Bribery.",2025-08-26 06:27:45.889326,
847,3,Administration,Reviewed,True,Resolved following standard procedure.,2025-08-26 14:39:36.105434,Resolved
848,1,Public Relations,Received,,Complaint logged and reviewed for routing.,2025-02-13 14:45:03.261389,
848,2,Billing,Forwarded (Correct),True,"Received from Public Relations, correctly routed for Billing Issue.",2025-02-13 18:56:41.952324,
848,3,Billing,Reviewed,True,Waiting on additional information from the customer.,2025-02-16 02:07:25.639646,Unresolved
849,1,Public Relations,Received,,Complaint logged and reviewed for routing.,2025-02-05 09:44:56.334807,
849,2,Billing,Forwarded (Correct),True,"Received from Public Relations, correctly routed for Billing Issue.",2025-02-05 14:36:06.240583,
849,3,Billing,Reviewed,True,Escalated to senior staff for further action.,2025-02-09 10:47:12.150226,Unresolved
850,1,Public Relations,Received,,Complaint logged and reviewed for routing.,2025-12-16 12:53:41.608412,
850,2,Operations,Forwarded (Correct),True,"Received from Public Relations, correctly routed for Service Delay.",2025-12-16 18:49:07.273997,
850,3,Operations,Reviewed,True,Issue verified and resolved after review.,2025-12-18 22:13:08.692350,Resolved
851,1,Public Relations,Received,,Complaint logged and reviewed for routing.,2025-01-26 16:00:48.977272,
851,2,Operations,Forwarded (Correct),True,"Received from Public Relations, correctly routed for Service Delay.",2025-01-26 17:38:59.688941,
851,3,Operations,Reviewed,True,Issue verified and resolved after review.,2025-01-29 21:10:33.723892,Resolved
852,1,Public Relations,Received,,Complaint logged and reviewed for routing.,2025-08-26 09:47:18.766978,
852,2,Operations,Forwarded (Correct),True,"Received from Public Relations, correctly routed for Service Delay.",2025-08-26 13:26:12.138968,
852,3,Operations,Reviewed,True,Issue verified and resolved after review.,2025-08-28 14:33:57.267407,Resolved
853,1,Public Relations,Received,,Complaint logged and reviewed for routing.,2025-06-19 15:31:19.627952,
853,2,Security,Forwarded (Incorrect),False,"Not within our scope, sending to the relevant department.",2025-06-19 16:33:56.857958,
853,3,Administration,Forwarded (Re-routed),True,Re-routed from Security; now correctly assigned for Corruption/Bribery.,2025-06-20 03:16:51.441755,
853,4,Administration,Reviewed,True,Confirmed with the customer that the issue is fixed.,2025-06-21 14:23:06.266352,Resolved
854,1,Public Relations,Received,,Complaint logged and reviewed for routing.,2025-12-25 16:59:20.345714,
854,2,Administration,Forwarded (Incorrect),False,"Incorrectly routed here, reassigning to the appropriate department.",2025-12-25 20:24:36.243037,
854,3,Operations,Forwarded (Re-routed),True,Re-routed from Administration; now correctly assigned for Service Delay.,2025-12-26 18:11:48.659053,
854,4,Operations,Reviewed,True,"Still under investigation, pending further review.",2025-12-27 11:28:25.871418,Unresolved
855,1,Public Relations,Received,,Complaint logged and reviewed for routing.,2025-09-10 16:50:55.578070,
855,2,Customer Support,Forwarded (Correct),True,"Received from Public Relations, correctly routed for Appreciation.",2025-09-10 21:39:32.289872,
855,3,Customer Support,Reviewed,True,Resolved following standard procedure.,2025-09-11 22:00:45.109677,Resolved
856,1,Public Relations,Received,,Complaint logged and reviewed for routing.,2025-01-12 01:21:52.131041,
856,2,Billing,Forwarded (Correct),True,"Received from Public Relations, correctly routed for Billing Issue.",2025-01-12 06:14:09.524876,
856,3,Billing,Reviewed,True,Requires field visit before it can be closed.,2025-01-12 19:07:30.730086,Unresolved
857,1,Public Relations,Received,,Complaint logged and reviewed for routing.,2025-08-12 09:53:47.837507,
857,2,Billing,Forwarded (Correct),True,"Received from Public Relations, correctly routed for Billing Issue.",2025-08-12 12:48:13.857666,
857,3,Billing,Reviewed,True,Issue verified and resolved after review.,2025-08-14 21:23:22.876494,Resolved
858,1,Public Relations,Received,,Complaint logged and reviewed for routing.,2025-11-13 16:22:23.697775,
858,2,Customer Support,Forwarded (Correct),True,"Received from Public Relations, correctly routed for Staff Behavior.",2025-11-13 22:34:52.371338,
858,3,Customer Support,Reviewed,True,Resolved following standard procedure.,2025-11-16 20:30:23.523814,Resolved
859,1,Public Relations,Received,,Complaint logged and reviewed for routing.,2025-01-24 12:14:48.012105,
859,2,Operations,Forwarded (Incorrect),False,"Incorrectly routed here, reassigning to the appropriate department.",2025-01-24 18:38:24.918080,
859,3,Customer Support,Forwarded (Re-routed),True,Re-routed from Operations; now correctly assigned for Appreciation.,2025-01-25 02:24:49.888155,
859,4,Customer Support,Reviewed,True,Confirmed with the customer that the issue is fixed.,2025-01-27 09:40:03.225667,Resolved
860,1,Public Relations,Received,,Complaint logged and reviewed for routing.,2025-12-25 12:38:17.080221,
860,2,Customer Support,Forwarded (Correct),True,"Received from Public Relations, correctly routed for Staff Behavior.",2025-12-25 14:34:14.805913,
860,3,Customer Support,Reviewed,True,Confirmed with the customer that the issue is fixed.,2025-12-27 10:26:07.071610,Resolved
861,1,Public Relations,Received,,Complaint logged and reviewed for routing.,2025-09-02 08:42:32.632948,
861,2,Operations,Forwarded (Correct),True,"Received from Public Relations, correctly routed for Service Delay.",2025-09-02 12:49:15.191089,
861,3,Operations,Reviewed,True,Corrected the error and notified the customer.,2025-09-04 04:53:43.048408,Resolved
862,1,Public Relations,Received,,Complaint logged and reviewed for routing.,2025-06-03 17:20:17.986341,
862,2,Operations,Forwarded (Correct),True,"Received from Public Relations, correctly routed for Service Delay.",2025-06-03 22:17:34.582112,
862,3,Operations,Reviewed,True,"Still under investigation, pending further review.",2025-06-07 00:39:52.733634,Unresolved
863,1,Public Relations,Received,,Complaint logged and reviewed for routing.,2025-04-03 11:17:16.353950,
863,2,Operations,Forwarded (Correct),True,"Received from Public Relations, correctly routed for Service Delay.",2025-04-03 14:18:40.209640,
863,3,Operations,Reviewed,True,Corrected the error and notified the customer.,2025-04-04 18:34:04.723348,Resolved
864,1,Public Relations,Received,,Complaint logged and reviewed for routing.,2025-04-11 14:20:01.545654,
864,2,Customer Support,Forwarded (Correct),True,"Received from Public Relations, correctly routed for Appreciation.",2025-04-11 21:23:22.260237,
864,3,Customer Support,Reviewed,True,Corrected the error and notified the customer.,2025-04-15 12:14:28.223345,Resolved
865,1,Public Relations,Received,,Complaint logged and reviewed for routing.,2025-06-12 13:44:58.115694,
865,2,Operations,Forwarded (Correct),True,"Received from Public Relations, correctly routed for Service Delay.",2025-06-12 20:35:00.752122,
865,3,Operations,Reviewed,True,Waiting on additional information from the customer.,2025-06-15 02:39:43.665297,Unresolved
866,1,Public Relations,Received,,Complaint logged and reviewed for routing.,2025-04-15 12:42:12.070662,
866,2,Security,Forwarded (Incorrect),False,"Incorrectly routed here, reassigning to the appropriate department.",2025-04-15 17:41:36.613753,
866,3,Administration,Forwarded (Re-routed),True,Re-routed from Security; now correctly assigned for Corruption/Bribery.,2025-04-16 15:46:35.175938,
866,4,Administration,Reviewed,True,Corrected the error and notified the customer.,2025-04-18 22:47:22.350068,Resolved
867,1,Public Relations,Received,,Complaint logged and reviewed for routing.,2025-09-14 10:53:48.106935,
867,2,Billing,Forwarded (Correct),True,"Received from Public Relations, correctly routed for Billing Issue.",2025-09-14 17:50:27.667209,
867,3,Billing,Reviewed,True,Issue verified and resolved after review.,2025-09-16 04:52:36.902940,Resolved
868,1,Public Relations,Received,,Complaint logged and reviewed for routing.,2025-12-17 16:56:53.984304,
868,2,Billing,Forwarded (Correct),True,"Received from Public Relations, correctly routed for Billing Issue.",2025-12-17 21:39:46.868232,
868,3,Billing,Reviewed,True,Requires field visit before it can be closed.,2025-12-19 07:25:59.947494,Unresolved
869,1,Public Relations,Received,,Complaint logged and reviewed for routing.,2025-08-09 13:26:17.340404,
869,2,Billing,Forwarded (Correct),True,"Received from Public Relations, correctly routed for Billing Issue.",2025-08-09 20:46:51.003305,
869,3,Billing,Reviewed,True,"Still under investigation, pending further review.",2025-08-11 04:08:23.869519,Unresolved
870,1,Public Relations,Received,,Complaint logged and reviewed for routing.,2025-05-16 07:17:50.456385,
870,2,Billing,Forwarded (Correct),True,"Received from Public Relations, correctly routed for Billing Issue.",2025-05-16 14:37:27.965303,
870,3,Billing,Reviewed,True,Resolved following standard procedure.,2025-05-17 05:28:50.900194,Resolved
871,1,Public Relations,Received,,Complaint logged and reviewed for routing.,2025-04-26 13:32:19.561138,
871,2,Customer Support,Forwarded (Correct),True,"Received from Public Relations, correctly routed for Staff Behavior.",2025-04-26 17:53:47.795203,
871,3,Customer Support,Reviewed,True,Waiting on additional information from the customer.,2025-04-29 21:38:36.663430,Unresolved
872,1,Public Relations,Received,,Complaint logged and reviewed for routing.,2025-06-16 22:55:26.378589,
872,2,Billing,Forwarded (Correct),True,"Received from Public Relations, correctly routed for Billing Issue.",2025-06-17 01:13:54.488930,
872,3,Billing,Reviewed,True,Resolved following standard procedure.,2025-06-18 02:37:10.449038,Resolved
873,1,Public Relations,Received,,Complaint logged and reviewed for routing.,2025-12-03 11:37:33.608848,
873,2,Security,Forwarded (Correct),True,"Received from Public Relations, correctly routed for Safety Concern.",2025-12-03 16:33:55.857863,
873,3,Security,Reviewed,True,Corrected the error and notified the customer.,2025-12-07 03:50:36.569526,Resolved
874,1,Public Relations,Received,,Complaint logged and reviewed for routing.,2025-08-23 14:39:40.171869,
874,2,Administration,Forwarded (Correct),True,"Received from Public Relations, correctly routed for Corruption/Bribery.",2025-08-23 17:41:28.120665,
874,3,Administration,Reviewed,True,Waiting on additional information from the customer.,2025-08-27 06:11:33.559876,Unresolved
875,1,Public Relations,Received,,Complaint logged and reviewed for routing.,2025-07-05 07:49:33.671337,
875,2,Administration,Forwarded (Correct),True,"Received from Public Relations, correctly routed for Corruption/Bribery.",2025-07-05 10:41:01.312836,
875,3,Administration,Reviewed,True,Completed the requested action successfully.,2025-07-07 00:34:45.407237,Resolved
876,1,Public Relations,Received,,Complaint logged and reviewed for routing.,2025-05-21 11:42:11.735468,
876,2,Billing,Forwarded (Correct),True,"Received from Public Relations, correctly routed for Billing Issue.",2025-05-21 13:52:07.404434,
876,3,Billing,Reviewed,True,Confirmed with the customer that the issue is fixed.,2025-05-22 20:31:25.838993,Resolved
877,1,Public Relations,Received,,Complaint logged and reviewed for routing.,2025-07-25 16:05:45.493051,
877,2,Customer Support,Forwarded (Correct),True,"Received from Public Relations, correctly routed for Staff Behavior.",2025-07-25 20:49:28.233752,
877,3,Customer Support,Reviewed,True,Escalated to senior staff for further action.,2025-07-28 16:43:28.975823,Unresolved
878,1,Public Relations,Received,,Complaint logged and reviewed for routing.,2025-10-22 17:55:47.505710,
878,2,Customer Support,Forwarded (Correct),True,"Received from Public Relations, correctly routed for Staff Behavior.",2025-10-22 19:25:28.292637,
878,3,Customer Support,Reviewed,True,Waiting on additional information from the customer.,2025-10-25 05:44:05.421475,Unresolved
879,1,Public Relations,Received,,Complaint logged and reviewed for routing.,2025-05-05 20:27:16.283224,
879,2,Billing,Forwarded (Correct),True,"Received from Public Relations, correctly routed for Billing Issue.",2025-05-05 22:41:32.141576,
879,3,Billing,Reviewed,True,Escalated to senior staff for further action.,2025-05-07 23:15:41.463973,Unresolved
880,1,Public Relations,Received,,Complaint logged and reviewed for routing.,2025-02-05 11:28:39.966135,
880,2,Operations,Forwarded (Correct),True,"Received from Public Relations, correctly routed for Service Delay.",2025-02-05 18:16:02.464018,
880,3,Operations,Reviewed,True,Escalated to senior staff for further action.,2025-02-07 16:12:36.089655,Unresolved
881,1,Public Relations,Received,,Complaint logged and reviewed for routing.,2025-07-25 12:26:32.072873,
881,2,Administration,Forwarded (Correct),True,"Received from Public Relations, correctly routed for Corruption/Bribery.",2025-07-25 14:33:50.697724,
881,3,Administration,Reviewed,True,Waiting on additional information from the customer.,2025-07-25 22:46:51.056843,Unresolved
882,1,Public Relations,Received,,Complaint logged and reviewed for routing.,2025-12-16 08:54:43.223389,
882,2,Billing,Forwarded (Correct),True,"Received from Public Relations, correctly routed for Billing Issue.",2025-12-16 13:19:49.948719,
882,3,Billing,Reviewed,True,"Still under investigation, pending further review.",2025-12-18 15:11:39.223931,Unresolved
883,1,Public Relations,Received,,Complaint logged and reviewed for routing.,2025-07-11 23:36:40.825544,
883,2,Administration,Forwarded (Correct),True,"Received from Public Relations, correctly routed for Corruption/Bribery.",2025-07-12 03:47:31.512983,
883,3,Administration,Reviewed,True,Confirmed with the customer that the issue is fixed.,2025-07-14 00:22:14.073728,Resolved
884,1,Public Relations,Received,,Complaint logged and reviewed for routing.,2025-08-10 18:46:16.952177,
884,2,Security,Forwarded (Incorrect),False,"This complaint does not belong to our department, forwarding to the correct team.",2025-08-11 02:13:13.796681,
884,3,Operations,Forwarded (Re-routed),True,Re-routed from Security; now correctly assigned for Service Delay.,2025-08-12 01:21:58.425678,
884,4,Operations,Reviewed,True,Waiting on additional information from the customer.,2025-08-14 02:10:26.898355,Unresolved
885,1,Public Relations,Received,,Complaint logged and reviewed for routing.,2025-02-25 15:13:00.770235,
885,2,Maintenance,Forwarded (Correct),True,"Received from Public Relations, correctly routed for Infrastructure.",2025-02-25 20:33:29.889678,
885,3,Maintenance,Reviewed,True,Resolved following standard procedure.,2025-02-26 09:54:56.295162,Resolved
886,1,Public Relations,Received,,Complaint logged and reviewed for routing.,2025-08-16 14:21:18.387226,
886,2,Billing,Forwarded (Correct),True,"Received from Public Relations, correctly routed for Billing Issue.",2025-08-16 19:35:26.610748,
886,3,Billing,Reviewed,True,Corrected the error and notified the customer.,2025-08-19 14:18:12.542561,Resolved
887,1,Public Relations,Received,,Complaint logged and reviewed for routing.,2025-09-20 09:33:17.196353,
887,2,Maintenance,Forwarded (Correct),True,"Received from Public Relations, correctly routed for Infrastructure.",2025-09-20 13:56:31.944295,
887,3,Maintenance,Reviewed,True,Confirmed with the customer that the issue is fixed.,2025-09-23 00:28:06.031939,Resolved
888,1,Public Relations,Received,,Complaint logged and reviewed for routing.,2025-10-09 18:58:35.521441,
888,2,Billing,Forwarded (Correct),True,"Received from Public Relations, correctly routed for Billing Issue.",2025-10-10 00:54:04.361063,
888,3,Billing,Reviewed,True,Waiting on additional information from the customer.,2025-10-10 18:08:42.182595,Unresolved
889,1,Public Relations,Received,,Complaint logged and reviewed for routing.,2025-04-19 17:04:16.088469,
889,2,Security,Forwarded (Correct),True,"Received from Public Relations, correctly routed for Safety Concern.",2025-04-19 20:23:20.190904,
889,3,Security,Reviewed,True,"Still under investigation, pending further review.",2025-04-21 20:52:26.960597,Unresolved
890,1,Public Relations,Received,,Complaint logged and reviewed for routing.,2025-12-06 16:47:50.920789,
890,2,Customer Support,Forwarded (Correct),True,"Received from Public Relations, correctly routed for Staff Behavior.",2025-12-06 18:18:27.528667,
890,3,Customer Support,Reviewed,True,Confirmed with the customer that the issue is fixed.,2025-12-09 22:58:59.790607,Resolved
891,1,Public Relations,Received,,Complaint logged and reviewed for routing.,2025-06-19 08:16:30.248669,
891,2,Customer Support,Forwarded (Correct),True,"Received from Public Relations, correctly routed for Appreciation.",2025-06-19 15:23:51.841532,
891,3,Customer Support,Reviewed,True,Issue verified and resolved after review.,2025-06-19 23:22:12.821905,Resolved
892,1,Public Relations,Received,,Complaint logged and reviewed for routing.,2025-06-17 19:30:59.463316,
892,2,Administration,Forwarded (Correct),True,"Received from Public Relations, correctly routed for Corruption/Bribery.",2025-06-17 21:23:57.119917,
892,3,Administration,Reviewed,True,Resolved following standard procedure.,2025-06-21 09:27:16.576169,Resolved
893,1,Public Relations,Received,,Complaint logged and reviewed for routing.,2025-07-16 12:51:46.542905,
893,2,Billing,Forwarded (Correct),True,"Received from Public Relations, correctly routed for Billing Issue.",2025-07-16 19:07:01.176791,
893,3,Billing,Reviewed,True,Issue verified and resolved after review.,2025-07-17 06:13:09.209250,Resolved
894,1,Public Relations,Received,,Complaint logged and reviewed for routing.,2025-02-10 14:00:03.727846,
894,2,Billing,Forwarded (Correct),True,"Received from Public Relations, correctly routed for Billing Issue.",2025-02-10 15:32:37.278534,
894,3,Billing,Reviewed,True,Completed the requested action successfully.,2025-02-14 07:17:44.360047,Resolved
895,1,Public Relations,Received,,Complaint logged and reviewed for routing.,2025-05-28 20:31:23.130575,
895,2,Operations,Forwarded (Correct),True,"Received from Public Relations, correctly routed for Service Delay.",2025-05-29 04:14:19.667480,
895,3,Operations,Reviewed,True,Waiting on additional information from the customer.,2025-05-31 18:39:58.947903,Unresolved
896,1,Public Relations,Received,,Complaint logged and reviewed for routing.,2025-03-22 13:45:35.150529,
896,2,Customer Support,Forwarded (Correct),True,"Received from Public Relations, correctly routed for Appreciation.",2025-03-22 15:55:36.688247,
896,3,Customer Support,Reviewed,True,Completed the requested action successfully.,2025-03-25 06:04:42.847984,Resolved
897,1,Public Relations,Received,,Complaint logged and reviewed for routing.,2025-02-14 00:56:56.859535,
897,2,Maintenance,Forwarded (Correct),True,"Received from Public Relations, correctly routed for Infrastructure.",2025-02-14 06:13:18.381373,
897,3,Maintenance,Reviewed,True,Resolved following standard procedure.,2025-02-17 01:38:06.590200,Resolved
898,1,Public Relations,Received,,Complaint logged and reviewed for routing.,2025-05-20 21:40:47.654890,
898,2,Billing,Forwarded (Correct),True,"Received from Public Relations, correctly routed for Billing Issue.",2025-05-21 03:33:24.783937,
898,3,Billing,Reviewed,True,Confirmed with the customer that the issue is fixed.,2025-05-23 18:40:49.812994,Resolved
899,1,Public Relations,Received,,Complaint logged and reviewed for routing.,2025-09-25 09:43:08.331277,
899,2,Security,Forwarded (Correct),True,"Received from Public Relations, correctly routed for Safety Concern.",2025-09-25 13:54:23.901413,
899,3,Security,Reviewed,True,Completed the requested action successfully.,2025-09-28 11:28:52.231954,Resolved
900,1,Public Relations,Received,,Complaint logged and reviewed for routing.,2025-12-16 19:12:23.880885,
900,2,Administration,Forwarded (Incorrect),False,"Not within our scope, sending to the relevant department.",2025-12-17 01:18:21.165731,
900,3,Operations,Forwarded (Re-routed),True,Re-routed from Administration; now correctly assigned for Service Delay.,2025-12-17 07:18:31.778975,
900,4,Operations,Reviewed,True,Waiting on additional information from the customer.,2025-12-18 10:53:19.170114,Unresolved
901,1,Public Relations,Received,,Complaint logged and reviewed for routing.,2025-07-21 18:23:58.422822,
901,2,Billing,Forwarded (Correct),True,"Received from Public Relations, correctly routed for Billing Issue.",2025-07-21 23:22:15.239909,
901,3,Billing,Reviewed,True,Waiting on additional information from the customer.,2025-07-25 15:47:16.973219,Unresolved
902,1,Public Relations,Received,,Complaint logged and reviewed for routing.,2025-12-13 18:36:06.075290,
902,2,Customer Support,Forwarded (Correct),True,"Received from Public Relations, correctly routed for Staff Behavior.",2025-12-14 01:52:20.772869,
902,3,Customer Support,Reviewed,True,Issue verified and resolved after review.,2025-12-16 13:36:28.873868,Resolved
903,1,Public Relations,Received,,Complaint logged and reviewed for routing.,2025-09-26 17:57:00.872440,
903,2,Security,Forwarded (Correct),True,"Received from Public Relations, correctly routed for Safety Concern.",2025-09-27 00:53:28.043928,
903,3,Security,Reviewed,True,Requires field visit before it can be closed.,2025-09-27 18:21:01.170052,Unresolved
904,1,Public Relations,Received,,Complaint logged and reviewed for routing.,2025-05-28 11:15:39.485854,
904,2,Customer Support,Forwarded (Correct),True,"Received from Public Relations, correctly routed for Staff Behavior.",2025-05-28 12:26:10.072500,
904,3,Customer Support,Reviewed,True,Corrected the error and notified the customer.,2025-05-31 01:50:37.744842,Resolved
905,1,Public Relations,Received,,Complaint logged and reviewed for routing.,2025-06-11 11:44:48.187053,
905,2,Security,Forwarded (Incorrect),False,"Not within our scope, sending to the relevant department.",2025-06-11 12:46:48.309670,
905,3,Customer Support,Forwarded (Re-routed),True,Re-routed from Security; now correctly assigned for Appreciation.,2025-06-11 19:18:20.096961,
905,4,Customer Support,Reviewed,True,Corrected the error and notified the customer.,2025-06-12 17:42:53.795940,Resolved
906,1,Public Relations,Received,,Complaint logged and reviewed for routing.,2025-11-06 17:05:50.112818,
906,2,Billing,Forwarded (Correct),True,"Received from Public Relations, correctly routed for Billing Issue.",2025-11-06 20:41:12.563813,
906,3,Billing,Reviewed,True,Corrected the error and notified the customer.,2025-11-07 18:54:24.734809,Resolved
907,1,Public Relations,Received,,Complaint logged and reviewed for routing.,2025-07-16 15:30:27.064325,
907,2,Security,Forwarded (Incorrect),False,"Incorrectly routed here, reassigning to the appropriate department.",2025-07-16 18:18:05.810382,
907,3,Customer Support,Forwarded (Re-routed),True,Re-routed from Security; now correctly assigned for Staff Behavior.,2025-07-17 03:18:39.278872,
907,4,Customer Support,Reviewed,True,Issue verified and resolved after review.,2025-07-19 11:22:05.674602,Resolved
908,1,Public Relations,Received,,Complaint logged and reviewed for routing.,2025-07-13 18:38:25.531613,
908,2,Customer Support,Forwarded (Correct),True,"Received from Public Relations, correctly routed for Staff Behavior.",2025-07-13 21:23:09.459248,
908,3,Customer Support,Reviewed,True,Resolved following standard procedure.,2025-07-16 03:58:37.750912,Resolved
909,1,Public Relations,Received,,Complaint logged and reviewed for routing.,2025-05-01 14:46:23.727801,
909,2,Security,Forwarded (Correct),True,"Received from Public Relations, correctly routed for Safety Concern.",2025-05-01 22:34:48.424025,
909,3,Security,Reviewed,True,Requires field visit before it can be closed.,2025-05-02 12:00:37.096799,Unresolved
910,1,Public Relations,Received,,Complaint logged and reviewed for routing.,2025-01-21 17:30:42.965200,
910,2,Billing,Forwarded (Incorrect),False,"Incorrectly routed here, reassigning to the appropriate department.",2025-01-22 01:29:28.335440,
910,3,Security,Forwarded (Re-routed),True,Re-routed from Billing; now correctly assigned for Safety Concern.,2025-01-22 11:55:41.127679,
910,4,Security,Reviewed,True,Corrected the error and notified the customer.,2025-01-23 18:20:37.071468,Resolved
911,1,Public Relations,Received,,Complaint logged and reviewed for routing.,2025-08-08 10:45:10.286186,
911,2,Operations,Forwarded (Correct),True,"Received from Public Relations, correctly routed for Service Delay.",2025-08-08 15:00:46.504515,
911,3,Operations,Reviewed,True,Resolved following standard procedure.,2025-08-09 19:32:14.583306,Resolved
912,1,Public Relations,Received,,Complaint logged and reviewed for routing.,2025-05-01 09:45:18.382699,
912,2,Security,Forwarded (Incorrect),False,"Incorrectly routed here, reassigning to the appropriate department.",2025-05-01 16:32:40.847784,
912,3,Administration,Forwarded (Re-routed),True,Re-routed from Security; now correctly assigned for Corruption/Bribery.,2025-05-02 09:55:40.448394,
912,4,Administration,Reviewed,True,"Still under investigation, pending further review.",2025-05-03 12:00:58.399729,Unresolved
913,1,Public Relations,Received,,Complaint logged and reviewed for routing.,2025-04-23 12:52:07.827036,
913,2,Customer Support,Forwarded (Correct),True,"Received from Public Relations, correctly routed for Staff Behavior.",2025-04-23 20:22:40.838993,
913,3,Customer Support,Reviewed,True,Resolved following standard procedure.,2025-04-24 18:30:52.622909,Resolved
914,1,Public Relations,Received,,Complaint logged and reviewed for routing.,2025-07-26 08:51:18.132636,
914,2,Maintenance,Forwarded (Correct),True,"Received from Public Relations, correctly routed for Infrastructure.",2025-07-26 13:21:07.543763,
914,3,Maintenance,Reviewed,True,"Still under investigation, pending further review.",2025-07-29 06:22:48.498065,Unresolved
915,1,Public Relations,Received,,Complaint logged and reviewed for routing.,2025-03-10 04:44:42.020888,
915,2,Customer Support,Forwarded (Correct),True,"Received from Public Relations, correctly routed for Staff Behavior.",2025-03-10 07:22:29.778126,
915,3,Customer Support,Reviewed,True,Confirmed with the customer that the issue is fixed.,2025-03-11 19:21:21.693493,Resolved
916,1,Public Relations,Received,,Complaint logged and reviewed for routing.,2025-04-09 12:44:42.882600,
916,2,Administration,Forwarded (Correct),True,"Received from Public Relations, correctly routed for Corruption/Bribery.",2025-04-09 16:26:08.012406,
916,3,Administration,Reviewed,True,"Still under investigation, pending further review.",2025-04-11 03:28:43.626755,Unresolved
917,1,Public Relations,Received,,Complaint logged and reviewed for routing.,2025-09-19 11:36:32.669852,
917,2,Operations,Forwarded (Incorrect),False,"Incorrectly routed here, reassigning to the appropriate department.",2025-09-19 13:34:48.574071,
917,3,Maintenance,Forwarded (Re-routed),True,Re-routed from Operations; now correctly assigned for Infrastructure.,2025-09-19 23:58:47.760960,
917,4,Maintenance,Reviewed,True,Confirmed with the customer that the issue is fixed.,2025-09-22 06:39:18.444816,Resolved
918,1,Public Relations,Received,,Complaint logged and reviewed for routing.,2025-05-03 14:26:29.161429,
918,2,Customer Support,Forwarded (Correct),True,"Received from Public Relations, correctly routed for Staff Behavior.",2025-05-03 19:37:36.968872,
918,3,Customer Support,Reviewed,True,Issue verified and resolved after review.,2025-05-06 06:57:56.924763,Resolved
919,1,Public Relations,Received,,Complaint logged and reviewed for routing.,2025-05-14 14:47:06.481500,
919,2,Customer Support,Forwarded (Correct),True,"Received from Public Relations, correctly routed for Staff Behavior.",2025-05-14 16:43:08.778964,
919,3,Customer Support,Reviewed,True,"Still under investigation, pending further review.",2025-05-17 20:52:20.696148,Unresolved
920,1,Public Relations,Received,,Complaint logged and reviewed for routing.,2025-08-17 10:48:34.776974,
920,2,Billing,Forwarded (Correct),True,"Received from Public Relations, correctly routed for Billing Issue.",2025-08-17 12:51:13.213660,
920,3,Billing,Reviewed,True,Requires field visit before it can be closed.,2025-08-17 23:52:59.309903,Unresolved
921,1,Public Relations,Received,,Complaint logged and reviewed for routing.,2025-10-28 15:42:45.354292,
921,2,Operations,Forwarded (Correct),True,"Received from Public Relations, correctly routed for Service Delay.",2025-10-28 22:36:27.224352,
921,3,Operations,Reviewed,True,Issue verified and resolved after review.,2025-10-29 21:28:41.161439,Resolved
922,1,Public Relations,Received,,Complaint logged and reviewed for routing.,2025-06-08 16:08:25.971861,
922,2,Customer Support,Forwarded (Correct),True,"Received from Public Relations, correctly routed for Staff Behavior.",2025-06-08 17:17:11.894851,
922,3,Customer Support,Reviewed,True,Completed the requested action successfully.,2025-06-11 03:53:33.075474,Resolved
923,1,Public Relations,Received,,Complaint logged and reviewed for routing.,2025-08-28 07:51:42.014241,
923,2,Administration,Forwarded (Incorrect),False,"This complaint does not belong to our department, forwarding to the correct team.",2025-08-28 12:35:15.282419,
923,3,Operations,Forwarded (Re-routed),True,Re-routed from Administration; now correctly assigned for Service Delay.,2025-08-28 21:46:15.222984,
923,4,Operations,Reviewed,True,Waiting on additional information from the customer.,2025-08-30 06:53:02.508280,Unresolved
924,1,Public Relations,Received,,Complaint logged and reviewed for routing.,2025-04-09 00:16:08.472871,
924,2,Operations,Forwarded (Correct),True,"Received from Public Relations, correctly routed for Service Delay.",2025-04-09 07:32:11.205403,
924,3,Operations,Reviewed,True,Waiting on additional information from the customer.,2025-04-11 02:09:07.175011,Unresolved
925,1,Public Relations,Received,,Complaint logged and reviewed for routing.,2025-12-14 07:26:18.654299,
925,2,Billing,Forwarded (Incorrect),False,"Not within our scope, sending to the relevant department.",2025-12-14 11:14:28.125834,
925,3,Customer Support,Forwarded (Re-routed),True,Re-routed from Billing; now correctly assigned for Staff Behavior.,2025-12-15 11:13:39.845879,
925,4,Customer Support,Reviewed,True,Issue verified and resolved after review.,2025-12-16 15:44:39.572390,Resolved
926,1,Public Relations,Received,,Complaint logged and reviewed for routing.,2025-09-09 16:07:32.233379,
926,2,Operations,Forwarded (Incorrect),False,"Incorrectly routed here, reassigning to the appropriate department.",2025-09-09 23:22:32.473589,
926,3,Billing,Forwarded (Re-routed),True,Re-routed from Operations; now correctly assigned for Billing Issue.,2025-09-10 05:53:06.175830,
926,4,Billing,Reviewed,True,Issue verified and resolved after review.,2025-09-13 15:06:47.628824,Resolved
927,1,Public Relations,Received,,Complaint logged and reviewed for routing.,2025-09-02 17:12:16.743544,
927,2,Customer Support,Forwarded (Correct),True,"Received from Public Relations, correctly routed for Appreciation.",2025-09-03 00:54:37.400441,
927,3,Customer Support,Reviewed,True,Completed the requested action successfully.,2025-09-04 10:08:44.564006,Resolved
928,1,Public Relations,Received,,Complaint logged and reviewed for routing.,2025-11-22 09:25:32.711763,
928,2,Administration,Forwarded (Correct),True,"Received from Public Relations, correctly routed for Corruption/Bribery.",2025-11-22 11:02:17.501380,
928,3,Administration,Reviewed,True,Corrected the error and notified the customer.,2025-11-25 15:00:48.678183,Resolved
929,1,Public Relations,Received,,Complaint logged and reviewed for routing.,2025-09-04 17:16:17.856312,
929,2,Operations,Forwarded (Correct),True,"Received from Public Relations, correctly routed for Service Delay.",2025-09-04 21:29:44.428595,
929,3,Operations,Reviewed,True,Issue verified and resolved after review.,2025-09-08 02:49:30.180805,Resolved
930,1,Public Relations,Received,,Complaint logged and reviewed for routing.,2025-04-04 16:07:22.736338,
930,2,Operations,Forwarded (Correct),True,"Received from Public Relations, correctly routed for Service Delay.",2025-04-04 20:19:50.521086,
930,3,Operations,Reviewed,True,Issue verified and resolved after review.,2025-04-06 03:14:59.826863,Resolved
931,1,Public Relations,Received,,Complaint logged and reviewed for routing.,2025-12-07 14:41:07.099190,
931,2,Security,Forwarded (Correct),True,"Received from Public Relations, correctly routed for Safety Concern.",2025-12-07 18:56:45.916661,
931,3,Security,Reviewed,True,"Still under investigation, pending further review.",2025-12-08 21:27:13.329758,Unresolved
932,1,Public Relations,Received,,Complaint logged and reviewed for routing.,2025-11-02 12:21:41.973047,
932,2,Customer Support,Forwarded (Correct),True,"Received from Public Relations, correctly routed for Staff Behavior.",2025-11-02 18:56:00.112477,
932,3,Customer Support,Reviewed,True,Confirmed with the customer that the issue is fixed.,2025-11-03 04:19:36.336238,Resolved
933,1,Public Relations,Received,,Complaint logged and reviewed for routing.,2025-07-08 08:59:44.108042,
933,2,Operations,Forwarded (Correct),True,"Received from Public Relations, correctly routed for Service Delay.",2025-07-08 15:05:14.356182,
933,3,Operations,Reviewed,True,Completed the requested action successfully.,2025-07-11 03:27:09.456764,Resolved
934,1,Public Relations,Received,,Complaint logged and reviewed for routing.,2025-10-01 10:37:05.969701,
934,2,Customer Support,Forwarded (Correct),True,"Received from Public Relations, correctly routed for Staff Behavior.",2025-10-01 12:42:30.023447,
934,3,Customer Support,Reviewed,True,Issue verified and resolved after review.,2025-10-01 21:05:13.399300,Resolved
935,1,Public Relations,Received,,Complaint logged and reviewed for routing.,2025-04-13 12:10:43.326935,
935,2,Billing,Forwarded (Incorrect),False,"This complaint does not belong to our department, forwarding to the correct team.",2025-04-13 17:59:48.439383,
935,3,Maintenance,Forwarded (Re-routed),True,Re-routed from Billing; now correctly assigned for Infrastructure.,2025-04-14 03:21:14.652760,
935,4,Maintenance,Reviewed,True,Completed the requested action successfully.,2025-04-17 18:20:36.484322,Resolved
936,1,Public Relations,Received,,Complaint logged and reviewed for routing.,2025-10-13 16:16:37.416449,
936,2,Customer Support,Forwarded (Correct),True,"Received from Public Relations, correctly routed for Staff Behavior.",2025-10-13 20:27:49.456161,
936,3,Customer Support,Reviewed,True,Corrected the error and notified the customer.,2025-10-16 21:53:48.540585,Resolved
937,1,Public Relations,Received,,Complaint logged and reviewed for routing.,2025-05-28 17:36:09.785102,
937,2,Security,Forwarded (Incorrect),False,"Incorrectly routed here, reassigning to the appropriate department.",2025-05-29 00:51:37.637951,
937,3,Operations,Forwarded (Re-routed),True,Re-routed from Security; now correctly assigned for Service Delay.,2025-05-29 12:12:36.780636,
937,4,Operations,Reviewed,True,Requires field visit before it can be closed.,2025-05-29 16:41:41.772894,Unresolved
938,1,Public Relations,Received,,Complaint logged and reviewed for routing.,2025-06-02 03:14:33.269250,
938,2,Customer Support,Forwarded (Incorrect),False,"Not within our scope, sending to the relevant department.",2025-06-02 07:42:54.546093,
938,3,Administration,Forwarded (Re-routed),True,Re-routed from Customer Support; now correctly assigned for Corruption/Bribery.,2025-06-03 05:47:13.218263,
938,4,Administration,Reviewed,True,Confirmed with the customer that the issue is fixed.,2025-06-03 19:49:04.706995,Resolved
939,1,Public Relations,Received,,Complaint logged and reviewed for routing.,2025-12-11 03:13:47.353683,
939,2,Customer Support,Forwarded (Correct),True,"Received from Public Relations, correctly routed for Staff Behavior.",2025-12-11 07:36:57.062635,
939,3,Customer Support,Reviewed,True,Completed the requested action successfully.,2025-12-14 21:59:38.858755,Resolved
940,1,Public Relations,Received,,Complaint logged and reviewed for routing.,2025-04-03 10:38:29.479217,
940,2,Administration,Forwarded (Correct),True,"Received from Public Relations, correctly routed for Corruption/Bribery.",2025-04-03 15:24:39.395481,
940,3,Administration,Reviewed,True,Completed the requested action successfully.,2025-04-06 17:09:25.498119,Resolved
941,1,Public Relations,Received,,Complaint logged and reviewed for routing.,2025-08-25 13:53:30.407834,
941,2,Customer Support,Forwarded (Incorrect),False,"Incorrectly routed here, reassigning to the appropriate department.",2025-08-25 18:00:32.528375,
941,3,Security,Forwarded (Re-routed),True,Re-routed from Customer Support; now correctly assigned for Safety Concern.,2025-08-26 16:41:02.136453,
941,4,Security,Reviewed,True,Resolved following standard procedure.,2025-08-28 22:05:27.799264,Resolved
942,1,Public Relations,Received,,Complaint logged and reviewed for routing.,2025-01-07 11:04:39.741327,
942,2,Security,Forwarded (Correct),True,"Received from Public Relations, correctly routed for Safety Concern.",2025-01-07 16:47:18.408555,
942,3,Security,Reviewed,True,Escalated to senior staff for further action.,2025-01-11 07:20:07.506342,Unresolved
943,1,Public Relations,Received,,Complaint logged and reviewed for routing.,2025-09-25 02:37:55.581867,
943,2,Billing,Forwarded (Correct),True,"Received from Public Relations, correctly routed for Billing Issue.",2025-09-25 07:27:44.446469,
943,3,Billing,Reviewed,True,Completed the requested action successfully.,2025-09-26 07:06:47.873078,Resolved
944,1,Public Relations,Received,,Complaint logged and reviewed for routing.,2025-06-28 14:30:56.395137,
944,2,Security,Forwarded (Correct),True,"Received from Public Relations, correctly routed for Safety Concern.",2025-06-28 21:16:07.023849,
944,3,Security,Reviewed,True,Escalated to senior staff for further action.,2025-07-02 17:55:51.308179,Unresolved
945,1,Public Relations,Received,,Complaint logged and reviewed for routing.,2025-02-12 12:54:23.022360,
945,2,Security,Forwarded (Correct),True,"Received from Public Relations, correctly routed for Safety Concern.",2025-02-12 19:14:17.968844,
945,3,Security,Reviewed,True,Completed the requested action successfully.,2025-02-15 00:41:58.044751,Resolved
946,1,Public Relations,Received,,Complaint logged and reviewed for routing.,2025-12-21 19:03:57.323096,
946,2,Security,Forwarded (Incorrect),False,"This complaint does not belong to our department, forwarding to the correct team.",2025-12-21 22:37:50.247316,
946,3,Billing,Forwarded (Re-routed),True,Re-routed from Security; now correctly assigned for Billing Issue.,2025-12-22 09:41:54.117572,
946,4,Billing,Reviewed,True,Resolved following standard procedure.,2025-12-23 08:40:20.264319,Resolved
947,1,Public Relations,Received,,Complaint logged and reviewed for routing.,2025-01-20 09:30:09.932806,
947,2,Billing,Forwarded (Correct),True,"Received from Public Relations, correctly routed for Billing Issue.",2025-01-20 10:53:35.791528,
947,3,Billing,Reviewed,True,Confirmed with the customer that the issue is fixed.,2025-01-23 22:02:34.383744,Resolved
948,1,Public Relations,Received,,Complaint logged and reviewed for routing.,2025-02-23 11:06:49.061242,
948,2,Billing,Forwarded (Correct),True,"Received from Public Relations, correctly routed for Billing Issue.",2025-02-23 16:32:59.731122,
948,3,Billing,Reviewed,True,Issue verified and resolved after review.,2025-02-25 19:05:33.160869,Resolved
949,1,Public Relations,Received,,Complaint logged and reviewed for routing.,2025-02-23 11:58:36.344416,
949,2,Administration,Forwarded (Correct),True,"Received from Public Relations, correctly routed for Corruption/Bribery.",2025-02-23 19:35:00.799301,
949,3,Administration,Reviewed,True,On hold due to resource availability.,2025-02-27 05:41:14.948014,Unresolved
950,1,Public Relations,Received,,Complaint logged and reviewed for routing.,2025-06-14 13:23:49.840166,
950,2,Billing,Forwarded (Incorrect),False,"Incorrectly routed here, reassigning to the appropriate department.",2025-06-14 15:13:32.134758,
950,3,Operations,Forwarded (Re-routed),True,Re-routed from Billing; now correctly assigned for Service Delay.,2025-06-15 04:28:21.735989,
950,4,Operations,Reviewed,True,Waiting on additional information from the customer.,2025-06-17 20:22:18.283214,Unresolved
951,1,Public Relations,Received,,Complaint logged and reviewed for routing.,2025-06-14 13:06:52.421120,
951,2,Security,Forwarded (Correct),True,"Received from Public Relations, correctly routed for Safety Concern.",2025-06-14 18:59:06.664440,
951,3,Security,Reviewed,True,"Still under investigation, pending further review.",2025-06-18 02:05:49.044632,Unresolved
952,1,Public Relations,Received,,Complaint logged and reviewed for routing.,2025-11-12 18:31:12.520757,
952,2,Operations,Forwarded (Correct),True,"Received from Public Relations, correctly routed for Service Delay.",2025-11-12 23:02:04.186277,
952,3,Operations,Reviewed,True,Confirmed with the customer that the issue is fixed.,2025-11-13 05:40:37.610604,Resolved
953,1,Public Relations,Received,,Complaint logged and reviewed for routing.,2025-12-13 19:12:42.939023,
953,2,Customer Support,Forwarded (Correct),True,"Received from Public Relations, correctly routed for Staff Behavior.",2025-12-14 01:50:55.527650,
953,3,Customer Support,Reviewed,True,Requires field visit before it can be closed.,2025-12-14 19:29:57.176831,Unresolved
954,1,Public Relations,Received,,Complaint logged and reviewed for routing.,2025-02-18 21:19:56.534729,
954,2,Security,Forwarded (Correct),True,"Received from Public Relations, correctly routed for Safety Concern.",2025-02-19 02:54:17.275152,
954,3,Security,Reviewed,True,"Still under investigation, pending further review.",2025-02-20 23:48:09.098687,Unresolved
955,1,Public Relations,Received,,Complaint logged and reviewed for routing.,2025-01-17 18:14:30.645926,
955,2,Security,Forwarded (Incorrect),False,"Incorrectly routed here, reassigning to the appropriate department.",2025-01-17 20:06:06.864881,
955,3,Customer Support,Forwarded (Re-routed),True,Re-routed from Security; now correctly assigned for Appreciation.,2025-01-18 12:30:12.890752,
955,4,Customer Support,Reviewed,True,Completed the requested action successfully.,2025-01-20 03:30:28.690733,Resolved
956,1,Public Relations,Received,,Complaint logged and reviewed for routing.,2025-01-06 13:59:45.533730,
956,2,Billing,Forwarded (Correct),True,"Received from Public Relations, correctly routed for Billing Issue.",2025-01-06 17:46:11.887245,
956,3,Billing,Reviewed,True,On hold due to resource availability.,2025-01-07 15:08:41.731514,Unresolved
957,1,Public Relations,Received,,Complaint logged and reviewed for routing.,2025-02-23 10:18:16.195406,
957,2,Administration,Forwarded (Correct),True,"Received from Public Relations, correctly routed for Corruption/Bribery.",2025-02-23 14:58:45.466934,
957,3,Administration,Reviewed,True,Issue verified and resolved after review.,2025-02-24 02:21:13.478484,Resolved
958,1,Public Relations,Received,,Complaint logged and reviewed for routing.,2025-07-27 19:01:28.124722,
958,2,Billing,Forwarded (Correct),True,"Received from Public Relations, correctly routed for Billing Issue.",2025-07-28 00:34:58.775533,
958,3,Billing,Reviewed,True,Resolved following standard procedure.,2025-07-29 09:21:19.316797,Resolved
959,1,Public Relations,Received,,Complaint logged and reviewed for routing.,2025-08-25 16:14:19.372364,
959,2,Operations,Forwarded (Incorrect),False,"Incorrectly routed here, reassigning to the appropriate department.",2025-08-26 00:07:29.049890,
959,3,Customer Support,Forwarded (Re-routed),True,Re-routed from Operations; now correctly assigned for Appreciation.,2025-08-26 16:10:51.083717,
959,4,Customer Support,Reviewed,True,Waiting on additional information from the customer.,2025-08-28 09:33:24.511479,Unresolved
960,1,Public Relations,Received,,Complaint logged and reviewed for routing.,2025-09-05 19:58:41.085515,
960,2,Operations,Forwarded (Correct),True,"Received from Public Relations, correctly routed for Service Delay.",2025-09-06 02:16:18.887233,
960,3,Operations,Reviewed,True,Resolved following standard procedure.,2025-09-08 21:26:38.713275,Resolved
961,1,Public Relations,Received,,Complaint logged and reviewed for routing.,2025-01-06 14:32:03.763016,
961,2,Billing,Forwarded (Correct),True,"Received from Public Relations, correctly routed for Billing Issue.",2025-01-06 15:40:51.149359,
961,3,Billing,Reviewed,True,Resolved following standard procedure.,2025-01-08 00:50:03.796072,Resolved
962,1,Public Relations,Received,,Complaint logged and reviewed for routing.,2025-01-12 14:40:33.388405,
962,2,Customer Support,Forwarded (Correct),True,"Received from Public Relations, correctly routed for Staff Behavior.",2025-01-12 21:29:42.786607,
962,3,Customer Support,Reviewed,True,Issue verified and resolved after review.,2025-01-13 09:37:22.777453,Resolved
963,1,Public Relations,Received,,Complaint logged and reviewed for routing.,2025-03-03 09:55:10.460198,
963,2,Security,Forwarded (Incorrect),False,"Incorrectly routed here, reassigning to the appropriate department.",2025-03-03 11:20:09.416775,
963,3,Administration,Forwarded (Re-routed),True,Re-routed from Security; now correctly assigned for Corruption/Bribery.,2025-03-03 21:36:51.438947,
963,4,Administration,Reviewed,True,Issue verified and resolved after review.,2025-03-05 14:47:07.962337,Resolved
964,1,Public Relations,Received,,Complaint logged and reviewed for routing.,2025-07-22 17:29:12.827348,
964,2,Security,Forwarded (Correct),True,"Received from Public Relations, correctly routed for Safety Concern.",2025-07-23 01:07:48.973044,
964,3,Security,Reviewed,True,On hold due to resource availability.,2025-07-23 08:52:23.821708,Unresolved
965,1,Public Relations,Received,,Complaint logged and reviewed for routing.,2025-03-03 06:43:20.274286,
965,2,Customer Support,Forwarded (Correct),True,"Received from Public Relations, correctly routed for Staff Behavior.",2025-03-03 10:51:35.352599,
965,3,Customer Support,Reviewed,True,Confirmed with the customer that the issue is fixed.,2025-03-04 15:55:16.901388,Resolved
966,1,Public Relations,Received,,Complaint logged and reviewed for routing.,2025-06-19 09:53:41.002372,
966,2,Billing,Forwarded (Correct),True,"Received from Public Relations, correctly routed for Billing Issue.",2025-06-19 15:10:47.697024,
966,3,Billing,Reviewed,True,Corrected the error and notified the customer.,2025-06-21 01:13:22.981967,Resolved
967,1,Public Relations,Received,,Complaint logged and reviewed for routing.,2025-10-22 08:44:22.038297,
967,2,Billing,Forwarded (Correct),True,"Received from Public Relations, correctly routed for Billing Issue.",2025-10-22 14:27:37.941467,
967,3,Billing,Reviewed,True,Confirmed with the customer that the issue is fixed.,2025-10-26 01:16:10.354036,Resolved
968,1,Public Relations,Received,,Complaint logged and reviewed for routing.,2025-08-15 03:07:10.693339,
968,2,Operations,Forwarded (Correct),True,"Received from Public Relations, correctly routed for Service Delay.",2025-08-15 07:04:05.807923,
968,3,Operations,Reviewed,True,Resolved following standard procedure.,2025-08-18 08:50:17.381236,Resolved
969,1,Public Relations,Received,,Complaint logged and reviewed for routing.,2025-10-10 12:16:58.728383,
969,2,Billing,Forwarded (Correct),True,"Received from Public Relations, correctly routed for Billing Issue.",2025-10-10 17:01:09.979064,
969,3,Billing,Reviewed,True,Issue verified and resolved after review.,2025-10-13 16:19:41.395068,Resolved
970,1,Public Relations,Received,,Complaint logged and reviewed for routing.,2025-02-09 17:12:43.814358,
970,2,Customer Support,Forwarded (Correct),True,"Received from Public Relations, correctly routed for Appreciation.",2025-02-09 20:53:26.541399,
970,3,Customer Support,Reviewed,True,Escalated to senior staff for further action.,2025-02-10 19:36:06.419427,Unresolved
971,1,Public Relations,Received,,Complaint logged and reviewed for routing.,2025-03-25 14:41:23.762538,
971,2,Billing,Forwarded (Correct),True,"Received from Public Relations, correctly routed for Billing Issue.",2025-03-25 17:57:41.109551,
971,3,Billing,Reviewed,True,On hold due to resource availability.,2025-03-27 06:35:42.892887,Unresolved
972,1,Public Relations,Received,,Complaint logged and reviewed for routing.,2025-10-24 11:01:58.681707,
972,2,Billing,Forwarded (Correct),True,"Received from Public Relations, correctly routed for Billing Issue.",2025-10-24 16:43:35.793374,
972,3,Billing,Reviewed,True,Corrected the error and notified the customer.,2025-10-27 14:07:06.448815,Resolved
973,1,Public Relations,Received,,Complaint logged and reviewed for routing.,2025-10-17 11:45:41.008253,
973,2,Operations,Forwarded (Correct),True,"Received from Public Relations, correctly routed for Service Delay.",2025-10-17 16:46:02.294634,
973,3,Operations,Reviewed,True,Corrected the error and notified the customer.,2025-10-19 19:53:07.373607,Resolved
974,1,Public Relations,Received,,Complaint logged and reviewed for routing.,2025-06-25 04:42:44.082590,
974,2,Operations,Forwarded (Correct),True,"Received from Public Relations, correctly routed for Service Delay.",2025-06-25 10:37:47.839641,
974,3,Operations,Reviewed,True,Resolved following standard procedure.,2025-06-28 20:25:18.102061,Resolved
975,1,Public Relations,Received,,Complaint logged and reviewed for routing.,2025-01-11 15:03:42.846670,
975,2,Maintenance,Forwarded (Correct),True,"Received from Public Relations, correctly routed for Infrastructure.",2025-01-11 22:04:30.529115,
975,3,Maintenance,Reviewed,True,Completed the requested action successfully.,2025-01-12 20:17:18.753986,Resolved
976,1,Public Relations,Received,,Complaint logged and reviewed for routing.,2025-05-14 11:12:59.043634,
976,2,Customer Support,Forwarded (Correct),True,"Received from Public Relations, correctly routed for Appreciation.",2025-05-14 17:47:35.323579,
976,3,Customer Support,Reviewed,True,Confirmed with the customer that the issue is fixed.,2025-05-15 19:01:17.098037,Resolved
977,1,Public Relations,Received,,Complaint logged and reviewed for routing.,2025-10-17 16:08:35.570263,
977,2,Customer Support,Forwarded (Correct),True,"Received from Public Relations, correctly routed for Appreciation.",2025-10-17 19:38:25.432171,
977,3,Customer Support,Reviewed,True,Escalated to senior staff for further action.,2025-10-19 08:06:09.986635,Unresolved
978,1,Public Relations,Received,,Complaint logged and reviewed for routing.,2025-07-14 17:51:08.909127,
978,2,Billing,Forwarded (Incorrect),False,"This complaint does not belong to our department, forwarding to the correct team.",2025-07-15 00:09:52.351057,
978,3,Customer Support,Forwarded (Re-routed),True,Re-routed from Billing; now correctly assigned for Appreciation.,2025-07-15 05:19:52.099608,
978,4,Customer Support,Reviewed,True,Corrected the error and notified the customer.,2025-07-19 00:12:22.437514,Resolved
979,1,Public Relations,Received,,Complaint logged and reviewed for routing.,2025-02-17 14:30:45.269452,
979,2,Operations,Forwarded (Correct),True,"Received from Public Relations, correctly routed for Service Delay.",2025-02-17 20:10:43.190501,
979,3,Operations,Reviewed,True,Requires field visit before it can be closed.,2025-02-21 14:42:29.197161,Unresolved
980,1,Public Relations,Received,,Complaint logged and reviewed for routing.,2025-01-14 15:38:01.776006,
980,2,Security,Forwarded (Correct),True,"Received from Public Relations, correctly routed for Safety Concern.",2025-01-14 20:03:06.656020,
980,3,Security,Reviewed,True,Confirmed with the customer that the issue is fixed.,2025-01-18 15:11:16.938967,Resolved
981,1,Public Relations,Received,,Complaint logged and reviewed for routing.,2025-08-09 23:45:10.416020,
981,2,Administration,Forwarded (Incorrect),False,"This complaint does not belong to our department, forwarding to the correct team.",2025-08-10 02:30:09.034628,
981,3,Security,Forwarded (Re-routed),True,Re-routed from Administration; now correctly assigned for Safety Concern.,2025-08-11 01:47:15.624759,
981,4,Security,Reviewed,True,Corrected the error and notified the customer.,2025-08-13 09:58:20.107867,Resolved
982,1,Public Relations,Received,,Complaint logged and reviewed for routing.,2025-09-20 14:58:44.741478,
982,2,Billing,Forwarded (Correct),True,"Received from Public Relations, correctly routed for Billing Issue.",2025-09-20 19:01:15.063311,
982,3,Billing,Reviewed,True,Resolved following standard procedure.,2025-09-21 16:51:58.196975,Resolved
983,1,Public Relations,Received,,Complaint logged and reviewed for routing.,2025-02-06 17:52:22.952028,
983,2,Billing,Forwarded (Correct),True,"Received from Public Relations, correctly routed for Billing Issue.",2025-02-06 22:50:23.133462,
983,3,Billing,Reviewed,True,Resolved following standard procedure.,2025-02-07 17:31:32.456375,Resolved
984,1,Public Relations,Received,,Complaint logged and reviewed for routing.,2025-05-22 15:37:17.379643,
984,2,Operations,Forwarded (Correct),True,"Received from Public Relations, correctly routed for Service Delay.",2025-05-22 18:29:07.901949,
984,3,Operations,Reviewed,True,Corrected the error and notified the customer.,2025-05-26 08:52:38.559024,Resolved
985,1,Public Relations,Received,,Complaint logged and reviewed for routing.,2025-03-27 19:29:12.699525,
985,2,Billing,Forwarded (Correct),True,"Received from Public Relations, correctly routed for Billing Issue.",2025-03-28 00:44:43.300964,
985,3,Billing,Reviewed,True,Issue verified and resolved after review.,2025-03-30 15:38:18.444992,Resolved
986,1,Public Relations,Received,,Complaint logged and reviewed for routing.,2025-08-14 11:07:49.247898,
986,2,Billing,Forwarded (Correct),True,"Received from Public Relations, correctly routed for Billing Issue.",2025-08-14 14:44:31.456726,
986,3,Billing,Reviewed,True,Issue verified and resolved after review.,2025-08-15 17:14:47.219666,Resolved
987,1,Public Relations,Received,,Complaint logged and reviewed for routing.,2025-03-14 12:07:56.490956,
987,2,Billing,Forwarded (Correct),True,"Received from Public Relations, correctly routed for Billing Issue.",2025-03-14 14:33:54.487008,
987,3,Billing,Reviewed,True,Escalated to senior staff for further action.,2025-03-17 21:27:35.999339,Unresolved
988,1,Public Relations,Received,,Complaint logged and reviewed for routing.,2025-01-15 15:14:41.524352,
988,2,Customer Support,Forwarded (Correct),True,"Received from Public Relations, correctly routed for Appreciation.",2025-01-15 19:58:57.738815,
988,3,Customer Support,Reviewed,True,"Still under investigation, pending further review.",2025-01-17 03:21:18.085307,Unresolved
989,1,Public Relations,Received,,Complaint logged and reviewed for routing.,2025-02-28 20:58:19.416235,
989,2,Billing,Forwarded (Correct),True,"Received from Public Relations, correctly routed for Billing Issue.",2025-03-01 00:55:20.177094,
989,3,Billing,Reviewed,True,Confirmed with the customer that the issue is fixed.,2025-03-05 00:13:07.367416,Resolved
990,1,Public Relations,Received,,Complaint logged and reviewed for routing.,2025-09-10 09:53:47.744017,
990,2,Security,Forwarded (Correct),True,"Received from Public Relations, correctly routed for Safety Concern.",2025-09-10 13:13:54.276646,
990,3,Security,Reviewed,True,Issue verified and resolved after review.,2025-09-12 21:56:46.098788,Resolved
991,1,Public Relations,Received,,Complaint logged and reviewed for routing.,2025-07-14 19:22:52.563973,
991,2,Operations,Forwarded (Correct),True,"Received from Public Relations, correctly routed for Service Delay.",2025-07-14 22:02:01.000397,
991,3,Operations,Reviewed,True,Waiting on additional information from the customer.,2025-07-16 13:09:04.619193,Unresolved
992,1,Public Relations,Received,,Complaint logged and reviewed for routing.,2025-07-21 16:10:37.572474,
992,2,Administration,Forwarded (Correct),True,"Received from Public Relations, correctly routed for Corruption/Bribery.",2025-07-21 18:10:33.634948,
992,3,Administration,Reviewed,True,Resolved following standard procedure.,2025-07-22 10:14:06.077964,Resolved
993,1,Public Relations,Received,,Complaint logged and reviewed for routing.,2025-07-15 11:45:58.238272,
993,2,Administration,Forwarded (Incorrect),False,"Not within our scope, sending to the relevant department.",2025-07-15 14:04:46.839432,
993,3,Operations,Forwarded (Re-routed),True,Re-routed from Administration; now correctly assigned for Service Delay.,2025-07-15 20:41:49.881529,
993,4,Operations,Reviewed,True,Completed the requested action successfully.,2025-07-16 23:05:23.693066,Resolved
994,1,Public Relations,Received,,Complaint logged and reviewed for routing.,2025-03-10 19:32:37.365208,
994,2,Customer Support,Forwarded (Correct),True,"Received from Public Relations, correctly routed for Appreciation.",2025-03-11 03:07:32.594404,
994,3,Customer Support,Reviewed,True,Completed the requested action successfully.,2025-03-14 20:56:08.554791,Resolved
995,1,Public Relations,Received,,Complaint logged and reviewed for routing.,2025-08-10 20:25:46.827193,
995,2,Billing,Forwarded (Incorrect),False,"Incorrectly routed here, reassigning to the appropriate department.",2025-08-11 03:46:12.124626,
995,3,Security,Forwarded (Re-routed),True,Re-routed from Billing; now correctly assigned for Safety Concern.,2025-08-11 09:02:12.279132,
995,4,Security,Reviewed,True,Corrected the error and notified the customer.,2025-08-13 09:22:02.613141,Resolved
996,1,Public Relations,Received,,Complaint logged and reviewed for routing.,2025-08-04 13:58:56.715483,
996,2,Billing,Forwarded (Correct),True,"Received from Public Relations, correctly routed for Billing Issue.",2025-08-04 18:07:39.918749,
996,3,Billing,Reviewed,True,Issue verified and resolved after review.,2025-08-08 16:08:54.836154,Resolved
997,1,Public Relations,Received,,Complaint logged and reviewed for routing.,2025-01-01 18:53:58.534012,
997,2,Security,Forwarded (Incorrect),False,"Not within our scope, sending to the relevant department.",2025-01-01 23:14:31.436404,
997,3,Operations,Forwarded (Re-routed),True,Re-routed from Security; now correctly assigned for Service Delay.,2025-01-02 17:53:43.585035,
997,4,Operations,Reviewed,True,Issue verified and resolved after review.,2025-01-05 20:02:48.098943,Resolved
998,1,Public Relations,Received,,Complaint logged and reviewed for routing.,2025-01-03 14:39:47.530878,
998,2,Billing,Forwarded (Correct),True,"Received from Public Relations, correctly routed for Billing Issue.",2025-01-03 17:55:11.452153,
998,3,Billing,Reviewed,True,Completed the requested action successfully.,2025-01-05 04:03:09.296760,Resolved
999,1,Public Relations,Received,,Complaint logged and reviewed for routing.,2025-04-11 11:43:31.903481,
999,2,Billing,Forwarded (Incorrect),False,"Not within our scope, sending to the relevant department.",2025-04-11 18:42:01.102097,
999,3,Customer Support,Forwarded (Re-routed),True,Re-routed from Billing; now correctly assigned for Staff Behavior.,2025-04-12 04:42:42.106087,
999,4,Customer Support,Reviewed,True,Completed the requested action successfully.,2025-04-16 03:37:16.892276,Resolved
1000,1,Public Relations,Received,,Complaint logged and reviewed for routing.,2025-11-20 19:56:16.114956,
1000,2,Maintenance,Forwarded (Incorrect),False,"Not within our scope, sending to the relevant department.",2025-11-20 23:16:33.126891,
1000,3,Administration,Forwarded (Re-routed),True,Re-routed from Maintenance; now correctly assigned for Corruption/Bribery.,2025-11-21 07:18:02.192297,
1000,4,Administration,Reviewed,True,Requires field visit before it can be closed.,2025-11-23 11:12:16.643385,Unresolved
1001,1,Public Relations,Received,,Complaint logged and reviewed for routing.,2025-12-26 08:28:09.235453,
1001,2,Security,Forwarded (Correct),True,"Received from Public Relations, correctly routed for Safety Concern.",2025-12-26 14:59:03.369155,
1001,3,Security,Reviewed,True,Resolved following standard procedure.,2025-12-26 22:24:46.746644,Resolved
1002,1,Public Relations,Received,,Complaint logged and reviewed for routing.,2025-07-06 09:14:19.014722,
1002,2,Maintenance,Forwarded (Incorrect),False,"Not within our scope, sending to the relevant department.",2025-07-06 15:40:54.979406,
1002,3,Administration,Forwarded (Re-routed),True,Re-routed from Maintenance; now correctly assigned for Corruption/Bribery.,2025-07-07 01:17:08.223441,
1002,4,Administration,Reviewed,True,On hold due to resource availability.,2025-07-10 08:32:34.273952,Unresolved
1003,1,Public Relations,Received,,Complaint logged and reviewed for routing.,2025-09-25 09:48:58.686333,
1003,2,Billing,Forwarded (Correct),True,"Received from Public Relations, correctly routed for Billing Issue.",2025-09-25 15:41:47.957499,
1003,3,Billing,Reviewed,True,Resolved following standard procedure.,2025-09-28 13:24:18.706494,Resolved
1004,1,Public Relations,Received,,Complaint logged and reviewed for routing.,2025-10-04 11:05:45.609933,
1004,2,Billing,Forwarded (Incorrect),False,"Incorrectly routed here, reassigning to the appropriate department.",2025-10-04 13:23:13.461414,
1004,3,Maintenance,Forwarded (Re-routed),True,Re-routed from Billing; now correctly assigned for Infrastructure.,2025-10-05 09:37:14.383784,
1004,4,Maintenance,Reviewed,True,Requires field visit before it can be closed.,2025-10-07 17:29:07.449924,Unresolved
1005,1,Public Relations,Received,,Complaint logged and reviewed for routing.,2025-05-17 14:38:16.125948,
1005,2,Operations,Forwarded (Correct),True,"Received from Public Relations, correctly routed for Service Delay.",2025-05-17 15:49:16.891152,
1005,3,Operations,Reviewed,True,On hold due to resource availability.,2025-05-18 12:31:41.230637,Unresolved
1006,1,Public Relations,Received,,Complaint logged and reviewed for routing.,2025-03-25 18:43:26.802633,
1006,2,Operations,Forwarded (Correct),True,"Received from Public Relations, correctly routed for Service Delay.",2025-03-26 01:20:00.310127,
1006,3,Operations,Reviewed,True,Corrected the error and notified the customer.,2025-03-27 14:34:42.184758,Resolved
1007,1,Public Relations,Received,,Complaint logged and reviewed for routing.,2025-11-28 17:04:38.715388,
1007,2,Operations,Forwarded (Correct),True,"Received from Public Relations, correctly routed for Service Delay.",2025-11-28 18:05:16.795100,
1007,3,Operations,Reviewed,True,Confirmed with the customer that the issue is fixed.,2025-11-29 02:11:41.094628,Resolved
1008,1,Public Relations,Received,,Complaint logged and reviewed for routing.,2025-09-17 14:28:29.440153,
1008,2,Customer Support,Forwarded (Correct),True,"Received from Public Relations, correctly routed for Staff Behavior.",2025-09-17 22:23:09.973015,
1008,3,Customer Support,Reviewed,True,"Still under investigation, pending further review.",2025-09-19 07:26:06.293576,Unresolved
1009,1,Public Relations,Received,,Complaint logged and reviewed for routing.,2025-09-22 11:43:19.336094,
1009,2,Customer Support,Forwarded (Correct),True,"Received from Public Relations, correctly routed for Staff Behavior.",2025-09-22 15:06:10.770934,
1009,3,Customer Support,Reviewed,True,Resolved following standard procedure.,2025-09-25 00:27:00.760020,Resolved
1010,1,Public Relations,Received,,Complaint logged and reviewed for routing.,2025-06-22 14:34:58.224424,
1010,2,Customer Support,Forwarded (Correct),True,"Received from Public Relations, correctly routed for Appreciation.",2025-06-22 18:07:54.677254,
1010,3,Customer Support,Reviewed,True,Completed the requested action successfully.,2025-06-25 20:42:58.787606,Resolved
1011,1,Public Relations,Received,,Complaint logged and reviewed for routing.,2025-10-17 14:45:12.977693,
1011,2,Customer Support,Forwarded (Correct),True,"Received from Public Relations, correctly routed for Appreciation.",2025-10-17 21:50:53.517255,
1011,3,Customer Support,Reviewed,True,Resolved following standard procedure.,2025-10-20 22:01:35.420625,Resolved
1012,1,Public Relations,Received,,Complaint logged and reviewed for routing.,2025-08-20 18:36:04.089797,
1012,2,Maintenance,Forwarded (Correct),True,"Received from Public Relations, correctly routed for Infrastructure.",2025-08-21 01:29:20.952951,
1012,3,Maintenance,Reviewed,True,Confirmed with the customer that the issue is fixed.,2025-08-24 06:30:40.568600,Resolved
1013,1,Public Relations,Received,,Complaint logged and reviewed for routing.,2025-02-18 01:00:23.260010,
1013,2,Security,Forwarded (Correct),True,"Received from Public Relations, correctly routed for Safety Concern.",2025-02-18 07:28:19.071925,
1013,3,Security,Reviewed,True,Issue verified and resolved after review.,2025-02-20 18:25:34.524329,Resolved
1014,1,Public Relations,Received,,Complaint logged and reviewed for routing.,2025-05-03 10:17:50.142655,
1014,2,Billing,Forwarded (Incorrect),False,"Not within our scope, sending to the relevant department.",2025-05-03 16:58:00.246917,
1014,3,Customer Support,Forwarded (Re-routed),True,Re-routed from Billing; now correctly assigned for Staff Behavior.,2025-05-04 06:45:25.818212,
1014,4,Customer Support,Reviewed,True,Confirmed with the customer that the issue is fixed.,2025-05-08 05:18:58.286492,Resolved
1015,1,Public Relations,Received,,Complaint logged and reviewed for routing.,2025-08-08 18:21:16.332816,
1015,2,Billing,Forwarded (Correct),True,"Received from Public Relations, correctly routed for Billing Issue.",2025-08-09 01:30:47.675006,
1015,3,Billing,Reviewed,True,Completed the requested action successfully.,2025-08-12 16:26:29.175183,Resolved
1016,1,Public Relations,Received,,Complaint logged and reviewed for routing.,2025-10-09 10:52:41.281338,
1016,2,Billing,Forwarded (Correct),True,"Received from Public Relations, correctly routed for Billing Issue.",2025-10-09 18:07:35.686770,
1016,3,Billing,Reviewed,True,Completed the requested action successfully.,2025-10-12 05:05:33.342049,Resolved
1017,1,Public Relations,Received,,Complaint logged and reviewed for routing.,2025-09-15 15:25:18.625598,
1017,2,Customer Support,Forwarded (Correct),True,"Received from Public Relations, correctly routed for Staff Behavior.",2025-09-15 23:23:14.128239,
1017,3,Customer Support,Reviewed,True,Confirmed with the customer that the issue is fixed.,2025-09-18 19:25:33.413089,Resolved
1018,1,Public Relations,Received,,Complaint logged and reviewed for routing.,2025-05-10 11:06:43.741336,
1018,2,Administration,Forwarded (Correct),True,"Received from Public Relations, correctly routed for Corruption/Bribery.",2025-05-10 19:01:49.340881,
1018,3,Administration,Reviewed,True,Completed the requested action successfully.,2025-05-13 08:54:11.897312,Resolved
1019,1,Public Relations,Received,,Complaint logged and reviewed for routing.,2025-09-04 13:26:19.452624,
1019,2,Maintenance,Forwarded (Correct),True,"Received from Public Relations, correctly routed for Infrastructure.",2025-09-04 19:10:21.239063,
1019,3,Maintenance,Reviewed,True,Confirmed with the customer that the issue is fixed.,2025-09-07 09:01:21.541960,Resolved
1020,1,Public Relations,Received,,Complaint logged and reviewed for routing.,2025-09-27 01:54:57.854999,
1020,2,Customer Support,Forwarded (Correct),True,"Received from Public Relations, correctly routed for Staff Behavior.",2025-09-27 09:44:20.643522,
1020,3,Customer Support,Reviewed,True,Escalated to senior staff for further action.,2025-09-30 09:32:57.764156,Unresolved
1021,1,Public Relations,Received,,Complaint logged and reviewed for routing.,2025-02-22 18:32:21.948114,
1021,2,Billing,Forwarded (Incorrect),False,"Incorrectly routed here, reassigning to the appropriate department.",2025-02-23 01:03:18.574106,
1021,3,Customer Support,Forwarded (Re-routed),True,Re-routed from Billing; now correctly assigned for Staff Behavior.,2025-02-24 00:39:17.130152,
1021,4,Customer Support,Reviewed,True,Issue verified and resolved after review.,2025-02-25 20:41:50.612349,Resolved
1022,1,Public Relations,Received,,Complaint logged and reviewed for routing.,2025-07-14 09:02:04.142792,
1022,2,Administration,Forwarded (Correct),True,"Received from Public Relations, correctly routed for Corruption/Bribery.",2025-07-14 13:53:36.188237,
1022,3,Administration,Reviewed,True,Completed the requested action successfully.,2025-07-18 03:37:22.167450,Resolved
1023,1,Public Relations,Received,,Complaint logged and reviewed for routing.,2025-07-16 12:28:59.937445,
1023,2,Maintenance,Forwarded (Incorrect),False,"Incorrectly routed here, reassigning to the appropriate department.",2025-07-16 18:10:22.576233,
1023,3,Administration,Forwarded (Re-routed),True,Re-routed from Maintenance; now correctly assigned for Corruption/Bribery.,2025-07-17 06:14:40.870999,
1023,4,Administration,Reviewed,True,Completed the requested action successfully.,2025-07-18 11:33:38.344944,Resolved
1024,1,Public Relations,Received,,Complaint logged and reviewed for routing.,2025-08-15 15:38:51.910490,
1024,2,Administration,Forwarded (Correct),True,"Received from Public Relations, correctly routed for Corruption/Bribery.",2025-08-15 19:34:12.538495,
1024,3,Administration,Reviewed,True,On hold due to resource availability.,2025-08-17 21:52:02.089101,Unresolved
1025,1,Public Relations,Received,,Complaint logged and reviewed for routing.,2025-08-14 20:04:57.471871,
1025,2,Customer Support,Forwarded (Correct),True,"Received from Public Relations, correctly routed for Appreciation.",2025-08-15 01:03:18.694042,
1025,3,Customer Support,Reviewed,True,Waiting on additional information from the customer.,2025-08-17 10:17:01.279446,Unresolved
1026,1,Public Relations,Received,,Complaint logged and reviewed for routing.,2025-06-12 15:18:05.393780,
1026,2,Customer Support,Forwarded (Correct),True,"Received from Public Relations, correctly routed for Staff Behavior.",2025-06-12 16:24:11.850874,
1026,3,Customer Support,Reviewed,True,Requires field visit before it can be closed.,2025-06-13 22:46:37.782808,Unresolved
1027,1,Public Relations,Received,,Complaint logged and reviewed for routing.,2025-06-10 13:16:56.868792,
1027,2,Billing,Forwarded (Correct),True,"Received from Public Relations, correctly routed for Billing Issue.",2025-06-10 19:14:22.957797,
1027,3,Billing,Reviewed,True,Requires field visit before it can be closed.,2025-06-14 14:40:58.386300,Unresolved
1028,1,Public Relations,Received,,Complaint logged and reviewed for routing.,2025-05-28 12:02:54.052510,
1028,2,Billing,Forwarded (Correct),True,"Received from Public Relations, correctly routed for Billing Issue.",2025-05-28 17:51:58.981448,
1028,3,Billing,Reviewed,True,Completed the requested action successfully.,2025-05-31 23:09:28.301316,Resolved
1029,1,Public Relations,Received,,Complaint logged and reviewed for routing.,2025-07-24 17:25:27.262619,
1029,2,Customer Support,Forwarded (Correct),True,"Received from Public Relations, correctly routed for Appreciation.",2025-07-24 19:18:16.119086,
1029,3,Customer Support,Reviewed,True,Completed the requested action successfully.,2025-07-28 09:13:42.174638,Resolved
1030,1,Public Relations,Received,,Complaint logged and reviewed for routing.,2025-08-05 09:26:50.920647,
1030,2,Maintenance,Forwarded (Correct),True,"Received from Public Relations, correctly routed for Infrastructure.",2025-08-05 15:08:00.754168,
1030,3,Maintenance,Reviewed,True,Issue verified and resolved after review.,2025-08-06 08:23:06.515654,Resolved
1031,1,Public Relations,Received,,Complaint logged and reviewed for routing.,2025-05-02 16:35:31.896939,
1031,2,Billing,Forwarded (Incorrect),False,"Incorrectly routed here, reassigning to the appropriate department.",2025-05-02 22:21:06.175784,
1031,3,Operations,Forwarded (Re-routed),True,Re-routed from Billing; now correctly assigned for Service Delay.,2025-05-03 06:09:37.423610,
1031,4,Operations,Reviewed,True,Issue verified and resolved after review.,2025-05-05 16:00:58.070254,Resolved
1032,1,Public Relations,Received,,Complaint logged and reviewed for routing.,2025-01-21 08:12:53.760153,
1032,2,Administration,Forwarded (Correct),True,"Received from Public Relations, correctly routed for Corruption/Bribery.",2025-01-21 09:35:59.522179,
1032,3,Administration,Reviewed,True,Completed the requested action successfully.,2025-01-24 07:04:25.381351,Resolved
1033,1,Public Relations,Received,,Complaint logged and reviewed for routing.,2025-04-20 16:04:03.071207,
1033,2,Administration,Forwarded (Incorrect),False,"Not within our scope, sending to the relevant department.",2025-04-20 20:40:30.231044,
1033,3,Maintenance,Forwarded (Re-routed),True,Re-routed from Administration; now correctly assigned for Infrastructure.,2025-04-21 03:40:11.079920,
1033,4,Maintenance,Reviewed,True,Resolved following standard procedure.,2025-04-22 13:44:45.607528,Resolved
1034,1,Public Relations,Received,,Complaint logged and reviewed for routing.,2025-07-01 14:24:56.483327,
1034,2,Billing,Forwarded (Correct),True,"Received from Public Relations, correctly routed for Billing Issue.",2025-07-01 17:00:10.434285,
1034,3,Billing,Reviewed,True,Completed the requested action successfully.,2025-07-02 03:03:49.944227,Resolved
1035,1,Public Relations,Received,,Complaint logged and reviewed for routing.,2025-04-23 17:14:36.185815,
1035,2,Operations,Forwarded (Correct),True,"Received from Public Relations, correctly routed for Service Delay.",2025-04-23 23:41:30.795572,
1035,3,Operations,Reviewed,True,Confirmed with the customer that the issue is fixed.,2025-04-26 03:17:10.402876,Resolved
1036,1,Public Relations,Received,,Complaint logged and reviewed for routing.,2025-07-16 19:16:18.486094,
1036,2,Maintenance,Forwarded (Correct),True,"Received from Public Relations, correctly routed for Infrastructure.",2025-07-16 21:19:26.542935,
1036,3,Maintenance,Reviewed,True,Completed the requested action successfully.,2025-07-20 12:51:47.974646,Resolved
1037,1,Public Relations,Received,,Complaint logged and reviewed for routing.,2025-05-09 14:18:44.125295,
1037,2,Operations,Forwarded (Correct),True,"Received from Public Relations, correctly routed for Service Delay.",2025-05-09 16:11:02.391277,
1037,3,Operations,Reviewed,True,On hold due to resource availability.,2025-05-11 21:19:16.692183,Unresolved
1038,1,Public Relations,Received,,Complaint logged and reviewed for routing.,2025-04-03 08:07:17.465835,
1038,2,Operations,Forwarded (Correct),True,"Received from Public Relations, correctly routed for Service Delay.",2025-04-03 15:11:52.493047,
1038,3,Operations,Reviewed,True,Waiting on additional information from the customer.,2025-04-06 16:10:13.594669,Unresolved
1039,1,Public Relations,Received,,Complaint logged and reviewed for routing.,2025-03-23 07:20:04.687274,
1039,2,Billing,Forwarded (Correct),True,"Received from Public Relations, correctly routed for Billing Issue.",2025-03-23 12:52:15.432268,
1039,3,Billing,Reviewed,True,"Still under investigation, pending further review.",2025-03-23 21:46:46.313701,Unresolved
1040,1,Public Relations,Received,,Complaint logged and reviewed for routing.,2025-04-27 11:59:31.338339,
1040,2,Operations,Forwarded (Correct),True,"Received from Public Relations, correctly routed for Service Delay.",2025-04-27 18:50:34.536083,
1040,3,Operations,Reviewed,True,On hold due to resource availability.,2025-04-28 16:10:04.863074,Unresolved
1041,1,Public Relations,Received,,Complaint logged and reviewed for routing.,2025-06-04 17:36:47.345792,
1041,2,Security,Forwarded (Incorrect),False,"Not within our scope, sending to the relevant department.",2025-06-04 21:27:25.563244,
1041,3,Customer Support,Forwarded (Re-routed),True,Re-routed from Security; now correctly assigned for Staff Behavior.,2025-06-05 03:45:30.051674,
1041,4,Customer Support,Reviewed,True,"Still under investigation, pending further review.",2025-06-08 17:17:45.479904,Unresolved
1042,1,Public Relations,Received,,Complaint logged and reviewed for routing.,2025-06-08 17:26:02.866962,
1042,2,Billing,Forwarded (Correct),True,"Received from Public Relations, correctly routed for Billing Issue.",2025-06-08 20:18:13.030796,
1042,3,Billing,Reviewed,True,Issue verified and resolved after review.,2025-06-09 18:46:53.485741,Resolved
1043,1,Public Relations,Received,,Complaint logged and reviewed for routing.,2025-08-05 13:05:45.007391,
1043,2,Operations,Forwarded (Correct),True,"Received from Public Relations, correctly routed for Service Delay.",2025-08-05 19:05:52.664247,
1043,3,Operations,Reviewed,True,Resolved following standard procedure.,2025-08-09 11:19:27.699686,Resolved
1044,1,Public Relations,Received,,Complaint logged and reviewed for routing.,2025-06-06 09:54:44.417150,
1044,2,Billing,Forwarded (Correct),True,"Received from Public Relations, correctly routed for Billing Issue.",2025-06-06 10:56:08.109043,
1044,3,Billing,Reviewed,True,On hold due to resource availability.,2025-06-06 16:11:17.303051,Unresolved
1045,1,Public Relations,Received,,Complaint logged and reviewed for routing.,2025-12-20 10:51:54.902541,
1045,2,Administration,Forwarded (Incorrect),False,"Incorrectly routed here, reassigning to the appropriate department.",2025-12-20 17:20:53.147621,
1045,3,Billing,Forwarded (Re-routed),True,Re-routed from Administration; now correctly assigned for Billing Issue.,2025-12-21 00:42:35.375810,
1045,4,Billing,Reviewed,True,Issue verified and resolved after review.,2025-12-23 09:43:28.846624,Resolved
1046,1,Public Relations,Received,,Complaint logged and reviewed for routing.,2025-05-09 10:02:18.548842,
1046,2,Customer Support,Forwarded (Correct),True,"Received from Public Relations, correctly routed for Appreciation.",2025-05-09 13:17:45.938443,
1046,3,Customer Support,Reviewed,True,Issue verified and resolved after review.,2025-05-12 06:02:29.915563,Resolved
1047,1,Public Relations,Received,,Complaint logged and reviewed for routing.,2025-05-06 16:10:36.463334,
1047,2,Billing,Forwarded (Incorrect),False,"Not within our scope, sending to the relevant department.",2025-05-06 17:18:06.902220,
1047,3,Maintenance,Forwarded (Re-routed),True,Re-routed from Billing; now correctly assigned for Infrastructure.,2025-05-07 00:49:05.583090,
1047,4,Maintenance,Reviewed,True,Completed the requested action successfully.,2025-05-08 02:02:40.051621,Resolved
1048,1,Public Relations,Received,,Complaint logged and reviewed for routing.,2025-10-24 12:10:12.246749,
1048,2,Operations,Forwarded (Correct),True,"Received from Public Relations, correctly routed for Service Delay.",2025-10-24 15:40:50.834908,
1048,3,Operations,Reviewed,True,Completed the requested action successfully.,2025-10-27 19:58:54.416194,Resolved
1049,1,Public Relations,Received,,Complaint logged and reviewed for routing.,2025-11-11 14:57:48.475419,
1049,2,Maintenance,Forwarded (Correct),True,"Received from Public Relations, correctly routed for Infrastructure.",2025-11-11 17:34:36.202014,
1049,3,Maintenance,Reviewed,True,Waiting on additional information from the customer.,2025-11-13 18:09:42.066681,Unresolved
1050,1,Public Relations,Received,,Complaint logged and reviewed for routing.,2025-05-15 18:12:55.322985,
1050,2,Operations,Forwarded (Correct),True,"Received from Public Relations, correctly routed for Service Delay.",2025-05-16 00:36:37.866130,
1050,3,Operations,Reviewed,True,Requires field visit before it can be closed.,2025-05-16 14:37:11.909261,Unresolved
1051,1,Public Relations,Received,,Complaint logged and reviewed for routing.,2025-08-01 10:03:58.856961,
1051,2,Maintenance,Forwarded (Correct),True,"Received from Public Relations, correctly routed for Infrastructure.",2025-08-01 15:36:39.066486,
1051,3,Maintenance,Reviewed,True,Waiting on additional information from the customer.,2025-08-03 11:42:27.973057,Unresolved
1052,1,Public Relations,Received,,Complaint logged and reviewed for routing.,2025-02-21 13:24:11.386724,
1052,2,Security,Forwarded (Correct),True,"Received from Public Relations, correctly routed for Safety Concern.",2025-02-21 15:10:25.102596,
1052,3,Security,Reviewed,True,On hold due to resource availability.,2025-02-23 22:44:35.397561,Unresolved
1053,1,Public Relations,Received,,Complaint logged and reviewed for routing.,2025-12-13 19:19:39.370946,
1053,2,Customer Support,Forwarded (Incorrect),False,"This complaint does not belong to our department, forwarding to the correct team.",2025-12-14 03:11:42.074289,
1053,3,Maintenance,Forwarded (Re-routed),True,Re-routed from Customer Support; now correctly assigned for Infrastructure.,2025-12-14 07:23:29.756842,
1053,4,Maintenance,Reviewed,True,Corrected the error and notified the customer.,2025-12-17 05:57:58.425667,Resolved
1054,1,Public Relations,Received,,Complaint logged and reviewed for routing.,2025-12-15 14:44:51.544060,
1054,2,Billing,Forwarded (Correct),True,"Received from Public Relations, correctly routed for Billing Issue.",2025-12-15 20:57:50.811039,
1054,3,Billing,Reviewed,True,Requires field visit before it can be closed.,2025-12-18 01:26:08.904943,Unresolved
1055,1,Public Relations,Received,,Complaint logged and reviewed for routing.,2025-03-27 11:13:55.531854,
1055,2,Maintenance,Forwarded (Correct),True,"Received from Public Relations, correctly routed for Infrastructure.",2025-03-27 13:23:06.890528,
1055,3,Maintenance,Reviewed,True,Completed the requested action successfully.,2025-03-31 05:32:05.809883,Resolved
1056,1,Public Relations,Received,,Complaint logged and reviewed for routing.,2025-12-02 12:07:12.134130,
1056,2,Operations,Forwarded (Correct),True,"Received from Public Relations, correctly routed for Service Delay.",2025-12-02 18:44:40.154789,
1056,3,Operations,Reviewed,True,Issue verified and resolved after review.,2025-12-04 01:40:30.806437,Resolved
1057,1,Public Relations,Received,,Complaint logged and reviewed for routing.,2025-02-09 10:57:23.734303,
1057,2,Billing,Forwarded (Correct),True,"Received from Public Relations, correctly routed for Billing Issue.",2025-02-09 14:21:28.082550,
1057,3,Billing,Reviewed,True,Completed the requested action successfully.,2025-02-12 08:25:57.618170,Resolved
1058,1,Public Relations,Received,,Complaint logged and reviewed for routing.,2025-08-20 21:26:51.952560,
1058,2,Maintenance,Forwarded (Correct),True,"Received from Public Relations, correctly routed for Infrastructure.",2025-08-21 01:55:35.418214,
1058,3,Maintenance,Reviewed,True,Waiting on additional information from the customer.,2025-08-22 12:37:41.438331,Unresolved
1059,1,Public Relations,Received,,Complaint logged and reviewed for routing.,2025-10-17 12:38:13.898281,
1059,2,Billing,Forwarded (Correct),True,"Received from Public Relations, correctly routed for Billing Issue.",2025-10-17 18:49:13.246527,
1059,3,Billing,Reviewed,True,Corrected the error and notified the customer.,2025-10-19 16:25:19.956675,Resolved
1060,1,Public Relations,Received,,Complaint logged and reviewed for routing.,2025-08-15 18:20:24.775147,
1060,2,Operations,Forwarded (Incorrect),False,"Not within our scope, sending to the relevant department.",2025-08-15 21:07:23.552775,
1060,3,Customer Support,Forwarded (Re-routed),True,Re-routed from Operations; now correctly assigned for Appreciation.,2025-08-16 11:04:52.019140,
1060,4,Customer Support,Reviewed,True,Issue verified and resolved after review.,2025-08-18 03:54:02.173158,Resolved
1061,1,Public Relations,Received,,Complaint logged and reviewed for routing.,2025-06-14 09:51:00.579859,
1061,2,Administration,Forwarded (Correct),True,"Received from Public Relations, correctly routed for Corruption/Bribery.",2025-06-14 11:28:10.280622,
1061,3,Administration,Reviewed,True,Requires field visit before it can be closed.,2025-06-15 12:27:55.660965,Unresolved
1062,1,Public Relations,Received,,Complaint logged and reviewed for routing.,2025-11-08 17:40:05.070634,
1062,2,Operations,Forwarded (Correct),True,"Received from Public Relations, correctly routed for Service Delay.",2025-11-08 23:59:13.462558,
1062,3,Operations,Reviewed,True,"Still under investigation, pending further review.",2025-11-10 20:17:59.101594,Unresolved
1063,1,Public Relations,Received,,Complaint logged and reviewed for routing.,2025-04-03 14:42:25.765047,
1063,2,Maintenance,Forwarded (Incorrect),False,"Not within our scope, sending to the relevant department.",2025-04-03 16:48:48.497419,
1063,3,Operations,Forwarded (Re-routed),True,Re-routed from Maintenance; now correctly assigned for Service Delay.,2025-04-04 11:29:57.862200,
1063,4,Operations,Reviewed,True,Issue verified and resolved after review.,2025-04-07 13:40:45.491737,Resolved
1064,1,Public Relations,Received,,Complaint logged and reviewed for routing.,2025-12-08 07:25:39.152436,
1064,2,Customer Support,Forwarded (Correct),True,"Received from Public Relations, correctly routed for Appreciation.",2025-12-08 14:29:16.294899,
1064,3,Customer Support,Reviewed,True,On hold due to resource availability.,2025-12-11 17:42:44.509174,Unresolved
1065,1,Public Relations,Received,,Complaint logged and reviewed for routing.,2025-10-19 16:49:56.939360,
1065,2,Billing,Forwarded (Correct),True,"Received from Public Relations, correctly routed for Billing Issue.",2025-10-19 21:17:37.270400,
1065,3,Billing,Reviewed,True,Corrected the error and notified the customer.,2025-10-22 07:02:19.673317,Resolved
1066,1,Public Relations,Received,,Complaint logged and reviewed for routing.,2025-04-11 13:53:33.944783,
1066,2,Security,Forwarded (Incorrect),False,"This complaint does not belong to our department, forwarding to the correct team.",2025-04-11 15:16:30.646900,
1066,3,Operations,Forwarded (Re-routed),True,Re-routed from Security; now correctly assigned for Service Delay.,2025-04-12 03:53:54.293622,
1066,4,Operations,Reviewed,True,Escalated to senior staff for further action.,2025-04-15 15:28:15.759518,Unresolved
1067,1,Public Relations,Received,,Complaint logged and reviewed for routing.,2025-09-21 13:34:55.548675,
1067,2,Maintenance,Forwarded (Incorrect),False,"Incorrectly routed here, reassigning to the appropriate department.",2025-09-21 16:17:41.143690,
1067,3,Customer Support,Forwarded (Re-routed),True,Re-routed from Maintenance; now correctly assigned for Appreciation.,2025-09-22 14:27:14.860253,
1067,4,Customer Support,Reviewed,True,Confirmed with the customer that the issue is fixed.,2025-09-24 09:41:25.483660,Resolved
1068,1,Public Relations,Received,,Complaint logged and reviewed for routing.,2025-05-28 09:10:58.663022,
1068,2,Customer Support,Forwarded (Correct),True,"Received from Public Relations, correctly routed for Appreciation.",2025-05-28 14:21:04.679526,
1068,3,Customer Support,Reviewed,True,Requires field visit before it can be closed.,2025-05-29 10:22:27.726597,Unresolved
1069,1,Public Relations,Received,,Complaint logged and reviewed for routing.,2025-08-03 15:23:07.584920,
1069,2,Billing,Forwarded (Correct),True,"Received from Public Relations, correctly routed for Billing Issue.",2025-08-03 21:07:36.817747,
1069,3,Billing,Reviewed,True,Issue verified and resolved after review.,2025-08-04 18:50:14.942641,Resolved
1070,1,Public Relations,Received,,Complaint logged and reviewed for routing.,2025-02-25 09:07:51.518663,
1070,2,Maintenance,Forwarded (Incorrect),False,"Not within our scope, sending to the relevant department.",2025-02-25 14:14:48.684299,
1070,3,Administration,Forwarded (Re-routed),True,Re-routed from Maintenance; now correctly assigned for Corruption/Bribery.,2025-02-25 22:38:48.460203,
1070,4,Administration,Reviewed,True,On hold due to resource availability.,2025-03-01 06:14:04.374310,Unresolved
1071,1,Public Relations,Received,,Complaint logged and reviewed for routing.,2025-10-20 18:08:22.506148,
1071,2,Customer Support,Forwarded (Correct),True,"Received from Public Relations, correctly routed for Staff Behavior.",2025-10-20 20:22:01.886822,
1071,3,Customer Support,Reviewed,True,Escalated to senior staff for further action.,2025-10-23 06:33:50.713540,Unresolved
1072,1,Public Relations,Received,,Complaint logged and reviewed for routing.,2025-07-04 15:17:17.153828,
1072,2,Customer Support,Forwarded (Correct),True,"Received from Public Relations, correctly routed for Staff Behavior.",2025-07-04 18:54:07.484524,
1072,3,Customer Support,Reviewed,True,Requires field visit before it can be closed.,2025-07-07 11:20:56.077894,Unresolved
1073,1,Public Relations,Received,,Complaint logged and reviewed for routing.,2025-08-09 21:16:58.349527,
1073,2,Administration,Forwarded (Incorrect),False,"This complaint does not belong to our department, forwarding to the correct team.",2025-08-10 01:23:34.175280,
1073,3,Customer Support,Forwarded (Re-routed),True,Re-routed from Administration; now correctly assigned for Appreciation.,2025-08-10 13:16:34.885330,
1073,4,Customer Support,Reviewed,True,Corrected the error and notified the customer.,2025-08-12 22:04:56.486969,Resolved
1074,1,Public Relations,Received,,Complaint logged and reviewed for routing.,2025-10-02 09:14:07.520621,
1074,2,Billing,Forwarded (Correct),True,"Received from Public Relations, correctly routed for Billing Issue.",2025-10-02 14:26:31.114679,
1074,3,Billing,Reviewed,True,Requires field visit before it can be closed.,2025-10-03 05:27:08.046629,Unresolved
1075,1,Public Relations,Received,,Complaint logged and reviewed for routing.,2025-09-05 19:01:54.223296,
1075,2,Billing,Forwarded (Incorrect),False,"Incorrectly routed here, reassigning to the appropriate department.",2025-09-06 01:43:27.145729,
1075,3,Operations,Forwarded (Re-routed),True,Re-routed from Billing; now correctly assigned for Service Delay.,2025-09-06 10:15:59.851264,
1075,4,Operations,Reviewed,True,On hold due to resource availability.,2025-09-08 23:20:51.063261,Unresolved
1076,1,Public Relations,Received,,Complaint logged and reviewed for routing.,2025-01-17 10:26:51.890228,
1076,2,Customer Support,Forwarded (Correct),True,"Received from Public Relations, correctly routed for Appreciation.",2025-01-17 18:24:59.689719,
1076,3,Customer Support,Reviewed,True,Resolved following standard procedure.,2025-01-21 16:45:05.078964,Resolved
1077,1,Public Relations,Received,,Complaint logged and reviewed for routing.,2025-08-07 11:33:50.561507,
1077,2,Operations,Forwarded (Correct),True,"Received from Public Relations, correctly routed for Service Delay.",2025-08-07 18:56:42.795076,
1077,3,Operations,Reviewed,True,Requires field visit before it can be closed.,2025-08-11 10:43:37.700653,Unresolved
1078,1,Public Relations,Received,,Complaint logged and reviewed for routing.,2025-08-11 17:23:16.193002,
1078,2,Maintenance,Forwarded (Correct),True,"Received from Public Relations, correctly routed for Infrastructure.",2025-08-11 21:01:01.675088,
1078,3,Maintenance,Reviewed,True,Issue verified and resolved after review.,2025-08-12 18:20:56.896014,Resolved
1079,1,Public Relations,Received,,Complaint logged and reviewed for routing.,2025-02-26 08:30:03.676609,
1079,2,Operations,Forwarded (Correct),True,"Received from Public Relations, correctly routed for Service Delay.",2025-02-26 13:11:09.427786,
1079,3,Operations,Reviewed,True,Requires field visit before it can be closed.,2025-02-28 15:23:18.869354,Unresolved
1080,1,Public Relations,Received,,Complaint logged and reviewed for routing.,2025-06-07 13:12:29.929291,
1080,2,Maintenance,Forwarded (Correct),True,"Received from Public Relations, correctly routed for Infrastructure.",2025-06-07 15:36:00.761196,
1080,3,Maintenance,Reviewed,True,Resolved following standard procedure.,2025-06-09 20:40:38.410373,Resolved
1081,1,Public Relations,Received,,Complaint logged and reviewed for routing.,2025-04-06 07:45:54.216104,
1081,2,Security,Forwarded (Correct),True,"Received from Public Relations, correctly routed for Safety Concern.",2025-04-06 11:17:02.601835,
1081,3,Security,Reviewed,True,Confirmed with the customer that the issue is fixed.,2025-04-09 06:32:05.448006,Resolved
1082,1,Public Relations,Received,,Complaint logged and reviewed for routing.,2025-02-10 12:00:17.200470,
1082,2,Billing,Forwarded (Incorrect),False,"Incorrectly routed here, reassigning to the appropriate department.",2025-02-10 18:16:18.241609,
1082,3,Operations,Forwarded (Re-routed),True,Re-routed from Billing; now correctly assigned for Service Delay.,2025-02-11 09:47:35.091436,
1082,4,Operations,Reviewed,True,Waiting on additional information from the customer.,2025-02-15 02:12:48.087697,Unresolved
1083,1,Public Relations,Received,,Complaint logged and reviewed for routing.,2025-04-10 10:25:53.362991,
1083,2,Billing,Forwarded (Correct),True,"Received from Public Relations, correctly routed for Billing Issue.",2025-04-10 16:01:38.745730,
1083,3,Billing,Reviewed,True,Escalated to senior staff for further action.,2025-04-12 10:47:59.557467,Unresolved
1084,1,Public Relations,Received,,Complaint logged and reviewed for routing.,2025-04-07 18:49:07.277531,
1084,2,Operations,Forwarded (Correct),True,"Received from Public Relations, correctly routed for Service Delay.",2025-04-07 22:09:01.613113,
1084,3,Operations,Reviewed,True,Escalated to senior staff for further action.,2025-04-11 13:10:28.198566,Unresolved
1085,1,Public Relations,Received,,Complaint logged and reviewed for routing.,2025-06-26 04:30:47.772330,
1085,2,Billing,Forwarded (Correct),True,"Received from Public Relations, correctly routed for Billing Issue.",2025-06-26 09:56:02.957587,
1085,3,Billing,Reviewed,True,Waiting on additional information from the customer.,2025-06-26 16:20:48.864085,Unresolved
1086,1,Public Relations,Received,,Complaint logged and reviewed for routing.,2025-10-22 17:05:49.540102,
1086,2,Customer Support,Forwarded (Correct),True,"Received from Public Relations, correctly routed for Staff Behavior.",2025-10-22 23:42:40.164702,
1086,3,Customer Support,Reviewed,True,Issue verified and resolved after review.,2025-10-25 19:08:48.396972,Resolved
1087,1,Public Relations,Received,,Complaint logged and reviewed for routing.,2025-02-05 22:55:08.763523,
1087,2,Security,Forwarded (Incorrect),False,"This complaint does not belong to our department, forwarding to the correct team.",2025-02-06 02:26:21.218865,
1087,3,Administration,Forwarded (Re-routed),True,Re-routed from Security; now correctly assigned for Corruption/Bribery.,2025-02-06 15:09:10.743691,
1087,4,Administration,Reviewed,True,On hold due to resource availability.,2025-02-09 07:48:08.805280,Unresolved
1088,1,Public Relations,Received,,Complaint logged and reviewed for routing.,2025-12-08 15:01:59.756703,
1088,2,Operations,Forwarded (Correct),True,"Received from Public Relations, correctly routed for Service Delay.",2025-12-08 22:17:17.497701,
1088,3,Operations,Reviewed,True,Waiting on additional information from the customer.,2025-12-10 08:10:13.466885,Unresolved
1089,1,Public Relations,Received,,Complaint logged and reviewed for routing.,2025-09-11 20:59:24.264040,
1089,2,Billing,Forwarded (Incorrect),False,"This complaint does not belong to our department, forwarding to the correct team.",2025-09-12 00:05:46.750114,
1089,3,Administration,Forwarded (Re-routed),True,Re-routed from Billing; now correctly assigned for Corruption/Bribery.,2025-09-12 06:59:47.334096,
1089,4,Administration,Reviewed,True,Requires field visit before it can be closed.,2025-09-12 22:42:09.493222,Unresolved
1090,1,Public Relations,Received,,Complaint logged and reviewed for routing.,2025-11-07 07:22:17.417385,
1090,2,Administration,Forwarded (Correct),True,"Received from Public Relations, correctly routed for Corruption/Bribery.",2025-11-07 14:47:27.952085,
1090,3,Administration,Reviewed,True,On hold due to resource availability.,2025-11-10 20:25:49.299038,Unresolved
1091,1,Public Relations,Received,,Complaint logged and reviewed for routing.,2025-09-21 13:17:49.856645,
1091,2,Billing,Forwarded (Correct),True,"Received from Public Relations, correctly routed for Billing Issue.",2025-09-21 16:26:33.375235,
1091,3,Billing,Reviewed,True,Confirmed with the customer that the issue is fixed.,2025-09-22 16:21:55.156137,Resolved
1092,1,Public Relations,Received,,Complaint logged and reviewed for routing.,2025-07-16 23:32:14.032683,
1092,2,Billing,Forwarded (Correct),True,"Received from Public Relations, correctly routed for Billing Issue.",2025-07-17 05:12:49.798246,
1092,3,Billing,Reviewed,True,Corrected the error and notified the customer.,2025-07-18 00:08:45.395499,Resolved
1093,1,Public Relations,Received,,Complaint logged and reviewed for routing.,2025-08-07 10:20:14.060053,
1093,2,Maintenance,Forwarded (Correct),True,"Received from Public Relations, correctly routed for Infrastructure.",2025-08-07 13:55:04.918026,
1093,3,Maintenance,Reviewed,True,Corrected the error and notified the customer.,2025-08-10 15:48:53.746539,Resolved
1094,1,Public Relations,Received,,Complaint logged and reviewed for routing.,2025-06-13 14:55:25.047645,
1094,2,Operations,Forwarded (Correct),True,"Received from Public Relations, correctly routed for Service Delay.",2025-06-13 16:58:06.189724,
1094,3,Operations,Reviewed,True,Escalated to senior staff for further action.,2025-06-15 01:23:33.921627,Unresolved
1095,1,Public Relations,Received,,Complaint logged and reviewed for routing.,2025-09-10 14:06:06.201924,
1095,2,Customer Support,Forwarded (Correct),True,"Received from Public Relations, correctly routed for Staff Behavior.",2025-09-10 21:18:42.024829,
1095,3,Customer Support,Reviewed,True,Confirmed with the customer that the issue is fixed.,2025-09-13 00:19:52.401481,Resolved
1096,1,Public Relations,Received,,Complaint logged and reviewed for routing.,2025-05-15 23:09:17.553925,
1096,2,Customer Support,Forwarded (Correct),True,"Received from Public Relations, correctly routed for Staff Behavior.",2025-05-16 01:37:44.843902,
1096,3,Customer Support,Reviewed,True,Resolved following standard procedure.,2025-05-17 18:59:09.567843,Resolved
1097,1,Public Relations,Received,,Complaint logged and reviewed for routing.,2025-01-15 09:33:21.248005,
1097,2,Operations,Forwarded (Correct),True,"Received from Public Relations, correctly routed for Service Delay.",2025-01-15 10:45:00.464586,
1097,3,Operations,Reviewed,True,Requires field visit before it can be closed.,2025-01-17 15:28:12.124808,Unresolved
1098,1,Public Relations,Received,,Complaint logged and reviewed for routing.,2025-07-21 09:48:12.792534,
1098,2,Operations,Forwarded (Correct),True,"Received from Public Relations, correctly routed for Service Delay.",2025-07-21 12:16:26.188263,
1098,3,Operations,Reviewed,True,Corrected the error and notified the customer.,2025-07-21 17:21:27.825352,Resolved
1099,1,Public Relations,Received,,Complaint logged and reviewed for routing.,2025-01-07 10:40:50.054397,
1099,2,Billing,Forwarded (Correct),True,"Received from Public Relations, correctly routed for Billing Issue.",2025-01-07 16:18:17.202187,
1099,3,Billing,Reviewed,True,"Still under investigation, pending further review.",2025-01-08 18:37:46.783864,Unresolved
1100,1,Public Relations,Received,,Complaint logged and reviewed for routing.,2025-03-20 09:51:12.702803,
1100,2,Security,Forwarded (Correct),True,"Received from Public Relations, correctly routed for Safety Concern.",2025-03-20 13:15:41.716979,
1100,3,Security,Reviewed,True,Issue verified and resolved after review.,2025-03-21 00:55:40.840424,Resolved
1101,1,Public Relations,Received,,Complaint logged and reviewed for routing.,2025-09-10 15:22:49.939584,
1101,2,Customer Support,Forwarded (Correct),True,"Received from Public Relations, correctly routed for Appreciation.",2025-09-10 17:52:51.803413,
1101,3,Customer Support,Reviewed,True,Escalated to senior staff for further action.,2025-09-13 20:53:39.310168,Unresolved
1102,1,Public Relations,Received,,Complaint logged and reviewed for routing.,2025-01-21 09:52:15.458673,
1102,2,Administration,Forwarded (Correct),True,"Received from Public Relations, correctly routed for Corruption/Bribery.",2025-01-21 11:35:49.088750,
1102,3,Administration,Reviewed,True,Confirmed with the customer that the issue is fixed.,2025-01-24 12:24:34.286381,Resolved
1103,1,Public Relations,Received,,Complaint logged and reviewed for routing.,2025-07-17 17:59:23.478948,
1103,2,Security,Forwarded (Incorrect),False,"This complaint does not belong to our department, forwarding to the correct team.",2025-07-17 23:35:51.840311,
1103,3,Operations,Forwarded (Re-routed),True,Re-routed from Security; now correctly assigned for Service Delay.,2025-07-18 05:08:59.273192,
1103,4,Operations,Reviewed,True,Resolved following standard procedure.,2025-07-20 14:34:17.179605,Resolved
1104,1,Public Relations,Received,,Complaint logged and reviewed for routing.,2025-05-07 16:23:38.516938,
1104,2,Customer Support,Forwarded (Incorrect),False,"Not within our scope, sending to the relevant department.",2025-05-07 21:03:47.077803,
1104,3,Operations,Forwarded (Re-routed),True,Re-routed from Customer Support; now correctly assigned for Service Delay.,2025-05-08 16:02:07.445862,
1104,4,Operations,Reviewed,True,Corrected the error and notified the customer.,2025-05-11 15:57:29.473574,Resolved
1105,1,Public Relations,Received,,Complaint logged and reviewed for routing.,2025-01-05 13:47:11.187821,
1105,2,Customer Support,Forwarded (Correct),True,"Received from Public Relations, correctly routed for Staff Behavior.",2025-01-05 15:55:46.118002,
1105,3,Customer Support,Reviewed,True,Corrected the error and notified the customer.,2025-01-09 14:16:28.748966,Resolved
1106,1,Public Relations,Received,,Complaint logged and reviewed for routing.,2025-05-14 13:23:04.959261,
1106,2,Customer Support,Forwarded (Correct),True,"Received from Public Relations, correctly routed for Staff Behavior.",2025-05-14 20:08:10.963259,
1106,3,Customer Support,Reviewed,True,Issue verified and resolved after review.,2025-05-17 02:48:04.786380,Resolved
1107,1,Public Relations,Received,,Complaint logged and reviewed for routing.,2025-01-26 09:36:09.048656,
1107,2,Billing,Forwarded (Incorrect),False,"Not within our scope, sending to the relevant department.",2025-01-26 11:05:53.071816,
1107,3,Operations,Forwarded (Re-routed),True,Re-routed from Billing; now correctly assigned for Service Delay.,2025-01-27 01:07:46.807597,
1107,4,Operations,Reviewed,True,Resolved following standard procedure.,2025-01-30 02:20:50.421346,Resolved
1108,1,Public Relations,Received,,Complaint logged and reviewed for routing.,2025-11-19 12:48:20.412980,
1108,2,Customer Support,Forwarded (Correct),True,"Received from Public Relations, correctly routed for Staff Behavior.",2025-11-19 18:48:45.265450,
1108,3,Customer Support,Reviewed,True,Resolved following standard procedure.,2025-11-23 03:16:01.993501,Resolved
1109,1,Public Relations,Received,,Complaint logged and reviewed for routing.,2025-03-04 15:59:50.068129,
1109,2,Administration,Forwarded (Incorrect),False,"This complaint does not belong to our department, forwarding to the correct team.",2025-03-04 18:26:06.376501,
1109,3,Billing,Forwarded (Re-routed),True,Re-routed from Administration; now correctly assigned for Billing Issue.,2025-03-05 16:34:51.382756,
1109,4,Billing,Reviewed,True,Confirmed with the customer that the issue is fixed.,2025-03-08 02:08:50.625489,Resolved
1110,1,Public Relations,Received,,Complaint logged and reviewed for routing.,2025-08-06 13:28:54.319753,
1110,2,Billing,Forwarded (Correct),True,"Received from Public Relations, correctly routed for Billing Issue.",2025-08-06 20:01:48.917191,
1110,3,Billing,Reviewed,True,Confirmed with the customer that the issue is fixed.,2025-08-07 23:25:52.277344,Resolved
1111,1,Public Relations,Received,,Complaint logged and reviewed for routing.,2025-11-13 17:01:56.562695,
1111,2,Billing,Forwarded (Correct),True,"Received from Public Relations, correctly routed for Billing Issue.",2025-11-13 20:56:47.108240,
1111,3,Billing,Reviewed,True,Requires field visit before it can be closed.,2025-11-15 23:26:41.225407,Unresolved
1112,1,Public Relations,Received,,Complaint logged and reviewed for routing.,2025-06-01 12:35:39.311432,
1112,2,Billing,Forwarded (Correct),True,"Received from Public Relations, correctly routed for Billing Issue.",2025-06-01 19:32:39.577240,
1112,3,Billing,Reviewed,True,Waiting on additional information from the customer.,2025-06-05 02:58:09.409219,Unresolved
1113,1,Public Relations,Received,,Complaint logged and reviewed for routing.,2025-03-14 07:10:45.763044,
1113,2,Billing,Forwarded (Correct),True,"Received from Public Relations, correctly routed for Billing Issue.",2025-03-14 14:58:16.663394,
1113,3,Billing,Reviewed,True,Corrected the error and notified the customer.,2025-03-15 00:23:39.229865,Resolved
1114,1,Public Relations,Received,,Complaint logged and reviewed for routing.,2025-05-27 11:04:55.872058,
1114,2,Administration,Forwarded (Incorrect),False,"Incorrectly routed here, reassigning to the appropriate department.",2025-05-27 17:26:39.753701,
1114,3,Billing,Forwarded (Re-routed),True,Re-routed from Administration; now correctly assigned for Billing Issue.,2025-05-28 02:17:43.165752,
1114,4,Billing,Reviewed,True,Issue verified and resolved after review.,2025-05-29 01:29:11.737515,Resolved
1115,1,Public Relations,Received,,Complaint logged and reviewed for routing.,2025-09-15 08:25:33.183411,
1115,2,Maintenance,Forwarded (Correct),True,"Received from Public Relations, correctly routed for Infrastructure.",2025-09-15 11:43:44.320479,
1115,3,Maintenance,Reviewed,True,Requires field visit before it can be closed.,2025-09-15 22:37:56.160764,Unresolved
1116,1,Public Relations,Received,,Complaint logged and reviewed for routing.,2025-08-08 11:51:42.145182,
1116,2,Billing,Forwarded (Correct),True,"Received from Public Relations, correctly routed for Billing Issue.",2025-08-08 12:54:19.501499,
1116,3,Billing,Reviewed,True,Requires field visit before it can be closed.,2025-08-10 09:04:22.101589,Unresolved
1117,1,Public Relations,Received,,Complaint logged and reviewed for routing.,2025-01-03 18:04:57.142626,
1117,2,Customer Support,Forwarded (Correct),True,"Received from Public Relations, correctly routed for Staff Behavior.",2025-01-03 23:02:06.089551,
1117,3,Customer Support,Reviewed,True,Issue verified and resolved after review.,2025-01-05 09:21:38.103697,Resolved
1118,1,Public Relations,Received,,Complaint logged and reviewed for routing.,2025-06-27 18:09:21.296506,
1118,2,Customer Support,Forwarded (Incorrect),False,"Incorrectly routed here, reassigning to the appropriate department.",2025-06-28 01:50:10.030779,
1118,3,Maintenance,Forwarded (Re-routed),True,Re-routed from Customer Support; now correctly assigned for Infrastructure.,2025-06-28 06:12:11.270884,
1118,4,Maintenance,Reviewed,True,Completed the requested action successfully.,2025-06-30 08:10:44.330605,Resolved
1119,1,Public Relations,Received,,Complaint logged and reviewed for routing.,2025-06-13 19:46:00.998415,
1119,2,Administration,Forwarded (Correct),True,"Received from Public Relations, correctly routed for Corruption/Bribery.",2025-06-14 02:08:55.328645,
1119,3,Administration,Reviewed,True,Issue verified and resolved after review.,2025-06-16 12:27:28.403255,Resolved
1120,1,Public Relations,Received,,Complaint logged and reviewed for routing.,2025-04-28 14:02:59.191094,
1120,2,Operations,Forwarded (Correct),True,"Received from Public Relations, correctly routed for Service Delay.",2025-04-28 21:42:47.281507,
1120,3,Operations,Reviewed,True,On hold due to resource availability.,2025-05-01 20:37:09.807100,Unresolved
1121,1,Public Relations,Received,,Complaint logged and reviewed for routing.,2025-08-24 23:57:19.226930,
1121,2,Operations,Forwarded (Incorrect),False,"Incorrectly routed here, reassigning to the appropriate department.",2025-08-25 04:41:33.261246,
1121,3,Maintenance,Forwarded (Re-routed),True,Re-routed from Operations; now correctly assigned for Infrastructure.,2025-08-26 03:04:11.550573,
1121,4,Maintenance,Reviewed,True,Waiting on additional information from the customer.,2025-08-29 02:46:59.800009,Unresolved
1122,1,Public Relations,Received,,Complaint logged and reviewed for routing.,2025-09-17 18:20:21.489421,
1122,2,Customer Support,Forwarded (Correct),True,"Received from Public Relations, correctly routed for Appreciation.",2025-09-18 01:55:04.023515,
1122,3,Customer Support,Reviewed,True,Issue verified and resolved after review.,2025-09-19 16:12:44.898428,Resolved
1123,1,Public Relations,Received,,Complaint logged and reviewed for routing.,2025-01-01 05:44:39.348691,
1123,2,Operations,Forwarded (Correct),True,"Received from Public Relations, correctly routed for Service Delay.",2025-01-01 12:01:14.315257,
1123,3,Operations,Reviewed,True,Corrected the error and notified the customer.,2025-01-03 03:19:14.064027,Resolved
1124,1,Public Relations,Received,,Complaint logged and reviewed for routing.,2025-10-13 19:34:04.553702,
1124,2,Operations,Forwarded (Correct),True,"Received from Public Relations, correctly routed for Service Delay.",2025-10-13 21:18:59.153397,
1124,3,Operations,Reviewed,True,Waiting on additional information from the customer.,2025-10-14 02:57:43.447344,Unresolved
1125,1,Public Relations,Received,,Complaint logged and reviewed for routing.,2025-07-03 14:50:37.502429,
1125,2,Operations,Forwarded (Correct),True,"Received from Public Relations, correctly routed for Service Delay.",2025-07-03 22:41:01.931471,
1125,3,Operations,Reviewed,True,Completed the requested action successfully.,2025-07-05 18:29:55.651557,Resolved
1126,1,Public Relations,Received,,Complaint logged and reviewed for routing.,2025-10-06 14:43:25.954537,
1126,2,Billing,Forwarded (Correct),True,"Received from Public Relations, correctly routed for Billing Issue.",2025-10-06 17:18:39.989348,
1126,3,Billing,Reviewed,True,Requires field visit before it can be closed.,2025-10-10 11:29:54.321737,Unresolved
1127,1,Public Relations,Received,,Complaint logged and reviewed for routing.,2025-03-22 09:23:41.267420,
1127,2,Billing,Forwarded (Correct),True,"Received from Public Relations, correctly routed for Billing Issue.",2025-03-22 14:55:02.074984,
1127,3,Billing,Reviewed,True,On hold due to resource availability.,2025-03-25 21:57:07.448346,Unresolved
1128,1,Public Relations,Received,,Complaint logged and reviewed for routing.,2025-09-22 15:31:38.160860,
1128,2,Operations,Forwarded (Correct),True,"Received from Public Relations, correctly routed for Service Delay.",2025-09-22 23:13:55.938784,
1128,3,Operations,Reviewed,True,"Still under investigation, pending further review.",2025-09-24 12:52:14.118951,Unresolved
1129,1,Public Relations,Received,,Complaint logged and reviewed for routing.,2025-06-10 19:02:31.573954,
1129,2,Administration,Forwarded (Incorrect),False,"This complaint does not belong to our department, forwarding to the correct team.",2025-06-10 21:32:30.437401,
1129,3,Maintenance,Forwarded (Re-routed),True,Re-routed from Administration; now correctly assigned for Infrastructure.,2025-06-11 11:09:48.429977,
1129,4,Maintenance,Reviewed,True,On hold due to resource availability.,2025-06-14 07:26:41.416785,Unresolved
1130,1,Public Relations,Received,,Complaint logged and reviewed for routing.,2025-06-08 11:46:49.502887,
1130,2,Security,Forwarded (Correct),True,"Received from Public Relations, correctly routed for Safety Concern.",2025-06-08 18:36:47.456829,
1130,3,Security,Reviewed,True,"Still under investigation, pending further review.",2025-06-12 13:06:37.131404,Unresolved
1131,1,Public Relations,Received,,Complaint logged and reviewed for routing.,2025-08-03 16:52:57.476555,
1131,2,Operations,Forwarded (Correct),True,"Received from Public Relations, correctly routed for Service Delay.",2025-08-03 21:20:30.664882,
1131,3,Operations,Reviewed,True,Issue verified and resolved after review.,2025-08-04 02:53:28.693531,Resolved
1132,1,Public Relations,Received,,Complaint logged and reviewed for routing.,2025-06-04 17:44:05.561144,
1132,2,Administration,Forwarded (Incorrect),False,"This complaint does not belong to our department, forwarding to the correct team.",2025-06-04 22:55:01.809785,
1132,3,Security,Forwarded (Re-routed),True,Re-routed from Administration; now correctly assigned for Safety Concern.,2025-06-05 06:09:16.054264,
1132,4,Security,Reviewed,True,Escalated to senior staff for further action.,2025-06-09 04:06:25.162323,Unresolved
1133,1,Public Relations,Received,,Complaint logged and reviewed for routing.,2025-06-14 14:33:00.336745,
1133,2,Maintenance,Forwarded (Correct),True,"Received from Public Relations, correctly routed for Infrastructure.",2025-06-14 19:05:29.928046,
1133,3,Maintenance,Reviewed,True,"Still under investigation, pending further review.",2025-06-14 23:57:26.907804,Unresolved
1134,1,Public Relations,Received,,Complaint logged and reviewed for routing.,2025-08-01 15:03:59.409213,
1134,2,Billing,Forwarded (Correct),True,"Received from Public Relations, correctly routed for Billing Issue.",2025-08-01 21:41:30.760312,
1134,3,Billing,Reviewed,True,Requires field visit before it can be closed.,2025-08-03 15:14:00.063784,Unresolved
1135,1,Public Relations,Received,,Complaint logged and reviewed for routing.,2025-01-07 18:09:41.466494,
1135,2,Maintenance,Forwarded (Correct),True,"Received from Public Relations, correctly routed for Infrastructure.",2025-01-08 00:53:51.501017,
1135,3,Maintenance,Reviewed,True,On hold due to resource availability.,2025-01-09 20:50:22.729612,Unresolved
1136,1,Public Relations,Received,,Complaint logged and reviewed for routing.,2025-03-04 12:01:46.219344,
1136,2,Maintenance,Forwarded (Correct),True,"Received from Public Relations, correctly routed for Infrastructure.",2025-03-04 18:41:49.206747,
1136,3,Maintenance,Reviewed,True,Escalated to senior staff for further action.,2025-03-08 11:25:10.803388,Unresolved
1137,1,Public Relations,Received,,Complaint logged and reviewed for routing.,2025-05-21 19:21:47.905131,
1137,2,Maintenance,Forwarded (Correct),True,"Received from Public Relations, correctly routed for Infrastructure.",2025-05-21 20:53:20.099201,
1137,3,Maintenance,Reviewed,True,Resolved following standard procedure.,2025-05-25 06:34:26.049493,Resolved
1138,1,Public Relations,Received,,Complaint logged and reviewed for routing.,2025-08-19 14:43:20.470769,
1138,2,Billing,Forwarded (Correct),True,"Received from Public Relations, correctly routed for Billing Issue.",2025-08-19 17:32:27.232051,
1138,3,Billing,Reviewed,True,Confirmed with the customer that the issue is fixed.,2025-08-20 13:23:49.374790,Resolved
1139,1,Public Relations,Received,,Complaint logged and reviewed for routing.,2025-04-20 17:50:39.216642,
1139,2,Customer Support,Forwarded (Correct),True,"Received from Public Relations, correctly routed for Staff Behavior.",2025-04-21 01:20:02.802443,
1139,3,Customer Support,Reviewed,True,Resolved following standard procedure.,2025-04-21 20:42:46.086851,Resolved
1140,1,Public Relations,Received,,Complaint logged and reviewed for routing.,2025-02-05 11:51:20.242023,
1140,2,Security,Forwarded (Correct),True,"Received from Public Relations, correctly routed for Safety Concern.",2025-02-05 14:37:37.588957,
1140,3,Security,Reviewed,True,Confirmed with the customer that the issue is fixed.,2025-02-08 01:03:42.584886,Resolved
1141,1,Public Relations,Received,,Complaint logged and reviewed for routing.,2025-04-24 10:34:46.736368,
1141,2,Billing,Forwarded (Correct),True,"Received from Public Relations, correctly routed for Billing Issue.",2025-04-24 15:32:40.404430,
1141,3,Billing,Reviewed,True,Corrected the error and notified the customer.,2025-04-25 07:58:52.260165,Resolved
1142,1,Public Relations,Received,,Complaint logged and reviewed for routing.,2025-08-25 19:46:22.791411,
1142,2,Billing,Forwarded (Correct),True,"Received from Public Relations, correctly routed for Billing Issue.",2025-08-26 03:39:56.434083,
1142,3,Billing,Reviewed,True,Completed the requested action successfully.,2025-08-28 05:22:32.087957,Resolved
1143,1,Public Relations,Received,,Complaint logged and reviewed for routing.,2025-10-11 13:12:57.996023,
1143,2,Security,Forwarded (Correct),True,"Received from Public Relations, correctly routed for Safety Concern.",2025-10-11 19:44:49.292456,
1143,3,Security,Reviewed,True,Waiting on additional information from the customer.,2025-10-12 15:13:38.354673,Unresolved
1144,1,Public Relations,Received,,Complaint logged and reviewed for routing.,2025-08-13 14:47:00.831697,
1144,2,Security,Forwarded (Correct),True,"Received from Public Relations, correctly routed for Safety Concern.",2025-08-13 20:47:50.122774,
1144,3,Security,Reviewed,True,Waiting on additional information from the customer.,2025-08-16 03:04:16.277124,Unresolved
1145,1,Public Relations,Received,,Complaint logged and reviewed for routing.,2025-02-07 08:21:02.339348,
1145,2,Security,Forwarded (Incorrect),False,"Incorrectly routed here, reassigning to the appropriate department.",2025-02-07 09:33:09.588118,
1145,3,Billing,Forwarded (Re-routed),True,Re-routed from Security; now correctly assigned for Billing Issue.,2025-02-08 06:49:17.258005,
1145,4,Billing,Reviewed,True,Corrected the error and notified the customer.,2025-02-11 00:13:54.035248,Resolved
1146,1,Public Relations,Received,,Complaint logged and reviewed for routing.,2025-08-27 19:08:46.637249,
1146,2,Billing,Forwarded (Correct),True,"Received from Public Relations, correctly routed for Billing Issue.",2025-08-28 00:46:23.541231,
1146,3,Billing,Reviewed,True,Corrected the error and notified the customer.,2025-08-31 22:56:14.449421,Resolved
1147,1,Public Relations,Received,,Complaint logged and reviewed for routing.,2025-05-24 21:47:19.937130,
1147,2,Customer Support,Forwarded (Correct),True,"Received from Public Relations, correctly routed for Staff Behavior.",2025-05-25 05:23:44.501420,
1147,3,Customer Support,Reviewed,True,Waiting on additional information from the customer.,2025-05-29 01:41:53.574385,Unresolved
1148,1,Public Relations,Received,,Complaint logged and reviewed for routing.,2025-06-21 12:53:56.204650,
1148,2,Operations,Forwarded (Correct),True,"Received from Public Relations, correctly routed for Service Delay.",2025-06-21 17:19:11.338580,
1148,3,Operations,Reviewed,True,Waiting on additional information from the customer.,2025-06-23 14:21:59.653621,Unresolved
1149,1,Public Relations,Received,,Complaint logged and reviewed for routing.,2025-06-06 23:17:15.332179,
1149,2,Customer Support,Forwarded (Correct),True,"Received from Public Relations, correctly routed for Appreciation.",2025-06-07 05:47:20.262071,
1149,3,Customer Support,Reviewed,True,Confirmed with the customer that the issue is fixed.,2025-06-07 23:40:14.657108,Resolved
1150,1,Public Relations,Received,,Complaint logged and reviewed for routing.,2025-01-13 16:33:45.755945,
1150,2,Administration,Forwarded (Incorrect),False,"This complaint does not belong to our department, forwarding to the correct team.",2025-01-13 21:23:20.061905,
1150,3,Security,Forwarded (Re-routed),True,Re-routed from Administration; now correctly assigned for Safety Concern.,2025-01-14 20:00:45.348778,
1150,4,Security,Reviewed,True,Corrected the error and notified the customer.,2025-01-18 11:36:01.537314,Resolved
1151,1,Public Relations,Received,,Complaint logged and reviewed for routing.,2025-07-06 19:17:01.509026,
1151,2,Maintenance,Forwarded (Correct),True,"Received from Public Relations, correctly routed for Infrastructure.",2025-07-07 00:28:14.017466,
1151,3,Maintenance,Reviewed,True,Confirmed with the customer that the issue is fixed.,2025-07-09 21:30:09.167860,Resolved
1152,1,Public Relations,Received,,Complaint logged and reviewed for routing.,2025-07-11 12:15:55.889464,
1152,2,Operations,Forwarded (Correct),True,"Received from Public Relations, correctly routed for Service Delay.",2025-07-11 15:14:56.479961,
1152,3,Operations,Reviewed,True,Corrected the error and notified the customer.,2025-07-12 09:52:54.156429,Resolved
1153,1,Public Relations,Received,,Complaint logged and reviewed for routing.,2025-09-12 16:41:09.530550,
1153,2,Billing,Forwarded (Correct),True,"Received from Public Relations, correctly routed for Billing Issue.",2025-09-12 20:44:38.064670,
1153,3,Billing,Reviewed,True,Issue verified and resolved after review.,2025-09-14 01:37:04.957173,Resolved
1154,1,Public Relations,Received,,Complaint logged and reviewed for routing.,2025-06-10 19:26:16.807875,
1154,2,Customer Support,Forwarded (Correct),True,"Received from Public Relations, correctly routed for Appreciation.",2025-06-10 20:44:06.578785,
1154,3,Customer Support,Reviewed,True,Confirmed with the customer that the issue is fixed.,2025-06-13 03:48:00.463598,Resolved
1155,1,Public Relations,Received,,Complaint logged and reviewed for routing.,2025-06-19 09:24:41.703992,
1155,2,Billing,Forwarded (Incorrect),False,"Not within our scope, sending to the relevant department.",2025-06-19 11:09:24.169124,
1155,3,Customer Support,Forwarded (Re-routed),True,Re-routed from Billing; now correctly assigned for Appreciation.,2025-06-20 06:35:55.342831,
1155,4,Customer Support,Reviewed,True,Escalated to senior staff for further action.,2025-06-20 20:35:52.680062,Unresolved
1156,1,Public Relations,Received,,Complaint logged and reviewed for routing.,2025-07-16 19:05:37.885358,
1156,2,Security,Forwarded (Correct),True,"Received from Public Relations, correctly routed for Safety Concern.",2025-07-16 23:31:14.806758,
1156,3,Security,Reviewed,True,Corrected the error and notified the customer.,2025-07-18 01:53:43.466119,Resolved
1157,1,Public Relations,Received,,Complaint logged and reviewed for routing.,2025-04-02 18:09:05.019446,
1157,2,Customer Support,Forwarded (Correct),True,"Received from Public Relations, correctly routed for Appreciation.",2025-04-02 22:48:20.728878,
1157,3,Customer Support,Reviewed,True,Corrected the error and notified the customer.,2025-04-06 14:34:14.612984,Resolved
1158,1,Public Relations,Received,,Complaint logged and reviewed for routing.,2025-04-15 12:38:56.985373,
1158,2,Maintenance,Forwarded (Correct),True,"Received from Public Relations, correctly routed for Infrastructure.",2025-04-15 16:54:14.931134,
1158,3,Maintenance,Reviewed,True,"Still under investigation, pending further review.",2025-04-17 06:27:33.408667,Unresolved
1159,1,Public Relations,Received,,Complaint logged and reviewed for routing.,2025-08-13 13:37:49.822082,
1159,2,Billing,Forwarded (Correct),True,"Received from Public Relations, correctly routed for Billing Issue.",2025-08-13 15:24:58.398866,
1159,3,Billing,Reviewed,True,Corrected the error and notified the customer.,2025-08-15 19:58:19.636552,Resolved
1160,1,Public Relations,Received,,Complaint logged and reviewed for routing.,2025-11-06 18:10:24.163130,
1160,2,Customer Support,Forwarded (Correct),True,"Received from Public Relations, correctly routed for Staff Behavior.",2025-11-06 21:05:59.273390,
1160,3,Customer Support,Reviewed,True,Corrected the error and notified the customer.,2025-11-09 22:50:41.326088,Resolved
1161,1,Public Relations,Received,,Complaint logged and reviewed for routing.,2025-07-24 13:59:49.139376,
1161,2,Customer Support,Forwarded (Correct),True,"Received from Public Relations, correctly routed for Appreciation.",2025-07-24 18:20:12.138071,
1161,3,Customer Support,Reviewed,True,Confirmed with the customer that the issue is fixed.,2025-07-28 15:00:30.416430,Resolved
1162,1,Public Relations,Received,,Complaint logged and reviewed for routing.,2025-09-12 18:15:17.879794,
1162,2,Billing,Forwarded (Correct),True,"Received from Public Relations, correctly routed for Billing Issue.",2025-09-12 21:26:38.700456,
1162,3,Billing,Reviewed,True,Requires field visit before it can be closed.,2025-09-15 07:57:04.168107,Unresolved
1163,1,Public Relations,Received,,Complaint logged and reviewed for routing.,2025-12-27 11:27:49.677071,
1163,2,Maintenance,Forwarded (Correct),True,"Received from Public Relations, correctly routed for Infrastructure.",2025-12-27 17:00:07.158099,
1163,3,Maintenance,Reviewed,True,"Still under investigation, pending further review.",2025-12-28 05:09:10.819300,Unresolved
1164,1,Public Relations,Received,,Complaint logged and reviewed for routing.,2025-09-06 10:38:59.399144,
1164,2,Customer Support,Forwarded (Correct),True,"Received from Public Relations, correctly routed for Staff Behavior.",2025-09-06 12:47:23.711861,
1164,3,Customer Support,Reviewed,True,Issue verified and resolved after review.,2025-09-07 17:39:51.572505,Resolved
1165,1,Public Relations,Received,,Complaint logged and reviewed for routing.,2025-12-15 09:02:28.572165,
1165,2,Customer Support,Forwarded (Correct),True,"Received from Public Relations, correctly routed for Staff Behavior.",2025-12-15 15:05:03.079163,
1165,3,Customer Support,Reviewed,True,Corrected the error and notified the customer.,2025-12-15 22:44:29.147541,Resolved
1166,1,Public Relations,Received,,Complaint logged and reviewed for routing.,2025-04-28 11:23:23.218433,
1166,2,Administration,Forwarded (Incorrect),False,"Incorrectly routed here, reassigning to the appropriate department.",2025-04-28 15:00:16.118941,
1166,3,Security,Forwarded (Re-routed),True,Re-routed from Administration; now correctly assigned for Safety Concern.,2025-04-28 23:39:27.709053,
1166,4,Security,Reviewed,True,Corrected the error and notified the customer.,2025-04-30 09:40:31.409959,Resolved
1167,1,Public Relations,Received,,Complaint logged and reviewed for routing.,2025-02-03 13:26:30.591209,
1167,2,Billing,Forwarded (Incorrect),False,"Incorrectly routed here, reassigning to the appropriate department.",2025-02-03 16:03:09.626909,
1167,3,Administration,Forwarded (Re-routed),True,Re-routed from Billing; now correctly assigned for Corruption/Bribery.,2025-02-04 11:17:17.197289,
1167,4,Administration,Reviewed,True,"Still under investigation, pending further review.",2025-02-07 12:46:39.729049,Unresolved
1168,1,Public Relations,Received,,Complaint logged and reviewed for routing.,2025-07-25 17:23:43.060573,
1168,2,Billing,Forwarded (Incorrect),False,"Incorrectly routed here, reassigning to the appropriate department.",2025-07-26 00:44:16.218089,
1168,3,Maintenance,Forwarded (Re-routed),True,Re-routed from Billing; now correctly assigned for Infrastructure.,2025-07-26 19:10:55.645188,
1168,4,Maintenance,Reviewed,True,On hold due to resource availability.,2025-07-27 13:56:18.760735,Unresolved
1169,1,Public Relations,Received,,Complaint logged and reviewed for routing.,2025-02-17 15:26:08.650959,
1169,2,Maintenance,Forwarded (Correct),True,"Received from Public Relations, correctly routed for Infrastructure.",2025-02-17 19:46:16.838513,
1169,3,Maintenance,Reviewed,True,Waiting on additional information from the customer.,2025-02-19 04:13:53.099007,Unresolved
1170,1,Public Relations,Received,,Complaint logged and reviewed for routing.,2025-09-20 15:18:10.331078,
1170,2,Customer Support,Forwarded (Correct),True,"Received from Public Relations, correctly routed for Appreciation.",2025-09-20 19:37:28.967386,
1170,3,Customer Support,Reviewed,True,"Still under investigation, pending further review.",2025-09-23 23:43:48.126796,Unresolved
1172,1,Public Relations,Received,,Complaint logged and reviewed for routing.,2025-01-28 18:51:59.561447,
1172,2,Maintenance,Forwarded (Incorrect),False,"This complaint does not belong to our department, forwarding to the correct team.",2025-01-29 01:43:50.308003,
1172,3,Administration,Forwarded (Re-routed),True,Re-routed from Maintenance; now correctly assigned for Corruption/Bribery.,2025-01-29 17:53:26.916479,
1172,4,Administration,Reviewed,True,Resolved following standard procedure.,2025-01-29 22:34:45.282438,Resolved
1173,1,Public Relations,Received,,Complaint logged and reviewed for routing.,2025-11-09 16:42:35.837545,
1173,2,Billing,Forwarded (Correct),True,"Received from Public Relations, correctly routed for Billing Issue.",2025-11-09 18:44:15.846780,
1173,3,Billing,Reviewed,True,Completed the requested action successfully.,2025-11-11 11:07:56.444876,Resolved
1174,1,Public Relations,Received,,Complaint logged and reviewed for routing.,2025-07-22 08:20:12.502731,
1174,2,Maintenance,Forwarded (Correct),True,"Received from Public Relations, correctly routed for Infrastructure.",2025-07-22 13:00:41.873192,
1174,3,Maintenance,Reviewed,True,Requires field visit before it can be closed.,2025-07-25 07:21:42.254402,Unresolved
1175,1,Public Relations,Received,,Complaint logged and reviewed for routing.,2025-11-26 16:25:48.866938,
1175,2,Billing,Forwarded (Correct),True,"Received from Public Relations, correctly routed for Billing Issue.",2025-11-26 23:55:45.662291,
1175,3,Billing,Reviewed,True,Requires field visit before it can be closed.,2025-11-27 17:43:30.978222,Unresolved
1176,1,Public Relations,Received,,Complaint logged and reviewed for routing.,2025-10-12 12:21:08.250368,
1176,2,Security,Forwarded (Incorrect),False,"Incorrectly routed here, reassigning to the appropriate department.",2025-10-12 18:51:20.865769,
1176,3,Operations,Forwarded (Re-routed),True,Re-routed from Security; now correctly assigned for Service Delay.,2025-10-13 01:53:58.368220,
1176,4,Operations,Reviewed,True,Issue verified and resolved after review.,2025-10-13 15:22:24.552464,Resolved
1177,1,Public Relations,Received,,Complaint logged and reviewed for routing.,2025-09-10 09:51:32.433709,
1177,2,Customer Support,Forwarded (Correct),True,"Received from Public Relations, correctly routed for Appreciation.",2025-09-10 14:54:17.549175,
1177,3,Customer Support,Reviewed,True,"Still under investigation, pending further review.",2025-09-11 17:59:04.724298,Unresolved
1178,1,Public Relations,Received,,Complaint logged and reviewed for routing.,2025-07-05 19:27:42.820185,
1178,2,Administration,Forwarded (Correct),True,"Received from Public Relations, correctly routed for Corruption/Bribery.",2025-07-05 21:16:10.100866,
1178,3,Administration,Reviewed,True,Completed the requested action successfully.,2025-07-09 03:34:43.407474,Resolved
1179,1,Public Relations,Received,,Complaint logged and reviewed for routing.,2025-03-15 09:55:48.859466,
1179,2,Customer Support,Forwarded (Correct),True,"Received from Public Relations, correctly routed for Appreciation.",2025-03-15 11:01:52.731754,
1179,3,Customer Support,Reviewed,True,Resolved following standard procedure.,2025-03-18 10:44:50.220500,Resolved
1180,1,Public Relations,Received,,Complaint logged and reviewed for routing.,2025-02-23 15:13:58.189228,
1180,2,Billing,Forwarded (Correct),True,"Received from Public Relations, correctly routed for Billing Issue.",2025-02-23 17:50:25.253563,
1180,3,Billing,Reviewed,True,"Still under investigation, pending further review.",2025-02-25 06:32:49.268309,Unresolved
1181,1,Public Relations,Received,,Complaint logged and reviewed for routing.,2025-09-22 15:53:06.365777,
1181,2,Security,Forwarded (Correct),True,"Received from Public Relations, correctly routed for Safety Concern.",2025-09-22 17:49:40.338719,
1181,3,Security,Reviewed,True,Issue verified and resolved after review.,2025-09-25 02:13:01.125689,Resolved
1182,1,Public Relations,Received,,Complaint logged and reviewed for routing.,2025-02-23 14:28:29.915071,
1182,2,Maintenance,Forwarded (Incorrect),False,"This complaint does not belong to our department, forwarding to the correct team.",2025-02-23 16:53:51.142637,
1182,3,Customer Support,Forwarded (Re-routed),True,Re-routed from Maintenance; now correctly assigned for Appreciation.,2025-02-24 02:50:43.436200,
1182,4,Customer Support,Reviewed,True,Resolved following standard procedure.,2025-02-28 02:27:45.503717,Resolved
1183,1,Public Relations,Received,,Complaint logged and reviewed for routing.,2025-11-24 06:33:15.116985,
1183,2,Maintenance,Forwarded (Correct),True,"Received from Public Relations, correctly routed for Infrastructure.",2025-11-24 10:57:59.091185,
1183,3,Maintenance,Reviewed,True,Completed the requested action successfully.,2025-11-25 05:37:42.729193,Resolved
1184,1,Public Relations,Received,,Complaint logged and reviewed for routing.,2025-04-10 10:13:48.218182,
1184,2,Security,Forwarded (Correct),True,"Received from Public Relations, correctly routed for Safety Concern.",2025-04-10 15:30:53.505170,
1184,3,Security,Reviewed,True,Waiting on additional information from the customer.,2025-04-11 17:41:57.787864,Unresolved
1185,1,Public Relations,Received,,Complaint logged and reviewed for routing.,2025-07-05 16:24:43.172057,
1185,2,Security,Forwarded (Correct),True,"Received from Public Relations, correctly routed for Safety Concern.",2025-07-05 19:01:53.003045,
1185,3,Security,Reviewed,True,Escalated to senior staff for further action.,2025-07-07 08:57:34.875574,Unresolved
1186,1,Public Relations,Received,,Complaint logged and reviewed for routing.,2025-07-28 20:43:48.722564,
1186,2,Operations,Forwarded (Correct),True,"Received from Public Relations, correctly routed for Service Delay.",2025-07-29 02:34:13.838294,
1186,3,Operations,Reviewed,True,Resolved following standard procedure.,2025-07-30 14:12:43.501445,Resolved
1187,1,Public Relations,Received,,Complaint logged and reviewed for routing.,2025-07-20 18:05:52.821211,
1187,2,Security,Forwarded (Correct),True,"Received from Public Relations, correctly routed for Safety Concern.",2025-07-20 23:02:11.129112,
1187,3,Security,Reviewed,True,Escalated to senior staff for further action.,2025-07-24 06:01:17.630868,Unresolved
1188,1,Public Relations,Received,,Complaint logged and reviewed for routing.,2025-03-10 17:25:20.530493,
1188,2,Administration,Forwarded (Correct),True,"Received from Public Relations, correctly routed for Corruption/Bribery.",2025-03-11 00:10:25.386078,
1188,3,Administration,Reviewed,True,Escalated to senior staff for further action.,2025-03-12 04:29:52.759283,Unresolved
1189,1,Public Relations,Received,,Complaint logged and reviewed for routing.,2025-09-28 11:06:15.985238,
1189,2,Administration,Forwarded (Incorrect),False,"Incorrectly routed here, reassigning to the appropriate department.",2025-09-28 12:07:26.861536,
1189,3,Maintenance,Forwarded (Re-routed),True,Re-routed from Administration; now correctly assigned for Infrastructure.,2025-09-28 22:43:50.882345,
1189,4,Maintenance,Reviewed,True,Corrected the error and notified the customer.,2025-09-30 16:48:41.161949,Resolved
1190,1,Public Relations,Received,,Complaint logged and reviewed for routing.,2025-05-28 19:21:15.276635,
1190,2,Customer Support,Forwarded (Incorrect),False,"Not within our scope, sending to the relevant department.",2025-05-28 21:28:30.235236,
1190,3,Operations,Forwarded (Re-routed),True,Re-routed from Customer Support; now correctly assigned for Service Delay.,2025-05-29 10:01:10.448059,
1190,4,Operations,Reviewed,True,Confirmed with the customer that the issue is fixed.,2025-05-30 18:07:56.104590,Resolved
1191,1,Public Relations,Received,,Complaint logged and reviewed for routing.,2025-01-26 08:30:38.984857,
1191,2,Customer Support,Forwarded (Correct),True,"Received from Public Relations, correctly routed for Staff Behavior.",2025-01-26 15:22:10.787333,
1191,3,Customer Support,Reviewed,True,Waiting on additional information from the customer.,2025-01-28 19:11:12.046760,Unresolved
1192,1,Public Relations,Received,,Complaint logged and reviewed for routing.,2025-12-25 12:36:57.663627,
1192,2,Maintenance,Forwarded (Correct),True,"Received from Public Relations, correctly routed for Infrastructure.",2025-12-25 15:55:34.233937,
1192,3,Maintenance,Reviewed,True,Confirmed with the customer that the issue is fixed.,2025-12-28 00:55:17.431610,Resolved
1193,1,Public Relations,Received,,Complaint logged and reviewed for routing.,2025-12-18 12:42:03.129955,
1193,2,Customer Support,Forwarded (Correct),True,"Received from Public Relations, correctly routed for Appreciation.",2025-12-18 17:20:16.147496,
1193,3,Customer Support,Reviewed,True,Escalated to senior staff for further action.,2025-12-21 17:06:11.920260,Unresolved
1194,1,Public Relations,Received,,Complaint logged and reviewed for routing.,2025-02-24 17:42:42.401992,
1194,2,Security,Forwarded (Correct),True,"Received from Public Relations, correctly routed for Safety Concern.",2025-02-24 22:16:27.310607,
1194,3,Security,Reviewed,True,"Still under investigation, pending further review.",2025-02-28 12:44:05.624019,Unresolved
1195,1,Public Relations,Received,,Complaint logged and reviewed for routing.,2025-05-26 15:03:12.626850,
1195,2,Administration,Forwarded (Incorrect),False,"This complaint does not belong to our department, forwarding to the correct team.",2025-05-26 19:10:59.719689,
1195,3,Operations,Forwarded (Re-routed),True,Re-routed from Administration; now correctly assigned for Service Delay.,2025-05-26 23:41:22.192517,
1195,4,Operations,Reviewed,True,Corrected the error and notified the customer.,2025-05-30 17:20:33.540671,Resolved
1196,1,Public Relations,Received,,Complaint logged and reviewed for routing.,2025-07-15 10:41:55.206502,
1196,2,Customer Support,Forwarded (Correct),True,"Received from Public Relations, correctly routed for Staff Behavior.",2025-07-15 17:11:10.576037,
1196,3,Customer Support,Reviewed,True,Confirmed with the customer that the issue is fixed.,2025-07-16 18:16:48.599638,Resolved
1197,1,Public Relations,Received,,Complaint logged and reviewed for routing.,2025-09-01 12:35:25.327303,
1197,2,Customer Support,Forwarded (Incorrect),False,"Incorrectly routed here, reassigning to the appropriate department.",2025-09-01 19:13:04.031808,
1197,3,Billing,Forwarded (Re-routed),True,Re-routed from Customer Support; now correctly assigned for Billing Issue.,2025-09-02 09:50:40.622847,
1197,4,Billing,Reviewed,True,Confirmed with the customer that the issue is fixed.,2025-09-06 07:05:33.388243,Resolved
1198,1,Public Relations,Received,,Complaint logged and reviewed for routing.,2025-08-06 19:12:59.976853,
1198,2,Billing,Forwarded (Incorrect),False,"This complaint does not belong to our department, forwarding to the correct team.",2025-08-06 20:15:27.344564,
1198,3,Operations,Forwarded (Re-routed),True,Re-routed from Billing; now correctly assigned for Service Delay.,2025-08-07 06:12:08.482347,
1198,4,Operations,Reviewed,True,"Still under investigation, pending further review.",2025-08-11 05:48:30.308780,Unresolved
1199,1,Public Relations,Received,,Complaint logged and reviewed for routing.,2025-02-17 12:38:49.089108,
1199,2,Billing,Forwarded (Correct),True,"Received from Public Relations, correctly routed for Billing Issue.",2025-02-17 20:06:25.764106,
1199,3,Billing,Reviewed,True,On hold due to resource availability.,2025-02-18 19:01:19.137610,Unresolved
1200,1,Public Relations,Received,,Complaint logged and reviewed for routing.,2025-04-04 18:49:58.252368,
1200,2,Maintenance,Forwarded (Correct),True,"Received from Public Relations, correctly routed for Infrastructure.",2025-04-05 00:04:09.421027,
1200,3,Maintenance,Reviewed,True,Resolved following standard procedure.,2025-04-05 07:15:52.181353,Resolved
1201,1,Public Relations,Received,,Complaint logged and reviewed for routing.,2025-09-26 18:29:34.854264,
1201,2,Customer Support,Forwarded (Incorrect),False,"Not within our scope, sending to the relevant department.",2025-09-26 22:55:18.375254,
1201,3,Maintenance,Forwarded (Re-routed),True,Re-routed from Customer Support; now correctly assigned for Infrastructure.,2025-09-27 17:32:29.261195,
1201,4,Maintenance,Reviewed,True,Confirmed with the customer that the issue is fixed.,2025-09-30 05:58:56.451198,Resolved
1202,1,Public Relations,Received,,Complaint logged and reviewed for routing.,2025-06-04 10:54:08.424645,
1202,2,Operations,Forwarded (Correct),True,"Received from Public Relations, correctly routed for Service Delay.",2025-06-04 18:13:22.340587,
1202,3,Operations,Reviewed,True,"Still under investigation, pending further review.",2025-06-05 20:42:47.403354,Unresolved
1203,1,Public Relations,Received,,Complaint logged and reviewed for routing.,2025-07-19 18:34:24.043438,
1203,2,Operations,Forwarded (Correct),True,"Received from Public Relations, correctly routed for Service Delay.",2025-07-19 22:31:06.299180,
1203,3,Operations,Reviewed,True,Waiting on additional information from the customer.,2025-07-22 20:36:50.387990,Unresolved
1204,1,Public Relations,Received,,Complaint logged and reviewed for routing.,2025-05-05 09:32:38.143525,
1204,2,Operations,Forwarded (Correct),True,"Received from Public Relations, correctly routed for Service Delay.",2025-05-05 13:42:08.470545,
1204,3,Operations,Reviewed,True,Waiting on additional information from the customer.,2025-05-07 00:06:21.630047,Unresolved
1205,1,Public Relations,Received,,Complaint logged and reviewed for routing.,2025-06-27 16:03:46.585605,
1205,2,Billing,Forwarded (Correct),True,"Received from Public Relations, correctly routed for Billing Issue.",2025-06-27 17:23:26.339896,
1205,3,Billing,Reviewed,True,Issue verified and resolved after review.,2025-06-29 13:52:46.457729,Resolved
1206,1,Public Relations,Received,,Complaint logged and reviewed for routing.,2025-07-27 13:56:18.951922,
1206,2,Customer Support,Forwarded (Correct),True,"Received from Public Relations, correctly routed for Staff Behavior.",2025-07-27 17:24:36.563573,
1206,3,Customer Support,Reviewed,True,Completed the requested action successfully.,2025-07-31 14:30:48.102089,Resolved
1207,1,Public Relations,Received,,Complaint logged and reviewed for routing.,2025-03-20 03:04:23.074679,
1207,2,Customer Support,Forwarded (Correct),True,"Received from Public Relations, correctly routed for Appreciation.",2025-03-20 06:58:09.748394,
1207,3,Customer Support,Reviewed,True,On hold due to resource availability.,2025-03-24 01:51:23.042856,Unresolved
1208,1,Public Relations,Received,,Complaint logged and reviewed for routing.,2025-07-21 14:09:26.950323,
1208,2,Billing,Forwarded (Correct),True,"Received from Public Relations, correctly routed for Billing Issue.",2025-07-21 20:35:38.187036,
1208,3,Billing,Reviewed,True,"Still under investigation, pending further review.",2025-07-23 04:35:02.386951,Unresolved
1209,1,Public Relations,Received,,Complaint logged and reviewed for routing.,2025-07-12 12:20:59.291198,
1209,2,Billing,Forwarded (Correct),True,"Received from Public Relations, correctly routed for Billing Issue.",2025-07-12 18:53:10.238285,
1209,3,Billing,Reviewed,True,On hold due to resource availability.,2025-07-15 10:37:22.712659,Unresolved
1210,1,Public Relations,Received,,Complaint logged and reviewed for routing.,2025-12-17 15:56:26.599667,
1210,2,Operations,Forwarded (Correct),True,"Received from Public Relations, correctly routed for Service Delay.",2025-12-17 18:49:37.105547,
1210,3,Operations,Reviewed,True,Completed the requested action successfully.,2025-12-19 02:13:14.223016,Resolved
1211,1,Public Relations,Received,,Complaint logged and reviewed for routing.,2025-08-17 12:03:03.318131,
1211,2,Billing,Forwarded (Correct),True,"Received from Public Relations, correctly routed for Billing Issue.",2025-08-17 16:35:01.340451,
1211,3,Billing,Reviewed,True,Corrected the error and notified the customer.,2025-08-19 14:12:47.627216,Resolved
1212,1,Public Relations,Received,,Complaint logged and reviewed for routing.,2025-08-02 07:51:41.366093,
1212,2,Customer Support,Forwarded (Correct),True,"Received from Public Relations, correctly routed for Staff Behavior.",2025-08-02 10:36:26.642028,
1212,3,Customer Support,Reviewed,True,On hold due to resource availability.,2025-08-03 01:56:58.515939,Unresolved
1213,1,Public Relations,Received,,Complaint logged and reviewed for routing.,2025-07-09 18:33:32.463343,
1213,2,Customer Support,Forwarded (Correct),True,"Received from Public Relations, correctly routed for Appreciation.",2025-07-09 23:53:55.467878,
1213,3,Customer Support,Reviewed,True,Issue verified and resolved after review.,2025-07-10 06:50:23.903258,Resolved
1214,1,Public Relations,Received,,Complaint logged and reviewed for routing.,2025-06-03 17:57:32.130863,
1214,2,Operations,Forwarded (Correct),True,"Received from Public Relations, correctly routed for Service Delay.",2025-06-03 20:09:10.147126,
1214,3,Operations,Reviewed,True,Resolved following standard procedure.,2025-06-04 02:37:41.938184,Resolved
1215,1,Public Relations,Received,,Complaint logged and reviewed for routing.,2025-08-09 20:33:32.623376,
1215,2,Customer Support,Forwarded (Correct),True,"Received from Public Relations, correctly routed for Staff Behavior.",2025-08-10 00:06:24.510931,
1215,3,Customer Support,Reviewed,True,Resolved following standard procedure.,2025-08-13 14:59:53.536945,Resolved
1216,1,Public Relations,Received,,Complaint logged and reviewed for routing.,2025-08-14 10:52:53.744304,
1216,2,Customer Support,Forwarded (Correct),True,"Received from Public Relations, correctly routed for Staff Behavior.",2025-08-14 18:40:19.502938,
1216,3,Customer Support,Reviewed,True,Requires field visit before it can be closed.,2025-08-15 11:28:07.805388,Unresolved
1217,1,Public Relations,Received,,Complaint logged and reviewed for routing.,2025-04-09 07:55:18.648895,
1217,2,Operations,Forwarded (Correct),True,"Received from Public Relations, correctly routed for Service Delay.",2025-04-09 10:39:43.187970,
1217,3,Operations,Reviewed,True,Confirmed with the customer that the issue is fixed.,2025-04-12 11:34:01.217201,Resolved
1218,1,Public Relations,Received,,Complaint logged and reviewed for routing.,2025-06-11 06:22:42.591313,
1218,2,Billing,Forwarded (Correct),True,"Received from Public Relations, correctly routed for Billing Issue.",2025-06-11 11:17:45.674197,
1218,3,Billing,Reviewed,True,Waiting on additional information from the customer.,2025-06-12 08:41:10.841034,Unresolved
1219,1,Public Relations,Received,,Complaint logged and reviewed for routing.,2025-06-08 14:37:36.759817,
1219,2,Operations,Forwarded (Correct),True,"Received from Public Relations, correctly routed for Service Delay.",2025-06-08 21:51:14.896698,
1219,3,Operations,Reviewed,True,Resolved following standard procedure.,2025-06-12 00:50:23.695123,Resolved
1220,1,Public Relations,Received,,Complaint logged and reviewed for routing.,2025-07-27 01:07:29.925233,
1220,2,Billing,Forwarded (Correct),True,"Received from Public Relations, correctly routed for Billing Issue.",2025-07-27 09:06:17.389242,
1220,3,Billing,Reviewed,True,"Still under investigation, pending further review.",2025-07-30 19:22:24.282835,Unresolved
1221,1,Public Relations,Received,,Complaint logged and reviewed for routing.,2025-02-02 17:23:57.574618,
1221,2,Customer Support,Forwarded (Correct),True,"Received from Public Relations, correctly routed for Staff Behavior.",2025-02-02 20:22:42.320513,
1221,3,Customer Support,Reviewed,True,Waiting on additional information from the customer.,2025-02-04 14:24:27.164871,Unresolved
1222,1,Public Relations,Received,,Complaint logged and reviewed for routing.,2025-07-28 15:19:10.319804,
1222,2,Operations,Forwarded (Correct),True,"Received from Public Relations, correctly routed for Service Delay.",2025-07-28 16:27:53.154098,
1222,3,Operations,Reviewed,True,Confirmed with the customer that the issue is fixed.,2025-07-31 16:25:07.460362,Resolved
1223,1,Public Relations,Received,,Complaint logged and reviewed for routing.,2025-08-05 07:37:29.768109,
1223,2,Maintenance,Forwarded (Correct),True,"Received from Public Relations, correctly routed for Infrastructure.",2025-08-05 09:49:56.093710,
1223,3,Maintenance,Reviewed,True,Corrected the error and notified the customer.,2025-08-06 12:26:45.606444,Resolved
1224,1,Public Relations,Received,,Complaint logged and reviewed for routing.,2025-08-14 19:41:42.024590,
1224,2,Maintenance,Forwarded (Correct),True,"Received from Public Relations, correctly routed for Infrastructure.",2025-08-15 03:01:30.496343,
1224,3,Maintenance,Reviewed,True,Resolved following standard procedure.,2025-08-18 13:58:42.234456,Resolved
1225,1,Public Relations,Received,,Complaint logged and reviewed for routing.,2025-05-14 19:15:03.837406,
1225,2,Security,Forwarded (Correct),True,"Received from Public Relations, correctly routed for Safety Concern.",2025-05-15 03:08:36.009924,
1225,3,Security,Reviewed,True,Confirmed with the customer that the issue is fixed.,2025-05-15 12:46:21.305020,Resolved
1226,1,Public Relations,Received,,Complaint logged and reviewed for routing.,2025-12-14 14:01:43.304659,
1226,2,Operations,Forwarded (Correct),True,"Received from Public Relations, correctly routed for Service Delay.",2025-12-14 18:23:44.905544,
1226,3,Operations,Reviewed,True,Waiting on additional information from the customer.,2025-12-16 05:42:11.843036,Unresolved
1227,1,Public Relations,Received,,Complaint logged and reviewed for routing.,2025-12-06 15:21:08.992649,
1227,2,Billing,Forwarded (Correct),True,"Received from Public Relations, correctly routed for Billing Issue.",2025-12-06 16:31:49.414802,
1227,3,Billing,Reviewed,True,Requires field visit before it can be closed.,2025-12-10 05:48:37.947521,Unresolved
1228,1,Public Relations,Received,,Complaint logged and reviewed for routing.,2025-12-14 12:21:12.686311,
1228,2,Security,Forwarded (Correct),True,"Received from Public Relations, correctly routed for Safety Concern.",2025-12-14 18:53:05.253152,
1228,3,Security,Reviewed,True,Corrected the error and notified the customer.,2025-12-15 00:23:13.982430,Resolved
1229,1,Public Relations,Received,,Complaint logged and reviewed for routing.,2025-08-13 17:50:17.651274,
1229,2,Customer Support,Forwarded (Correct),True,"Received from Public Relations, correctly routed for Staff Behavior.",2025-08-14 00:37:35.082353,
1229,3,Customer Support,Reviewed,True,Corrected the error and notified the customer.,2025-08-16 10:17:00.279692,Resolved
1230,1,Public Relations,Received,,Complaint logged and reviewed for routing.,2025-09-08 16:27:52.455298,
1230,2,Maintenance,Forwarded (Correct),True,"Received from Public Relations, correctly routed for Infrastructure.",2025-09-08 23:04:37.409096,
1230,3,Maintenance,Reviewed,True,Issue verified and resolved after review.,2025-09-12 09:43:57.550875,Resolved
1231,1,Public Relations,Received,,Complaint logged and reviewed for routing.,2025-08-06 16:06:55.930638,
1231,2,Maintenance,Forwarded (Correct),True,"Received from Public Relations, correctly routed for Infrastructure.",2025-08-06 23:54:19.596222,
1231,3,Maintenance,Reviewed,True,Resolved following standard procedure.,2025-08-09 09:01:55.532712,Resolved
1232,1,Public Relations,Received,,Complaint logged and reviewed for routing.,2025-10-17 15:47:32.120980,
1232,2,Billing,Forwarded (Correct),True,"Received from Public Relations, correctly routed for Billing Issue.",2025-10-17 20:07:14.773164,
1232,3,Billing,Reviewed,True,Corrected the error and notified the customer.,2025-10-21 19:00:20.951895,Resolved
1233,1,Public Relations,Received,,Complaint logged and reviewed for routing.,2025-05-22 09:23:32.956189,
1233,2,Billing,Forwarded (Correct),True,"Received from Public Relations, correctly routed for Billing Issue.",2025-05-22 15:33:16.097100,
1233,3,Billing,Reviewed,True,Resolved following standard procedure.,2025-05-23 17:51:22.922083,Resolved
1234,1,Public Relations,Received,,Complaint logged and reviewed for routing.,2025-05-07 14:22:45.011062,
1234,2,Operations,Forwarded (Correct),True,"Received from Public Relations, correctly routed for Service Delay.",2025-05-07 16:36:48.370072,
1234,3,Operations,Reviewed,True,Corrected the error and notified the customer.,2025-05-09 04:06:37.099143,Resolved
1235,1,Public Relations,Received,,Complaint logged and reviewed for routing.,2025-12-20 14:18:17.697993,
1235,2,Customer Support,Forwarded (Correct),True,"Received from Public Relations, correctly routed for Appreciation.",2025-12-20 18:10:00.873819,
1235,3,Customer Support,Reviewed,True,Corrected the error and notified the customer.,2025-12-23 11:17:32.469725,Resolved
1236,1,Public Relations,Received,,Complaint logged and reviewed for routing.,2025-02-12 16:15:38.927303,
1236,2,Operations,Forwarded (Correct),True,"Received from Public Relations, correctly routed for Service Delay.",2025-02-12 18:03:38.081012,
1236,3,Operations,Reviewed,True,Issue verified and resolved after review.,2025-02-15 13:53:13.365845,Resolved
1237,1,Public Relations,Received,,Complaint logged and reviewed for routing.,2025-04-17 16:09:46.105079,
1237,2,Billing,Forwarded (Correct),True,"Received from Public Relations, correctly routed for Billing Issue.",2025-04-17 20:08:09.967250,
1237,3,Billing,Reviewed,True,Completed the requested action successfully.,2025-04-19 23:21:27.292901,Resolved
1238,1,Public Relations,Received,,Complaint logged and reviewed for routing.,2025-04-13 14:12:15.432654,
1238,2,Billing,Forwarded (Correct),True,"Received from Public Relations, correctly routed for Billing Issue.",2025-04-13 17:03:05.432855,
1238,3,Billing,Reviewed,True,Requires field visit before it can be closed.,2025-04-14 11:58:45.523676,Unresolved
1239,1,Public Relations,Received,,Complaint logged and reviewed for routing.,2025-02-15 15:59:26.690449,
1239,2,Customer Support,Forwarded (Correct),True,"Received from Public Relations, correctly routed for Staff Behavior.",2025-02-15 22:16:38.010556,
1239,3,Customer Support,Reviewed,True,Confirmed with the customer that the issue is fixed.,2025-02-16 19:52:01.027832,Resolved
1240,1,Public Relations,Received,,Complaint logged and reviewed for routing.,2025-05-28 12:59:47.554708,
1240,2,Security,Forwarded (Correct),True,"Received from Public Relations, correctly routed for Safety Concern.",2025-05-28 14:54:57.107209,
1240,3,Security,Reviewed,True,On hold due to resource availability.,2025-05-31 06:10:38.579309,Unresolved
1241,1,Public Relations,Received,,Complaint logged and reviewed for routing.,2025-09-02 12:50:01.364906,
1241,2,Billing,Forwarded (Correct),True,"Received from Public Relations, correctly routed for Billing Issue.",2025-09-02 16:20:34.957612,
1241,3,Billing,Reviewed,True,Issue verified and resolved after review.,2025-09-05 10:04:33.648213,Resolved
1242,1,Public Relations,Received,,Complaint logged and reviewed for routing.,2025-07-26 07:41:53.326328,
1242,2,Billing,Forwarded (Correct),True,"Received from Public Relations, correctly routed for Billing Issue.",2025-07-26 11:50:40.523460,
1242,3,Billing,Reviewed,True,Completed the requested action successfully.,2025-07-27 19:45:40.677096,Resolved
1243,1,Public Relations,Received,,Complaint logged and reviewed for routing.,2025-03-04 23:28:42.043257,
1243,2,Maintenance,Forwarded (Incorrect),False,"Not within our scope, sending to the relevant department.",2025-03-05 02:36:15.691006,
1243,3,Customer Support,Forwarded (Re-routed),True,Re-routed from Maintenance; now correctly assigned for Staff Behavior.,2025-03-05 19:34:23.964968,
1243,4,Customer Support,Reviewed,True,Waiting on additional information from the customer.,2025-03-06 05:02:42.237983,Unresolved
1244,1,Public Relations,Received,,Complaint logged and reviewed for routing.,2025-01-27 12:10:47.374937,
1244,2,Billing,Forwarded (Correct),True,"Received from Public Relations, correctly routed for Billing Issue.",2025-01-27 19:56:36.884650,
1244,3,Billing,Reviewed,True,Corrected the error and notified the customer.,2025-01-28 16:48:07.027709,Resolved
1245,1,Public Relations,Received,,Complaint logged and reviewed for routing.,2025-05-03 13:44:18.343607,
1245,2,Customer Support,Forwarded (Correct),True,"Received from Public Relations, correctly routed for Staff Behavior.",2025-05-03 15:29:33.523005,
1245,3,Customer Support,Reviewed,True,Issue verified and resolved after review.,2025-05-05 09:34:01.241704,Resolved
1246,1,Public Relations,Received,,Complaint logged and reviewed for routing.,2025-09-28 12:00:58.123545,
1246,2,Billing,Forwarded (Correct),True,"Received from Public Relations, correctly routed for Billing Issue.",2025-09-28 17:10:17.239693,
1246,3,Billing,Reviewed,True,Completed the requested action successfully.,2025-09-29 09:49:12.818961,Resolved
1247,1,Public Relations,Received,,Complaint logged and reviewed for routing.,2025-08-17 11:35:31.414142,
1247,2,Operations,Forwarded (Incorrect),False,"This complaint does not belong to our department, forwarding to the correct team.",2025-08-17 16:29:38.075652,
1247,3,Billing,Forwarded (Re-routed),True,Re-routed from Operations; now correctly assigned for Billing Issue.,2025-08-17 21:58:51.369247,
1247,4,Billing,Reviewed,True,Escalated to senior staff for further action.,2025-08-19 11:37:04.905934,Unresolved
1248,1,Public Relations,Received,,Complaint logged and reviewed for routing.,2025-06-09 13:34:37.054746,
1248,2,Security,Forwarded (Incorrect),False,"This complaint does not belong to our department, forwarding to the correct team.",2025-06-09 20:45:32.591786,
1248,3,Operations,Forwarded (Re-routed),True,Re-routed from Security; now correctly assigned for Service Delay.,2025-06-10 08:35:24.733256,
1248,4,Operations,Reviewed,True,Confirmed with the customer that the issue is fixed.,2025-06-12 10:33:39.881017,Resolved
1249,1,Public Relations,Received,,Complaint logged and reviewed for routing.,2025-06-17 18:00:47.776729,
1249,2,Billing,Forwarded (Correct),True,"Received from Public Relations, correctly routed for Billing Issue.",2025-06-17 22:59:13.493548,
1249,3,Billing,Reviewed,True,Corrected the error and notified the customer.,2025-06-18 07:27:01.543403,Resolved
1250,1,Public Relations,Received,,Complaint logged and reviewed for routing.,2025-01-14 13:55:29.129121,
1250,2,Operations,Forwarded (Correct),True,"Received from Public Relations, correctly routed for Service Delay.",2025-01-14 16:08:23.826316,
1250,3,Operations,Reviewed,True,"Still under investigation, pending further review.",2025-01-17 10:12:15.584144,Unresolved
1251,1,Public Relations,Received,,Complaint logged and reviewed for routing.,2025-09-08 14:36:22.708892,
1251,2,Operations,Forwarded (Correct),True,"Received from Public Relations, correctly routed for Service Delay.",2025-09-08 18:06:36.722570,
1251,3,Operations,Reviewed,True,Corrected the error and notified the customer.,2025-09-10 02:54:54.052061,Resolved
1252,1,Public Relations,Received,,Complaint logged and reviewed for routing.,2025-04-16 11:32:08.365957,
1252,2,Billing,Forwarded (Correct),True,"Received from Public Relations, correctly routed for Billing Issue.",2025-04-16 13:01:23.867875,
1252,3,Billing,Reviewed,True,Resolved following standard procedure.,2025-04-19 03:26:59.617786,Resolved
1253,1,Public Relations,Received,,Complaint logged and reviewed for routing.,2025-06-10 08:43:38.715977,
1253,2,Billing,Forwarded (Incorrect),False,"Not within our scope, sending to the relevant department.",2025-06-10 13:14:36.550536,
1253,3,Operations,Forwarded (Re-routed),True,Re-routed from Billing; now correctly assigned for Service Delay.,2025-06-11 07:01:07.651514,
1253,4,Operations,Reviewed,True,"Still under investigation, pending further review.",2025-06-13 04:11:23.432809,Unresolved
1254,1,Public Relations,Received,,Complaint logged and reviewed for routing.,2025-09-19 14:45:11.855650,
1254,2,Operations,Forwarded (Correct),True,"Received from Public Relations, correctly routed for Service Delay.",2025-09-19 15:46:10.251819,
1254,3,Operations,Reviewed,True,Issue verified and resolved after review.,2025-09-22 21:29:41.672505,Resolved
1255,1,Public Relations,Received,,Complaint logged and reviewed for routing.,2025-02-04 14:52:51.145040,
1255,2,Billing,Forwarded (Correct),True,"Received from Public Relations, correctly routed for Billing Issue.",2025-02-04 22:46:00.696298,
1255,3,Billing,Reviewed,True,Completed the requested action successfully.,2025-02-06 07:03:21.049610,Resolved
1256,1,Public Relations,Received,,Complaint logged and reviewed for routing.,2025-04-15 19:28:38.442637,
1256,2,Maintenance,Forwarded (Correct),True,"Received from Public Relations, correctly routed for Infrastructure.",2025-04-16 01:39:30.977076,
1256,3,Maintenance,Reviewed,True,Escalated to senior staff for further action.,2025-04-18 18:53:30.281809,Unresolved
1257,1,Public Relations,Received,,Complaint logged and reviewed for routing.,2025-12-07 14:13:33.464926,
1257,2,Operations,Forwarded (Correct),True,"Received from Public Relations, correctly routed for Service Delay.",2025-12-07 21:54:52.342892,
1257,3,Operations,Reviewed,True,Issue verified and resolved after review.,2025-12-08 20:28:13.310442,Resolved
1258,1,Public Relations,Received,,Complaint logged and reviewed for routing.,2025-11-25 13:23:01.411098,
1258,2,Operations,Forwarded (Correct),True,"Received from Public Relations, correctly routed for Service Delay.",2025-11-25 17:16:37.785019,
1258,3,Operations,Reviewed,True,Resolved following standard procedure.,2025-11-29 01:23:11.731865,Resolved
1259,1,Public Relations,Received,,Complaint logged and reviewed for routing.,2025-08-04 13:48:01.185628,
1259,2,Security,Forwarded (Incorrect),False,"Incorrectly routed here, reassigning to the appropriate department.",2025-08-04 21:23:23.725881,
1259,3,Administration,Forwarded (Re-routed),True,Re-routed from Security; now correctly assigned for Corruption/Bribery.,2025-08-05 16:31:31.412253,
1259,4,Administration,Reviewed,True,Completed the requested action successfully.,2025-08-09 09:07:25.662775,Resolved
1260,1,Public Relations,Received,,Complaint logged and reviewed for routing.,2025-03-09 16:03:27.386869,
1260,2,Administration,Forwarded (Incorrect),False,"Incorrectly routed here, reassigning to the appropriate department.",2025-03-09 17:42:53.809781,
1260,3,Customer Support,Forwarded (Re-routed),True,Re-routed from Administration; now correctly assigned for Appreciation.,2025-03-10 06:03:06.671401,
1260,4,Customer Support,Reviewed,True,Resolved following standard procedure.,2025-03-13 04:18:35.560435,Resolved
1261,1,Public Relations,Received,,Complaint logged and reviewed for routing.,2025-09-13 16:08:59.612003,
1261,2,Security,Forwarded (Correct),True,"Received from Public Relations, correctly routed for Safety Concern.",2025-09-13 23:00:32.404432,
1261,3,Security,Reviewed,True,Confirmed with the customer that the issue is fixed.,2025-09-14 15:06:44.968399,Resolved
1262,1,Public Relations,Received,,Complaint logged and reviewed for routing.,2025-06-25 21:47:58.769618,
1262,2,Security,Forwarded (Incorrect),False,"Incorrectly routed here, reassigning to the appropriate department.",2025-06-26 02:40:42.894178,
1262,3,Billing,Forwarded (Re-routed),True,Re-routed from Security; now correctly assigned for Billing Issue.,2025-06-26 10:01:16.019019,
1262,4,Billing,Reviewed,True,Issue verified and resolved after review.,2025-06-28 09:40:07.325157,Resolved
1263,1,Public Relations,Received,,Complaint logged and reviewed for routing.,2025-04-23 18:34:21.917791,
1263,2,Billing,Forwarded (Correct),True,"Received from Public Relations, correctly routed for Billing Issue.",2025-04-23 20:43:44.996363,
1263,3,Billing,Reviewed,True,Confirmed with the customer that the issue is fixed.,2025-04-27 11:04:06.161347,Resolved
1264,1,Public Relations,Received,,Complaint logged and reviewed for routing.,2025-04-28 15:38:43.680205,
1264,2,Billing,Forwarded (Incorrect),False,"This complaint does not belong to our department, forwarding to the correct team.",2025-04-28 17:13:03.530406,
1264,3,Customer Support,Forwarded (Re-routed),True,Re-routed from Billing; now correctly assigned for Staff Behavior.,2025-04-29 04:29:02.121077,
1264,4,Customer Support,Reviewed,True,Waiting on additional information from the customer.,2025-05-02 08:05:20.016582,Unresolved
1265,1,Public Relations,Received,,Complaint logged and reviewed for routing.,2025-07-10 09:36:21.767125,
1265,2,Billing,Forwarded (Correct),True,"Received from Public Relations, correctly routed for Billing Issue.",2025-07-10 16:39:38.538812,
1265,3,Billing,Reviewed,True,Resolved following standard procedure.,2025-07-11 13:11:00.042608,Resolved
1266,1,Public Relations,Received,,Complaint logged and reviewed for routing.,2025-11-02 12:11:50.884977,
1266,2,Customer Support,Forwarded (Correct),True,"Received from Public Relations, correctly routed for Appreciation.",2025-11-02 14:38:19.735554,
1266,3,Customer Support,Reviewed,True,Confirmed with the customer that the issue is fixed.,2025-11-03 13:42:21.215790,Resolved
1267,1,Public Relations,Received,,Complaint logged and reviewed for routing.,2025-08-21 09:32:10.345890,
1267,2,Customer Support,Forwarded (Correct),True,"Received from Public Relations, correctly routed for Staff Behavior.",2025-08-21 17:30:04.864180,
1267,3,Customer Support,Reviewed,True,Completed the requested action successfully.,2025-08-24 11:49:01.791322,Resolved
1268,1,Public Relations,Received,,Complaint logged and reviewed for routing.,2025-06-20 12:02:45.749188,
1268,2,Operations,Forwarded (Correct),True,"Received from Public Relations, correctly routed for Service Delay.",2025-06-20 19:45:57.831319,
1268,3,Operations,Reviewed,True,On hold due to resource availability.,2025-06-23 03:30:03.303551,Unresolved
1269,1,Public Relations,Received,,Complaint logged and reviewed for routing.,2025-09-09 16:21:25.252745,
1269,2,Administration,Forwarded (Correct),True,"Received from Public Relations, correctly routed for Corruption/Bribery.",2025-09-09 17:52:15.211369,
1269,3,Administration,Reviewed,True,Escalated to senior staff for further action.,2025-09-12 00:50:26.583710,Unresolved
1270,1,Public Relations,Received,,Complaint logged and reviewed for routing.,2025-12-09 08:23:08.527370,
1270,2,Security,Forwarded (Correct),True,"Received from Public Relations, correctly routed for Safety Concern.",2025-12-09 11:16:10.443143,
1270,3,Security,Reviewed,True,Issue verified and resolved after review.,2025-12-11 01:33:26.063057,Resolved
1271,1,Public Relations,Received,,Complaint logged and reviewed for routing.,2025-05-07 21:51:00.175042,
1271,2,Operations,Forwarded (Incorrect),False,"Incorrectly routed here, reassigning to the appropriate department.",2025-05-08 05:22:05.940777,
1271,3,Security,Forwarded (Re-routed),True,Re-routed from Operations; now correctly assigned for Safety Concern.,2025-05-08 11:07:53.872503,
1271,4,Security,Reviewed,True,Completed the requested action successfully.,2025-05-12 04:03:05.268966,Resolved
1272,1,Public Relations,Received,,Complaint logged and reviewed for routing.,2025-09-14 16:18:02.674832,
1272,2,Billing,Forwarded (Correct),True,"Received from Public Relations, correctly routed for Billing Issue.",2025-09-14 19:28:35.836165,
1272,3,Billing,Reviewed,True,"Still under investigation, pending further review.",2025-09-16 02:01:51.300649,Unresolved
1273,1,Public Relations,Received,,Complaint logged and reviewed for routing.,2025-10-06 15:58:40.026664,
1273,2,Billing,Forwarded (Correct),True,"Received from Public Relations, correctly routed for Billing Issue.",2025-10-06 19:55:11.487697,
1273,3,Billing,Reviewed,True,Issue verified and resolved after review.,2025-10-08 12:22:56.916478,Resolved
1274,1,Public Relations,Received,,Complaint logged and reviewed for routing.,2025-05-06 03:34:30.958600,
1274,2,Security,Forwarded (Incorrect),False,"Not within our scope, sending to the relevant department.",2025-05-06 06:56:54.491019,
1274,3,Maintenance,Forwarded (Re-routed),True,Re-routed from Security; now correctly assigned for Infrastructure.,2025-05-06 15:44:33.603919,
1274,4,Maintenance,Reviewed,True,Completed the requested action successfully.,2025-05-10 09:28:08.397801,Resolved
1275,1,Public Relations,Received,,Complaint logged and reviewed for routing.,2025-04-21 15:59:45.573709,
1275,2,Billing,Forwarded (Correct),True,"Received from Public Relations, correctly routed for Billing Issue.",2025-04-21 17:11:38.312171,
1275,3,Billing,Reviewed,True,Requires field visit before it can be closed.,2025-04-24 00:18:18.408699,Unresolved
1276,1,Public Relations,Received,,Complaint logged and reviewed for routing.,2025-06-04 20:09:26.484089,
1276,2,Maintenance,Forwarded (Correct),True,"Received from Public Relations, correctly routed for Infrastructure.",2025-06-04 22:11:38.888833,
1276,3,Maintenance,Reviewed,True,Requires field visit before it can be closed.,2025-06-06 08:48:47.920595,Unresolved
1277,1,Public Relations,Received,,Complaint logged and reviewed for routing.,2025-04-21 15:04:37.024902,
1277,2,Billing,Forwarded (Correct),True,"Received from Public Relations, correctly routed for Billing Issue.",2025-04-21 16:40:26.806688,
1277,3,Billing,Reviewed,True,On hold due to resource availability.,2025-04-23 19:48:27.735966,Unresolved
1278,1,Public Relations,Received,,Complaint logged and reviewed for routing.,2025-10-03 17:26:22.781758,
1278,2,Customer Support,Forwarded (Correct),True,"Received from Public Relations, correctly routed for Staff Behavior.",2025-10-03 21:39:59.242365,
1278,3,Customer Support,Reviewed,True,Escalated to senior staff for further action.,2025-10-05 21:39:41.726861,Unresolved
1279,1,Public Relations,Received,,Complaint logged and reviewed for routing.,2025-05-05 16:29:02.294041,
1279,2,Security,Forwarded (Correct),True,"Received from Public Relations, correctly routed for Safety Concern.",2025-05-05 23:27:59.196047,
1279,3,Security,Reviewed,True,Waiting on additional information from the customer.,2025-05-06 05:54:53.728647,Unresolved
1280,1,Public Relations,Received,,Complaint logged and reviewed for routing.,2025-02-10 08:32:19.152488,
1280,2,Billing,Forwarded (Correct),True,"Received from Public Relations, correctly routed for Billing Issue.",2025-02-10 14:12:46.711399,
1280,3,Billing,Reviewed,True,Corrected the error and notified the customer.,2025-02-12 09:34:32.205328,Resolved
1281,1,Public Relations,Received,,Complaint logged and reviewed for routing.,2025-01-14 01:50:29.405685,
1281,2,Billing,Forwarded (Correct),True,"Received from Public Relations, correctly routed for Billing Issue.",2025-01-14 04:10:10.633475,
1281,3,Billing,Reviewed,True,"Still under investigation, pending further review.",2025-01-15 01:24:46.162568,Unresolved
1282,1,Public Relations,Received,,Complaint logged and reviewed for routing.,2025-08-23 13:42:57.966526,
1282,2,Billing,Forwarded (Incorrect),False,"Not within our scope, sending to the relevant department.",2025-08-23 17:22:55.393222,
1282,3,Customer Support,Forwarded (Re-routed),True,Re-routed from Billing; now correctly assigned for Appreciation.,2025-08-24 08:53:49.033071,
1282,4,Customer Support,Reviewed,True,Confirmed with the customer that the issue is fixed.,2025-08-26 17:28:28.143320,Resolved
1283,1,Public Relations,Received,,Complaint logged and reviewed for routing.,2025-05-20 11:53:05.001875,
1283,2,Operations,Forwarded (Correct),True,"Received from Public Relations, correctly routed for Service Delay.",2025-05-20 16:15:30.181692,
1283,3,Operations,Reviewed,True,Requires field visit before it can be closed.,2025-05-22 07:46:20.035710,Unresolved
1284,1,Public Relations,Received,,Complaint logged and reviewed for routing.,2025-03-14 14:00:20.794412,
1284,2,Administration,Forwarded (Correct),True,"Received from Public Relations, correctly routed for Corruption/Bribery.",2025-03-14 17:16:51.704948,
1284,3,Administration,Reviewed,True,Escalated to senior staff for further action.,2025-03-15 06:18:47.248484,Unresolved
1285,1,Public Relations,Received,,Complaint logged and reviewed for routing.,2025-08-10 16:21:42.967930,
1285,2,Billing,Forwarded (Correct),True,"Received from Public Relations, correctly routed for Billing Issue.",2025-08-10 23:53:33.192747,
1285,3,Billing,Reviewed,True,Resolved following standard procedure.,2025-08-12 21:55:04.309216,Resolved
1286,1,Public Relations,Received,,Complaint logged and reviewed for routing.,2025-10-23 17:19:23.698096,
1286,2,Maintenance,Forwarded (Correct),True,"Received from Public Relations, correctly routed for Infrastructure.",2025-10-24 00:02:35.012757,
1286,3,Maintenance,Reviewed,True,Escalated to senior staff for further action.,2025-10-25 15:04:46.121116,Unresolved
1287,1,Public Relations,Received,,Complaint logged and reviewed for routing.,2025-05-13 14:54:38.901227,
1287,2,Security,Forwarded (Correct),True,"Received from Public Relations, correctly routed for Safety Concern.",2025-05-13 17:01:37.431030,
1287,3,Security,Reviewed,True,Corrected the error and notified the customer.,2025-05-17 05:46:06.650303,Resolved
1289,1,Public Relations,Received,,Complaint logged and reviewed for routing.,2025-05-16 17:25:51.964027,
1289,2,Billing,Forwarded (Correct),True,"Received from Public Relations, correctly routed for Billing Issue.",2025-05-16 21:34:21.829704,
1289,3,Billing,Reviewed,True,Completed the requested action successfully.,2025-05-20 19:39:59.857912,Resolved
1290,1,Public Relations,Received,,Complaint logged and reviewed for routing.,2025-06-18 11:30:59.702844,
1290,2,Operations,Forwarded (Incorrect),False,"Not within our scope, sending to the relevant department.",2025-06-18 15:41:08.253851,
1290,3,Billing,Forwarded (Re-routed),True,Re-routed from Operations; now correctly assigned for Billing Issue.,2025-06-19 01:03:23.769691,
1290,4,Billing,Reviewed,True,Corrected the error and notified the customer.,2025-06-21 09:15:48.645147,Resolved
1291,1,Public Relations,Received,,Complaint logged and reviewed for routing.,2025-02-23 11:16:31.484163,
1291,2,Billing,Forwarded (Incorrect),False,"This complaint does not belong to our department, forwarding to the correct team.",2025-02-23 18:20:42.477257,
1291,3,Administration,Forwarded (Re-routed),True,Re-routed from Billing; now correctly assigned for Corruption/Bribery.,2025-02-24 17:22:45.516763,
1291,4,Administration,Reviewed,True,Completed the requested action successfully.,2025-02-27 15:00:46.380404,Resolved
1292,1,Public Relations,Received,,Complaint logged and reviewed for routing.,2025-06-07 17:49:53.672430,
1292,2,Maintenance,Forwarded (Correct),True,"Received from Public Relations, correctly routed for Infrastructure.",2025-06-07 21:23:37.204688,
1292,3,Maintenance,Reviewed,True,Escalated to senior staff for further action.,2025-06-11 18:45:57.231194,Unresolved
1293,1,Public Relations,Received,,Complaint logged and reviewed for routing.,2025-11-12 19:17:30.306638,
1293,2,Customer Support,Forwarded (Correct),True,"Received from Public Relations, correctly routed for Appreciation.",2025-11-13 00:40:44.431685,
1293,3,Customer Support,Reviewed,True,Completed the requested action successfully.,2025-11-13 04:43:55.745210,Resolved
1294,1,Public Relations,Received,,Complaint logged and reviewed for routing.,2025-10-18 19:57:21.346003,
1294,2,Operations,Forwarded (Correct),True,"Received from Public Relations, correctly routed for Service Delay.",2025-10-18 23:19:15.455795,
1294,3,Operations,Reviewed,True,Corrected the error and notified the customer.,2025-10-21 01:32:44.606016,Resolved
1295,1,Public Relations,Received,,Complaint logged and reviewed for routing.,2025-02-23 11:09:50.723769,
1295,2,Billing,Forwarded (Correct),True,"Received from Public Relations, correctly routed for Billing Issue.",2025-02-23 18:55:13.964843,
1295,3,Billing,Reviewed,True,"Still under investigation, pending further review.",2025-02-27 08:06:51.956698,Unresolved
1296,1,Public Relations,Received,,Complaint logged and reviewed for routing.,2025-08-03 15:21:07.622159,
1296,2,Operations,Forwarded (Correct),True,"Received from Public Relations, correctly routed for Service Delay.",2025-08-03 21:55:59.194429,
1296,3,Operations,Reviewed,True,Issue verified and resolved after review.,2025-08-07 21:39:55.092467,Resolved
1297,1,Public Relations,Received,,Complaint logged and reviewed for routing.,2025-02-03 12:45:18.325074,
1297,2,Billing,Forwarded (Correct),True,"Received from Public Relations, correctly routed for Billing Issue.",2025-02-03 14:28:27.605210,
1297,3,Billing,Reviewed,True,Confirmed with the customer that the issue is fixed.,2025-02-04 01:47:37.130600,Resolved
1298,1,Public Relations,Received,,Complaint logged and reviewed for routing.,2025-09-24 16:18:21.545157,
1298,2,Security,Forwarded (Correct),True,"Received from Public Relations, correctly routed for Safety Concern.",2025-09-24 20:43:39.768936,
1298,3,Security,Reviewed,True,Issue verified and resolved after review.,2025-09-25 22:11:13.857037,Resolved
1299,1,Public Relations,Received,,Complaint logged and reviewed for routing.,2025-09-23 11:24:03.077137,
1299,2,Security,Forwarded (Correct),True,"Received from Public Relations, correctly routed for Safety Concern.",2025-09-23 14:01:22.784579,
1299,3,Security,Reviewed,True,Escalated to senior staff for further action.,2025-09-27 10:08:13.510711,Unresolved
1300,1,Public Relations,Received,,Complaint logged and reviewed for routing.,2025-07-01 10:03:18.189363,
1300,2,Maintenance,Forwarded (Correct),True,"Received from Public Relations, correctly routed for Infrastructure.",2025-07-01 12:08:30.295320,
1300,3,Maintenance,Reviewed,True,Corrected the error and notified the customer.,2025-07-03 07:39:44.769677,Resolved
1301,1,Public Relations,Received,,Complaint logged and reviewed for routing.,2025-11-17 20:01:13.698964,
1301,2,Customer Support,Forwarded (Correct),True,"Received from Public Relations, correctly routed for Staff Behavior.",2025-11-17 22:55:57.926509,
1301,3,Customer Support,Reviewed,True,Corrected the error and notified the customer.,2025-11-20 02:54:17.104260,Resolved
1302,1,Public Relations,Received,,Complaint logged and reviewed for routing.,2025-07-05 11:25:53.758884,
1302,2,Operations,Forwarded (Correct),True,"Received from Public Relations, correctly routed for Service Delay.",2025-07-05 18:56:00.960148,
1302,3,Operations,Reviewed,True,Escalated to senior staff for further action.,2025-07-07 21:58:06.922687,Unresolved
1303,1,Public Relations,Received,,Complaint logged and reviewed for routing.,2025-08-03 09:33:06.000421,
1303,2,Operations,Forwarded (Correct),True,"Received from Public Relations, correctly routed for Service Delay.",2025-08-03 15:42:45.948481,
1303,3,Operations,Reviewed,True,Resolved following standard procedure.,2025-08-04 17:24:57.172040,Resolved
1304,1,Public Relations,Received,,Complaint logged and reviewed for routing.,2025-01-12 15:16:11.339329,
1304,2,Administration,Forwarded (Correct),True,"Received from Public Relations, correctly routed for Corruption/Bribery.",2025-01-12 22:45:03.141178,
1304,3,Administration,Reviewed,True,Completed the requested action successfully.,2025-01-16 12:44:29.750835,Resolved
1305,1,Public Relations,Received,,Complaint logged and reviewed for routing.,2025-09-11 10:26:59.164766,
1305,2,Billing,Forwarded (Correct),True,"Received from Public Relations, correctly routed for Billing Issue.",2025-09-11 12:08:50.635393,
1305,3,Billing,Reviewed,True,Waiting on additional information from the customer.,2025-09-15 01:05:13.923191,Unresolved
1306,1,Public Relations,Received,,Complaint logged and reviewed for routing.,2025-01-10 08:07:13.489298,
1306,2,Billing,Forwarded (Correct),True,"Received from Public Relations, correctly routed for Billing Issue.",2025-01-10 14:30:44.744083,
1306,3,Billing,Reviewed,True,Completed the requested action successfully.,2025-01-12 02:36:59.775921,Resolved
1307,1,Public Relations,Received,,Complaint logged and reviewed for routing.,2025-12-19 15:15:03.002102,
1307,2,Operations,Forwarded (Correct),True,"Received from Public Relations, correctly routed for Service Delay.",2025-12-19 17:06:53.318015,
1307,3,Operations,Reviewed,True,Resolved following standard procedure.,2025-12-21 15:58:20.055067,Resolved
1308,1,Public Relations,Received,,Complaint logged and reviewed for routing.,2025-12-01 15:52:50.889718,
1308,2,Administration,Forwarded (Incorrect),False,"Not within our scope, sending to the relevant department.",2025-12-01 23:15:50.240551,
1308,3,Billing,Forwarded (Re-routed),True,Re-routed from Administration; now correctly assigned for Billing Issue.,2025-12-02 09:28:35.412017,
1308,4,Billing,Reviewed,True,Resolved following standard procedure.,2025-12-04 04:14:54.938208,Resolved
1309,1,Public Relations,Received,,Complaint logged and reviewed for routing.,2025-09-06 00:11:16.064637,
1309,2,Billing,Forwarded (Correct),True,"Received from Public Relations, correctly routed for Billing Issue.",2025-09-06 06:01:28.426323,
1309,3,Billing,Reviewed,True,Confirmed with the customer that the issue is fixed.,2025-09-09 09:53:55.058277,Resolved
1310,1,Public Relations,Received,,Complaint logged and reviewed for routing.,2025-01-26 13:55:18.414585,
1310,2,Billing,Forwarded (Correct),True,"Received from Public Relations, correctly routed for Billing Issue.",2025-01-26 18:37:06.151588,
1310,3,Billing,Reviewed,True,Corrected the error and notified the customer.,2025-01-29 20:14:42.248812,Resolved
1311,1,Public Relations,Received,,Complaint logged and reviewed for routing.,2025-08-03 13:52:58.160624,
1311,2,Operations,Forwarded (Correct),True,"Received from Public Relations, correctly routed for Service Delay.",2025-08-03 20:20:35.998507,
1311,3,Operations,Reviewed,True,Resolved following standard procedure.,2025-08-05 18:40:50.368636,Resolved
1312,1,Public Relations,Received,,Complaint logged and reviewed for routing.,2025-08-25 05:03:38.081772,
1312,2,Operations,Forwarded (Incorrect),False,"This complaint does not belong to our department, forwarding to the correct team.",2025-08-25 11:43:39.925401,
1312,3,Administration,Forwarded (Re-routed),True,Re-routed from Operations; now correctly assigned for Corruption/Bribery.,2025-08-25 18:53:26.700537,
1312,4,Administration,Reviewed,True,Requires field visit before it can be closed.,2025-08-28 00:55:31.007113,Unresolved
1313,1,Public Relations,Received,,Complaint logged and reviewed for routing.,2025-06-05 14:50:34.813690,
1313,2,Customer Support,Forwarded (Correct),True,"Received from Public Relations, correctly routed for Appreciation.",2025-06-05 20:15:15.823459,
1313,3,Customer Support,Reviewed,True,Requires field visit before it can be closed.,2025-06-08 03:51:08.525555,Unresolved
1314,1,Public Relations,Received,,Complaint logged and reviewed for routing.,2025-04-20 23:35:21.217564,
1314,2,Billing,Forwarded (Correct),True,"Received from Public Relations, correctly routed for Billing Issue.",2025-04-21 02:26:09.619163,
1314,3,Billing,Reviewed,True,Escalated to senior staff for further action.,2025-04-23 04:32:33.889948,Unresolved
1315,1,Public Relations,Received,,Complaint logged and reviewed for routing.,2025-03-28 12:49:43.048276,
1315,2,Billing,Forwarded (Correct),True,"Received from Public Relations, correctly routed for Billing Issue.",2025-03-28 20:41:35.265249,
1315,3,Billing,Reviewed,True,Completed the requested action successfully.,2025-03-29 22:27:28.339543,Resolved
1316,1,Public Relations,Received,,Complaint logged and reviewed for routing.,2025-05-10 03:19:52.553609,
1316,2,Billing,Forwarded (Incorrect),False,"Not within our scope, sending to the relevant department.",2025-05-10 09:59:08.169212,
1316,3,Customer Support,Forwarded (Re-routed),True,Re-routed from Billing; now correctly assigned for Staff Behavior.,2025-05-11 02:53:21.663863,
1316,4,Customer Support,Reviewed,True,Escalated to senior staff for further action.,2025-05-12 23:59:02.604126,Unresolved
1317,1,Public Relations,Received,,Complaint logged and reviewed for routing.,2025-09-15 18:06:05.835501,
1317,2,Billing,Forwarded (Correct),True,"Received from Public Relations, correctly routed for Billing Issue.",2025-09-16 01:56:51.304900,
1317,3,Billing,Reviewed,True,Completed the requested action successfully.,2025-09-17 16:15:53.205021,Resolved
1318,1,Public Relations,Received,,Complaint logged and reviewed for routing.,2025-12-19 13:25:12.891544,
1318,2,Maintenance,Forwarded (Correct),True,"Received from Public Relations, correctly routed for Infrastructure.",2025-12-19 18:20:35.849688,
1318,3,Maintenance,Reviewed,True,Escalated to senior staff for further action.,2025-12-21 09:52:06.838121,Unresolved
1319,1,Public Relations,Received,,Complaint logged and reviewed for routing.,2025-11-05 11:24:38.336416,
1319,2,Administration,Forwarded (Incorrect),False,"Not within our scope, sending to the relevant department.",2025-11-05 14:03:34.315245,
1319,3,Operations,Forwarded (Re-routed),True,Re-routed from Administration; now correctly assigned for Service Delay.,2025-11-06 10:45:39.689345,
1319,4,Operations,Reviewed,True,Issue verified and resolved after review.,2025-11-08 07:44:41.254847,Resolved
1320,1,Public Relations,Received,,Complaint logged and reviewed for routing.,2025-07-09 20:45:09.265089,
1320,2,Operations,Forwarded (Correct),True,"Received from Public Relations, correctly routed for Service Delay.",2025-07-10 03:30:08.112519,
1320,3,Operations,Reviewed,True,Resolved following standard procedure.,2025-07-12 05:10:57.978914,Resolved
1321,1,Public Relations,Received,,Complaint logged and reviewed for routing.,2025-08-18 14:28:55.052381,
1321,2,Security,Forwarded (Correct),True,"Received from Public Relations, correctly routed for Safety Concern.",2025-08-18 15:35:01.034084,
1321,3,Security,Reviewed,True,Requires field visit before it can be closed.,2025-08-19 21:18:28.051607,Unresolved
1322,1,Public Relations,Received,,Complaint logged and reviewed for routing.,2025-10-08 19:02:27.851041,
1322,2,Billing,Forwarded (Correct),True,"Received from Public Relations, correctly routed for Billing Issue.",2025-10-08 23:55:11.855872,
1322,3,Billing,Reviewed,True,Confirmed with the customer that the issue is fixed.,2025-10-12 02:46:20.852077,Resolved
1323,1,Public Relations,Received,,Complaint logged and reviewed for routing.,2025-11-15 11:23:18.126364,
1323,2,Customer Support,Forwarded (Correct),True,"Received from Public Relations, correctly routed for Staff Behavior.",2025-11-15 17:40:02.341046,
1323,3,Customer Support,Reviewed,True,"Still under investigation, pending further review.",2025-11-19 16:25:04.275486,Unresolved
1324,1,Public Relations,Received,,Complaint logged and reviewed for routing.,2025-06-03 10:28:59.106145,
1324,2,Security,Forwarded (Correct),True,"Received from Public Relations, correctly routed for Safety Concern.",2025-06-03 12:25:02.803216,
1324,3,Security,Reviewed,True,Escalated to senior staff for further action.,2025-06-06 23:00:42.897273,Unresolved
1325,1,Public Relations,Received,,Complaint logged and reviewed for routing.,2025-02-15 13:51:29.513966,
1325,2,Maintenance,Forwarded (Correct),True,"Received from Public Relations, correctly routed for Infrastructure.",2025-02-15 17:06:33.006320,
1325,3,Maintenance,Reviewed,True,Resolved following standard procedure.,2025-02-19 03:16:19.806161,Resolved
1326,1,Public Relations,Received,,Complaint logged and reviewed for routing.,2025-07-20 10:35:23.514881,
1326,2,Maintenance,Forwarded (Correct),True,"Received from Public Relations, correctly routed for Infrastructure.",2025-07-20 18:32:18.049762,
1326,3,Maintenance,Reviewed,True,Completed the requested action successfully.,2025-07-21 21:35:29.757374,Resolved
1327,1,Public Relations,Received,,Complaint logged and reviewed for routing.,2025-04-07 18:06:59.959972,
1327,2,Operations,Forwarded (Incorrect),False,"Not within our scope, sending to the relevant department.",2025-04-07 19:48:32.552712,
1327,3,Security,Forwarded (Re-routed),True,Re-routed from Operations; now correctly assigned for Safety Concern.,2025-04-08 09:53:35.821568,
1327,4,Security,Reviewed,True,Escalated to senior staff for further action.,2025-04-11 19:00:56.524008,Unresolved
1328,1,Public Relations,Received,,Complaint logged and reviewed for routing.,2025-02-03 18:00:56.494376,
1328,2,Operations,Forwarded (Correct),True,"Received from Public Relations, correctly routed for Service Delay.",2025-02-03 22:36:09.320432,
1328,3,Operations,Reviewed,True,Issue verified and resolved after review.,2025-02-06 15:53:47.138276,Resolved
1329,1,Public Relations,Received,,Complaint logged and reviewed for routing.,2025-04-09 12:25:08.908291,
1329,2,Maintenance,Forwarded (Incorrect),False,"Incorrectly routed here, reassigning to the appropriate department.",2025-04-09 15:26:12.259843,
1329,3,Administration,Forwarded (Re-routed),True,Re-routed from Maintenance; now correctly assigned for Corruption/Bribery.,2025-04-10 02:46:54.081172,
1329,4,Administration,Reviewed,True,Corrected the error and notified the customer.,2025-04-13 19:02:50.421472,Resolved
1330,1,Public Relations,Received,,Complaint logged and reviewed for routing.,2025-03-12 10:51:18.309489,
1330,2,Operations,Forwarded (Correct),True,"Received from Public Relations, correctly routed for Service Delay.",2025-03-12 16:12:46.129878,
1330,3,Operations,Reviewed,True,Resolved following standard procedure.,2025-03-13 18:18:54.470455,Resolved
1331,1,Public Relations,Received,,Complaint logged and reviewed for routing.,2025-05-23 08:19:19.837483,
1331,2,Customer Support,Forwarded (Correct),True,"Received from Public Relations, correctly routed for Appreciation.",2025-05-23 10:54:16.037932,
1331,3,Customer Support,Reviewed,True,Issue verified and resolved after review.,2025-05-26 13:44:24.736632,Resolved
1332,1,Public Relations,Received,,Complaint logged and reviewed for routing.,2025-08-11 22:19:07.353467,
1332,2,Billing,Forwarded (Correct),True,"Received from Public Relations, correctly routed for Billing Issue.",2025-08-12 05:57:09.046868,
1332,3,Billing,Reviewed,True,Issue verified and resolved after review.,2025-08-12 14:52:52.810108,Resolved
1333,1,Public Relations,Received,,Complaint logged and reviewed for routing.,2025-12-16 14:13:46.187731,
1333,2,Billing,Forwarded (Correct),True,"Received from Public Relations, correctly routed for Billing Issue.",2025-12-16 21:28:52.670456,
1333,3,Billing,Reviewed,True,On hold due to resource availability.,2025-12-17 16:41:51.110650,Unresolved
1334,1,Public Relations,Received,,Complaint logged and reviewed for routing.,2025-12-27 12:06:50.542711,
1334,2,Customer Support,Forwarded (Incorrect),False,"Not within our scope, sending to the relevant department.",2025-12-27 15:37:39.361451,
1334,3,Operations,Forwarded (Re-routed),True,Re-routed from Customer Support; now correctly assigned for Service Delay.,2025-12-28 07:10:56.008801,
1334,4,Operations,Reviewed,True,Escalated to senior staff for further action.,2025-12-30 19:38:24.585316,Unresolved
1335,1,Public Relations,Received,,Complaint logged and reviewed for routing.,2025-06-18 15:49:03.300088,
1335,2,Billing,Forwarded (Correct),True,"Received from Public Relations, correctly routed for Billing Issue.",2025-06-18 20:17:47.515603,
1335,3,Billing,Reviewed,True,"Still under investigation, pending further review.",2025-06-21 20:08:16.857108,Unresolved
1336,1,Public Relations,Received,,Complaint logged and reviewed for routing.,2025-12-19 08:26:49.825606,
1336,2,Billing,Forwarded (Correct),True,"Received from Public Relations, correctly routed for Billing Issue.",2025-12-19 14:21:01.193044,
1336,3,Billing,Reviewed,True,Completed the requested action successfully.,2025-12-19 21:13:32.183237,Resolved
1337,1,Public Relations,Received,,Complaint logged and reviewed for routing.,2025-10-04 14:19:53.475775,
1337,2,Administration,Forwarded (Correct),True,"Received from Public Relations, correctly routed for Corruption/Bribery.",2025-10-04 18:10:22.737471,
1337,3,Administration,Reviewed,True,Issue verified and resolved after review.,2025-10-07 12:59:23.258590,Resolved
1338,1,Public Relations,Received,,Complaint logged and reviewed for routing.,2025-10-14 11:55:59.348435,
1338,2,Operations,Forwarded (Correct),True,"Received from Public Relations, correctly routed for Service Delay.",2025-10-14 19:40:04.353460,
1338,3,Operations,Reviewed,True,Issue verified and resolved after review.,2025-10-18 12:30:55.139323,Resolved
1339,1,Public Relations,Received,,Complaint logged and reviewed for routing.,2025-03-20 15:55:49.392339,
1339,2,Customer Support,Forwarded (Correct),True,"Received from Public Relations, correctly routed for Staff Behavior.",2025-03-20 22:38:30.695180,
1339,3,Customer Support,Reviewed,True,Resolved following standard procedure.,2025-03-23 23:41:51.779544,Resolved
1340,1,Public Relations,Received,,Complaint logged and reviewed for routing.,2025-12-28 09:14:20.386259,
1340,2,Maintenance,Forwarded (Correct),True,"Received from Public Relations, correctly routed for Infrastructure.",2025-12-28 13:31:19.898405,
1340,3,Maintenance,Reviewed,True,Issue verified and resolved after review.,2025-12-29 12:44:07.297318,Resolved
1341,1,Public Relations,Received,,Complaint logged and reviewed for routing.,2025-08-14 12:20:23.918994,
1341,2,Billing,Forwarded (Correct),True,"Received from Public Relations, correctly routed for Billing Issue.",2025-08-14 18:13:08.465861,
1341,3,Billing,Reviewed,True,Confirmed with the customer that the issue is fixed.,2025-08-18 17:32:40.352471,Resolved
1342,1,Public Relations,Received,,Complaint logged and reviewed for routing.,2025-07-26 14:58:52.090427,
1342,2,Billing,Forwarded (Correct),True,"Received from Public Relations, correctly routed for Billing Issue.",2025-07-26 18:43:32.137601,
1342,3,Billing,Reviewed,True,Resolved following standard procedure.,2025-07-27 19:48:57.538862,Resolved
1343,1,Public Relations,Received,,Complaint logged and reviewed for routing.,2025-07-04 14:26:45.570140,
1343,2,Maintenance,Forwarded (Incorrect),False,"This complaint does not belong to our department, forwarding to the correct team.",2025-07-04 16:23:44.715797,
1343,3,Operations,Forwarded (Re-routed),True,Re-routed from Maintenance; now correctly assigned for Service Delay.,2025-07-05 12:45:14.182149,
1343,4,Operations,Reviewed,True,Issue verified and resolved after review.,2025-07-09 03:09:10.341509,Resolved
1344,1,Public Relations,Received,,Complaint logged and reviewed for routing.,2025-06-27 18:56:49.353607,
1344,2,Customer Support,Forwarded (Correct),True,"Received from Public Relations, correctly routed for Appreciation.",2025-06-28 02:07:53.363976,
1344,3,Customer Support,Reviewed,True,Resolved following standard procedure.,2025-06-29 00:43:53.065420,Resolved
1345,1,Public Relations,Received,,Complaint logged and reviewed for routing.,2025-07-09 10:42:05.075259,
1345,2,Customer Support,Forwarded (Correct),True,"Received from Public Relations, correctly routed for Appreciation.",2025-07-09 13:56:26.096132,
1345,3,Customer Support,Reviewed,True,Completed the requested action successfully.,2025-07-11 17:00:10.225742,Resolved
1346,1,Public Relations,Received,,Complaint logged and reviewed for routing.,2025-11-14 17:53:07.351603,
1346,2,Maintenance,Forwarded (Correct),True,"Received from Public Relations, correctly routed for Infrastructure.",2025-11-14 22:25:01.228542,
1346,3,Maintenance,Reviewed,True,Requires field visit before it can be closed.,2025-11-18 04:06:11.254850,Unresolved
1347,1,Public Relations,Received,,Complaint logged and reviewed for routing.,2025-10-20 10:50:26.833591,
1347,2,Administration,Forwarded (Correct),True,"Received from Public Relations, correctly routed for Corruption/Bribery.",2025-10-20 12:10:27.975104,
1347,3,Administration,Reviewed,True,"Still under investigation, pending further review.",2025-10-24 06:58:49.712908,Unresolved
1348,1,Public Relations,Received,,Complaint logged and reviewed for routing.,2025-04-21 19:15:46.917211,
1348,2,Operations,Forwarded (Correct),True,"Received from Public Relations, correctly routed for Service Delay.",2025-04-22 01:45:13.938188,
1348,3,Operations,Reviewed,True,Completed the requested action successfully.,2025-04-24 03:24:05.626360,Resolved
1349,1,Public Relations,Received,,Complaint logged and reviewed for routing.,2025-12-06 12:57:21.341552,
1349,2,Billing,Forwarded (Correct),True,"Received from Public Relations, correctly routed for Billing Issue.",2025-12-06 14:14:27.127014,
1349,3,Billing,Reviewed,True,Resolved following standard procedure.,2025-12-10 01:07:45.357830,Resolved
1350,1,Public Relations,Received,,Complaint logged and reviewed for routing.,2025-07-21 19:24:09.674433,
1350,2,Security,Forwarded (Incorrect),False,"Not within our scope, sending to the relevant department.",2025-07-21 22:05:44.075116,
1350,3,Operations,Forwarded (Re-routed),True,Re-routed from Security; now correctly assigned for Service Delay.,2025-07-22 15:12:46.190183,
1350,4,Operations,Reviewed,True,Resolved following standard procedure.,2025-07-24 17:42:37.869883,Resolved
1351,1,Public Relations,Received,,Complaint logged and reviewed for routing.,2025-12-07 11:07:03.183699,
1351,2,Customer Support,Forwarded (Incorrect),False,"This complaint does not belong to our department, forwarding to the correct team.",2025-12-07 15:29:36.024649,
1351,3,Administration,Forwarded (Re-routed),True,Re-routed from Customer Support; now correctly assigned for Corruption/Bribery.,2025-12-08 05:44:39.790902,
1351,4,Administration,Reviewed,True,Waiting on additional information from the customer.,2025-12-08 15:47:22.098588,Unresolved
1352,1,Public Relations,Received,,Complaint logged and reviewed for routing.,2025-11-03 10:07:40.130770,
1352,2,Billing,Forwarded (Correct),True,"Received from Public Relations, correctly routed for Billing Issue.",2025-11-03 12:46:49.388390,
1352,3,Billing,Reviewed,True,Issue verified and resolved after review.,2025-11-05 05:42:31.111730,Resolved
1353,1,Public Relations,Received,,Complaint logged and reviewed for routing.,2025-03-21 17:47:03.902209,
1353,2,Customer Support,Forwarded (Correct),True,"Received from Public Relations, correctly routed for Appreciation.",2025-03-22 01:39:08.533871,
1353,3,Customer Support,Reviewed,True,Escalated to senior staff for further action.,2025-03-25 18:48:02.179867,Unresolved
1354,1,Public Relations,Received,,Complaint logged and reviewed for routing.,2025-09-22 12:28:32.020623,
1354,2,Security,Forwarded (Correct),True,"Received from Public Relations, correctly routed for Safety Concern.",2025-09-22 16:04:01.895869,
1354,3,Security,Reviewed,True,On hold due to resource availability.,2025-09-24 23:55:24.337791,Unresolved
1355,1,Public Relations,Received,,Complaint logged and reviewed for routing.,2025-11-04 14:29:35.858526,
1355,2,Maintenance,Forwarded (Correct),True,"Received from Public Relations, correctly routed for Infrastructure.",2025-11-04 18:04:48.608976,
1355,3,Maintenance,Reviewed,True,Completed the requested action successfully.,2025-11-08 04:42:34.075850,Resolved
1356,1,Public Relations,Received,,Complaint logged and reviewed for routing.,2025-02-16 19:28:10.516333,
1356,2,Security,Forwarded (Incorrect),False,"Not within our scope, sending to the relevant department.",2025-02-17 01:28:01.317358,
1356,3,Operations,Forwarded (Re-routed),True,Re-routed from Security; now correctly assigned for Service Delay.,2025-02-17 12:53:48.451640,
1356,4,Operations,Reviewed,True,Resolved following standard procedure.,2025-02-19 06:01:31.884625,Resolved
1357,1,Public Relations,Received,,Complaint logged and reviewed for routing.,2025-06-16 23:27:06.181558,
1357,2,Billing,Forwarded (Correct),True,"Received from Public Relations, correctly routed for Billing Issue.",2025-06-17 05:16:06.167481,
1357,3,Billing,Reviewed,True,On hold due to resource availability.,2025-06-20 05:00:26.848288,Unresolved
1358,1,Public Relations,Received,,Complaint logged and reviewed for routing.,2025-11-26 12:48:10.805799,
1358,2,Maintenance,Forwarded (Incorrect),False,"This complaint does not belong to our department, forwarding to the correct team.",2025-11-26 17:46:14.666207,
1358,3,Administration,Forwarded (Re-routed),True,Re-routed from Maintenance; now correctly assigned for Corruption/Bribery.,2025-11-27 03:42:50.625688,
1358,4,Administration,Reviewed,True,Escalated to senior staff for further action.,2025-11-30 09:24:56.761559,Unresolved
1359,1,Public Relations,Received,,Complaint logged and reviewed for routing.,2025-10-04 18:37:55.869716,
1359,2,Maintenance,Forwarded (Correct),True,"Received from Public Relations, correctly routed for Infrastructure.",2025-10-05 02:22:29.599492,
1359,3,Maintenance,Reviewed,True,Completed the requested action successfully.,2025-10-06 16:41:10.081286,Resolved
1360,1,Public Relations,Received,,Complaint logged and reviewed for routing.,2025-09-04 20:36:38.391612,
1360,2,Billing,Forwarded (Correct),True,"Received from Public Relations, correctly routed for Billing Issue.",2025-09-05 03:28:31.538342,
1360,3,Billing,Reviewed,True,Confirmed with the customer that the issue is fixed.,2025-09-05 07:38:23.684881,Resolved
1361,1,Public Relations,Received,,Complaint logged and reviewed for routing.,2025-04-12 09:31:12.601322,
1361,2,Customer Support,Forwarded (Correct),True,"Received from Public Relations, correctly routed for Staff Behavior.",2025-04-12 14:46:59.724181,
1361,3,Customer Support,Reviewed,True,Resolved following standard procedure.,2025-04-15 10:18:53.432550,Resolved
1362,1,Public Relations,Received,,Complaint logged and reviewed for routing.,2025-04-16 18:46:48.216078,
1362,2,Billing,Forwarded (Correct),True,"Received from Public Relations, correctly routed for Billing Issue.",2025-04-16 20:00:43.059219,
1362,3,Billing,Reviewed,True,Resolved following standard procedure.,2025-04-19 03:00:12.339642,Resolved
1363,1,Public Relations,Received,,Complaint logged and reviewed for routing.,2025-06-13 09:33:50.458744,
1363,2,Operations,Forwarded (Incorrect),False,"Not within our scope, sending to the relevant department.",2025-06-13 17:30:13.981540,
1363,3,Customer Support,Forwarded (Re-routed),True,Re-routed from Operations; now correctly assigned for Staff Behavior.,2025-06-14 03:42:44.043636,
1363,4,Customer Support,Reviewed,True,Requires field visit before it can be closed.,2025-06-15 11:53:14.473599,Unresolved
1364,1,Public Relations,Received,,Complaint logged and reviewed for routing.,2025-07-25 20:03:36.179375,
1364,2,Billing,Forwarded (Incorrect),False,"This complaint does not belong to our department, forwarding to the correct team.",2025-07-26 02:33:31.974784,
1364,3,Customer Support,Forwarded (Re-routed),True,Re-routed from Billing; now correctly assigned for Appreciation.,2025-07-26 12:18:22.241278,
1364,4,Customer Support,Reviewed,True,Waiting on additional information from the customer.,2025-07-27 02:27:26.064831,Unresolved
1365,1,Public Relations,Received,,Complaint logged and reviewed for routing.,2025-06-24 12:51:35.125008,
1365,2,Customer Support,Forwarded (Correct),True,"Received from Public Relations, correctly routed for Staff Behavior.",2025-06-24 15:36:38.096571,
1365,3,Customer Support,Reviewed,True,Issue verified and resolved after review.,2025-06-26 18:49:06.306931,Resolved
1366,1,Public Relations,Received,,Complaint logged and reviewed for routing.,2025-05-21 20:20:02.564026,
1366,2,Customer Support,Forwarded (Correct),True,"Received from Public Relations, correctly routed for Staff Behavior.",2025-05-21 21:51:18.172626,
1366,3,Customer Support,Reviewed,True,On hold due to resource availability.,2025-05-25 18:40:06.826516,Unresolved
1367,1,Public Relations,Received,,Complaint logged and reviewed for routing.,2025-07-10 03:53:07.805078,
1367,2,Operations,Forwarded (Incorrect),False,"Not within our scope, sending to the relevant department.",2025-07-10 05:00:22.569752,
1367,3,Customer Support,Forwarded (Re-routed),True,Re-routed from Operations; now correctly assigned for Appreciation.,2025-07-10 23:18:23.292138,
1367,4,Customer Support,Reviewed,True,Completed the requested action successfully.,2025-07-11 20:00:18.611377,Resolved
1368,1,Public Relations,Received,,Complaint logged and reviewed for routing.,2025-02-26 13:11:04.024830,
1368,2,Operations,Forwarded (Correct),True,"Received from Public Relations, correctly routed for Service Delay.",2025-02-26 18:01:36.743489,
1368,3,Operations,Reviewed,True,Corrected the error and notified the customer.,2025-03-01 17:25:37.376278,Resolved
1369,1,Public Relations,Received,,Complaint logged and reviewed for routing.,2025-06-25 17:15:47.906634,
1369,2,Billing,Forwarded (Correct),True,"Received from Public Relations, correctly routed for Billing Issue.",2025-06-25 20:01:17.542892,
1369,3,Billing,Reviewed,True,On hold due to resource availability.,2025-06-26 03:41:22.478607,Unresolved
1370,1,Public Relations,Received,,Complaint logged and reviewed for routing.,2025-06-26 08:48:48.835157,
1370,2,Maintenance,Forwarded (Correct),True,"Received from Public Relations, correctly routed for Infrastructure.",2025-06-26 12:07:11.772234,
1370,3,Maintenance,Reviewed,True,Corrected the error and notified the customer.,2025-06-27 12:05:55.896414,Resolved
1371,1,Public Relations,Received,,Complaint logged and reviewed for routing.,2025-07-04 11:29:09.621880,
1371,2,Operations,Forwarded (Correct),True,"Received from Public Relations, correctly routed for Service Delay.",2025-07-04 15:28:49.316007,
1371,3,Operations,Reviewed,True,Waiting on additional information from the customer.,2025-07-08 10:43:20.955506,Unresolved
1372,1,Public Relations,Received,,Complaint logged and reviewed for routing.,2025-08-14 13:14:17.667663,
1372,2,Maintenance,Forwarded (Correct),True,"Received from Public Relations, correctly routed for Infrastructure.",2025-08-14 17:18:03.927361,
1372,3,Maintenance,Reviewed,True,Resolved following standard procedure.,2025-08-16 06:44:13.599684,Resolved
1373,1,Public Relations,Received,,Complaint logged and reviewed for routing.,2025-01-09 11:12:47.544523,
1373,2,Security,Forwarded (Correct),True,"Received from Public Relations, correctly routed for Safety Concern.",2025-01-09 17:07:12.340472,
1373,3,Security,Reviewed,True,Waiting on additional information from the customer.,2025-01-13 06:45:39.550669,Unresolved
1374,1,Public Relations,Received,,Complaint logged and reviewed for routing.,2025-07-10 20:55:14.547789,
1374,2,Maintenance,Forwarded (Correct),True,"Received from Public Relations, correctly routed for Infrastructure.",2025-07-10 22:04:23.105380,
1374,3,Maintenance,Reviewed,True,Confirmed with the customer that the issue is fixed.,2025-07-12 05:32:51.522823,Resolved
1375,1,Public Relations,Received,,Complaint logged and reviewed for routing.,2025-03-13 00:30:56.107841,
1375,2,Billing,Forwarded (Incorrect),False,"Incorrectly routed here, reassigning to the appropriate department.",2025-03-13 05:51:45.663404,
1375,3,Customer Support,Forwarded (Re-routed),True,Re-routed from Billing; now correctly assigned for Appreciation.,2025-03-13 21:40:04.297041,
1375,4,Customer Support,Reviewed,True,Confirmed with the customer that the issue is fixed.,2025-03-14 11:48:58.997984,Resolved
1376,1,Public Relations,Received,,Complaint logged and reviewed for routing.,2025-02-04 03:30:21.243959,
1376,2,Operations,Forwarded (Correct),True,"Received from Public Relations, correctly routed for Service Delay.",2025-02-04 09:16:24.459569,
1376,3,Operations,Reviewed,True,Issue verified and resolved after review.,2025-02-06 03:22:07.711517,Resolved
1377,1,Public Relations,Received,,Complaint logged and reviewed for routing.,2025-06-18 16:44:58.140402,
1377,2,Customer Support,Forwarded (Incorrect),False,"This complaint does not belong to our department, forwarding to the correct team.",2025-06-18 21:01:14.136444,
1377,3,Operations,Forwarded (Re-routed),True,Re-routed from Customer Support; now correctly assigned for Service Delay.,2025-06-19 14:41:08.841421,
1377,4,Operations,Reviewed,True,Requires field visit before it can be closed.,2025-06-21 15:29:00.991266,Unresolved
1378,1,Public Relations,Received,,Complaint logged and reviewed for routing.,2025-07-21 19:46:45.228464,
1378,2,Operations,Forwarded (Correct),True,"Received from Public Relations, correctly routed for Service Delay.",2025-07-22 01:10:17.698960,
1378,3,Operations,Reviewed,True,Escalated to senior staff for further action.,2025-07-23 14:29:50.600588,Unresolved
1379,1,Public Relations,Received,,Complaint logged and reviewed for routing.,2025-10-05 16:40:35.538119,
1379,2,Security,Forwarded (Incorrect),False,"Incorrectly routed here, reassigning to the appropriate department.",2025-10-05 21:44:04.244402,
1379,3,Billing,Forwarded (Re-routed),True,Re-routed from Security; now correctly assigned for Billing Issue.,2025-10-06 05:30:17.721030,
1379,4,Billing,Reviewed,True,Confirmed with the customer that the issue is fixed.,2025-10-08 22:35:05.210362,Resolved
1380,1,Public Relations,Received,,Complaint logged and reviewed for routing.,2025-03-26 18:11:10.838519,
1380,2,Operations,Forwarded (Correct),True,"Received from Public Relations, correctly routed for Service Delay.",2025-03-26 22:24:56.752549,
1380,3,Operations,Reviewed,True,Confirmed with the customer that the issue is fixed.,2025-03-29 07:41:25.286349,Resolved
1381,1,Public Relations,Received,,Complaint logged and reviewed for routing.,2025-04-26 14:16:27.996016,
1381,2,Customer Support,Forwarded (Correct),True,"Received from Public Relations, correctly routed for Appreciation.",2025-04-26 15:40:01.571025,
1381,3,Customer Support,Reviewed,True,Waiting on additional information from the customer.,2025-04-27 19:13:46.721728,Unresolved
1382,1,Public Relations,Received,,Complaint logged and reviewed for routing.,2025-09-13 18:11:20.741200,
1382,2,Customer Support,Forwarded (Incorrect),False,"Incorrectly routed here, reassigning to the appropriate department.",2025-09-13 19:55:34.780547,
1382,3,Operations,Forwarded (Re-routed),True,Re-routed from Customer Support; now correctly assigned for Service Delay.,2025-09-14 06:16:59.023005,
1382,4,Operations,Reviewed,True,Confirmed with the customer that the issue is fixed.,2025-09-16 22:49:06.886323,Resolved
1383,1,Public Relations,Received,,Complaint logged and reviewed for routing.,2025-11-25 09:24:47.484256,
1383,2,Billing,Forwarded (Correct),True,"Received from Public Relations, correctly routed for Billing Issue.",2025-11-25 17:07:32.962411,
1383,3,Billing,Reviewed,True,Resolved following standard procedure.,2025-11-28 08:04:24.691193,Resolved
1384,1,Public Relations,Received,,Complaint logged and reviewed for routing.,2025-07-08 12:47:07.508200,
1384,2,Maintenance,Forwarded (Correct),True,"Received from Public Relations, correctly routed for Infrastructure.",2025-07-08 16:51:46.490038,
1384,3,Maintenance,Reviewed,True,Confirmed with the customer that the issue is fixed.,2025-07-12 07:31:43.365195,Resolved
1385,1,Public Relations,Received,,Complaint logged and reviewed for routing.,2025-04-09 12:29:59.222558,
1385,2,Operations,Forwarded (Correct),True,"Received from Public Relations, correctly routed for Service Delay.",2025-04-09 13:32:22.982949,
1385,3,Operations,Reviewed,True,Escalated to senior staff for further action.,2025-04-13 06:31:44.777827,Unresolved
1386,1,Public Relations,Received,,Complaint logged and reviewed for routing.,2025-08-03 09:18:31.633774,
1386,2,Maintenance,Forwarded (Correct),True,"Received from Public Relations, correctly routed for Infrastructure.",2025-08-03 15:24:23.584275,
1386,3,Maintenance,Reviewed,True,Requires field visit before it can be closed.,2025-08-04 10:44:34.980734,Unresolved
1387,1,Public Relations,Received,,Complaint logged and reviewed for routing.,2025-03-04 11:48:50.447492,
1387,2,Customer Support,Forwarded (Correct),True,"Received from Public Relations, correctly routed for Staff Behavior.",2025-03-04 13:41:31.136190,
1387,3,Customer Support,Reviewed,True,On hold due to resource availability.,2025-03-05 16:35:04.513248,Unresolved
1388,1,Public Relations,Received,,Complaint logged and reviewed for routing.,2025-09-10 08:53:44.836941,
1388,2,Customer Support,Forwarded (Correct),True,"Received from Public Relations, correctly routed for Staff Behavior.",2025-09-10 11:24:07.749255,
1388,3,Customer Support,Reviewed,True,Confirmed with the customer that the issue is fixed.,2025-09-14 01:01:11.639576,Resolved
1389,1,Public Relations,Received,,Complaint logged and reviewed for routing.,2025-04-12 17:55:07.603767,
1389,2,Billing,Forwarded (Correct),True,"Received from Public Relations, correctly routed for Billing Issue.",2025-04-12 23:39:27.197729,
1389,3,Billing,Reviewed,True,Resolved following standard procedure.,2025-04-15 11:01:12.236725,Resolved
1390,1,Public Relations,Received,,Complaint logged and reviewed for routing.,2025-03-09 10:57:54.384063,
1390,2,Billing,Forwarded (Correct),True,"Received from Public Relations, correctly routed for Billing Issue.",2025-03-09 12:34:19.529843,
1390,3,Billing,Reviewed,True,Waiting on additional information from the customer.,2025-03-10 15:53:06.139114,Unresolved
1391,1,Public Relations,Received,,Complaint logged and reviewed for routing.,2025-09-08 08:44:53.538218,
1391,2,Billing,Forwarded (Correct),True,"Received from Public Relations, correctly routed for Billing Issue.",2025-09-08 13:21:48.703773,
1391,3,Billing,Reviewed,True,Resolved following standard procedure.,2025-09-08 23:50:03.820774,Resolved
1392,1,Public Relations,Received,,Complaint logged and reviewed for routing.,2025-06-09 13:45:22.315552,
1392,2,Operations,Forwarded (Incorrect),False,"Incorrectly routed here, reassigning to the appropriate department.",2025-06-09 17:54:51.707781,
1392,3,Customer Support,Forwarded (Re-routed),True,Re-routed from Operations; now correctly assigned for Staff Behavior.,2025-06-10 01:26:06.743297,
1392,4,Customer Support,Reviewed,True,Corrected the error and notified the customer.,2025-06-10 15:17:09.529928,Resolved
1393,1,Public Relations,Received,,Complaint logged and reviewed for routing.,2025-07-17 07:22:48.727122,
1393,2,Billing,Forwarded (Correct),True,"Received from Public Relations, correctly routed for Billing Issue.",2025-07-17 14:30:37.174563,
1393,3,Billing,Reviewed,True,On hold due to resource availability.,2025-07-18 15:48:06.881847,Unresolved
1394,1,Public Relations,Received,,Complaint logged and reviewed for routing.,2025-09-14 08:07:32.551358,
1394,2,Billing,Forwarded (Correct),True,"Received from Public Relations, correctly routed for Billing Issue.",2025-09-14 14:42:39.871067,
1394,3,Billing,Reviewed,True,Requires field visit before it can be closed.,2025-09-16 22:42:46.835578,Unresolved
1395,1,Public Relations,Received,,Complaint logged and reviewed for routing.,2025-07-04 13:00:56.227771,
1395,2,Customer Support,Forwarded (Correct),True,"Received from Public Relations, correctly routed for Staff Behavior.",2025-07-04 19:01:12.361431,
1395,3,Customer Support,Reviewed,True,"Still under investigation, pending further review.",2025-07-08 01:56:21.982245,Unresolved
1396,1,Public Relations,Received,,Complaint logged and reviewed for routing.,2025-11-19 10:29:05.430288,
1396,2,Billing,Forwarded (Correct),True,"Received from Public Relations, correctly routed for Billing Issue.",2025-11-19 15:28:51.035952,
1396,3,Billing,Reviewed,True,Waiting on additional information from the customer.,2025-11-20 03:28:23.411319,Unresolved
1397,1,Public Relations,Received,,Complaint logged and reviewed for routing.,2025-08-13 09:49:13.596090,
1397,2,Operations,Forwarded (Correct),True,"Received from Public Relations, correctly routed for Service Delay.",2025-08-13 11:10:51.102435,
1397,3,Operations,Reviewed,True,Resolved following standard procedure.,2025-08-14 07:17:12.163665,Resolved
1398,1,Public Relations,Received,,Complaint logged and reviewed for routing.,2025-09-12 12:25:35.095624,
1398,2,Maintenance,Forwarded (Incorrect),False,"This complaint does not belong to our department, forwarding to the correct team.",2025-09-12 14:36:40.103080,
1398,3,Customer Support,Forwarded (Re-routed),True,Re-routed from Maintenance; now correctly assigned for Staff Behavior.,2025-09-12 19:02:33.143497,
1398,4,Customer Support,Reviewed,True,Requires field visit before it can be closed.,2025-09-13 22:25:28.292161,Unresolved
1399,1,Public Relations,Received,,Complaint logged and reviewed for routing.,2025-11-20 18:03:41.990437,
1399,2,Billing,Forwarded (Correct),True,"Received from Public Relations, correctly routed for Billing Issue.",2025-11-20 22:46:14.248456,
1399,3,Billing,Reviewed,True,Resolved following standard procedure.,2025-11-23 04:51:27.064385,Resolved
1400,1,Public Relations,Received,,Complaint logged and reviewed for routing.,2025-03-11 20:18:17.676107,
1400,2,Billing,Forwarded (Correct),True,"Received from Public Relations, correctly routed for Billing Issue.",2025-03-11 23:29:51.070564,
1400,3,Billing,Reviewed,True,Issue verified and resolved after review.,2025-03-15 04:07:41.789410,Resolved
1401,1,Public Relations,Received,,Complaint logged and reviewed for routing.,2025-03-09 11:58:13.412719,
1401,2,Customer Support,Forwarded (Correct),True,"Received from Public Relations, correctly routed for Staff Behavior.",2025-03-09 15:07:48.423607,
1401,3,Customer Support,Reviewed,True,"Still under investigation, pending further review.",2025-03-10 19:14:54.000816,Unresolved
1402,1,Public Relations,Received,,Complaint logged and reviewed for routing.,2025-07-16 14:53:02.497329,
1402,2,Administration,Forwarded (Incorrect),False,"This complaint does not belong to our department, forwarding to the correct team.",2025-07-16 21:23:33.740751,
1402,3,Maintenance,Forwarded (Re-routed),True,Re-routed from Administration; now correctly assigned for Infrastructure.,2025-07-17 12:30:43.273674,
1402,4,Maintenance,Reviewed,True,On hold due to resource availability.,2025-07-19 15:44:06.893053,Unresolved
1403,1,Public Relations,Received,,Complaint logged and reviewed for routing.,2025-10-17 10:47:13.285443,
1403,2,Customer Support,Forwarded (Correct),True,"Received from Public Relations, correctly routed for Staff Behavior.",2025-10-17 11:57:24.324084,
1403,3,Customer Support,Reviewed,True,"Still under investigation, pending further review.",2025-10-17 23:37:47.199652,Unresolved
1404,1,Public Relations,Received,,Complaint logged and reviewed for routing.,2025-06-24 15:41:54.191353,
1404,2,Billing,Forwarded (Correct),True,"Received from Public Relations, correctly routed for Billing Issue.",2025-06-24 21:24:29.581151,
1404,3,Billing,Reviewed,True,Confirmed with the customer that the issue is fixed.,2025-06-28 11:13:29.956792,Resolved
1405,1,Public Relations,Received,,Complaint logged and reviewed for routing.,2025-01-12 12:35:12.474091,
1405,2,Operations,Forwarded (Correct),True,"Received from Public Relations, correctly routed for Service Delay.",2025-01-12 18:47:05.027449,
1405,3,Operations,Reviewed,True,Issue verified and resolved after review.,2025-01-15 02:47:50.842166,Resolved
1406,1,Public Relations,Received,,Complaint logged and reviewed for routing.,2025-09-01 15:00:47.755973,
1406,2,Billing,Forwarded (Correct),True,"Received from Public Relations, correctly routed for Billing Issue.",2025-09-01 19:12:28.990511,
1406,3,Billing,Reviewed,True,Confirmed with the customer that the issue is fixed.,2025-09-05 14:57:11.528203,Resolved
1407,1,Public Relations,Received,,Complaint logged and reviewed for routing.,2025-04-24 16:36:18.662492,
1407,2,Operations,Forwarded (Correct),True,"Received from Public Relations, correctly routed for Service Delay.",2025-04-24 23:47:12.649657,
1407,3,Operations,Reviewed,True,Issue verified and resolved after review.,2025-04-27 08:29:56.236041,Resolved
1408,1,Public Relations,Received,,Complaint logged and reviewed for routing.,2025-08-09 15:26:23.699690,
1408,2,Billing,Forwarded (Correct),True,"Received from Public Relations, correctly routed for Billing Issue.",2025-08-09 16:59:21.472918,
1408,3,Billing,Reviewed,True,Corrected the error and notified the customer.,2025-08-13 08:41:57.790215,Resolved
1409,1,Public Relations,Received,,Complaint logged and reviewed for routing.,2025-04-22 09:39:44.003134,
1409,2,Customer Support,Forwarded (Correct),True,"Received from Public Relations, correctly routed for Appreciation.",2025-04-22 13:09:06.799172,
1409,3,Customer Support,Reviewed,True,Issue verified and resolved after review.,2025-04-25 19:57:31.046529,Resolved
1410,1,Public Relations,Received,,Complaint logged and reviewed for routing.,2025-05-02 16:06:31.339504,
1410,2,Security,Forwarded (Incorrect),False,"Not within our scope, sending to the relevant department.",2025-05-02 22:41:24.493115,
1410,3,Customer Support,Forwarded (Re-routed),True,Re-routed from Security; now correctly assigned for Appreciation.,2025-05-03 07:26:01.670303,
1410,4,Customer Support,Reviewed,True,Corrected the error and notified the customer.,2025-05-06 11:37:07.934375,Resolved
1411,1,Public Relations,Received,,Complaint logged and reviewed for routing.,2025-07-26 15:17:07.007271,
1411,2,Customer Support,Forwarded (Correct),True,"Received from Public Relations, correctly routed for Staff Behavior.",2025-07-26 18:17:18.300028,
1411,3,Customer Support,Reviewed,True,"Still under investigation, pending further review.",2025-07-28 05:19:07.201363,Unresolved
1412,1,Public Relations,Received,,Complaint logged and reviewed for routing.,2025-06-05 14:20:20.307463,
1412,2,Customer Support,Forwarded (Correct),True,"Received from Public Relations, correctly routed for Staff Behavior.",2025-06-05 19:22:56.052559,
1412,3,Customer Support,Reviewed,True,Issue verified and resolved after review.,2025-06-09 10:47:21.165905,Resolved
1413,1,Public Relations,Received,,Complaint logged and reviewed for routing.,2025-02-10 09:08:16.068125,
1413,2,Operations,Forwarded (Correct),True,"Received from Public Relations, correctly routed for Service Delay.",2025-02-10 13:03:09.217427,
1413,3,Operations,Reviewed,True,Resolved following standard procedure.,2025-02-12 05:01:42.013735,Resolved
1414,1,Public Relations,Received,,Complaint logged and reviewed for routing.,2025-01-12 13:07:59.588201,
1414,2,Customer Support,Forwarded (Incorrect),False,"This complaint does not belong to our department, forwarding to the correct team.",2025-01-12 18:49:21.790502,
1414,3,Billing,Forwarded (Re-routed),True,Re-routed from Customer Support; now correctly assigned for Billing Issue.,2025-01-13 08:44:25.130803,
1414,4,Billing,Reviewed,True,Confirmed with the customer that the issue is fixed.,2025-01-16 23:05:33.499883,Resolved
1415,1,Public Relations,Received,,Complaint logged and reviewed for routing.,2025-09-17 11:46:49.546525,
1415,2,Operations,Forwarded (Correct),True,"Received from Public Relations, correctly routed for Service Delay.",2025-09-17 19:28:14.349346,
1415,3,Operations,Reviewed,True,Completed the requested action successfully.,2025-09-19 15:58:15.598749,Resolved
1416,1,Public Relations,Received,,Complaint logged and reviewed for routing.,2025-12-07 07:31:46.572732,
1416,2,Maintenance,Forwarded (Correct),True,"Received from Public Relations, correctly routed for Infrastructure.",2025-12-07 09:48:22.974821,
1416,3,Maintenance,Reviewed,True,Corrected the error and notified the customer.,2025-12-10 14:24:50.814230,Resolved
1417,1,Public Relations,Received,,Complaint logged and reviewed for routing.,2025-04-22 16:49:15.836875,
1417,2,Billing,Forwarded (Correct),True,"Received from Public Relations, correctly routed for Billing Issue.",2025-04-22 19:04:29.955561,
1417,3,Billing,Reviewed,True,Completed the requested action successfully.,2025-04-24 04:04:14.570753,Resolved
1418,1,Public Relations,Received,,Complaint logged and reviewed for routing.,2025-08-06 12:17:40.116387,
1418,2,Security,Forwarded (Incorrect),False,"Not within our scope, sending to the relevant department.",2025-08-06 17:34:20.736041,
1418,3,Administration,Forwarded (Re-routed),True,Re-routed from Security; now correctly assigned for Corruption/Bribery.,2025-08-07 03:42:59.876936,
1418,4,Administration,Reviewed,True,Issue verified and resolved after review.,2025-08-10 19:53:33.188283,Resolved
1419,1,Public Relations,Received,,Complaint logged and reviewed for routing.,2025-04-14 17:15:47.613022,
1419,2,Maintenance,Forwarded (Correct),True,"Received from Public Relations, correctly routed for Infrastructure.",2025-04-14 18:28:46.714067,
1419,3,Maintenance,Reviewed,True,Requires field visit before it can be closed.,2025-04-15 20:45:25.115552,Unresolved
1421,1,Public Relations,Received,,Complaint logged and reviewed for routing.,2025-07-22 12:10:29.037292,
1421,2,Customer Support,Forwarded (Correct),True,"Received from Public Relations, correctly routed for Staff Behavior.",2025-07-22 19:16:02.302311,
1421,3,Customer Support,Reviewed,True,Issue verified and resolved after review.,2025-07-25 19:32:47.586633,Resolved
1422,1,Public Relations,Received,,Complaint logged and reviewed for routing.,2025-06-18 09:47:45.384177,
1422,2,Customer Support,Forwarded (Correct),True,"Received from Public Relations, correctly routed for Staff Behavior.",2025-06-18 11:40:34.967721,
1422,3,Customer Support,Reviewed,True,Corrected the error and notified the customer.,2025-06-18 16:24:42.927636,Resolved
1423,1,Public Relations,Received,,Complaint logged and reviewed for routing.,2025-09-19 18:28:17.654743,
1423,2,Maintenance,Forwarded (Correct),True,"Received from Public Relations, correctly routed for Infrastructure.",2025-09-19 19:55:00.366128,
1423,3,Maintenance,Reviewed,True,Corrected the error and notified the customer.,2025-09-22 12:49:51.887207,Resolved
1424,1,Public Relations,Received,,Complaint logged and reviewed for routing.,2025-03-22 11:50:23.665902,
1424,2,Billing,Forwarded (Correct),True,"Received from Public Relations, correctly routed for Billing Issue.",2025-03-22 15:46:20.790117,
1424,3,Billing,Reviewed,True,Resolved following standard procedure.,2025-03-25 01:04:16.079513,Resolved
1425,1,Public Relations,Received,,Complaint logged and reviewed for routing.,2025-02-09 12:43:11.833024,
1425,2,Customer Support,Forwarded (Correct),True,"Received from Public Relations, correctly routed for Staff Behavior.",2025-02-09 14:52:11.435766,
1425,3,Customer Support,Reviewed,True,Issue verified and resolved after review.,2025-02-10 05:42:12.946886,Resolved
1426,1,Public Relations,Received,,Complaint logged and reviewed for routing.,2025-07-11 20:22:36.693690,
1426,2,Customer Support,Forwarded (Incorrect),False,"This complaint does not belong to our department, forwarding to the correct team.",2025-07-12 03:42:25.373206,
1426,3,Administration,Forwarded (Re-routed),True,Re-routed from Customer Support; now correctly assigned for Corruption/Bribery.,2025-07-12 15:00:31.507133,
1426,4,Administration,Reviewed,True,Waiting on additional information from the customer.,2025-07-13 07:29:56.171446,Unresolved
1427,1,Public Relations,Received,,Complaint logged and reviewed for routing.,2025-08-17 12:49:32.809550,
1427,2,Security,Forwarded (Correct),True,"Received from Public Relations, correctly routed for Safety Concern.",2025-08-17 15:39:41.131242,
1427,3,Security,Reviewed,True,Confirmed with the customer that the issue is fixed.,2025-08-20 18:15:39.030644,Resolved
1428,1,Public Relations,Received,,Complaint logged and reviewed for routing.,2025-05-10 13:06:21.838748,
1428,2,Operations,Forwarded (Correct),True,"Received from Public Relations, correctly routed for Service Delay.",2025-05-10 16:16:36.355156,
1428,3,Operations,Reviewed,True,Resolved following standard procedure.,2025-05-12 19:19:11.731950,Resolved
1429,1,Public Relations,Received,,Complaint logged and reviewed for routing.,2025-02-01 14:57:08.748338,
1429,2,Maintenance,Forwarded (Correct),True,"Received from Public Relations, correctly routed for Infrastructure.",2025-02-01 16:49:47.891901,
1429,3,Maintenance,Reviewed,True,Resolved following standard procedure.,2025-02-02 17:27:08.858540,Resolved
1430,1,Public Relations,Received,,Complaint logged and reviewed for routing.,2025-07-27 16:43:11.761081,
1430,2,Operations,Forwarded (Correct),True,"Received from Public Relations, correctly routed for Service Delay.",2025-07-27 23:10:50.469899,
1430,3,Operations,Reviewed,True,Confirmed with the customer that the issue is fixed.,2025-07-28 11:34:18.671889,Resolved
1431,1,Public Relations,Received,,Complaint logged and reviewed for routing.,2025-12-27 21:43:39.516449,
1431,2,Operations,Forwarded (Correct),True,"Received from Public Relations, correctly routed for Service Delay.",2025-12-27 22:48:28.698782,
1431,3,Operations,Reviewed,True,Completed the requested action successfully.,2025-12-31 21:20:09.032476,Resolved
1432,1,Public Relations,Received,,Complaint logged and reviewed for routing.,2025-03-05 08:58:08.581919,
1432,2,Administration,Forwarded (Correct),True,"Received from Public Relations, correctly routed for Corruption/Bribery.",2025-03-05 12:37:43.171187,
1432,3,Administration,Reviewed,True,Requires field visit before it can be closed.,2025-03-05 21:43:51.923931,Unresolved
1433,1,Public Relations,Received,,Complaint logged and reviewed for routing.,2025-04-16 17:21:06.551810,
1433,2,Billing,Forwarded (Correct),True,"Received from Public Relations, correctly routed for Billing Issue.",2025-04-16 22:46:41.866437,
1433,3,Billing,Reviewed,True,Escalated to senior staff for further action.,2025-04-19 03:00:06.344354,Unresolved
1434,1,Public Relations,Received,,Complaint logged and reviewed for routing.,2025-06-23 16:14:17.044222,
1434,2,Operations,Forwarded (Correct),True,"Received from Public Relations, correctly routed for Service Delay.",2025-06-23 18:44:47.557545,
1434,3,Operations,Reviewed,True,Escalated to senior staff for further action.,2025-06-27 10:52:31.972892,Unresolved
1435,1,Public Relations,Received,,Complaint logged and reviewed for routing.,2025-06-19 07:57:33.745127,
1435,2,Billing,Forwarded (Correct),True,"Received from Public Relations, correctly routed for Billing Issue.",2025-06-19 10:17:12.400298,
1435,3,Billing,Reviewed,True,Requires field visit before it can be closed.,2025-06-21 07:57:22.116684,Unresolved
1436,1,Public Relations,Received,,Complaint logged and reviewed for routing.,2025-12-15 12:04:16.829947,
1436,2,Billing,Forwarded (Correct),True,"Received from Public Relations, correctly routed for Billing Issue.",2025-12-15 18:52:29.178634,
1436,3,Billing,Reviewed,True,Confirmed with the customer that the issue is fixed.,2025-12-19 09:19:39.889909,Resolved
1437,1,Public Relations,Received,,Complaint logged and reviewed for routing.,2025-04-23 21:38:42.547721,
1437,2,Operations,Forwarded (Correct),True,"Received from Public Relations, correctly routed for Service Delay.",2025-04-24 01:09:30.501521,
1437,3,Operations,Reviewed,True,Confirmed with the customer that the issue is fixed.,2025-04-27 06:42:13.360804,Resolved
1438,1,Public Relations,Received,,Complaint logged and reviewed for routing.,2025-05-23 13:40:24.334169,
1438,2,Operations,Forwarded (Correct),True,"Received from Public Relations, correctly routed for Service Delay.",2025-05-23 15:00:03.789780,
1438,3,Operations,Reviewed,True,Issue verified and resolved after review.,2025-05-26 08:07:50.541346,Resolved
1439,1,Public Relations,Received,,Complaint logged and reviewed for routing.,2025-11-21 10:22:20.122628,
1439,2,Security,Forwarded (Incorrect),False,"Incorrectly routed here, reassigning to the appropriate department.",2025-11-21 18:21:05.561382,
1439,3,Customer Support,Forwarded (Re-routed),True,Re-routed from Security; now correctly assigned for Appreciation.,2025-11-22 08:37:37.065383,
1439,4,Customer Support,Reviewed,True,Completed the requested action successfully.,2025-11-22 23:18:11.519735,Resolved
1440,1,Public Relations,Received,,Complaint logged and reviewed for routing.,2025-09-17 07:51:21.600970,
1440,2,Maintenance,Forwarded (Correct),True,"Received from Public Relations, correctly routed for Infrastructure.",2025-09-17 15:34:32.619358,
1440,3,Maintenance,Reviewed,True,Waiting on additional information from the customer.,2025-09-18 06:42:12.269976,Unresolved
1441,1,Public Relations,Received,,Complaint logged and reviewed for routing.,2025-02-01 17:36:34.714861,
1441,2,Maintenance,Forwarded (Correct),True,"Received from Public Relations, correctly routed for Infrastructure.",2025-02-01 22:00:22.949862,
1441,3,Maintenance,Reviewed,True,Issue verified and resolved after review.,2025-02-04 19:03:26.649705,Resolved
1442,1,Public Relations,Received,,Complaint logged and reviewed for routing.,2025-05-08 13:15:10.119949,
1442,2,Security,Forwarded (Incorrect),False,"This complaint does not belong to our department, forwarding to the correct team.",2025-05-08 18:37:21.131691,
1442,3,Customer Support,Forwarded (Re-routed),True,Re-routed from Security; now correctly assigned for Staff Behavior.,2025-05-09 15:53:55.543217,
1442,4,Customer Support,Reviewed,True,Issue verified and resolved after review.,2025-05-12 15:39:04.091495,Resolved
1443,1,Public Relations,Received,,Complaint logged and reviewed for routing.,2025-09-13 09:56:38.424928,
1443,2,Billing,Forwarded (Correct),True,"Received from Public Relations, correctly routed for Billing Issue.",2025-09-13 17:43:52.611836,
1443,3,Billing,Reviewed,True,Completed the requested action successfully.,2025-09-17 01:57:46.736511,Resolved
1444,1,Public Relations,Received,,Complaint logged and reviewed for routing.,2025-01-24 15:26:54.211180,
1444,2,Maintenance,Forwarded (Correct),True,"Received from Public Relations, correctly routed for Infrastructure.",2025-01-24 21:56:05.652191,
1444,3,Maintenance,Reviewed,True,Confirmed with the customer that the issue is fixed.,2025-01-28 05:52:43.551831,Resolved
1445,1,Public Relations,Received,,Complaint logged and reviewed for routing.,2025-02-15 09:35:39.897532,
1445,2,Customer Support,Forwarded (Correct),True,"Received from Public Relations, correctly routed for Appreciation.",2025-02-15 15:02:28.692015,
1445,3,Customer Support,Reviewed,True,Escalated to senior staff for further action.,2025-02-16 08:02:33.747125,Unresolved
1446,1,Public Relations,Received,,Complaint logged and reviewed for routing.,2025-06-10 15:49:21.412037,
1446,2,Billing,Forwarded (Correct),True,"Received from Public Relations, correctly routed for Billing Issue.",2025-06-10 22:33:54.630041,
1446,3,Billing,Reviewed,True,On hold due to resource availability.,2025-06-13 04:59:23.686559,Unresolved
1447,1,Public Relations,Received,,Complaint logged and reviewed for routing.,2025-02-01 15:20:17.131592,
1447,2,Billing,Forwarded (Incorrect),False,"Not within our scope, sending to the relevant department.",2025-02-01 17:40:37.809476,
1447,3,Security,Forwarded (Re-routed),True,Re-routed from Billing; now correctly assigned for Safety Concern.,2025-02-02 07:14:33.313355,
1447,4,Security,Reviewed,True,Resolved following standard procedure.,2025-02-02 20:59:56.167221,Resolved
1448,1,Public Relations,Received,,Complaint logged and reviewed for routing.,2025-05-14 11:25:46.114154,
1448,2,Security,Forwarded (Correct),True,"Received from Public Relations, correctly routed for Safety Concern.",2025-05-14 18:25:55.669780,
1448,3,Security,Reviewed,True,Confirmed with the customer that the issue is fixed.,2025-05-16 08:33:02.305151,Resolved
1449,1,Public Relations,Received,,Complaint logged and reviewed for routing.,2025-07-27 16:17:56.200943,
1449,2,Maintenance,Forwarded (Correct),True,"Received from Public Relations, correctly routed for Infrastructure.",2025-07-27 23:56:28.684373,
1449,3,Maintenance,Reviewed,True,Confirmed with the customer that the issue is fixed.,2025-07-29 13:18:21.121333,Resolved
1450,1,Public Relations,Received,,Complaint logged and reviewed for routing.,2025-10-26 10:41:42.587276,
1450,2,Operations,Forwarded (Correct),True,"Received from Public Relations, correctly routed for Service Delay.",2025-10-26 14:36:33.699390,
1450,3,Operations,Reviewed,True,Issue verified and resolved after review.,2025-10-28 06:22:18.170074,Resolved
1451,1,Public Relations,Received,,Complaint logged and reviewed for routing.,2025-09-10 17:01:27.777255,
1451,2,Customer Support,Forwarded (Correct),True,"Received from Public Relations, correctly routed for Staff Behavior.",2025-09-10 18:07:13.730101,
1451,3,Customer Support,Reviewed,True,On hold due to resource availability.,2025-09-11 11:59:41.075482,Unresolved
1452,1,Public Relations,Received,,Complaint logged and reviewed for routing.,2025-10-10 11:34:19.187560,
1452,2,Operations,Forwarded (Correct),True,"Received from Public Relations, correctly routed for Service Delay.",2025-10-10 12:35:27.161385,
1452,3,Operations,Reviewed,True,Resolved following standard procedure.,2025-10-12 08:47:44.317607,Resolved
1453,1,Public Relations,Received,,Complaint logged and reviewed for routing.,2025-12-03 19:59:23.799429,
1453,2,Security,Forwarded (Incorrect),False,"Not within our scope, sending to the relevant department.",2025-12-03 21:23:10.299656,
1453,3,Billing,Forwarded (Re-routed),True,Re-routed from Security; now correctly assigned for Billing Issue.,2025-12-04 07:44:14.419104,
1453,4,Billing,Reviewed,True,Corrected the error and notified the customer.,2025-12-05 13:24:06.400925,Resolved
1454,1,Public Relations,Received,,Complaint logged and reviewed for routing.,2025-01-23 08:01:22.804039,
1454,2,Operations,Forwarded (Correct),True,"Received from Public Relations, correctly routed for Service Delay.",2025-01-23 13:22:50.255733,
1454,3,Operations,Reviewed,True,Escalated to senior staff for further action.,2025-01-26 15:26:22.806388,Unresolved
1455,1,Public Relations,Received,,Complaint logged and reviewed for routing.,2025-05-09 08:29:01.754753,
1455,2,Maintenance,Forwarded (Correct),True,"Received from Public Relations, correctly routed for Infrastructure.",2025-05-09 11:11:12.144119,
1455,3,Maintenance,Reviewed,True,Requires field visit before it can be closed.,2025-05-12 12:58:55.783919,Unresolved
1456,1,Public Relations,Received,,Complaint logged and reviewed for routing.,2025-12-22 15:43:30.309511,
1456,2,Billing,Forwarded (Correct),True,"Received from Public Relations, correctly routed for Billing Issue.",2025-12-22 18:59:26.024059,
1456,3,Billing,Reviewed,True,Resolved following standard procedure.,2025-12-23 04:21:23.322305,Resolved
1457,1,Public Relations,Received,,Complaint logged and reviewed for routing.,2025-11-23 11:14:43.992128,
1457,2,Security,Forwarded (Correct),True,"Received from Public Relations, correctly routed for Safety Concern.",2025-11-23 17:47:09.255270,
1457,3,Security,Reviewed,True,Confirmed with the customer that the issue is fixed.,2025-11-24 09:54:48.945118,Resolved
1458,1,Public Relations,Received,,Complaint logged and reviewed for routing.,2025-11-16 02:38:28.668737,
1458,2,Customer Support,Forwarded (Correct),True,"Received from Public Relations, correctly routed for Appreciation.",2025-11-16 04:58:34.370338,
1458,3,Customer Support,Reviewed,True,Waiting on additional information from the customer.,2025-11-17 23:03:56.801529,Unresolved
1459,1,Public Relations,Received,,Complaint logged and reviewed for routing.,2025-08-14 09:49:09.473458,
1459,2,Security,Forwarded (Incorrect),False,"Incorrectly routed here, reassigning to the appropriate department.",2025-08-14 11:46:53.238290,
1459,3,Customer Support,Forwarded (Re-routed),True,Re-routed from Security; now correctly assigned for Staff Behavior.,2025-08-15 01:13:09.959513,
1459,4,Customer Support,Reviewed,True,On hold due to resource availability.,2025-08-18 18:38:11.196194,Unresolved
1460,1,Public Relations,Received,,Complaint logged and reviewed for routing.,2025-01-26 12:53:26.272762,
1460,2,Billing,Forwarded (Correct),True,"Received from Public Relations, correctly routed for Billing Issue.",2025-01-26 17:18:26.014356,
1460,3,Billing,Reviewed,True,Waiting on additional information from the customer.,2025-01-29 16:44:30.232383,Unresolved
1461,1,Public Relations,Received,,Complaint logged and reviewed for routing.,2025-07-02 13:33:27.290415,
1461,2,Maintenance,Forwarded (Correct),True,"Received from Public Relations, correctly routed for Infrastructure.",2025-07-02 17:39:06.898631,
1461,3,Maintenance,Reviewed,True,Corrected the error and notified the customer.,2025-07-06 03:05:07.384282,Resolved
1462,1,Public Relations,Received,,Complaint logged and reviewed for routing.,2025-03-15 11:29:04.300387,
1462,2,Maintenance,Forwarded (Correct),True,"Received from Public Relations, correctly routed for Infrastructure.",2025-03-15 13:55:35.559117,
1462,3,Maintenance,Reviewed,True,Corrected the error and notified the customer.,2025-03-19 12:49:56.286916,Resolved
1463,1,Public Relations,Received,,Complaint logged and reviewed for routing.,2025-06-02 01:51:05.477744,
1463,2,Operations,Forwarded (Correct),True,"Received from Public Relations, correctly routed for Service Delay.",2025-06-02 03:23:45.963082,
1463,3,Operations,Reviewed,True,Requires field visit before it can be closed.,2025-06-02 22:30:19.456429,Unresolved
1464,1,Public Relations,Received,,Complaint logged and reviewed for routing.,2025-07-26 13:53:40.086496,
1464,2,Customer Support,Forwarded (Incorrect),False,"Incorrectly routed here, reassigning to the appropriate department.",2025-07-26 16:11:03.983851,
1464,3,Operations,Forwarded (Re-routed),True,Re-routed from Customer Support; now correctly assigned for Service Delay.,2025-07-27 06:49:19.128289,
1464,4,Operations,Reviewed,True,Confirmed with the customer that the issue is fixed.,2025-07-30 06:20:12.106326,Resolved
1465,1,Public Relations,Received,,Complaint logged and reviewed for routing.,2025-06-10 21:10:55.721610,
1465,2,Billing,Forwarded (Correct),True,"Received from Public Relations, correctly routed for Billing Issue.",2025-06-11 00:09:30.623723,
1465,3,Billing,Reviewed,True,Requires field visit before it can be closed.,2025-06-13 23:48:43.240099,Unresolved
1466,1,Public Relations,Received,,Complaint logged and reviewed for routing.,2025-08-16 14:19:14.044943,
1466,2,Administration,Forwarded (Incorrect),False,"Not within our scope, sending to the relevant department.",2025-08-16 17:48:14.854976,
1466,3,Customer Support,Forwarded (Re-routed),True,Re-routed from Administration; now correctly assigned for Appreciation.,2025-08-17 09:00:29.930162,
1466,4,Customer Support,Reviewed,True,Escalated to senior staff for further action.,2025-08-20 14:43:48.461261,Unresolved
1467,1,Public Relations,Received,,Complaint logged and reviewed for routing.,2025-07-24 16:33:48.961677,
1467,2,Customer Support,Forwarded (Correct),True,"Received from Public Relations, correctly routed for Appreciation.",2025-07-24 18:42:13.794743,
1467,3,Customer Support,Reviewed,True,Resolved following standard procedure.,2025-07-25 01:11:03.249815,Resolved
1468,1,Public Relations,Received,,Complaint logged and reviewed for routing.,2025-12-25 17:12:15.696357,
1468,2,Customer Support,Forwarded (Correct),True,"Received from Public Relations, correctly routed for Staff Behavior.",2025-12-25 22:52:36.138236,
1468,3,Customer Support,Reviewed,True,On hold due to resource availability.,2025-12-29 14:52:19.619749,Unresolved
1469,1,Public Relations,Received,,Complaint logged and reviewed for routing.,2025-08-17 14:09:20.741953,
1469,2,Administration,Forwarded (Correct),True,"Received from Public Relations, correctly routed for Corruption/Bribery.",2025-08-17 16:11:04.982638,
1469,3,Administration,Reviewed,True,Requires field visit before it can be closed.,2025-08-20 05:12:27.652525,Unresolved
1470,1,Public Relations,Received,,Complaint logged and reviewed for routing.,2025-11-27 22:50:00.279232,
1470,2,Operations,Forwarded (Correct),True,"Received from Public Relations, correctly routed for Service Delay.",2025-11-28 00:44:31.815116,
1470,3,Operations,Reviewed,True,Escalated to senior staff for further action.,2025-11-28 17:31:35.328583,Unresolved
1471,1,Public Relations,Received,,Complaint logged and reviewed for routing.,2025-01-08 10:35:36.170397,
1471,2,Billing,Forwarded (Correct),True,"Received from Public Relations, correctly routed for Billing Issue.",2025-01-08 15:55:56.530979,
1471,3,Billing,Reviewed,True,Confirmed with the customer that the issue is fixed.,2025-01-08 20:41:13.671162,Resolved
1472,1,Public Relations,Received,,Complaint logged and reviewed for routing.,2025-05-19 04:16:03.202082,
1472,2,Billing,Forwarded (Correct),True,"Received from Public Relations, correctly routed for Billing Issue.",2025-05-19 07:59:38.529659,
1472,3,Billing,Reviewed,True,Requires field visit before it can be closed.,2025-05-20 03:18:28.931120,Unresolved
1473,1,Public Relations,Received,,Complaint logged and reviewed for routing.,2025-06-01 18:18:10.824369,
1473,2,Operations,Forwarded (Correct),True,"Received from Public Relations, correctly routed for Service Delay.",2025-06-01 22:53:33.299968,
1473,3,Operations,Reviewed,True,Corrected the error and notified the customer.,2025-06-04 12:34:49.403633,Resolved
1474,1,Public Relations,Received,,Complaint logged and reviewed for routing.,2025-08-18 10:59:17.713236,
1474,2,Billing,Forwarded (Correct),True,"Received from Public Relations, correctly routed for Billing Issue.",2025-08-18 13:31:52.867087,
1474,3,Billing,Reviewed,True,Corrected the error and notified the customer.,2025-08-18 18:01:29.746164,Resolved
1475,1,Public Relations,Received,,Complaint logged and reviewed for routing.,2025-11-09 04:12:17.683001,
1475,2,Administration,Forwarded (Incorrect),False,"Incorrectly routed here, reassigning to the appropriate department.",2025-11-09 08:34:52.917714,
1475,3,Customer Support,Forwarded (Re-routed),True,Re-routed from Administration; now correctly assigned for Appreciation.,2025-11-09 21:08:28.149732,
1475,4,Customer Support,Reviewed,True,Confirmed with the customer that the issue is fixed.,2025-11-12 10:07:04.937732,Resolved
1476,1,Public Relations,Received,,Complaint logged and reviewed for routing.,2025-06-14 14:52:52.559260,
1476,2,Operations,Forwarded (Correct),True,"Received from Public Relations, correctly routed for Service Delay.",2025-06-14 22:17:53.842635,
1476,3,Operations,Reviewed,True,Corrected the error and notified the customer.,2025-06-17 21:30:49.123700,Resolved
1477,1,Public Relations,Received,,Complaint logged and reviewed for routing.,2025-06-24 12:50:48.551245,
1477,2,Security,Forwarded (Correct),True,"Received from Public Relations, correctly routed for Safety Concern.",2025-06-24 15:28:43.090213,
1477,3,Security,Reviewed,True,Completed the requested action successfully.,2025-06-27 04:44:32.175216,Resolved
1478,1,Public Relations,Received,,Complaint logged and reviewed for routing.,2025-09-25 23:22:23.155347,
1478,2,Customer Support,Forwarded (Correct),True,"Received from Public Relations, correctly routed for Staff Behavior.",2025-09-26 05:45:04.166665,
1478,3,Customer Support,Reviewed,True,Requires field visit before it can be closed.,2025-09-27 21:33:49.763378,Unresolved
1479,1,Public Relations,Received,,Complaint logged and reviewed for routing.,2025-03-01 18:47:28.836134,
1479,2,Security,Forwarded (Correct),True,"Received from Public Relations, correctly routed for Safety Concern.",2025-03-01 23:52:43.468379,
1479,3,Security,Reviewed,True,Completed the requested action successfully.,2025-03-03 07:12:09.622451,Resolved
1480,1,Public Relations,Received,,Complaint logged and reviewed for routing.,2025-05-13 04:32:04.411757,
1480,2,Security,Forwarded (Incorrect),False,"Incorrectly routed here, reassigning to the appropriate department.",2025-05-13 06:13:39.718536,
1480,3,Customer Support,Forwarded (Re-routed),True,Re-routed from Security; now correctly assigned for Appreciation.,2025-05-13 12:11:10.461387,
1480,4,Customer Support,Reviewed,True,Issue verified and resolved after review.,2025-05-14 10:12:04.318584,Resolved
1481,1,Public Relations,Received,,Complaint logged and reviewed for routing.,2025-01-10 16:59:13.063478,
1481,2,Security,Forwarded (Correct),True,"Received from Public Relations, correctly routed for Safety Concern.",2025-01-11 00:04:55.569168,
1481,3,Security,Reviewed,True,Resolved following standard procedure.,2025-01-12 01:15:00.543784,Resolved
1482,1,Public Relations,Received,,Complaint logged and reviewed for routing.,2025-06-15 13:58:49.294209,
1482,2,Customer Support,Forwarded (Correct),True,"Received from Public Relations, correctly routed for Staff Behavior.",2025-06-15 15:17:37.115064,
1482,3,Customer Support,Reviewed,True,Resolved following standard procedure.,2025-06-16 02:06:01.204059,Resolved
1483,1,Public Relations,Received,,Complaint logged and reviewed for routing.,2025-12-09 08:50:56.768702,
1483,2,Operations,Forwarded (Correct),True,"Received from Public Relations, correctly routed for Service Delay.",2025-12-09 14:12:30.765101,
1483,3,Operations,Reviewed,True,Resolved following standard procedure.,2025-12-12 04:21:03.788867,Resolved
1484,1,Public Relations,Received,,Complaint logged and reviewed for routing.,2025-09-09 09:34:47.480692,
1484,2,Customer Support,Forwarded (Correct),True,"Received from Public Relations, correctly routed for Staff Behavior.",2025-09-09 14:17:09.959609,
1484,3,Customer Support,Reviewed,True,Confirmed with the customer that the issue is fixed.,2025-09-10 11:08:05.499526,Resolved
1485,1,Public Relations,Received,,Complaint logged and reviewed for routing.,2025-08-08 16:40:39.686146,
1485,2,Maintenance,Forwarded (Incorrect),False,"This complaint does not belong to our department, forwarding to the correct team.",2025-08-08 19:24:52.764843,
1485,3,Billing,Forwarded (Re-routed),True,Re-routed from Maintenance; now correctly assigned for Billing Issue.,2025-08-09 04:48:43.300221,
1485,4,Billing,Reviewed,True,Corrected the error and notified the customer.,2025-08-12 16:38:56.343986,Resolved
1486,1,Public Relations,Received,,Complaint logged and reviewed for routing.,2025-05-18 14:22:37.291414,
1486,2,Billing,Forwarded (Incorrect),False,"Not within our scope, sending to the relevant department.",2025-05-18 16:27:27.528045,
1486,3,Administration,Forwarded (Re-routed),True,Re-routed from Billing; now correctly assigned for Corruption/Bribery.,2025-05-19 10:09:08.970112,
1486,4,Administration,Reviewed,True,Escalated to senior staff for further action.,2025-05-20 11:20:16.535921,Unresolved
1487,1,Public Relations,Received,,Complaint logged and reviewed for routing.,2025-08-28 07:01:52.331030,
1487,2,Customer Support,Forwarded (Correct),True,"Received from Public Relations, correctly routed for Appreciation.",2025-08-28 08:29:27.573529,
1487,3,Customer Support,Reviewed,True,Confirmed with the customer that the issue is fixed.,2025-08-31 09:39:06.558636,Resolved
1488,1,Public Relations,Received,,Complaint logged and reviewed for routing.,2025-07-04 08:55:12.214158,
1488,2,Operations,Forwarded (Correct),True,"Received from Public Relations, correctly routed for Service Delay.",2025-07-04 13:37:43.404371,
1488,3,Operations,Reviewed,True,"Still under investigation, pending further review.",2025-07-05 05:34:57.046046,Unresolved
1489,1,Public Relations,Received,,Complaint logged and reviewed for routing.,2025-06-21 13:04:15.771710,
1489,2,Administration,Forwarded (Correct),True,"Received from Public Relations, correctly routed for Corruption/Bribery.",2025-06-21 17:38:22.638075,
1489,3,Administration,Reviewed,True,Resolved following standard procedure.,2025-06-24 02:35:27.502076,Resolved
1490,1,Public Relations,Received,,Complaint logged and reviewed for routing.,2025-05-14 11:36:17.711649,
1490,2,Maintenance,Forwarded (Correct),True,"Received from Public Relations, correctly routed for Infrastructure.",2025-05-14 14:43:08.527084,
1490,3,Maintenance,Reviewed,True,Confirmed with the customer that the issue is fixed.,2025-05-15 23:26:49.403681,Resolved
1491,1,Public Relations,Received,,Complaint logged and reviewed for routing.,2025-06-10 15:16:42.990831,
1491,2,Maintenance,Forwarded (Correct),True,"Received from Public Relations, correctly routed for Infrastructure.",2025-06-10 18:36:57.668057,
1491,3,Maintenance,Reviewed,True,Escalated to senior staff for further action.,2025-06-14 01:28:20.681110,Unresolved
1492,1,Public Relations,Received,,Complaint logged and reviewed for routing.,2025-07-25 18:04:09.551537,
1492,2,Maintenance,Forwarded (Correct),True,"Received from Public Relations, correctly routed for Infrastructure.",2025-07-25 20:55:13.729097,
1492,3,Maintenance,Reviewed,True,Confirmed with the customer that the issue is fixed.,2025-07-27 02:09:50.179236,Resolved
1493,1,Public Relations,Received,,Complaint logged and reviewed for routing.,2025-10-02 16:02:10.955833,
1493,2,Customer Support,Forwarded (Correct),True,"Received from Public Relations, correctly routed for Appreciation.",2025-10-02 22:57:55.287707,
1493,3,Customer Support,Reviewed,True,Corrected the error and notified the customer.,2025-10-04 16:36:30.651280,Resolved
1494,1,Public Relations,Received,,Complaint logged and reviewed for routing.,2025-07-19 14:46:06.165289,
1494,2,Customer Support,Forwarded (Correct),True,"Received from Public Relations, correctly routed for Appreciation.",2025-07-19 22:23:50.979830,
1494,3,Customer Support,Reviewed,True,Corrected the error and notified the customer.,2025-07-23 11:37:44.897269,Resolved
1495,1,Public Relations,Received,,Complaint logged and reviewed for routing.,2025-10-20 12:47:54.322633,
1495,2,Administration,Forwarded (Correct),True,"Received from Public Relations, correctly routed for Corruption/Bribery.",2025-10-20 14:05:16.107763,
1495,3,Administration,Reviewed,True,Completed the requested action successfully.,2025-10-22 11:25:57.880908,Resolved
1496,1,Public Relations,Received,,Complaint logged and reviewed for routing.,2025-05-08 11:00:28.666999,
1496,2,Operations,Forwarded (Correct),True,"Received from Public Relations, correctly routed for Service Delay.",2025-05-08 12:36:00.337775,
1496,3,Operations,Reviewed,True,Waiting on additional information from the customer.,2025-05-10 06:00:52.432609,Unresolved
1497,1,Public Relations,Received,,Complaint logged and reviewed for routing.,2025-09-04 20:47:57.942062,
1497,2,Operations,Forwarded (Correct),True,"Received from Public Relations, correctly routed for Service Delay.",2025-09-05 01:21:33.286577,
1497,3,Operations,Reviewed,True,"Still under investigation, pending further review.",2025-09-06 07:09:56.081916,Unresolved
1498,1,Public Relations,Received,,Complaint logged and reviewed for routing.,2025-07-03 11:32:08.740918,
1498,2,Maintenance,Forwarded (Incorrect),False,"Incorrectly routed here, reassigning to the appropriate department.",2025-07-03 18:14:13.845489,
1498,3,Operations,Forwarded (Re-routed),True,Re-routed from Maintenance; now correctly assigned for Service Delay.,2025-07-04 00:25:37.068993,
1498,4,Operations,Reviewed,True,Confirmed with the customer that the issue is fixed.,2025-07-06 05:07:16.614020,Resolved
1499,1,Public Relations,Received,,Complaint logged and reviewed for routing.,2025-04-27 14:01:26.008863,
1499,2,Customer Support,Forwarded (Correct),True,"Received from Public Relations, correctly routed for Staff Behavior.",2025-04-27 16:15:58.781689,
1499,3,Customer Support,Reviewed,True,Confirmed with the customer that the issue is fixed.,2025-04-27 22:20:04.791333,Resolved
1500,1,Public Relations,Received,,Complaint logged and reviewed for routing.,2025-08-22 08:11:18.819933,
1500,2,Security,Forwarded (Correct),True,"Received from Public Relations, correctly routed for Safety Concern.",2025-08-22 12:57:59.264331,
1500,3,Security,Reviewed,True,Issue verified and resolved after review.,2025-08-23 07:18:34.351956,Resolved
1501,1,Public Relations,Received,,Complaint logged and reviewed for routing.,2025-06-17 08:15:30.839362,
1501,2,Security,Forwarded (Incorrect),False,"Incorrectly routed here, reassigning to the appropriate department.",2025-06-17 12:54:16.580627,
1501,3,Operations,Forwarded (Re-routed),True,Re-routed from Security; now correctly assigned for Service Delay.,2025-06-17 17:15:55.765502,
1501,4,Operations,Reviewed,True,Confirmed with the customer that the issue is fixed.,2025-06-19 11:37:06.497705,Resolved
1502,1,Public Relations,Received,,Complaint logged and reviewed for routing.,2025-01-04 21:59:46.457965,
1502,2,Administration,Forwarded (Correct),True,"Received from Public Relations, correctly routed for Corruption/Bribery.",2025-01-05 04:54:27.818592,
1502,3,Administration,Reviewed,True,Requires field visit before it can be closed.,2025-01-07 14:32:07.780127,Unresolved
1503,1,Public Relations,Received,,Complaint logged and reviewed for routing.,2025-11-27 14:41:52.968292,
1503,2,Security,Forwarded (Correct),True,"Received from Public Relations, correctly routed for Safety Concern.",2025-11-27 16:40:20.409130,
1503,3,Security,Reviewed,True,Requires field visit before it can be closed.,2025-11-29 19:04:06.645157,Unresolved
1504,1,Public Relations,Received,,Complaint logged and reviewed for routing.,2025-11-14 09:55:20.630252,
1504,2,Billing,Forwarded (Correct),True,"Received from Public Relations, correctly routed for Billing Issue.",2025-11-14 16:41:52.522577,
1504,3,Billing,Reviewed,True,"Still under investigation, pending further review.",2025-11-16 08:07:45.947074,Unresolved
1505,1,Public Relations,Received,,Complaint logged and reviewed for routing.,2025-05-27 15:14:20.404301,
1505,2,Maintenance,Forwarded (Correct),True,"Received from Public Relations, correctly routed for Infrastructure.",2025-05-27 21:33:05.953570,
1505,3,Maintenance,Reviewed,True,Requires field visit before it can be closed.,2025-05-29 17:48:27.914689,Unresolved
1506,1,Public Relations,Received,,Complaint logged and reviewed for routing.,2025-02-12 17:20:23.815411,
1506,2,Operations,Forwarded (Incorrect),False,"Not within our scope, sending to the relevant department.",2025-02-12 22:02:18.880480,
1506,3,Customer Support,Forwarded (Re-routed),True,Re-routed from Operations; now correctly assigned for Appreciation.,2025-02-13 07:29:52.416041,
1506,4,Customer Support,Reviewed,True,Corrected the error and notified the customer.,2025-02-16 18:28:09.945479,Resolved
1507,1,Public Relations,Received,,Complaint logged and reviewed for routing.,2025-08-24 08:33:15.932574,
1507,2,Operations,Forwarded (Correct),True,"Received from Public Relations, correctly routed for Service Delay.",2025-08-24 09:38:41.179980,
1507,3,Operations,Reviewed,True,Confirmed with the customer that the issue is fixed.,2025-08-25 13:23:00.985081,Resolved
1508,1,Public Relations,Received,,Complaint logged and reviewed for routing.,2025-08-12 14:15:22.821267,
1508,2,Billing,Forwarded (Correct),True,"Received from Public Relations, correctly routed for Billing Issue.",2025-08-12 19:53:10.580383,
1508,3,Billing,Reviewed,True,Resolved following standard procedure.,2025-08-14 19:55:53.851466,Resolved
1509,1,Public Relations,Received,,Complaint logged and reviewed for routing.,2025-05-25 15:00:24.375532,
1509,2,Billing,Forwarded (Correct),True,"Received from Public Relations, correctly routed for Billing Issue.",2025-05-25 18:23:17.931540,
1509,3,Billing,Reviewed,True,Requires field visit before it can be closed.,2025-05-28 14:38:24.611909,Unresolved
1510,1,Public Relations,Received,,Complaint logged and reviewed for routing.,2025-07-28 12:45:01.149285,
1510,2,Customer Support,Forwarded (Correct),True,"Received from Public Relations, correctly routed for Staff Behavior.",2025-07-28 15:38:01.402510,
1510,3,Customer Support,Reviewed,True,Issue verified and resolved after review.,2025-07-29 15:05:22.541192,Resolved
1511,1,Public Relations,Received,,Complaint logged and reviewed for routing.,2025-01-24 07:12:13.747422,
1511,2,Customer Support,Forwarded (Incorrect),False,"Not within our scope, sending to the relevant department.",2025-01-24 09:05:12.475121,
1511,3,Security,Forwarded (Re-routed),True,Re-routed from Customer Support; now correctly assigned for Safety Concern.,2025-01-24 16:37:32.403762,
1511,4,Security,Reviewed,True,Issue verified and resolved after review.,2025-01-26 00:06:50.626208,Resolved
1512,1,Public Relations,Received,,Complaint logged and reviewed for routing.,2025-05-12 19:13:10.182682,
1512,2,Customer Support,Forwarded (Incorrect),False,"This complaint does not belong to our department, forwarding to the correct team.",2025-05-12 21:19:00.350362,
1512,3,Operations,Forwarded (Re-routed),True,Re-routed from Customer Support; now correctly assigned for Service Delay.,2025-05-13 10:09:39.972327,
1512,4,Operations,Reviewed,True,On hold due to resource availability.,2025-05-14 07:58:58.303389,Unresolved
1513,1,Public Relations,Received,,Complaint logged and reviewed for routing.,2025-05-09 23:32:21.132192,
1513,2,Customer Support,Forwarded (Correct),True,"Received from Public Relations, correctly routed for Staff Behavior.",2025-05-10 00:45:15.234831,
1513,3,Customer Support,Reviewed,True,Corrected the error and notified the customer.,2025-05-11 05:53:06.976291,Resolved
1514,1,Public Relations,Received,,Complaint logged and reviewed for routing.,2025-07-17 10:22:48.134910,
1514,2,Billing,Forwarded (Correct),True,"Received from Public Relations, correctly routed for Billing Issue.",2025-07-17 15:06:34.529231,
1514,3,Billing,Reviewed,True,Requires field visit before it can be closed.,2025-07-17 20:09:39.876186,Unresolved
1515,1,Public Relations,Received,,Complaint logged and reviewed for routing.,2025-01-27 21:54:07.546674,
1515,2,Customer Support,Forwarded (Correct),True,"Received from Public Relations, correctly routed for Appreciation.",2025-01-27 23:31:13.686118,
1515,3,Customer Support,Reviewed,True,On hold due to resource availability.,2025-01-31 11:31:22.687343,Unresolved
1516,1,Public Relations,Received,,Complaint logged and reviewed for routing.,2025-03-15 10:12:30.330243,
1516,2,Security,Forwarded (Correct),True,"Received from Public Relations, correctly routed for Safety Concern.",2025-03-15 16:33:31.397853,
1516,3,Security,Reviewed,True,Confirmed with the customer that the issue is fixed.,2025-03-19 01:08:47.894361,Resolved
1517,1,Public Relations,Received,,Complaint logged and reviewed for routing.,2025-07-03 21:36:59.413920,
1517,2,Customer Support,Forwarded (Correct),True,"Received from Public Relations, correctly routed for Staff Behavior.",2025-07-04 04:15:20.621838,
1517,3,Customer Support,Reviewed,True,Waiting on additional information from the customer.,2025-07-06 10:28:59.038756,Unresolved
1518,1,Public Relations,Received,,Complaint logged and reviewed for routing.,2025-09-09 01:24:55.785117,
1518,2,Customer Support,Forwarded (Correct),True,"Received from Public Relations, correctly routed for Appreciation.",2025-09-09 08:00:56.413458,
1518,3,Customer Support,Reviewed,True,"Still under investigation, pending further review.",2025-09-10 02:34:15.138432,Unresolved
1519,1,Public Relations,Received,,Complaint logged and reviewed for routing.,2025-08-03 17:05:43.977762,
1519,2,Operations,Forwarded (Correct),True,"Received from Public Relations, correctly routed for Service Delay.",2025-08-03 20:57:09.480046,
1519,3,Operations,Reviewed,True,Corrected the error and notified the customer.,2025-08-04 03:34:27.806166,Resolved
1521,1,Public Relations,Received,,Complaint logged and reviewed for routing.,2025-04-19 12:56:39.050899,
1521,2,Customer Support,Forwarded (Correct),True,"Received from Public Relations, correctly routed for Appreciation.",2025-04-19 15:25:17.005268,
1521,3,Customer Support,Reviewed,True,Corrected the error and notified the customer.,2025-04-21 22:15:33.395157,Resolved
1522,1,Public Relations,Received,,Complaint logged and reviewed for routing.,2025-07-06 15:32:39.027017,
1522,2,Operations,Forwarded (Correct),True,"Received from Public Relations, correctly routed for Service Delay.",2025-07-06 17:47:07.146924,
1522,3,Operations,Reviewed,True,Issue verified and resolved after review.,2025-07-09 22:16:59.452864,Resolved
1523,1,Public Relations,Received,,Complaint logged and reviewed for routing.,2025-01-03 22:55:36.173901,
1523,2,Security,Forwarded (Incorrect),False,"Incorrectly routed here, reassigning to the appropriate department.",2025-01-04 05:07:48.576475,
1523,3,Customer Support,Forwarded (Re-routed),True,Re-routed from Security; now correctly assigned for Appreciation.,2025-01-04 23:21:07.766538,
1523,4,Customer Support,Reviewed,True,Completed the requested action successfully.,2025-01-05 19:21:01.836858,Resolved
1524,1,Public Relations,Received,,Complaint logged and reviewed for routing.,2025-08-21 20:02:26.184686,
1524,2,Billing,Forwarded (Correct),True,"Received from Public Relations, correctly routed for Billing Issue.",2025-08-22 01:52:21.438847,
1524,3,Billing,Reviewed,True,Escalated to senior staff for further action.,2025-08-24 19:50:45.198265,Unresolved
1525,1,Public Relations,Received,,Complaint logged and reviewed for routing.,2025-11-27 22:09:36.638171,
1525,2,Maintenance,Forwarded (Correct),True,"Received from Public Relations, correctly routed for Infrastructure.",2025-11-28 05:40:28.936317,
1525,3,Maintenance,Reviewed,True,Resolved following standard procedure.,2025-11-30 02:43:07.099616,Resolved
1526,1,Public Relations,Received,,Complaint logged and reviewed for routing.,2025-08-18 21:11:44.582557,
1526,2,Security,Forwarded (Correct),True,"Received from Public Relations, correctly routed for Safety Concern.",2025-08-18 22:59:22.227174,
1526,3,Security,Reviewed,True,On hold due to resource availability.,2025-08-20 09:05:57.036884,Unresolved
1527,1,Public Relations,Received,,Complaint logged and reviewed for routing.,2025-05-22 14:47:02.740947,
1527,2,Operations,Forwarded (Correct),True,"Received from Public Relations, correctly routed for Service Delay.",2025-05-22 21:37:35.366339,
1527,3,Operations,Reviewed,True,"Still under investigation, pending further review.",2025-05-23 15:08:34.671530,Unresolved
1528,1,Public Relations,Received,,Complaint logged and reviewed for routing.,2025-08-23 23:13:17.382711,
1528,2,Maintenance,Forwarded (Correct),True,"Received from Public Relations, correctly routed for Infrastructure.",2025-08-24 01:19:05.378944,
1528,3,Maintenance,Reviewed,True,Corrected the error and notified the customer.,2025-08-27 13:45:31.954355,Resolved
1529,1,Public Relations,Received,,Complaint logged and reviewed for routing.,2025-01-09 14:22:02.809722,
1529,2,Maintenance,Forwarded (Correct),True,"Received from Public Relations, correctly routed for Infrastructure.",2025-01-09 15:57:38.105091,
1529,3,Maintenance,Reviewed,True,Requires field visit before it can be closed.,2025-01-10 03:21:12.302467,Unresolved
1530,1,Public Relations,Received,,Complaint logged and reviewed for routing.,2025-04-11 17:07:13.953266,
1530,2,Billing,Forwarded (Correct),True,"Received from Public Relations, correctly routed for Billing Issue.",2025-04-11 21:10:51.314598,
1530,3,Billing,Reviewed,True,Resolved following standard procedure.,2025-04-13 10:24:20.783918,Resolved
1531,1,Public Relations,Received,,Complaint logged and reviewed for routing.,2025-04-24 11:12:06.513795,
1531,2,Operations,Forwarded (Correct),True,"Received from Public Relations, correctly routed for Service Delay.",2025-04-24 18:32:50.483694,
1531,3,Operations,Reviewed,True,Waiting on additional information from the customer.,2025-04-25 20:41:04.148428,Unresolved
1532,1,Public Relations,Received,,Complaint logged and reviewed for routing.,2025-07-06 15:09:48.523282,
1532,2,Security,Forwarded (Incorrect),False,"Not within our scope, sending to the relevant department.",2025-07-06 22:38:03.018922,
1532,3,Customer Support,Forwarded (Re-routed),True,Re-routed from Security; now correctly assigned for Staff Behavior.,2025-07-07 21:15:03.231880,
1532,4,Customer Support,Reviewed,True,Escalated to senior staff for further action.,2025-07-09 17:50:20.517631,Unresolved
1533,1,Public Relations,Received,,Complaint logged and reviewed for routing.,2025-01-24 15:54:43.921376,
1533,2,Billing,Forwarded (Correct),True,"Received from Public Relations, correctly routed for Billing Issue.",2025-01-24 22:23:45.673557,
1533,3,Billing,Reviewed,True,Confirmed with the customer that the issue is fixed.,2025-01-25 14:19:53.242257,Resolved
1534,1,Public Relations,Received,,Complaint logged and reviewed for routing.,2025-08-17 16:54:27.969495,
1534,2,Customer Support,Forwarded (Correct),True,"Received from Public Relations, correctly routed for Appreciation.",2025-08-17 18:27:47.923347,
1534,3,Customer Support,Reviewed,True,Corrected the error and notified the customer.,2025-08-18 12:55:27.146742,Resolved
1535,1,Public Relations,Received,,Complaint logged and reviewed for routing.,2025-10-08 13:39:44.443080,
1535,2,Administration,Forwarded (Correct),True,"Received from Public Relations, correctly routed for Corruption/Bribery.",2025-10-08 16:57:23.380246,
1535,3,Administration,Reviewed,True,Resolved following standard procedure.,2025-10-11 18:18:37.796333,Resolved
1536,1,Public Relations,Received,,Complaint logged and reviewed for routing.,2025-09-01 10:54:00.739481,
1536,2,Operations,Forwarded (Correct),True,"Received from Public Relations, correctly routed for Service Delay.",2025-09-01 13:15:56.672392,
1536,3,Operations,Reviewed,True,Completed the requested action successfully.,2025-09-02 09:34:36.081525,Resolved
1537,1,Public Relations,Received,,Complaint logged and reviewed for routing.,2025-09-02 15:18:21.398347,
1537,2,Billing,Forwarded (Correct),True,"Received from Public Relations, correctly routed for Billing Issue.",2025-09-02 20:59:06.017376,
1537,3,Billing,Reviewed,True,Escalated to senior staff for further action.,2025-09-06 00:06:36.473566,Unresolved
1538,1,Public Relations,Received,,Complaint logged and reviewed for routing.,2025-10-13 10:48:40.516755,
1538,2,Customer Support,Forwarded (Incorrect),False,"Incorrectly routed here, reassigning to the appropriate department.",2025-10-13 18:04:44.438906,
1538,3,Billing,Forwarded (Re-routed),True,Re-routed from Customer Support; now correctly assigned for Billing Issue.,2025-10-14 01:23:04.201216,
1538,4,Billing,Reviewed,True,Completed the requested action successfully.,2025-10-16 00:14:15.964029,Resolved
1539,1,Public Relations,Received,,Complaint logged and reviewed for routing.,2025-02-24 16:06:13.367341,
1539,2,Administration,Forwarded (Correct),True,"Received from Public Relations, correctly routed for Corruption/Bribery.",2025-02-24 23:58:20.313398,
1539,3,Administration,Reviewed,True,Issue verified and resolved after review.,2025-02-28 22:45:53.332864,Resolved
1540,1,Public Relations,Received,,Complaint logged and reviewed for routing.,2025-08-05 08:23:18.532688,
1540,2,Security,Forwarded (Correct),True,"Received from Public Relations, correctly routed for Safety Concern.",2025-08-05 15:03:24.877354,
1540,3,Security,Reviewed,True,Confirmed with the customer that the issue is fixed.,2025-08-07 23:28:41.889573,Resolved
1541,1,Public Relations,Received,,Complaint logged and reviewed for routing.,2025-09-14 14:27:08.750369,
1541,2,Operations,Forwarded (Incorrect),False,"Not within our scope, sending to the relevant department.",2025-09-14 20:51:25.343840,
1541,3,Administration,Forwarded (Re-routed),True,Re-routed from Operations; now correctly assigned for Corruption/Bribery.,2025-09-15 11:16:35.505855,
1541,4,Administration,Reviewed,True,Completed the requested action successfully.,2025-09-17 10:12:16.809553,Resolved
1542,1,Public Relations,Received,,Complaint logged and reviewed for routing.,2025-12-19 15:55:47.394792,
1542,2,Billing,Forwarded (Correct),True,"Received from Public Relations, correctly routed for Billing Issue.",2025-12-19 17:58:34.067482,
1542,3,Billing,Reviewed,True,Confirmed with the customer that the issue is fixed.,2025-12-21 12:33:55.465861,Resolved
1543,1,Public Relations,Received,,Complaint logged and reviewed for routing.,2025-07-23 11:49:35.304473,
1543,2,Administration,Forwarded (Incorrect),False,"This complaint does not belong to our department, forwarding to the correct team.",2025-07-23 15:39:06.710449,
1543,3,Customer Support,Forwarded (Re-routed),True,Re-routed from Administration; now correctly assigned for Appreciation.,2025-07-24 13:54:49.564884,
1543,4,Customer Support,Reviewed,True,Corrected the error and notified the customer.,2025-07-26 16:19:57.309853,Resolved
1544,1,Public Relations,Received,,Complaint logged and reviewed for routing.,2025-09-23 20:35:23.954725,
1544,2,Security,Forwarded (Correct),True,"Received from Public Relations, correctly routed for Safety Concern.",2025-09-23 22:13:01.193191,
1544,3,Security,Reviewed,True,Issue verified and resolved after review.,2025-09-24 06:22:09.381670,Resolved
1545,1,Public Relations,Received,,Complaint logged and reviewed for routing.,2025-06-16 12:06:20.436238,
1545,2,Customer Support,Forwarded (Incorrect),False,"Not within our scope, sending to the relevant department.",2025-06-16 18:41:38.664800,
1545,3,Operations,Forwarded (Re-routed),True,Re-routed from Customer Support; now correctly assigned for Service Delay.,2025-06-17 03:03:31.034523,
1545,4,Operations,Reviewed,True,Requires field visit before it can be closed.,2025-06-17 20:25:32.401413,Unresolved
1546,1,Public Relations,Received,,Complaint logged and reviewed for routing.,2025-02-06 17:42:43.172246,
1546,2,Security,Forwarded (Correct),True,"Received from Public Relations, correctly routed for Safety Concern.",2025-02-06 22:42:18.587477,
1546,3,Security,Reviewed,True,Completed the requested action successfully.,2025-02-07 17:40:41.659838,Resolved
1547,1,Public Relations,Received,,Complaint logged and reviewed for routing.,2025-08-16 20:36:56.265509,
1547,2,Billing,Forwarded (Correct),True,"Received from Public Relations, correctly routed for Billing Issue.",2025-08-16 23:14:52.759154,
1547,3,Billing,Reviewed,True,Corrected the error and notified the customer.,2025-08-18 14:15:36.596457,Resolved
1548,1,Public Relations,Received,,Complaint logged and reviewed for routing.,2025-04-10 12:52:50.309201,
1548,2,Billing,Forwarded (Correct),True,"Received from Public Relations, correctly routed for Billing Issue.",2025-04-10 20:41:11.400115,
1548,3,Billing,Reviewed,True,Escalated to senior staff for further action.,2025-04-12 11:53:43.799541,Unresolved
1549,1,Public Relations,Received,,Complaint logged and reviewed for routing.,2025-06-01 16:40:10.407611,
1549,2,Maintenance,Forwarded (Correct),True,"Received from Public Relations, correctly routed for Infrastructure.",2025-06-01 22:21:26.961655,
1549,3,Maintenance,Reviewed,True,Completed the requested action successfully.,2025-06-05 08:15:39.236642,Resolved
1550,1,Public Relations,Received,,Complaint logged and reviewed for routing.,2025-12-08 10:59:42.393666,
1550,2,Customer Support,Forwarded (Correct),True,"Received from Public Relations, correctly routed for Staff Behavior.",2025-12-08 13:46:54.720390,
1550,3,Customer Support,Reviewed,True,Corrected the error and notified the customer.,2025-12-12 04:34:09.185661,Resolved
1551,1,Public Relations,Received,,Complaint logged and reviewed for routing.,2025-08-13 14:29:17.759176,
1551,2,Customer Support,Forwarded (Correct),True,"Received from Public Relations, correctly routed for Appreciation.",2025-08-13 16:25:51.614370,
1551,3,Customer Support,Reviewed,True,Corrected the error and notified the customer.,2025-08-16 18:24:23.633855,Resolved
1552,1,Public Relations,Received,,Complaint logged and reviewed for routing.,2025-11-04 10:29:26.931845,
1552,2,Billing,Forwarded (Correct),True,"Received from Public Relations, correctly routed for Billing Issue.",2025-11-04 15:08:19.115716,
1552,3,Billing,Reviewed,True,Confirmed with the customer that the issue is fixed.,2025-11-07 11:26:00.823756,Resolved
1553,1,Public Relations,Received,,Complaint logged and reviewed for routing.,2025-06-01 09:56:30.316830,
1553,2,Operations,Forwarded (Incorrect),False,"This complaint does not belong to our department, forwarding to the correct team.",2025-06-01 17:32:05.098774,
1553,3,Customer Support,Forwarded (Re-routed),True,Re-routed from Operations; now correctly assigned for Staff Behavior.,2025-06-02 05:34:42.789678,
1553,4,Customer Support,Reviewed,True,Requires field visit before it can be closed.,2025-06-05 08:34:25.996578,Unresolved
1554,1,Public Relations,Received,,Complaint logged and reviewed for routing.,2025-11-19 07:28:03.462783,
1554,2,Customer Support,Forwarded (Correct),True,"Received from Public Relations, correctly routed for Staff Behavior.",2025-11-19 12:02:17.861098,
1554,3,Customer Support,Reviewed,True,Escalated to senior staff for further action.,2025-11-19 16:18:33.419206,Unresolved
1555,1,Public Relations,Received,,Complaint logged and reviewed for routing.,2025-07-09 07:03:58.994156,
1555,2,Security,Forwarded (Correct),True,"Received from Public Relations, correctly routed for Safety Concern.",2025-07-09 14:43:51.157188,
1555,3,Security,Reviewed,True,Confirmed with the customer that the issue is fixed.,2025-07-10 15:23:24.509064,Resolved
1556,1,Public Relations,Received,,Complaint logged and reviewed for routing.,2025-01-14 11:09:12.865978,
1556,2,Billing,Forwarded (Correct),True,"Received from Public Relations, correctly routed for Billing Issue.",2025-01-14 12:32:20.496061,
1556,3,Billing,Reviewed,True,Waiting on additional information from the customer.,2025-01-17 11:37:59.263280,Unresolved
1557,1,Public Relations,Received,,Complaint logged and reviewed for routing.,2025-04-04 19:24:17.316813,
1557,2,Operations,Forwarded (Correct),True,"Received from Public Relations, correctly routed for Service Delay.",2025-04-05 03:06:04.686704,
1557,3,Operations,Reviewed,True,Corrected the error and notified the customer.,2025-04-05 10:23:50.475225,Resolved
1558,1,Public Relations,Received,,Complaint logged and reviewed for routing.,2025-05-18 16:47:43.137357,
1558,2,Billing,Forwarded (Incorrect),False,"Incorrectly routed here, reassigning to the appropriate department.",2025-05-18 22:58:15.590976,
1558,3,Maintenance,Forwarded (Re-routed),True,Re-routed from Billing; now correctly assigned for Infrastructure.,2025-05-19 20:01:53.446365,
1558,4,Maintenance,Reviewed,True,Waiting on additional information from the customer.,2025-05-22 05:53:54.161994,Unresolved
1559,1,Public Relations,Received,,Complaint logged and reviewed for routing.,2025-07-10 13:54:48.180420,
1559,2,Operations,Forwarded (Correct),True,"Received from Public Relations, correctly routed for Service Delay.",2025-07-10 19:29:55.204675,
1559,3,Operations,Reviewed,True,Resolved following standard procedure.,2025-07-13 18:21:37.875398,Resolved
1560,1,Public Relations,Received,,Complaint logged and reviewed for routing.,2025-02-05 16:43:36.050888,
1560,2,Customer Support,Forwarded (Correct),True,"Received from Public Relations, correctly routed for Staff Behavior.",2025-02-05 21:24:25.735015,
1560,3,Customer Support,Reviewed,True,Corrected the error and notified the customer.,2025-02-09 03:50:04.166585,Resolved
1561,1,Public Relations,Received,,Complaint logged and reviewed for routing.,2025-10-19 20:15:28.017780,
1561,2,Customer Support,Forwarded (Correct),True,"Received from Public Relations, correctly routed for Staff Behavior.",2025-10-19 23:49:58.887628,
1561,3,Customer Support,Reviewed,True,Resolved following standard procedure.,2025-10-22 20:28:33.148926,Resolved
1562,1,Public Relations,Received,,Complaint logged and reviewed for routing.,2025-04-01 22:36:27.102608,
1562,2,Customer Support,Forwarded (Correct),True,"Received from Public Relations, correctly routed for Appreciation.",2025-04-02 05:35:42.626896,
1562,3,Customer Support,Reviewed,True,Waiting on additional information from the customer.,2025-04-02 16:44:30.592767,Unresolved
1563,1,Public Relations,Received,,Complaint logged and reviewed for routing.,2025-11-11 18:45:45.216049,
1563,2,Billing,Forwarded (Correct),True,"Received from Public Relations, correctly routed for Billing Issue.",2025-11-11 21:35:23.173491,
1563,3,Billing,Reviewed,True,Corrected the error and notified the customer.,2025-11-13 20:09:04.074903,Resolved
1564,1,Public Relations,Received,,Complaint logged and reviewed for routing.,2025-08-11 12:47:03.049412,
1564,2,Security,Forwarded (Correct),True,"Received from Public Relations, correctly routed for Safety Concern.",2025-08-11 14:56:46.341755,
1564,3,Security,Reviewed,True,Issue verified and resolved after review.,2025-08-14 16:38:46.731293,Resolved
1565,1,Public Relations,Received,,Complaint logged and reviewed for routing.,2025-08-12 13:14:58.523965,
1565,2,Operations,Forwarded (Correct),True,"Received from Public Relations, correctly routed for Service Delay.",2025-08-12 15:59:32.062036,
1565,3,Operations,Reviewed,True,Corrected the error and notified the customer.,2025-08-13 09:34:55.737300,Resolved
1566,1,Public Relations,Received,,Complaint logged and reviewed for routing.,2025-12-21 10:38:04.445782,
1566,2,Administration,Forwarded (Correct),True,"Received from Public Relations, correctly routed for Corruption/Bribery.",2025-12-21 17:16:44.047129,
1566,3,Administration,Reviewed,True,Waiting on additional information from the customer.,2025-12-24 06:07:24.596989,Unresolved
1567,1,Public Relations,Received,,Complaint logged and reviewed for routing.,2025-08-09 12:22:24.184091,
1567,2,Customer Support,Forwarded (Correct),True,"Received from Public Relations, correctly routed for Staff Behavior.",2025-08-09 18:56:29.512071,
1567,3,Customer Support,Reviewed,True,"Still under investigation, pending further review.",2025-08-13 18:09:49.849728,Unresolved
1568,1,Public Relations,Received,,Complaint logged and reviewed for routing.,2025-10-25 17:52:03.932724,
1568,2,Billing,Forwarded (Correct),True,"Received from Public Relations, correctly routed for Billing Issue.",2025-10-25 23:48:33.346574,
1568,3,Billing,Reviewed,True,Waiting on additional information from the customer.,2025-10-26 22:13:24.256788,Unresolved
1569,1,Public Relations,Received,,Complaint logged and reviewed for routing.,2025-12-01 09:44:36.717676,
1569,2,Operations,Forwarded (Correct),True,"Received from Public Relations, correctly routed for Service Delay.",2025-12-01 11:17:46.151662,
1569,3,Operations,Reviewed,True,Confirmed with the customer that the issue is fixed.,2025-12-04 12:52:53.372254,Resolved
1570,1,Public Relations,Received,,Complaint logged and reviewed for routing.,2025-02-12 08:09:08.086638,
1570,2,Maintenance,Forwarded (Correct),True,"Received from Public Relations, correctly routed for Infrastructure.",2025-02-12 13:06:21.878684,
1570,3,Maintenance,Reviewed,True,Requires field visit before it can be closed.,2025-02-13 10:01:39.039737,Unresolved
1571,1,Public Relations,Received,,Complaint logged and reviewed for routing.,2025-08-13 08:35:17.553910,
1571,2,Billing,Forwarded (Correct),True,"Received from Public Relations, correctly routed for Billing Issue.",2025-08-13 11:51:19.036638,
1571,3,Billing,Reviewed,True,Resolved following standard procedure.,2025-08-13 21:54:53.374790,Resolved
1572,1,Public Relations,Received,,Complaint logged and reviewed for routing.,2025-10-28 13:37:36.600766,
1572,2,Operations,Forwarded (Incorrect),False,"Not within our scope, sending to the relevant department.",2025-10-28 16:16:15.052026,
1572,3,Maintenance,Forwarded (Re-routed),True,Re-routed from Operations; now correctly assigned for Infrastructure.,2025-10-29 04:35:42.346779,
1572,4,Maintenance,Reviewed,True,Completed the requested action successfully.,2025-10-30 01:09:22.747264,Resolved
1573,1,Public Relations,Received,,Complaint logged and reviewed for routing.,2025-09-21 17:17:34.288255,
1573,2,Customer Support,Forwarded (Correct),True,"Received from Public Relations, correctly routed for Staff Behavior.",2025-09-21 21:28:48.108561,
1573,3,Customer Support,Reviewed,True,Resolved following standard procedure.,2025-09-22 05:45:26.689032,Resolved
1574,1,Public Relations,Received,,Complaint logged and reviewed for routing.,2025-08-06 16:02:02.604885,
1574,2,Billing,Forwarded (Correct),True,"Received from Public Relations, correctly routed for Billing Issue.",2025-08-06 21:09:45.249378,
1574,3,Billing,Reviewed,True,Issue verified and resolved after review.,2025-08-08 10:56:29.310803,Resolved
1575,1,Public Relations,Received,,Complaint logged and reviewed for routing.,2025-05-28 18:28:41.520976,
1575,2,Billing,Forwarded (Correct),True,"Received from Public Relations, correctly routed for Billing Issue.",2025-05-29 02:11:57.390146,
1575,3,Billing,Reviewed,True,Requires field visit before it can be closed.,2025-05-29 06:53:26.755072,Unresolved
1576,1,Public Relations,Received,,Complaint logged and reviewed for routing.,2025-11-06 16:12:34.834924,
1576,2,Operations,Forwarded (Correct),True,"Received from Public Relations, correctly routed for Service Delay.",2025-11-06 19:02:35.239785,
1576,3,Operations,Reviewed,True,Issue verified and resolved after review.,2025-11-07 05:55:59.021696,Resolved
1577,1,Public Relations,Received,,Complaint logged and reviewed for routing.,2025-06-22 13:11:34.278888,
1577,2,Customer Support,Forwarded (Correct),True,"Received from Public Relations, correctly routed for Staff Behavior.",2025-06-22 17:00:32.814421,
1577,3,Customer Support,Reviewed,True,Escalated to senior staff for further action.,2025-06-23 22:19:28.963641,Unresolved
1578,1,Public Relations,Received,,Complaint logged and reviewed for routing.,2025-02-15 06:01:46.737208,
1578,2,Billing,Forwarded (Correct),True,"Received from Public Relations, correctly routed for Billing Issue.",2025-02-15 08:09:27.803482,
1578,3,Billing,Reviewed,True,On hold due to resource availability.,2025-02-18 00:50:08.036618,Unresolved
1579,1,Public Relations,Received,,Complaint logged and reviewed for routing.,2025-05-18 09:06:13.718832,
1579,2,Operations,Forwarded (Correct),True,"Received from Public Relations, correctly routed for Service Delay.",2025-05-18 16:44:20.064654,
1579,3,Operations,Reviewed,True,"Still under investigation, pending further review.",2025-05-21 05:02:55.237433,Unresolved
1580,1,Public Relations,Received,,Complaint logged and reviewed for routing.,2025-02-03 17:48:58.129625,
1580,2,Customer Support,Forwarded (Correct),True,"Received from Public Relations, correctly routed for Staff Behavior.",2025-02-04 01:28:33.468615,
1580,3,Customer Support,Reviewed,True,Confirmed with the customer that the issue is fixed.,2025-02-04 13:38:48.771468,Resolved
1581,1,Public Relations,Received,,Complaint logged and reviewed for routing.,2025-04-12 02:04:51.242048,
1581,2,Security,Forwarded (Correct),True,"Received from Public Relations, correctly routed for Safety Concern.",2025-04-12 06:00:55.685075,
1581,3,Security,Reviewed,True,Waiting on additional information from the customer.,2025-04-14 06:34:05.854750,Unresolved
1582,1,Public Relations,Received,,Complaint logged and reviewed for routing.,2025-09-24 12:19:54.973976,
1582,2,Operations,Forwarded (Correct),True,"Received from Public Relations, correctly routed for Service Delay.",2025-09-24 17:39:29.976733,
1582,3,Operations,Reviewed,True,Escalated to senior staff for further action.,2025-09-28 03:33:58.236260,Unresolved
1583,1,Public Relations,Received,,Complaint logged and reviewed for routing.,2025-07-14 13:41:42.653925,
1583,2,Security,Forwarded (Incorrect),False,"This complaint does not belong to our department, forwarding to the correct team.",2025-07-14 18:57:52.503858,
1583,3,Billing,Forwarded (Re-routed),True,Re-routed from Security; now correctly assigned for Billing Issue.,2025-07-15 12:59:39.249021,
1583,4,Billing,Reviewed,True,Issue verified and resolved after review.,2025-07-17 02:06:37.328424,Resolved
1584,1,Public Relations,Received,,Complaint logged and reviewed for routing.,2025-04-15 10:36:16.050154,
1584,2,Billing,Forwarded (Correct),True,"Received from Public Relations, correctly routed for Billing Issue.",2025-04-15 17:55:53.025752,
1584,3,Billing,Reviewed,True,Waiting on additional information from the customer.,2025-04-16 02:45:18.395338,Unresolved
1585,1,Public Relations,Received,,Complaint logged and reviewed for routing.,2025-06-21 11:00:02.065448,
1585,2,Operations,Forwarded (Correct),True,"Received from Public Relations, correctly routed for Service Delay.",2025-06-21 16:07:49.487934,
1585,3,Operations,Reviewed,True,Issue verified and resolved after review.,2025-06-24 06:19:06.375154,Resolved
1586,1,Public Relations,Received,,Complaint logged and reviewed for routing.,2025-04-23 02:20:00.225622,
1586,2,Billing,Forwarded (Correct),True,"Received from Public Relations, correctly routed for Billing Issue.",2025-04-23 10:07:05.881695,
1586,3,Billing,Reviewed,True,Escalated to senior staff for further action.,2025-04-24 10:28:40.566678,Unresolved
1587,1,Public Relations,Received,,Complaint logged and reviewed for routing.,2025-07-24 17:16:52.754848,
1587,2,Billing,Forwarded (Correct),True,"Received from Public Relations, correctly routed for Billing Issue.",2025-07-24 23:51:13.194074,
1587,3,Billing,Reviewed,True,Waiting on additional information from the customer.,2025-07-27 01:39:58.759262,Unresolved
1588,1,Public Relations,Received,,Complaint logged and reviewed for routing.,2025-04-04 22:58:42.579986,
1588,2,Operations,Forwarded (Correct),True,"Received from Public Relations, correctly routed for Service Delay.",2025-04-05 00:08:18.472884,
1588,3,Operations,Reviewed,True,Resolved following standard procedure.,2025-04-06 20:26:42.741625,Resolved
1589,1,Public Relations,Received,,Complaint logged and reviewed for routing.,2025-06-13 16:35:58.535662,
1589,2,Customer Support,Forwarded (Correct),True,"Received from Public Relations, correctly routed for Staff Behavior.",2025-06-13 22:56:40.716149,
1589,3,Customer Support,Reviewed,True,Resolved following standard procedure.,2025-06-15 05:06:46.385273,Resolved
1590,1,Public Relations,Received,,Complaint logged and reviewed for routing.,2025-03-16 19:11:50.056596,
1590,2,Maintenance,Forwarded (Correct),True,"Received from Public Relations, correctly routed for Infrastructure.",2025-03-17 01:08:18.101922,
1590,3,Maintenance,Reviewed,True,On hold due to resource availability.,2025-03-20 00:43:59.093325,Unresolved
1591,1,Public Relations,Received,,Complaint logged and reviewed for routing.,2025-03-18 13:03:32.010296,
1591,2,Customer Support,Forwarded (Correct),True,"Received from Public Relations, correctly routed for Appreciation.",2025-03-18 17:39:25.466622,
1591,3,Customer Support,Reviewed,True,Completed the requested action successfully.,2025-03-20 20:05:21.872076,Resolved
1592,1,Public Relations,Received,,Complaint logged and reviewed for routing.,2025-09-16 16:00:23.523267,
1592,2,Operations,Forwarded (Incorrect),False,"Not within our scope, sending to the relevant department.",2025-09-16 17:36:59.275609,
1592,3,Maintenance,Forwarded (Re-routed),True,Re-routed from Operations; now correctly assigned for Infrastructure.,2025-09-17 13:27:25.666871,
1592,4,Maintenance,Reviewed,True,Requires field visit before it can be closed.,2025-09-20 01:08:03.447261,Unresolved
1593,1,Public Relations,Received,,Complaint logged and reviewed for routing.,2025-05-08 18:19:01.939123,
1593,2,Customer Support,Forwarded (Correct),True,"Received from Public Relations, correctly routed for Staff Behavior.",2025-05-08 22:21:20.331364,
1593,3,Customer Support,Reviewed,True,Issue verified and resolved after review.,2025-05-09 16:57:41.523099,Resolved
1594,1,Public Relations,Received,,Complaint logged and reviewed for routing.,2025-12-13 09:55:36.899938,
1594,2,Security,Forwarded (Incorrect),False,"This complaint does not belong to our department, forwarding to the correct team.",2025-12-13 17:27:31.500287,
1594,3,Customer Support,Forwarded (Re-routed),True,Re-routed from Security; now correctly assigned for Staff Behavior.,2025-12-14 12:13:16.159955,
1594,4,Customer Support,Reviewed,True,Requires field visit before it can be closed.,2025-12-15 05:28:19.514714,Unresolved
1595,1,Public Relations,Received,,Complaint logged and reviewed for routing.,2025-12-07 12:14:44.198023,
1595,2,Administration,Forwarded (Correct),True,"Received from Public Relations, correctly routed for Corruption/Bribery.",2025-12-07 14:27:58.806197,
1595,3,Administration,Reviewed,True,Corrected the error and notified the customer.,2025-12-08 23:53:04.260151,Resolved
1596,1,Public Relations,Received,,Complaint logged and reviewed for routing.,2025-12-10 16:06:32.339388,
1596,2,Security,Forwarded (Correct),True,"Received from Public Relations, correctly routed for Safety Concern.",2025-12-10 20:02:09.395205,
1596,3,Security,Reviewed,True,Resolved following standard procedure.,2025-12-14 04:50:32.688709,Resolved
1597,1,Public Relations,Received,,Complaint logged and reviewed for routing.,2025-01-05 07:24:43.102896,
1597,2,Administration,Forwarded (Incorrect),False,"Incorrectly routed here, reassigning to the appropriate department.",2025-01-05 08:39:11.604424,
1597,3,Operations,Forwarded (Re-routed),True,Re-routed from Administration; now correctly assigned for Service Delay.,2025-01-06 04:24:30.292333,
1597,4,Operations,Reviewed,True,Corrected the error and notified the customer.,2025-01-09 13:30:07.071235,Resolved
1599,1,Public Relations,Received,,Complaint logged and reviewed for routing.,2025-05-16 17:55:37.247076,
1599,2,Billing,Forwarded (Correct),True,"Received from Public Relations, correctly routed for Billing Issue.",2025-05-16 20:32:17.401839,
1599,3,Billing,Reviewed,True,Issue verified and resolved after review.,2025-05-19 07:41:10.019662,Resolved
1600,1,Public Relations,Received,,Complaint logged and reviewed for routing.,2025-08-25 15:13:52.177736,
1600,2,Maintenance,Forwarded (Correct),True,"Received from Public Relations, correctly routed for Infrastructure.",2025-08-25 19:53:08.448140,
1600,3,Maintenance,Reviewed,True,Requires field visit before it can be closed.,2025-08-27 16:57:06.479625,Unresolved
1601,1,Public Relations,Received,,Complaint logged and reviewed for routing.,2025-11-27 20:57:35.637327,
1601,2,Operations,Forwarded (Correct),True,"Received from Public Relations, correctly routed for Service Delay.",2025-11-28 03:13:34.963316,
1601,3,Operations,Reviewed,True,Resolved following standard procedure.,2025-12-01 20:22:07.678814,Resolved
1602,1,Public Relations,Received,,Complaint logged and reviewed for routing.,2025-07-24 15:57:46.852833,
1602,2,Administration,Forwarded (Incorrect),False,"This complaint does not belong to our department, forwarding to the correct team.",2025-07-24 23:03:30.685797,
1602,3,Customer Support,Forwarded (Re-routed),True,Re-routed from Administration; now correctly assigned for Staff Behavior.,2025-07-25 04:21:22.113912,
1602,4,Customer Support,Reviewed,True,Waiting on additional information from the customer.,2025-07-28 02:46:04.546091,Unresolved
1603,1,Public Relations,Received,,Complaint logged and reviewed for routing.,2025-06-17 18:33:25.370301,
1603,2,Security,Forwarded (Correct),True,"Received from Public Relations, correctly routed for Safety Concern.",2025-06-17 23:08:24.981019,
1603,3,Security,Reviewed,True,On hold due to resource availability.,2025-06-21 05:43:05.681831,Unresolved
1604,1,Public Relations,Received,,Complaint logged and reviewed for routing.,2025-03-07 09:54:30.088499,
1604,2,Customer Support,Forwarded (Correct),True,"Received from Public Relations, correctly routed for Appreciation.",2025-03-07 14:45:43.530225,
1604,3,Customer Support,Reviewed,True,Escalated to senior staff for further action.,2025-03-10 01:47:25.613957,Unresolved
1605,1,Public Relations,Received,,Complaint logged and reviewed for routing.,2025-06-10 15:10:10.195179,
1605,2,Operations,Forwarded (Correct),True,"Received from Public Relations, correctly routed for Service Delay.",2025-06-10 18:09:04.226627,
1605,3,Operations,Reviewed,True,Corrected the error and notified the customer.,2025-06-13 16:31:09.910731,Resolved
1606,1,Public Relations,Received,,Complaint logged and reviewed for routing.,2025-03-13 15:10:06.757924,
1606,2,Operations,Forwarded (Correct),True,"Received from Public Relations, correctly routed for Service Delay.",2025-03-13 20:49:36.311867,
1606,3,Operations,Reviewed,True,Issue verified and resolved after review.,2025-03-16 13:49:39.633070,Resolved
1607,1,Public Relations,Received,,Complaint logged and reviewed for routing.,2025-08-13 18:25:10.471559,
1607,2,Operations,Forwarded (Correct),True,"Received from Public Relations, correctly routed for Service Delay.",2025-08-14 01:41:49.685504,
1607,3,Operations,Reviewed,True,Resolved following standard procedure.,2025-08-16 14:53:56.385920,Resolved
1608,1,Public Relations,Received,,Complaint logged and reviewed for routing.,2025-08-01 16:14:26.202924,
1608,2,Maintenance,Forwarded (Correct),True,"Received from Public Relations, correctly routed for Infrastructure.",2025-08-01 18:36:10.912563,
1608,3,Maintenance,Reviewed,True,Resolved following standard procedure.,2025-08-04 17:26:15.531899,Resolved
1609,1,Public Relations,Received,,Complaint logged and reviewed for routing.,2025-06-24 19:48:13.157949,
1609,2,Security,Forwarded (Correct),True,"Received from Public Relations, correctly routed for Safety Concern.",2025-06-25 00:31:09.565668,
1609,3,Security,Reviewed,True,Waiting on additional information from the customer.,2025-06-25 23:24:38.261156,Unresolved
1610,1,Public Relations,Received,,Complaint logged and reviewed for routing.,2025-09-28 17:24:16.570932,
1610,2,Customer Support,Forwarded (Correct),True,"Received from Public Relations, correctly routed for Staff Behavior.",2025-09-28 23:25:20.215192,
1610,3,Customer Support,Reviewed,True,Corrected the error and notified the customer.,2025-09-30 20:31:10.374237,Resolved
1611,1,Public Relations,Received,,Complaint logged and reviewed for routing.,2025-11-03 16:24:36.105537,
1611,2,Customer Support,Forwarded (Correct),True,"Received from Public Relations, correctly routed for Appreciation.",2025-11-03 20:47:54.565608,
1611,3,Customer Support,Reviewed,True,On hold due to resource availability.,2025-11-04 07:01:22.855432,Unresolved
1612,1,Public Relations,Received,,Complaint logged and reviewed for routing.,2025-09-15 18:21:08.437668,
1612,2,Billing,Forwarded (Correct),True,"Received from Public Relations, correctly routed for Billing Issue.",2025-09-15 23:40:13.451946,
1612,3,Billing,Reviewed,True,"Still under investigation, pending further review.",2025-09-18 02:16:42.985186,Unresolved
1613,1,Public Relations,Received,,Complaint logged and reviewed for routing.,2025-06-20 12:36:58.947933,
1613,2,Customer Support,Forwarded (Incorrect),False,"Incorrectly routed here, reassigning to the appropriate department.",2025-06-20 16:12:45.049532,
1613,3,Administration,Forwarded (Re-routed),True,Re-routed from Customer Support; now correctly assigned for Corruption/Bribery.,2025-06-21 06:51:59.094970,
1613,4,Administration,Reviewed,True,Completed the requested action successfully.,2025-06-22 21:21:50.600986,Resolved
1614,1,Public Relations,Received,,Complaint logged and reviewed for routing.,2025-07-06 12:04:48.353786,
1614,2,Security,Forwarded (Correct),True,"Received from Public Relations, correctly routed for Safety Concern.",2025-07-06 19:28:50.927806,
1614,3,Security,Reviewed,True,Corrected the error and notified the customer.,2025-07-08 19:03:33.005950,Resolved
1615,1,Public Relations,Received,,Complaint logged and reviewed for routing.,2025-08-12 11:13:28.649890,
1615,2,Administration,Forwarded (Incorrect),False,"This complaint does not belong to our department, forwarding to the correct team.",2025-08-12 15:19:53.312004,
1615,3,Operations,Forwarded (Re-routed),True,Re-routed from Administration; now correctly assigned for Service Delay.,2025-08-13 11:26:09.317673,
1615,4,Operations,Reviewed,True,Escalated to senior staff for further action.,2025-08-15 01:30:04.258089,Unresolved
1616,1,Public Relations,Received,,Complaint logged and reviewed for routing.,2025-02-24 23:59:16.075713,
1616,2,Billing,Forwarded (Correct),True,"Received from Public Relations, correctly routed for Billing Issue.",2025-02-25 06:36:52.491994,
1616,3,Billing,Reviewed,True,Confirmed with the customer that the issue is fixed.,2025-02-25 22:47:08.422053,Resolved
1617,1,Public Relations,Received,,Complaint logged and reviewed for routing.,2025-08-08 17:04:47.219857,
1617,2,Operations,Forwarded (Correct),True,"Received from Public Relations, correctly routed for Service Delay.",2025-08-09 00:10:26.041943,
1617,3,Operations,Reviewed,True,Completed the requested action successfully.,2025-08-12 18:09:17.936090,Resolved
1618,1,Public Relations,Received,,Complaint logged and reviewed for routing.,2025-02-12 13:20:57.097921,
1618,2,Security,Forwarded (Incorrect),False,"This complaint does not belong to our department, forwarding to the correct team.",2025-02-12 15:03:56.141676,
1618,3,Customer Support,Forwarded (Re-routed),True,Re-routed from Security; now correctly assigned for Staff Behavior.,2025-02-13 04:54:01.584982,
1618,4,Customer Support,Reviewed,True,"Still under investigation, pending further review.",2025-02-15 08:35:28.122956,Unresolved
1619,1,Public Relations,Received,,Complaint logged and reviewed for routing.,2025-05-21 21:22:07.375904,
1619,2,Operations,Forwarded (Correct),True,"Received from Public Relations, correctly routed for Service Delay.",2025-05-22 04:40:36.276764,
1619,3,Operations,Reviewed,True,Waiting on additional information from the customer.,2025-05-23 05:15:21.172222,Unresolved
1620,1,Public Relations,Received,,Complaint logged and reviewed for routing.,2025-09-24 14:21:53.002865,
1620,2,Security,Forwarded (Incorrect),False,"Not within our scope, sending to the relevant department.",2025-09-24 20:38:50.801748,
1620,3,Customer Support,Forwarded (Re-routed),True,Re-routed from Security; now correctly assigned for Appreciation.,2025-09-25 01:14:56.348784,
1620,4,Customer Support,Reviewed,True,"Still under investigation, pending further review.",2025-09-25 09:48:08.128371,Unresolved
1621,1,Public Relations,Received,,Complaint logged and reviewed for routing.,2025-04-10 12:54:43.303555,
1621,2,Security,Forwarded (Correct),True,"Received from Public Relations, correctly routed for Safety Concern.",2025-04-10 14:40:55.146390,
1621,3,Security,Reviewed,True,Issue verified and resolved after review.,2025-04-11 10:47:15.783949,Resolved
1622,1,Public Relations,Received,,Complaint logged and reviewed for routing.,2025-06-16 16:56:44.841110,
1622,2,Maintenance,Forwarded (Correct),True,"Received from Public Relations, correctly routed for Infrastructure.",2025-06-16 21:09:47.556931,
1622,3,Maintenance,Reviewed,True,Issue verified and resolved after review.,2025-06-18 12:47:41.715624,Resolved
1623,1,Public Relations,Received,,Complaint logged and reviewed for routing.,2025-08-06 13:35:01.193583,
1623,2,Security,Forwarded (Incorrect),False,"Not within our scope, sending to the relevant department.",2025-08-06 17:40:25.388621,
1623,3,Operations,Forwarded (Re-routed),True,Re-routed from Security; now correctly assigned for Service Delay.,2025-08-07 01:51:43.909051,
1623,4,Operations,Reviewed,True,Waiting on additional information from the customer.,2025-08-08 21:44:32.374789,Unresolved
1624,1,Public Relations,Received,,Complaint logged and reviewed for routing.,2025-08-09 05:18:39.558609,
1624,2,Billing,Forwarded (Correct),True,"Received from Public Relations, correctly routed for Billing Issue.",2025-08-09 12:01:51.019110,
1624,3,Billing,Reviewed,True,Resolved following standard procedure.,2025-08-12 20:10:18.321255,Resolved
1625,1,Public Relations,Received,,Complaint logged and reviewed for routing.,2025-01-11 15:43:03.382663,
1625,2,Maintenance,Forwarded (Incorrect),False,"Not within our scope, sending to the relevant department.",2025-01-11 19:46:50.951052,
1625,3,Billing,Forwarded (Re-routed),True,Re-routed from Maintenance; now correctly assigned for Billing Issue.,2025-01-12 18:35:46.701701,
1625,4,Billing,Reviewed,True,Waiting on additional information from the customer.,2025-01-13 17:39:42.264587,Unresolved
1626,1,Public Relations,Received,,Complaint logged and reviewed for routing.,2025-05-13 16:58:46.782621,
1626,2,Billing,Forwarded (Incorrect),False,"Incorrectly routed here, reassigning to the appropriate department.",2025-05-13 20:52:52.852355,
1626,3,Maintenance,Forwarded (Re-routed),True,Re-routed from Billing; now correctly assigned for Infrastructure.,2025-05-14 19:15:40.899691,
1626,4,Maintenance,Reviewed,True,Issue verified and resolved after review.,2025-05-16 04:35:40.565419,Resolved
1627,1,Public Relations,Received,,Complaint logged and reviewed for routing.,2025-03-28 14:55:05.764541,
1627,2,Administration,Forwarded (Incorrect),False,"This complaint does not belong to our department, forwarding to the correct team.",2025-03-28 17:28:38.663181,
1627,3,Operations,Forwarded (Re-routed),True,Re-routed from Administration; now correctly assigned for Service Delay.,2025-03-29 00:24:38.816376,
1627,4,Operations,Reviewed,True,Completed the requested action successfully.,2025-03-30 10:28:25.993570,Resolved
1628,1,Public Relations,Received,,Complaint logged and reviewed for routing.,2025-06-22 18:52:02.184551,
1628,2,Maintenance,Forwarded (Correct),True,"Received from Public Relations, correctly routed for Infrastructure.",2025-06-23 01:06:46.809580,
1628,3,Maintenance,Reviewed,True,Corrected the error and notified the customer.,2025-06-24 20:06:27.683171,Resolved
1629,1,Public Relations,Received,,Complaint logged and reviewed for routing.,2025-02-24 11:09:12.876136,
1629,2,Customer Support,Forwarded (Correct),True,"Received from Public Relations, correctly routed for Staff Behavior.",2025-02-24 18:35:54.333144,
1629,3,Customer Support,Reviewed,True,Corrected the error and notified the customer.,2025-02-25 07:13:03.926737,Resolved
1630,1,Public Relations,Received,,Complaint logged and reviewed for routing.,2025-01-20 13:03:11.367870,
1630,2,Customer Support,Forwarded (Correct),True,"Received from Public Relations, correctly routed for Staff Behavior.",2025-01-20 15:53:26.651650,
1630,3,Customer Support,Reviewed,True,Waiting on additional information from the customer.,2025-01-22 06:05:59.209050,Unresolved
1631,1,Public Relations,Received,,Complaint logged and reviewed for routing.,2025-09-10 08:51:29.871382,
1631,2,Operations,Forwarded (Correct),True,"Received from Public Relations, correctly routed for Service Delay.",2025-09-10 14:03:16.301204,
1631,3,Operations,Reviewed,True,Issue verified and resolved after review.,2025-09-14 00:47:18.571407,Resolved
1632,1,Public Relations,Received,,Complaint logged and reviewed for routing.,2025-06-28 17:49:49.564614,
1632,2,Customer Support,Forwarded (Correct),True,"Received from Public Relations, correctly routed for Appreciation.",2025-06-28 23:44:37.446805,
1632,3,Customer Support,Reviewed,True,Requires field visit before it can be closed.,2025-07-02 06:36:34.230352,Unresolved
1633,1,Public Relations,Received,,Complaint logged and reviewed for routing.,2025-11-25 09:43:28.225682,
1633,2,Security,Forwarded (Incorrect),False,"Incorrectly routed here, reassigning to the appropriate department.",2025-11-25 12:44:44.000541,
1633,3,Maintenance,Forwarded (Re-routed),True,Re-routed from Security; now correctly assigned for Infrastructure.,2025-11-25 19:22:45.758279,
1633,4,Maintenance,Reviewed,True,Issue verified and resolved after review.,2025-11-29 12:38:45.046091,Resolved
1634,1,Public Relations,Received,,Complaint logged and reviewed for routing.,2025-06-20 17:59:18.016724,
1634,2,Operations,Forwarded (Correct),True,"Received from Public Relations, correctly routed for Service Delay.",2025-06-20 23:40:51.057795,
1634,3,Operations,Reviewed,True,"Still under investigation, pending further review.",2025-06-23 00:03:09.450599,Unresolved
1635,1,Public Relations,Received,,Complaint logged and reviewed for routing.,2025-07-18 17:07:14.848613,
1635,2,Customer Support,Forwarded (Incorrect),False,"Incorrectly routed here, reassigning to the appropriate department.",2025-07-18 20:25:02.486095,
1635,3,Maintenance,Forwarded (Re-routed),True,Re-routed from Customer Support; now correctly assigned for Infrastructure.,2025-07-19 17:19:58.025052,
1635,4,Maintenance,Reviewed,True,Requires field visit before it can be closed.,2025-07-23 09:13:09.332205,Unresolved
1636,1,Public Relations,Received,,Complaint logged and reviewed for routing.,2025-03-28 17:52:56.950879,
1636,2,Billing,Forwarded (Incorrect),False,"Not within our scope, sending to the relevant department.",2025-03-28 21:09:55.867386,
1636,3,Operations,Forwarded (Re-routed),True,Re-routed from Billing; now correctly assigned for Service Delay.,2025-03-29 07:11:24.518270,
1636,4,Operations,Reviewed,True,Corrected the error and notified the customer.,2025-03-31 02:31:21.288211,Resolved
1637,1,Public Relations,Received,,Complaint logged and reviewed for routing.,2025-08-04 10:59:21.710608,
1637,2,Security,Forwarded (Correct),True,"Received from Public Relations, correctly routed for Safety Concern.",2025-08-04 16:32:51.681407,
1637,3,Security,Reviewed,True,Confirmed with the customer that the issue is fixed.,2025-08-05 19:55:03.778848,Resolved
1638,1,Public Relations,Received,,Complaint logged and reviewed for routing.,2025-08-05 18:38:10.152508,
1638,2,Operations,Forwarded (Correct),True,"Received from Public Relations, correctly routed for Service Delay.",2025-08-05 21:18:00.610096,
1638,3,Operations,Reviewed,True,Confirmed with the customer that the issue is fixed.,2025-08-09 03:54:11.973281,Resolved
1639,1,Public Relations,Received,,Complaint logged and reviewed for routing.,2025-08-06 20:20:52.909248,
1639,2,Billing,Forwarded (Incorrect),False,"This complaint does not belong to our department, forwarding to the correct team.",2025-08-06 23:45:23.933825,
1639,3,Customer Support,Forwarded (Re-routed),True,Re-routed from Billing; now correctly assigned for Appreciation.,2025-08-07 22:50:15.952985,
1639,4,Customer Support,Reviewed,True,Confirmed with the customer that the issue is fixed.,2025-08-10 01:36:26.621024,Resolved
1640,1,Public Relations,Received,,Complaint logged and reviewed for routing.,2025-11-21 11:15:14.069886,
1640,2,Billing,Forwarded (Correct),True,"Received from Public Relations, correctly routed for Billing Issue.",2025-11-21 12:30:52.135813,
1640,3,Billing,Reviewed,True,Completed the requested action successfully.,2025-11-22 23:11:36.361513,Resolved
1641,1,Public Relations,Received,,Complaint logged and reviewed for routing.,2025-03-23 12:41:28.865257,
1641,2,Customer Support,Forwarded (Correct),True,"Received from Public Relations, correctly routed for Staff Behavior.",2025-03-23 18:43:28.843958,
1641,3,Customer Support,Reviewed,True,Requires field visit before it can be closed.,2025-03-27 12:10:03.501881,Unresolved
1642,1,Public Relations,Received,,Complaint logged and reviewed for routing.,2025-07-15 11:24:30.148839,
1642,2,Administration,Forwarded (Correct),True,"Received from Public Relations, correctly routed for Corruption/Bribery.",2025-07-15 17:56:22.302107,
1642,3,Administration,Reviewed,True,Completed the requested action successfully.,2025-07-17 23:03:14.885288,Resolved
1643,1,Public Relations,Received,,Complaint logged and reviewed for routing.,2025-07-04 17:44:33.954899,
1643,2,Security,Forwarded (Correct),True,"Received from Public Relations, correctly routed for Safety Concern.",2025-07-05 00:01:45.706455,
1643,3,Security,Reviewed,True,Completed the requested action successfully.,2025-07-07 03:37:40.715764,Resolved
1644,1,Public Relations,Received,,Complaint logged and reviewed for routing.,2025-01-02 13:03:33.818277,
1644,2,Operations,Forwarded (Correct),True,"Received from Public Relations, correctly routed for Service Delay.",2025-01-02 20:47:49.225067,
1644,3,Operations,Reviewed,True,Issue verified and resolved after review.,2025-01-03 08:45:55.906256,Resolved
1645,1,Public Relations,Received,,Complaint logged and reviewed for routing.,2025-09-09 16:25:22.232449,
1645,2,Billing,Forwarded (Incorrect),False,"This complaint does not belong to our department, forwarding to the correct team.",2025-09-09 20:19:06.211385,
1645,3,Administration,Forwarded (Re-routed),True,Re-routed from Billing; now correctly assigned for Corruption/Bribery.,2025-09-10 06:25:04.407208,
1645,4,Administration,Reviewed,True,Corrected the error and notified the customer.,2025-09-12 13:40:02.666962,Resolved
1646,1,Public Relations,Received,,Complaint logged and reviewed for routing.,2025-07-24 11:17:33.285481,
1646,2,Billing,Forwarded (Incorrect),False,"Not within our scope, sending to the relevant department.",2025-07-24 17:02:23.490119,
1646,3,Maintenance,Forwarded (Re-routed),True,Re-routed from Billing; now correctly assigned for Infrastructure.,2025-07-24 21:14:06.914521,
1646,4,Maintenance,Reviewed,True,Waiting on additional information from the customer.,2025-07-28 08:58:46.071318,Unresolved
1647,1,Public Relations,Received,,Complaint logged and reviewed for routing.,2025-08-15 06:54:48.166135,
1647,2,Operations,Forwarded (Correct),True,"Received from Public Relations, correctly routed for Service Delay.",2025-08-15 08:31:41.273170,
1647,3,Operations,Reviewed,True,Completed the requested action successfully.,2025-08-18 15:04:55.294426,Resolved
1648,1,Public Relations,Received,,Complaint logged and reviewed for routing.,2025-09-04 15:17:19.775446,
1648,2,Security,Forwarded (Correct),True,"Received from Public Relations, correctly routed for Safety Concern.",2025-09-04 18:11:32.132209,
1648,3,Security,Reviewed,True,"Still under investigation, pending further review.",2025-09-06 03:26:35.874226,Unresolved
1649,1,Public Relations,Received,,Complaint logged and reviewed for routing.,2025-10-07 15:47:43.191333,
1649,2,Billing,Forwarded (Correct),True,"Received from Public Relations, correctly routed for Billing Issue.",2025-10-07 21:35:44.207948,
1649,3,Billing,Reviewed,True,Requires field visit before it can be closed.,2025-10-08 18:03:54.586779,Unresolved
1650,1,Public Relations,Received,,Complaint logged and reviewed for routing.,2025-09-25 16:01:23.749655,
1650,2,Customer Support,Forwarded (Correct),True,"Received from Public Relations, correctly routed for Staff Behavior.",2025-09-25 20:51:35.594980,
1650,3,Customer Support,Reviewed,True,Escalated to senior staff for further action.,2025-09-28 23:51:18.283069,Unresolved
1651,1,Public Relations,Received,,Complaint logged and reviewed for routing.,2025-07-20 10:51:46.822646,
1651,2,Security,Forwarded (Correct),True,"Received from Public Relations, correctly routed for Safety Concern.",2025-07-20 18:14:43.437829,
1651,3,Security,Reviewed,True,Confirmed with the customer that the issue is fixed.,2025-07-23 06:25:07.773647,Resolved
1652,1,Public Relations,Received,,Complaint logged and reviewed for routing.,2025-07-23 12:44:34.142691,
1652,2,Billing,Forwarded (Correct),True,"Received from Public Relations, correctly routed for Billing Issue.",2025-07-23 15:32:18.829532,
1652,3,Billing,Reviewed,True,Waiting on additional information from the customer.,2025-07-25 02:30:14.956909,Unresolved
1653,1,Public Relations,Received,,Complaint logged and reviewed for routing.,2025-08-05 17:49:53.430139,
1653,2,Customer Support,Forwarded (Correct),True,"Received from Public Relations, correctly routed for Staff Behavior.",2025-08-05 21:14:17.852657,
1653,3,Customer Support,Reviewed,True,Resolved following standard procedure.,2025-08-07 21:43:36.008625,Resolved
1654,1,Public Relations,Received,,Complaint logged and reviewed for routing.,2025-08-01 11:50:54.281060,
1654,2,Administration,Forwarded (Correct),True,"Received from Public Relations, correctly routed for Corruption/Bribery.",2025-08-01 16:10:01.370926,
1654,3,Administration,Reviewed,True,Requires field visit before it can be closed.,2025-08-03 09:26:18.658526,Unresolved
1655,1,Public Relations,Received,,Complaint logged and reviewed for routing.,2025-09-17 11:54:18.027052,
1655,2,Operations,Forwarded (Correct),True,"Received from Public Relations, correctly routed for Service Delay.",2025-09-17 17:52:05.065141,
1655,3,Operations,Reviewed,True,Issue verified and resolved after review.,2025-09-18 18:31:14.370696,Resolved
1656,1,Public Relations,Received,,Complaint logged and reviewed for routing.,2025-10-11 22:58:43.061678,
1656,2,Maintenance,Forwarded (Correct),True,"Received from Public Relations, correctly routed for Infrastructure.",2025-10-12 01:34:35.040380,
1656,3,Maintenance,Reviewed,True,Completed the requested action successfully.,2025-10-14 07:06:05.921351,Resolved
1657,1,Public Relations,Received,,Complaint logged and reviewed for routing.,2025-07-16 10:06:24.860356,
1657,2,Customer Support,Forwarded (Incorrect),False,"Incorrectly routed here, reassigning to the appropriate department.",2025-07-16 15:43:35.684209,
1657,3,Maintenance,Forwarded (Re-routed),True,Re-routed from Customer Support; now correctly assigned for Infrastructure.,2025-07-17 01:48:42.565042,
1657,4,Maintenance,Reviewed,True,Confirmed with the customer that the issue is fixed.,2025-07-18 08:56:01.634574,Resolved
1658,1,Public Relations,Received,,Complaint logged and reviewed for routing.,2025-04-05 22:38:18.475021,
1658,2,Operations,Forwarded (Correct),True,"Received from Public Relations, correctly routed for Service Delay.",2025-04-06 05:05:02.569930,
1658,3,Operations,Reviewed,True,Resolved following standard procedure.,2025-04-06 21:26:48.079724,Resolved
1659,1,Public Relations,Received,,Complaint logged and reviewed for routing.,2025-07-19 17:18:13.880303,
1659,2,Maintenance,Forwarded (Correct),True,"Received from Public Relations, correctly routed for Infrastructure.",2025-07-19 18:24:12.330290,
1659,3,Maintenance,Reviewed,True,Resolved following standard procedure.,2025-07-23 17:44:09.603065,Resolved
1660,1,Public Relations,Received,,Complaint logged and reviewed for routing.,2025-04-22 15:32:01.813032,
1660,2,Administration,Forwarded (Correct),True,"Received from Public Relations, correctly routed for Corruption/Bribery.",2025-04-22 19:25:54.582887,
1660,3,Administration,Reviewed,True,Issue verified and resolved after review.,2025-04-24 16:11:38.338086,Resolved
1661,1,Public Relations,Received,,Complaint logged and reviewed for routing.,2025-07-18 12:34:49.579316,
1661,2,Customer Support,Forwarded (Correct),True,"Received from Public Relations, correctly routed for Staff Behavior.",2025-07-18 19:30:27.966524,
1661,3,Customer Support,Reviewed,True,Confirmed with the customer that the issue is fixed.,2025-07-22 18:56:21.519644,Resolved
1662,1,Public Relations,Received,,Complaint logged and reviewed for routing.,2025-04-09 11:16:25.790894,
1662,2,Customer Support,Forwarded (Correct),True,"Received from Public Relations, correctly routed for Staff Behavior.",2025-04-09 13:05:32.272469,
1662,3,Customer Support,Reviewed,True,Resolved following standard procedure.,2025-04-10 15:11:05.901248,Resolved
1663,1,Public Relations,Received,,Complaint logged and reviewed for routing.,2025-03-20 11:05:01.762738,
1663,2,Operations,Forwarded (Correct),True,"Received from Public Relations, correctly routed for Service Delay.",2025-03-20 12:05:09.292744,
1663,3,Operations,Reviewed,True,Resolved following standard procedure.,2025-03-22 01:54:06.772974,Resolved
1664,1,Public Relations,Received,,Complaint logged and reviewed for routing.,2025-11-05 11:44:24.534542,
1664,2,Security,Forwarded (Correct),True,"Received from Public Relations, correctly routed for Safety Concern.",2025-11-05 14:02:15.664791,
1664,3,Security,Reviewed,True,Requires field visit before it can be closed.,2025-11-06 19:20:42.246331,Unresolved
1665,1,Public Relations,Received,,Complaint logged and reviewed for routing.,2025-07-04 15:28:43.274970,
1665,2,Maintenance,Forwarded (Correct),True,"Received from Public Relations, correctly routed for Infrastructure.",2025-07-04 19:35:02.331933,
1665,3,Maintenance,Reviewed,True,Completed the requested action successfully.,2025-07-07 03:14:21.575880,Resolved
1666,1,Public Relations,Received,,Complaint logged and reviewed for routing.,2025-06-16 07:32:53.639537,
1666,2,Billing,Forwarded (Correct),True,"Received from Public Relations, correctly routed for Billing Issue.",2025-06-16 12:23:31.589936,
1666,3,Billing,Reviewed,True,"Still under investigation, pending further review.",2025-06-19 08:06:56.265387,Unresolved
1667,1,Public Relations,Received,,Complaint logged and reviewed for routing.,2025-07-28 09:56:57.188367,
1667,2,Operations,Forwarded (Correct),True,"Received from Public Relations, correctly routed for Service Delay.",2025-07-28 14:26:59.386495,
1667,3,Operations,Reviewed,True,"Still under investigation, pending further review.",2025-08-01 10:24:41.736100,Unresolved
1668,1,Public Relations,Received,,Complaint logged and reviewed for routing.,2025-09-01 21:12:17.550548,
1668,2,Maintenance,Forwarded (Correct),True,"Received from Public Relations, correctly routed for Infrastructure.",2025-09-02 04:27:39.437937,
1668,3,Maintenance,Reviewed,True,Corrected the error and notified the customer.,2025-09-05 03:11:30.048518,Resolved
1669,1,Public Relations,Received,,Complaint logged and reviewed for routing.,2025-07-17 11:05:29.662007,
1669,2,Maintenance,Forwarded (Correct),True,"Received from Public Relations, correctly routed for Infrastructure.",2025-07-17 12:29:11.308700,
1669,3,Maintenance,Reviewed,True,Resolved following standard procedure.,2025-07-18 19:44:29.910250,Resolved
1670,1,Public Relations,Received,,Complaint logged and reviewed for routing.,2025-08-17 14:35:49.338428,
1670,2,Operations,Forwarded (Correct),True,"Received from Public Relations, correctly routed for Service Delay.",2025-08-17 18:18:04.916318,
1670,3,Operations,Reviewed,True,Resolved following standard procedure.,2025-08-20 19:38:33.219352,Resolved
1671,1,Public Relations,Received,,Complaint logged and reviewed for routing.,2025-11-17 15:38:01.713782,
1671,2,Customer Support,Forwarded (Correct),True,"Received from Public Relations, correctly routed for Staff Behavior.",2025-11-17 20:27:35.543066,
1671,3,Customer Support,Reviewed,True,Resolved following standard procedure.,2025-11-21 01:31:18.114475,Resolved
1672,1,Public Relations,Received,,Complaint logged and reviewed for routing.,2025-12-15 15:59:44.892430,
1672,2,Maintenance,Forwarded (Correct),True,"Received from Public Relations, correctly routed for Infrastructure.",2025-12-15 22:21:24.602861,
1672,3,Maintenance,Reviewed,True,Completed the requested action successfully.,2025-12-18 22:18:51.035822,Resolved
1673,1,Public Relations,Received,,Complaint logged and reviewed for routing.,2025-09-07 11:08:23.551467,
1673,2,Billing,Forwarded (Correct),True,"Received from Public Relations, correctly routed for Billing Issue.",2025-09-07 14:13:27.535156,
1673,3,Billing,Reviewed,True,Confirmed with the customer that the issue is fixed.,2025-09-09 17:58:06.525108,Resolved
1674,1,Public Relations,Received,,Complaint logged and reviewed for routing.,2025-12-07 18:02:52.512874,
1674,2,Customer Support,Forwarded (Correct),True,"Received from Public Relations, correctly routed for Staff Behavior.",2025-12-07 19:31:51.055336,
1674,3,Customer Support,Reviewed,True,Resolved following standard procedure.,2025-12-08 16:11:01.996895,Resolved
1675,1,Public Relations,Received,,Complaint logged and reviewed for routing.,2025-10-20 22:04:59.778220,
1675,2,Security,Forwarded (Correct),True,"Received from Public Relations, correctly routed for Safety Concern.",2025-10-21 05:32:13.632355,
1675,3,Security,Reviewed,True,On hold due to resource availability.,2025-10-23 22:09:26.383488,Unresolved
1676,1,Public Relations,Received,,Complaint logged and reviewed for routing.,2025-09-09 09:42:03.215486,
1676,2,Maintenance,Forwarded (Correct),True,"Received from Public Relations, correctly routed for Infrastructure.",2025-09-09 11:14:16.619712,
1676,3,Maintenance,Reviewed,True,Completed the requested action successfully.,2025-09-10 23:39:25.477986,Resolved
1677,1,Public Relations,Received,,Complaint logged and reviewed for routing.,2025-05-12 11:10:45.262369,
1677,2,Administration,Forwarded (Incorrect),False,"Incorrectly routed here, reassigning to the appropriate department.",2025-05-12 15:32:46.063366,
1677,3,Operations,Forwarded (Re-routed),True,Re-routed from Administration; now correctly assigned for Service Delay.,2025-05-13 01:46:43.581439,
1677,4,Operations,Reviewed,True,Completed the requested action successfully.,2025-05-16 19:38:38.641834,Resolved
1678,1,Public Relations,Received,,Complaint logged and reviewed for routing.,2025-01-13 14:36:02.860804,
1678,2,Administration,Forwarded (Incorrect),False,"This complaint does not belong to our department, forwarding to the correct team.",2025-01-13 20:20:29.131471,
1678,3,Customer Support,Forwarded (Re-routed),True,Re-routed from Administration; now correctly assigned for Staff Behavior.,2025-01-14 09:46:39.465634,
1678,4,Customer Support,Reviewed,True,Corrected the error and notified the customer.,2025-01-18 06:47:50.249333,Resolved
1679,1,Public Relations,Received,,Complaint logged and reviewed for routing.,2025-01-23 11:18:13.407774,
1679,2,Customer Support,Forwarded (Correct),True,"Received from Public Relations, correctly routed for Appreciation.",2025-01-23 16:59:17.726357,
1679,3,Customer Support,Reviewed,True,Escalated to senior staff for further action.,2025-01-27 02:51:16.761056,Unresolved
1680,1,Public Relations,Received,,Complaint logged and reviewed for routing.,2025-05-26 03:58:31.440578,
1680,2,Administration,Forwarded (Correct),True,"Received from Public Relations, correctly routed for Corruption/Bribery.",2025-05-26 05:11:45.899289,
1680,3,Administration,Reviewed,True,"Still under investigation, pending further review.",2025-05-27 14:43:49.574929,Unresolved
1681,1,Public Relations,Received,,Complaint logged and reviewed for routing.,2025-07-28 15:18:10.371754,
1681,2,Security,Forwarded (Correct),True,"Received from Public Relations, correctly routed for Safety Concern.",2025-07-28 19:13:48.881248,
1681,3,Security,Reviewed,True,On hold due to resource availability.,2025-07-29 19:23:46.894479,Unresolved
1682,1,Public Relations,Received,,Complaint logged and reviewed for routing.,2025-07-02 09:59:45.037059,
1682,2,Security,Forwarded (Correct),True,"Received from Public Relations, correctly routed for Safety Concern.",2025-07-02 15:07:34.309798,
1682,3,Security,Reviewed,True,Corrected the error and notified the customer.,2025-07-06 10:58:39.718399,Resolved
1683,1,Public Relations,Received,,Complaint logged and reviewed for routing.,2025-07-02 13:11:02.533788,
1683,2,Operations,Forwarded (Correct),True,"Received from Public Relations, correctly routed for Service Delay.",2025-07-02 16:10:18.125214,
1683,3,Operations,Reviewed,True,Escalated to senior staff for further action.,2025-07-03 11:18:54.191115,Unresolved
1684,1,Public Relations,Received,,Complaint logged and reviewed for routing.,2025-02-05 22:49:48.199628,
1684,2,Operations,Forwarded (Correct),True,"Received from Public Relations, correctly routed for Service Delay.",2025-02-06 06:03:54.659466,
1684,3,Operations,Reviewed,True,Issue verified and resolved after review.,2025-02-06 17:47:57.535827,Resolved
1685,1,Public Relations,Received,,Complaint logged and reviewed for routing.,2025-07-19 10:51:56.476053,
1685,2,Administration,Forwarded (Correct),True,"Received from Public Relations, correctly routed for Corruption/Bribery.",2025-07-19 16:46:13.029279,
1685,3,Administration,Reviewed,True,Resolved following standard procedure.,2025-07-21 01:16:27.810326,Resolved
1686,1,Public Relations,Received,,Complaint logged and reviewed for routing.,2025-07-27 16:25:03.859944,
1686,2,Maintenance,Forwarded (Correct),True,"Received from Public Relations, correctly routed for Infrastructure.",2025-07-27 19:52:29.135719,
1686,3,Maintenance,Reviewed,True,Resolved following standard procedure.,2025-07-29 09:13:36.836042,Resolved
1687,1,Public Relations,Received,,Complaint logged and reviewed for routing.,2025-09-11 09:01:58.240206,
1687,2,Administration,Forwarded (Correct),True,"Received from Public Relations, correctly routed for Corruption/Bribery.",2025-09-11 15:42:36.361172,
1687,3,Administration,Reviewed,True,Confirmed with the customer that the issue is fixed.,2025-09-13 00:53:27.364290,Resolved
1688,1,Public Relations,Received,,Complaint logged and reviewed for routing.,2025-04-12 16:40:39.989575,
1688,2,Billing,Forwarded (Correct),True,"Received from Public Relations, correctly routed for Billing Issue.",2025-04-12 23:58:10.282250,
1688,3,Billing,Reviewed,True,"Still under investigation, pending further review.",2025-04-14 08:05:19.524650,Unresolved
1689,1,Public Relations,Received,,Complaint logged and reviewed for routing.,2025-03-21 18:56:13.444613,
1689,2,Operations,Forwarded (Correct),True,"Received from Public Relations, correctly routed for Service Delay.",2025-03-22 01:49:43.677586,
1689,3,Operations,Reviewed,True,Confirmed with the customer that the issue is fixed.,2025-03-24 00:08:03.824660,Resolved
1690,1,Public Relations,Received,,Complaint logged and reviewed for routing.,2025-11-17 14:04:38.555173,
1690,2,Administration,Forwarded (Correct),True,"Received from Public Relations, correctly routed for Corruption/Bribery.",2025-11-17 21:59:48.558459,
1690,3,Administration,Reviewed,True,"Still under investigation, pending further review.",2025-11-18 17:12:35.307002,Unresolved
1691,1,Public Relations,Received,,Complaint logged and reviewed for routing.,2025-09-16 16:46:05.493036,
1691,2,Operations,Forwarded (Incorrect),False,"Not within our scope, sending to the relevant department.",2025-09-16 20:29:21.514349,
1691,3,Customer Support,Forwarded (Re-routed),True,Re-routed from Operations; now correctly assigned for Appreciation.,2025-09-17 08:26:53.570661,
1691,4,Customer Support,Reviewed,True,Confirmed with the customer that the issue is fixed.,2025-09-18 22:05:08.856590,Resolved
1692,1,Public Relations,Received,,Complaint logged and reviewed for routing.,2025-09-18 01:14:32.382079,
1692,2,Customer Support,Forwarded (Correct),True,"Received from Public Relations, correctly routed for Staff Behavior.",2025-09-18 07:25:45.046519,
1692,3,Customer Support,Reviewed,True,Completed the requested action successfully.,2025-09-19 01:53:09.128949,Resolved
1693,1,Public Relations,Received,,Complaint logged and reviewed for routing.,2025-08-07 15:39:53.120347,
1693,2,Maintenance,Forwarded (Correct),True,"Received from Public Relations, correctly routed for Infrastructure.",2025-08-07 18:06:17.741702,
1693,3,Maintenance,Reviewed,True,On hold due to resource availability.,2025-08-08 11:11:47.907641,Unresolved
1694,1,Public Relations,Received,,Complaint logged and reviewed for routing.,2025-08-03 09:24:39.412575,
1694,2,Customer Support,Forwarded (Correct),True,"Received from Public Relations, correctly routed for Staff Behavior.",2025-08-03 16:51:19.913763,
1694,3,Customer Support,Reviewed,True,Issue verified and resolved after review.,2025-08-05 05:17:56.822557,Resolved
1695,1,Public Relations,Received,,Complaint logged and reviewed for routing.,2025-11-13 16:37:58.248251,
1695,2,Security,Forwarded (Correct),True,"Received from Public Relations, correctly routed for Safety Concern.",2025-11-13 19:05:06.249145,
1695,3,Security,Reviewed,True,Requires field visit before it can be closed.,2025-11-15 18:00:27.185342,Unresolved
1696,1,Public Relations,Received,,Complaint logged and reviewed for routing.,2025-05-05 07:22:32.681515,
1696,2,Billing,Forwarded (Correct),True,"Received from Public Relations, correctly routed for Billing Issue.",2025-05-05 12:14:51.542890,
1696,3,Billing,Reviewed,True,Resolved following standard procedure.,2025-05-06 17:08:21.043686,Resolved
1697,1,Public Relations,Received,,Complaint logged and reviewed for routing.,2025-09-19 16:51:35.100970,
1697,2,Security,Forwarded (Incorrect),False,"Not within our scope, sending to the relevant department.",2025-09-19 18:41:20.888370,
1697,3,Customer Support,Forwarded (Re-routed),True,Re-routed from Security; now correctly assigned for Staff Behavior.,2025-09-20 13:08:18.356593,
1697,4,Customer Support,Reviewed,True,Completed the requested action successfully.,2025-09-20 20:56:31.514635,Resolved
1698,1,Public Relations,Received,,Complaint logged and reviewed for routing.,2025-04-06 01:18:03.872546,
1698,2,Maintenance,Forwarded (Incorrect),False,"This complaint does not belong to our department, forwarding to the correct team.",2025-04-06 08:24:36.400939,
1698,3,Billing,Forwarded (Re-routed),True,Re-routed from Maintenance; now correctly assigned for Billing Issue.,2025-04-07 01:27:34.224327,
1698,4,Billing,Reviewed,True,On hold due to resource availability.,2025-04-08 20:03:10.639490,Unresolved
1699,1,Public Relations,Received,,Complaint logged and reviewed for routing.,2025-05-03 10:43:23.802357,
1699,2,Security,Forwarded (Correct),True,"Received from Public Relations, correctly routed for Safety Concern.",2025-05-03 15:11:15.837724,
1699,3,Security,Reviewed,True,Resolved following standard procedure.,2025-05-04 23:08:14.280836,Resolved
1700,1,Public Relations,Received,,Complaint logged and reviewed for routing.,2025-06-09 09:34:39.400837,
1700,2,Billing,Forwarded (Correct),True,"Received from Public Relations, correctly routed for Billing Issue.",2025-06-09 13:23:22.069868,
1700,3,Billing,Reviewed,True,Corrected the error and notified the customer.,2025-06-12 17:09:22.579801,Resolved
1701,1,Public Relations,Received,,Complaint logged and reviewed for routing.,2025-03-13 07:20:20.821087,
1701,2,Billing,Forwarded (Correct),True,"Received from Public Relations, correctly routed for Billing Issue.",2025-03-13 08:46:32.327939,
1701,3,Billing,Reviewed,True,Completed the requested action successfully.,2025-03-16 19:15:41.680901,Resolved
1702,1,Public Relations,Received,,Complaint logged and reviewed for routing.,2025-06-07 15:28:47.811962,
1702,2,Security,Forwarded (Incorrect),False,"Incorrectly routed here, reassigning to the appropriate department.",2025-06-07 17:33:45.450364,
1702,3,Operations,Forwarded (Re-routed),True,Re-routed from Security; now correctly assigned for Service Delay.,2025-06-08 03:20:19.864958,
1702,4,Operations,Reviewed,True,Issue verified and resolved after review.,2025-06-11 15:07:57.854850,Resolved
1703,1,Public Relations,Received,,Complaint logged and reviewed for routing.,2025-07-19 16:32:31.522540,
1703,2,Billing,Forwarded (Correct),True,"Received from Public Relations, correctly routed for Billing Issue.",2025-07-19 23:21:43.667944,
1703,3,Billing,Reviewed,True,Confirmed with the customer that the issue is fixed.,2025-07-22 09:38:42.685088,Resolved
1704,1,Public Relations,Received,,Complaint logged and reviewed for routing.,2025-09-12 18:07:17.099271,
1704,2,Billing,Forwarded (Correct),True,"Received from Public Relations, correctly routed for Billing Issue.",2025-09-12 20:57:23.089780,
1704,3,Billing,Reviewed,True,Resolved following standard procedure.,2025-09-14 13:32:44.430222,Resolved
1705,1,Public Relations,Received,,Complaint logged and reviewed for routing.,2025-07-17 19:34:28.194854,
1705,2,Customer Support,Forwarded (Correct),True,"Received from Public Relations, correctly routed for Appreciation.",2025-07-18 02:53:11.756365,
1705,3,Customer Support,Reviewed,True,Resolved following standard procedure.,2025-07-21 12:42:37.816105,Resolved
1706,1,Public Relations,Received,,Complaint logged and reviewed for routing.,2025-12-04 15:58:38.314278,
1706,2,Security,Forwarded (Correct),True,"Received from Public Relations, correctly routed for Safety Concern.",2025-12-04 23:34:09.871265,
1706,3,Security,Reviewed,True,Completed the requested action successfully.,2025-12-06 13:10:17.525773,Resolved
1707,1,Public Relations,Received,,Complaint logged and reviewed for routing.,2025-04-23 15:20:34.478579,
1707,2,Customer Support,Forwarded (Correct),True,"Received from Public Relations, correctly routed for Staff Behavior.",2025-04-23 22:30:43.175644,
1707,3,Customer Support,Reviewed,True,Issue verified and resolved after review.,2025-04-27 06:24:38.252690,Resolved
1708,1,Public Relations,Received,,Complaint logged and reviewed for routing.,2025-09-11 07:42:23.346624,
1708,2,Billing,Forwarded (Correct),True,"Received from Public Relations, correctly routed for Billing Issue.",2025-09-11 10:26:10.559356,
1708,3,Billing,Reviewed,True,Escalated to senior staff for further action.,2025-09-14 21:22:30.246880,Unresolved
1709,1,Public Relations,Received,,Complaint logged and reviewed for routing.,2025-03-16 12:31:13.352860,
1709,2,Billing,Forwarded (Correct),True,"Received from Public Relations, correctly routed for Billing Issue.",2025-03-16 14:31:27.943806,
1709,3,Billing,Reviewed,True,Waiting on additional information from the customer.,2025-03-17 19:17:55.297302,Unresolved
1710,1,Public Relations,Received,,Complaint logged and reviewed for routing.,2025-05-20 20:54:14.097824,
1710,2,Administration,Forwarded (Correct),True,"Received from Public Relations, correctly routed for Corruption/Bribery.",2025-05-21 02:33:13.550266,
1710,3,Administration,Reviewed,True,Issue verified and resolved after review.,2025-05-22 00:00:38.825712,Resolved
1711,1,Public Relations,Received,,Complaint logged and reviewed for routing.,2025-09-26 15:05:34.206042,
1711,2,Security,Forwarded (Incorrect),False,"This complaint does not belong to our department, forwarding to the correct team.",2025-09-26 19:07:57.525366,
1711,3,Customer Support,Forwarded (Re-routed),True,Re-routed from Security; now correctly assigned for Appreciation.,2025-09-27 07:36:59.396205,
1711,4,Customer Support,Reviewed,True,Escalated to senior staff for further action.,2025-09-27 15:34:13.751100,Unresolved
1712,1,Public Relations,Received,,Complaint logged and reviewed for routing.,2025-07-10 13:41:39.379608,
1712,2,Security,Forwarded (Correct),True,"Received from Public Relations, correctly routed for Safety Concern.",2025-07-10 20:29:12.905608,
1712,3,Security,Reviewed,True,Completed the requested action successfully.,2025-07-12 18:54:24.906799,Resolved
1713,1,Public Relations,Received,,Complaint logged and reviewed for routing.,2025-09-11 18:07:09.897647,
1713,2,Maintenance,Forwarded (Correct),True,"Received from Public Relations, correctly routed for Infrastructure.",2025-09-12 00:32:59.861391,
1713,3,Maintenance,Reviewed,True,Confirmed with the customer that the issue is fixed.,2025-09-14 09:48:56.720129,Resolved
1715,1,Public Relations,Received,,Complaint logged and reviewed for routing.,2025-02-03 15:31:45.524492,
1715,2,Billing,Forwarded (Correct),True,"Received from Public Relations, correctly routed for Billing Issue.",2025-02-03 21:47:33.427960,
1715,3,Billing,Reviewed,True,Resolved following standard procedure.,2025-02-04 14:37:31.647675,Resolved
1716,1,Public Relations,Received,,Complaint logged and reviewed for routing.,2025-06-28 10:37:27.895499,
1716,2,Administration,Forwarded (Correct),True,"Received from Public Relations, correctly routed for Corruption/Bribery.",2025-06-28 13:15:35.699514,
1716,3,Administration,Reviewed,True,Corrected the error and notified the customer.,2025-06-30 12:58:09.566525,Resolved
1717,1,Public Relations,Received,,Complaint logged and reviewed for routing.,2025-03-22 12:59:23.880567,
1717,2,Customer Support,Forwarded (Correct),True,"Received from Public Relations, correctly routed for Staff Behavior.",2025-03-22 20:14:17.306885,
1717,3,Customer Support,Reviewed,True,Confirmed with the customer that the issue is fixed.,2025-03-26 04:43:59.020448,Resolved
1718,1,Public Relations,Received,,Complaint logged and reviewed for routing.,2025-04-08 15:45:29.673766,
1718,2,Customer Support,Forwarded (Correct),True,"Received from Public Relations, correctly routed for Staff Behavior.",2025-04-08 20:40:19.955208,
1718,3,Customer Support,Reviewed,True,Escalated to senior staff for further action.,2025-04-12 16:30:46.708415,Unresolved
1719,1,Public Relations,Received,,Complaint logged and reviewed for routing.,2025-09-10 21:19:02.384079,
1719,2,Maintenance,Forwarded (Correct),True,"Received from Public Relations, correctly routed for Infrastructure.",2025-09-11 01:15:44.703982,
1719,3,Maintenance,Reviewed,True,Confirmed with the customer that the issue is fixed.,2025-09-12 10:14:49.490603,Resolved
1720,1,Public Relations,Received,,Complaint logged and reviewed for routing.,2025-05-15 05:00:33.697658,
1720,2,Billing,Forwarded (Correct),True,"Received from Public Relations, correctly routed for Billing Issue.",2025-05-15 10:47:12.115140,
1720,3,Billing,Reviewed,True,Resolved following standard procedure.,2025-05-18 18:26:36.175110,Resolved
1721,1,Public Relations,Received,,Complaint logged and reviewed for routing.,2025-05-12 12:37:50.149229,
1721,2,Security,Forwarded (Correct),True,"Received from Public Relations, correctly routed for Safety Concern.",2025-05-12 18:24:26.220889,
1721,3,Security,Reviewed,True,Escalated to senior staff for further action.,2025-05-16 07:36:18.494745,Unresolved
1722,1,Public Relations,Received,,Complaint logged and reviewed for routing.,2025-08-26 14:08:13.183632,
1722,2,Security,Forwarded (Correct),True,"Received from Public Relations, correctly routed for Safety Concern.",2025-08-26 20:27:21.738126,
1722,3,Security,Reviewed,True,Confirmed with the customer that the issue is fixed.,2025-08-27 08:55:49.070278,Resolved
1723,1,Public Relations,Received,,Complaint logged and reviewed for routing.,2025-03-11 20:38:58.021685,
1723,2,Operations,Forwarded (Incorrect),False,"Not within our scope, sending to the relevant department.",2025-03-11 22:25:37.634699,
1723,3,Administration,Forwarded (Re-routed),True,Re-routed from Operations; now correctly assigned for Corruption/Bribery.,2025-03-12 05:27:06.086075,
1723,4,Administration,Reviewed,True,Confirmed with the customer that the issue is fixed.,2025-03-14 14:36:14.054482,Resolved
1724,1,Public Relations,Received,,Complaint logged and reviewed for routing.,2025-06-07 09:31:03.384116,
1724,2,Billing,Forwarded (Correct),True,"Received from Public Relations, correctly routed for Billing Issue.",2025-06-07 14:57:04.168037,
1724,3,Billing,Reviewed,True,Confirmed with the customer that the issue is fixed.,2025-06-08 07:37:33.422869,Resolved
1725,1,Public Relations,Received,,Complaint logged and reviewed for routing.,2025-12-11 16:31:16.581586,
1725,2,Security,Forwarded (Correct),True,"Received from Public Relations, correctly routed for Safety Concern.",2025-12-11 20:22:26.558923,
1725,3,Security,Reviewed,True,Escalated to senior staff for further action.,2025-12-14 23:43:05.118368,Unresolved
1727,1,Public Relations,Received,,Complaint logged and reviewed for routing.,2025-08-18 10:02:48.552099,
1727,2,Administration,Forwarded (Incorrect),False,"Not within our scope, sending to the relevant department.",2025-08-18 12:02:55.043162,
1727,3,Security,Forwarded (Re-routed),True,Re-routed from Administration; now correctly assigned for Safety Concern.,2025-08-18 20:12:41.219743,
1727,4,Security,Reviewed,True,Requires field visit before it can be closed.,2025-08-22 07:57:13.886986,Unresolved
1728,1,Public Relations,Received,,Complaint logged and reviewed for routing.,2025-03-12 08:58:01.793833,
1728,2,Billing,Forwarded (Correct),True,"Received from Public Relations, correctly routed for Billing Issue.",2025-03-12 12:19:48.037746,
1728,3,Billing,Reviewed,True,Confirmed with the customer that the issue is fixed.,2025-03-14 03:54:22.131918,Resolved
1729,1,Public Relations,Received,,Complaint logged and reviewed for routing.,2025-06-17 07:26:43.346569,
1729,2,Customer Support,Forwarded (Correct),True,"Received from Public Relations, correctly routed for Appreciation.",2025-06-17 10:31:33.069359,
1729,3,Customer Support,Reviewed,True,Escalated to senior staff for further action.,2025-06-18 07:01:36.771469,Unresolved
1730,1,Public Relations,Received,,Complaint logged and reviewed for routing.,2025-07-25 10:48:32.654322,
1730,2,Billing,Forwarded (Correct),True,"Received from Public Relations, correctly routed for Billing Issue.",2025-07-25 16:06:47.298006,
1730,3,Billing,Reviewed,True,Confirmed with the customer that the issue is fixed.,2025-07-26 03:13:31.239732,Resolved
1731,1,Public Relations,Received,,Complaint logged and reviewed for routing.,2025-07-23 18:18:07.728022,
1731,2,Security,Forwarded (Correct),True,"Received from Public Relations, correctly routed for Safety Concern.",2025-07-23 23:44:05.126250,
1731,3,Security,Reviewed,True,Escalated to senior staff for further action.,2025-07-25 07:13:56.235861,Unresolved
1732,1,Public Relations,Received,,Complaint logged and reviewed for routing.,2025-04-25 16:47:37.976315,
1732,2,Maintenance,Forwarded (Correct),True,"Received from Public Relations, correctly routed for Infrastructure.",2025-04-26 00:16:29.676946,
1732,3,Maintenance,Reviewed,True,"Still under investigation, pending further review.",2025-04-26 07:42:53.900920,Unresolved
1733,1,Public Relations,Received,,Complaint logged and reviewed for routing.,2025-01-13 08:51:21.733991,
1733,2,Customer Support,Forwarded (Incorrect),False,"This complaint does not belong to our department, forwarding to the correct team.",2025-01-13 10:23:41.269401,
1733,3,Administration,Forwarded (Re-routed),True,Re-routed from Customer Support; now correctly assigned for Corruption/Bribery.,2025-01-14 09:01:29.908114,
1733,4,Administration,Reviewed,True,Completed the requested action successfully.,2025-01-15 17:23:52.365827,Resolved
1734,1,Public Relations,Received,,Complaint logged and reviewed for routing.,2025-05-24 12:01:45.093279,
1734,2,Administration,Forwarded (Correct),True,"Received from Public Relations, correctly routed for Corruption/Bribery.",2025-05-24 15:37:32.391924,
1734,3,Administration,Reviewed,True,On hold due to resource availability.,2025-05-27 21:21:35.061499,Unresolved
1735,1,Public Relations,Received,,Complaint logged and reviewed for routing.,2025-08-03 10:55:50.385540,
1735,2,Billing,Forwarded (Correct),True,"Received from Public Relations, correctly routed for Billing Issue.",2025-08-03 14:56:40.174486,
1735,3,Billing,Reviewed,True,Completed the requested action successfully.,2025-08-05 13:48:06.194535,Resolved
1736,1,Public Relations,Received,,Complaint logged and reviewed for routing.,2025-06-06 14:50:01.198604,
1736,2,Administration,Forwarded (Correct),True,"Received from Public Relations, correctly routed for Corruption/Bribery.",2025-06-06 19:11:30.248748,
1736,3,Administration,Reviewed,True,Resolved following standard procedure.,2025-06-07 23:03:14.999336,Resolved
1737,1,Public Relations,Received,,Complaint logged and reviewed for routing.,2025-04-09 11:23:40.811803,
1737,2,Administration,Forwarded (Correct),True,"Received from Public Relations, correctly routed for Corruption/Bribery.",2025-04-09 12:49:38.375909,
1737,3,Administration,Reviewed,True,Issue verified and resolved after review.,2025-04-12 04:50:40.457201,Resolved
1738,1,Public Relations,Received,,Complaint logged and reviewed for routing.,2025-08-25 18:07:41.310619,
1738,2,Billing,Forwarded (Correct),True,"Received from Public Relations, correctly routed for Billing Issue.",2025-08-26 01:19:25.245922,
1738,3,Billing,Reviewed,True,"Still under investigation, pending further review.",2025-08-28 12:05:27.570864,Unresolved
1739,1,Public Relations,Received,,Complaint logged and reviewed for routing.,2025-07-22 12:26:29.702096,
1739,2,Customer Support,Forwarded (Correct),True,"Received from Public Relations, correctly routed for Staff Behavior.",2025-07-22 17:24:47.482442,
1739,3,Customer Support,Reviewed,True,Requires field visit before it can be closed.,2025-07-25 06:24:13.241961,Unresolved
1740,1,Public Relations,Received,,Complaint logged and reviewed for routing.,2025-11-02 20:16:04.395326,
1740,2,Billing,Forwarded (Correct),True,"Received from Public Relations, correctly routed for Billing Issue.",2025-11-03 01:41:35.199999,
1740,3,Billing,Reviewed,True,Issue verified and resolved after review.,2025-11-03 23:47:29.832521,Resolved
1741,1,Public Relations,Received,,Complaint logged and reviewed for routing.,2025-11-23 22:13:43.305839,
1741,2,Customer Support,Forwarded (Correct),True,"Received from Public Relations, correctly routed for Staff Behavior.",2025-11-24 01:24:30.843218,
1741,3,Customer Support,Reviewed,True,Corrected the error and notified the customer.,2025-11-27 04:57:28.935680,Resolved
1742,1,Public Relations,Received,,Complaint logged and reviewed for routing.,2025-12-20 14:45:46.054217,
1742,2,Customer Support,Forwarded (Correct),True,"Received from Public Relations, correctly routed for Staff Behavior.",2025-12-20 22:19:15.952765,
1742,3,Customer Support,Reviewed,True,Issue verified and resolved after review.,2025-12-23 21:05:05.975679,Resolved
1743,1,Public Relations,Received,,Complaint logged and reviewed for routing.,2025-06-21 20:24:53.962579,
1743,2,Administration,Forwarded (Correct),True,"Received from Public Relations, correctly routed for Corruption/Bribery.",2025-06-21 22:25:49.316965,
1743,3,Administration,Reviewed,True,Confirmed with the customer that the issue is fixed.,2025-06-25 21:10:08.985706,Resolved
1744,1,Public Relations,Received,,Complaint logged and reviewed for routing.,2025-06-27 13:43:01.189831,
1744,2,Customer Support,Forwarded (Correct),True,"Received from Public Relations, correctly routed for Appreciation.",2025-06-27 20:17:39.331339,
1744,3,Customer Support,Reviewed,True,Resolved following standard procedure.,2025-07-01 07:20:08.733303,Resolved
1745,1,Public Relations,Received,,Complaint logged and reviewed for routing.,2025-04-16 09:45:32.813741,
1745,2,Maintenance,Forwarded (Correct),True,"Received from Public Relations, correctly routed for Infrastructure.",2025-04-16 11:18:11.511392,
1745,3,Maintenance,Reviewed,True,Confirmed with the customer that the issue is fixed.,2025-04-16 22:01:06.385436,Resolved
1746,1,Public Relations,Received,,Complaint logged and reviewed for routing.,2025-07-27 18:04:11.929671,
1746,2,Customer Support,Forwarded (Correct),True,"Received from Public Relations, correctly routed for Appreciation.",2025-07-27 20:16:27.120601,
1746,3,Customer Support,Reviewed,True,Resolved following standard procedure.,2025-07-28 13:58:50.123897,Resolved
1747,1,Public Relations,Received,,Complaint logged and reviewed for routing.,2025-07-26 19:32:56.679438,
1747,2,Billing,Forwarded (Correct),True,"Received from Public Relations, correctly routed for Billing Issue.",2025-07-26 21:00:43.931012,
1747,3,Billing,Reviewed,True,Corrected the error and notified the customer.,2025-07-28 05:30:58.217841,Resolved
1748,1,Public Relations,Received,,Complaint logged and reviewed for routing.,2025-05-22 15:10:07.477115,
1748,2,Customer Support,Forwarded (Correct),True,"Received from Public Relations, correctly routed for Appreciation.",2025-05-22 21:43:33.886332,
1748,3,Customer Support,Reviewed,True,Completed the requested action successfully.,2025-05-23 08:32:03.799262,Resolved
1749,1,Public Relations,Received,,Complaint logged and reviewed for routing.,2025-05-26 09:32:40.147962,
1749,2,Maintenance,Forwarded (Correct),True,"Received from Public Relations, correctly routed for Infrastructure.",2025-05-26 14:33:23.156072,
1749,3,Maintenance,Reviewed,True,Resolved following standard procedure.,2025-05-28 00:00:16.368599,Resolved
1750,1,Public Relations,Received,,Complaint logged and reviewed for routing.,2025-10-21 16:27:30.764666,
1750,2,Billing,Forwarded (Correct),True,"Received from Public Relations, correctly routed for Billing Issue.",2025-10-21 23:11:18.414312,
1750,3,Billing,Reviewed,True,Resolved following standard procedure.,2025-10-24 13:40:20.450587,Resolved
1751,1,Public Relations,Received,,Complaint logged and reviewed for routing.,2025-01-11 10:55:25.438289,
1751,2,Billing,Forwarded (Correct),True,"Received from Public Relations, correctly routed for Billing Issue.",2025-01-11 11:55:28.317438,
1751,3,Billing,Reviewed,True,Requires field visit before it can be closed.,2025-01-11 20:19:03.183185,Unresolved
1752,1,Public Relations,Received,,Complaint logged and reviewed for routing.,2025-05-22 08:34:05.079746,
1752,2,Customer Support,Forwarded (Incorrect),False,"Not within our scope, sending to the relevant department.",2025-05-22 15:39:53.081472,
1752,3,Security,Forwarded (Re-routed),True,Re-routed from Customer Support; now correctly assigned for Safety Concern.,2025-05-23 09:02:57.009616,
1752,4,Security,Reviewed,True,Corrected the error and notified the customer.,2025-05-24 18:01:10.391118,Resolved
1753,1,Public Relations,Received,,Complaint logged and reviewed for routing.,2025-05-23 14:41:53.123568,
1753,2,Customer Support,Forwarded (Correct),True,"Received from Public Relations, correctly routed for Staff Behavior.",2025-05-23 17:59:25.193612,
1753,3,Customer Support,Reviewed,True,Requires field visit before it can be closed.,2025-05-24 18:25:55.435267,Unresolved
1754,1,Public Relations,Received,,Complaint logged and reviewed for routing.,2025-08-24 09:45:54.814745,
1754,2,Customer Support,Forwarded (Correct),True,"Received from Public Relations, correctly routed for Staff Behavior.",2025-08-24 13:35:43.033745,
1754,3,Customer Support,Reviewed,True,Resolved following standard procedure.,2025-08-27 12:36:17.044096,Resolved
1755,1,Public Relations,Received,,Complaint logged and reviewed for routing.,2025-05-20 08:29:05.870033,
1755,2,Administration,Forwarded (Correct),True,"Received from Public Relations, correctly routed for Corruption/Bribery.",2025-05-20 15:20:44.943062,
1755,3,Administration,Reviewed,True,Corrected the error and notified the customer.,2025-05-24 11:32:57.334113,Resolved
1756,1,Public Relations,Received,,Complaint logged and reviewed for routing.,2025-02-24 12:49:28.629195,
1756,2,Administration,Forwarded (Incorrect),False,"Not within our scope, sending to the relevant department.",2025-02-24 16:48:23.447717,
1756,3,Operations,Forwarded (Re-routed),True,Re-routed from Administration; now correctly assigned for Service Delay.,2025-02-25 15:42:23.064913,
1756,4,Operations,Reviewed,True,Issue verified and resolved after review.,2025-02-27 19:28:53.796874,Resolved
1757,1,Public Relations,Received,,Complaint logged and reviewed for routing.,2025-04-28 10:02:05.496272,
1757,2,Maintenance,Forwarded (Correct),True,"Received from Public Relations, correctly routed for Infrastructure.",2025-04-28 11:25:51.452192,
1757,3,Maintenance,Reviewed,True,Issue verified and resolved after review.,2025-05-02 02:33:47.811983,Resolved
1758,1,Public Relations,Received,,Complaint logged and reviewed for routing.,2025-12-11 15:26:42.528946,
1758,2,Administration,Forwarded (Correct),True,"Received from Public Relations, correctly routed for Corruption/Bribery.",2025-12-11 21:57:21.725709,
1758,3,Administration,Reviewed,True,Requires field visit before it can be closed.,2025-12-12 09:47:41.861866,Unresolved
1759,1,Public Relations,Received,,Complaint logged and reviewed for routing.,2025-05-18 09:55:40.749785,
1759,2,Maintenance,Forwarded (Correct),True,"Received from Public Relations, correctly routed for Infrastructure.",2025-05-18 11:25:04.035894,
1759,3,Maintenance,Reviewed,True,Waiting on additional information from the customer.,2025-05-21 10:22:03.484494,Unresolved
1760,1,Public Relations,Received,,Complaint logged and reviewed for routing.,2025-09-22 08:08:40.907868,
1760,2,Billing,Forwarded (Correct),True,"Received from Public Relations, correctly routed for Billing Issue.",2025-09-22 13:36:54.629885,
1760,3,Billing,Reviewed,True,Confirmed with the customer that the issue is fixed.,2025-09-25 09:38:29.464636,Resolved
1762,1,Public Relations,Received,,Complaint logged and reviewed for routing.,2025-05-08 22:08:47.614917,
1762,2,Maintenance,Forwarded (Correct),True,"Received from Public Relations, correctly routed for Infrastructure.",2025-05-09 05:39:36.256713,
1762,3,Maintenance,Reviewed,True,Resolved following standard procedure.,2025-05-10 22:39:09.868607,Resolved
1763,1,Public Relations,Received,,Complaint logged and reviewed for routing.,2025-01-08 15:54:23.402325,
1763,2,Maintenance,Forwarded (Correct),True,"Received from Public Relations, correctly routed for Infrastructure.",2025-01-08 17:41:52.470956,
1763,3,Maintenance,Reviewed,True,Completed the requested action successfully.,2025-01-10 15:11:04.250778,Resolved
1764,1,Public Relations,Received,,Complaint logged and reviewed for routing.,2025-03-10 12:01:27.814946,
1764,2,Customer Support,Forwarded (Correct),True,"Received from Public Relations, correctly routed for Staff Behavior.",2025-03-10 13:54:10.054638,
1764,3,Customer Support,Reviewed,True,Completed the requested action successfully.,2025-03-11 06:13:35.792440,Resolved
1765,1,Public Relations,Received,,Complaint logged and reviewed for routing.,2025-07-19 13:41:07.629710,
1765,2,Operations,Forwarded (Incorrect),False,"This complaint does not belong to our department, forwarding to the correct team.",2025-07-19 17:56:22.643246,
1765,3,Administration,Forwarded (Re-routed),True,Re-routed from Operations; now correctly assigned for Corruption/Bribery.,2025-07-20 11:33:30.433874,
1765,4,Administration,Reviewed,True,Resolved following standard procedure.,2025-07-21 16:57:47.411568,Resolved
1766,1,Public Relations,Received,,Complaint logged and reviewed for routing.,2025-09-23 11:29:06.741796,
1766,2,Security,Forwarded (Incorrect),False,"This complaint does not belong to our department, forwarding to the correct team.",2025-09-23 17:00:05.650761,
1766,3,Maintenance,Forwarded (Re-routed),True,Re-routed from Security; now correctly assigned for Infrastructure.,2025-09-24 10:05:11.679380,
1766,4,Maintenance,Reviewed,True,Resolved following standard procedure.,2025-09-27 13:45:14.138619,Resolved
1767,1,Public Relations,Received,,Complaint logged and reviewed for routing.,2025-11-08 14:03:29.705325,
1767,2,Security,Forwarded (Incorrect),False,"This complaint does not belong to our department, forwarding to the correct team.",2025-11-08 21:52:20.153904,
1767,3,Customer Support,Forwarded (Re-routed),True,Re-routed from Security; now correctly assigned for Staff Behavior.,2025-11-09 03:11:21.212766,
1767,4,Customer Support,Reviewed,True,Issue verified and resolved after review.,2025-11-09 07:33:09.563208,Resolved
1768,1,Public Relations,Received,,Complaint logged and reviewed for routing.,2025-10-19 15:27:48.582503,
1768,2,Operations,Forwarded (Correct),True,"Received from Public Relations, correctly routed for Service Delay.",2025-10-19 22:40:46.281940,
1768,3,Operations,Reviewed,True,Escalated to senior staff for further action.,2025-10-21 11:44:19.530677,Unresolved
1769,1,Public Relations,Received,,Complaint logged and reviewed for routing.,2025-05-26 15:08:43.524128,
1769,2,Maintenance,Forwarded (Correct),True,"Received from Public Relations, correctly routed for Infrastructure.",2025-05-26 22:15:13.474798,
1769,3,Maintenance,Reviewed,True,Confirmed with the customer that the issue is fixed.,2025-05-28 19:05:53.381071,Resolved
1770,1,Public Relations,Received,,Complaint logged and reviewed for routing.,2025-10-15 09:46:42.113869,
1770,2,Customer Support,Forwarded (Correct),True,"Received from Public Relations, correctly routed for Staff Behavior.",2025-10-15 17:10:00.036121,
1770,3,Customer Support,Reviewed,True,Corrected the error and notified the customer.,2025-10-19 06:17:00.959352,Resolved
1771,1,Public Relations,Received,,Complaint logged and reviewed for routing.,2025-01-15 11:22:17.702427,
1771,2,Customer Support,Forwarded (Correct),True,"Received from Public Relations, correctly routed for Appreciation.",2025-01-15 13:19:35.494167,
1771,3,Customer Support,Reviewed,True,Completed the requested action successfully.,2025-01-17 10:49:12.184807,Resolved
1772,1,Public Relations,Received,,Complaint logged and reviewed for routing.,2025-02-12 08:55:43.682185,
1772,2,Maintenance,Forwarded (Incorrect),False,"Not within our scope, sending to the relevant department.",2025-02-12 15:42:42.858301,
1772,3,Administration,Forwarded (Re-routed),True,Re-routed from Maintenance; now correctly assigned for Corruption/Bribery.,2025-02-13 00:32:51.289226,
1772,4,Administration,Reviewed,True,Completed the requested action successfully.,2025-02-15 05:34:45.133855,Resolved
1773,1,Public Relations,Received,,Complaint logged and reviewed for routing.,2025-09-16 13:00:37.257041,
1773,2,Customer Support,Forwarded (Correct),True,"Received from Public Relations, correctly routed for Appreciation.",2025-09-16 20:59:43.325768,
1773,3,Customer Support,Reviewed,True,Issue verified and resolved after review.,2025-09-19 00:34:01.624193,Resolved
1774,1,Public Relations,Received,,Complaint logged and reviewed for routing.,2025-05-23 19:35:28.889565,
1774,2,Maintenance,Forwarded (Incorrect),False,"This complaint does not belong to our department, forwarding to the correct team.",2025-05-23 23:42:18.824133,
1774,3,Billing,Forwarded (Re-routed),True,Re-routed from Maintenance; now correctly assigned for Billing Issue.,2025-05-24 14:31:29.571231,
1774,4,Billing,Reviewed,True,Requires field visit before it can be closed.,2025-05-27 22:44:43.887887,Unresolved
1775,1,Public Relations,Received,,Complaint logged and reviewed for routing.,2025-09-22 10:07:57.490952,
1775,2,Billing,Forwarded (Incorrect),False,"Incorrectly routed here, reassigning to the appropriate department.",2025-09-22 17:57:58.936813,
1775,3,Customer Support,Forwarded (Re-routed),True,Re-routed from Billing; now correctly assigned for Appreciation.,2025-09-23 15:03:44.107986,
1775,4,Customer Support,Reviewed,True,On hold due to resource availability.,2025-09-24 12:19:06.400498,Unresolved
1776,1,Public Relations,Received,,Complaint logged and reviewed for routing.,2025-07-25 13:15:29.901332,
1776,2,Maintenance,Forwarded (Correct),True,"Received from Public Relations, correctly routed for Infrastructure.",2025-07-25 14:26:44.802417,
1776,3,Maintenance,Reviewed,True,Corrected the error and notified the customer.,2025-07-29 05:13:43.823407,Resolved
1777,1,Public Relations,Received,,Complaint logged and reviewed for routing.,2025-12-25 16:54:21.292106,
1777,2,Security,Forwarded (Correct),True,"Received from Public Relations, correctly routed for Safety Concern.",2025-12-25 19:30:17.434723,
1777,3,Security,Reviewed,True,Corrected the error and notified the customer.,2025-12-28 13:55:33.379505,Resolved
1778,1,Public Relations,Received,,Complaint logged and reviewed for routing.,2025-09-11 09:00:28.722862,
1778,2,Maintenance,Forwarded (Correct),True,"Received from Public Relations, correctly routed for Infrastructure.",2025-09-11 10:42:35.654186,
1778,3,Maintenance,Reviewed,True,On hold due to resource availability.,2025-09-13 12:16:05.574398,Unresolved
1779,1,Public Relations,Received,,Complaint logged and reviewed for routing.,2025-08-05 14:18:37.619481,
1779,2,Security,Forwarded (Correct),True,"Received from Public Relations, correctly routed for Safety Concern.",2025-08-05 20:19:22.129256,
1779,3,Security,Reviewed,True,"Still under investigation, pending further review.",2025-08-07 10:23:07.482154,Unresolved
1780,1,Public Relations,Received,,Complaint logged and reviewed for routing.,2025-11-16 14:10:29.864203,
1780,2,Billing,Forwarded (Correct),True,"Received from Public Relations, correctly routed for Billing Issue.",2025-11-16 21:16:44.751693,
1780,3,Billing,Reviewed,True,Waiting on additional information from the customer.,2025-11-20 21:15:50.449935,Unresolved
1781,1,Public Relations,Received,,Complaint logged and reviewed for routing.,2025-05-25 15:08:24.780439,
1781,2,Security,Forwarded (Incorrect),False,"Incorrectly routed here, reassigning to the appropriate department.",2025-05-25 21:20:24.300482,
1781,3,Operations,Forwarded (Re-routed),True,Re-routed from Security; now correctly assigned for Service Delay.,2025-05-26 14:48:47.068156,
1781,4,Operations,Reviewed,True,Confirmed with the customer that the issue is fixed.,2025-05-28 21:17:44.427055,Resolved
1782,1,Public Relations,Received,,Complaint logged and reviewed for routing.,2025-08-04 02:11:03.194665,
1782,2,Customer Support,Forwarded (Correct),True,"Received from Public Relations, correctly routed for Appreciation.",2025-08-04 08:55:41.791562,
1782,3,Customer Support,Reviewed,True,Escalated to senior staff for further action.,2025-08-07 02:12:50.816943,Unresolved
1783,1,Public Relations,Received,,Complaint logged and reviewed for routing.,2025-05-26 17:33:25.670246,
1783,2,Billing,Forwarded (Correct),True,"Received from Public Relations, correctly routed for Billing Issue.",2025-05-26 22:54:40.550381,
1783,3,Billing,Reviewed,True,Completed the requested action successfully.,2025-05-27 08:10:55.836542,Resolved
1784,1,Public Relations,Received,,Complaint logged and reviewed for routing.,2025-08-16 14:04:20.586842,
1784,2,Maintenance,Forwarded (Incorrect),False,"Not within our scope, sending to the relevant department.",2025-08-16 17:54:17.720651,
1784,3,Customer Support,Forwarded (Re-routed),True,Re-routed from Maintenance; now correctly assigned for Appreciation.,2025-08-16 22:37:29.704324,
1784,4,Customer Support,Reviewed,True,Completed the requested action successfully.,2025-08-19 18:25:01.961900,Resolved
1785,1,Public Relations,Received,,Complaint logged and reviewed for routing.,2025-08-19 18:47:12.276216,
1785,2,Administration,Forwarded (Correct),True,"Received from Public Relations, correctly routed for Corruption/Bribery.",2025-08-19 23:35:35.546409,
1785,3,Administration,Reviewed,True,Issue verified and resolved after review.,2025-08-22 21:21:30.311749,Resolved
1786,1,Public Relations,Received,,Complaint logged and reviewed for routing.,2025-01-02 13:42:50.561212,
1786,2,Customer Support,Forwarded (Correct),True,"Received from Public Relations, correctly routed for Staff Behavior.",2025-01-02 19:43:02.160656,
1786,3,Customer Support,Reviewed,True,Completed the requested action successfully.,2025-01-04 23:37:06.933691,Resolved
1787,1,Public Relations,Received,,Complaint logged and reviewed for routing.,2025-12-04 12:32:58.988903,
1787,2,Security,Forwarded (Correct),True,"Received from Public Relations, correctly routed for Safety Concern.",2025-12-04 18:33:13.403798,
1787,3,Security,Reviewed,True,Resolved following standard procedure.,2025-12-07 01:18:15.449728,Resolved
1788,1,Public Relations,Received,,Complaint logged and reviewed for routing.,2025-04-05 10:41:20.866001,
1788,2,Maintenance,Forwarded (Incorrect),False,"Not within our scope, sending to the relevant department.",2025-04-05 13:53:08.790514,
1788,3,Customer Support,Forwarded (Re-routed),True,Re-routed from Maintenance; now correctly assigned for Appreciation.,2025-04-06 12:26:58.017796,
1788,4,Customer Support,Reviewed,True,Corrected the error and notified the customer.,2025-04-07 18:45:05.268504,Resolved
1789,1,Public Relations,Received,,Complaint logged and reviewed for routing.,2025-12-22 12:41:48.836400,
1789,2,Administration,Forwarded (Correct),True,"Received from Public Relations, correctly routed for Corruption/Bribery.",2025-12-22 14:21:23.892508,
1789,3,Administration,Reviewed,True,On hold due to resource availability.,2025-12-23 07:27:24.185964,Unresolved
1790,1,Public Relations,Received,,Complaint logged and reviewed for routing.,2025-03-13 16:32:08.346864,
1790,2,Operations,Forwarded (Correct),True,"Received from Public Relations, correctly routed for Service Delay.",2025-03-13 23:39:22.475942,
1790,3,Operations,Reviewed,True,Resolved following standard procedure.,2025-03-15 05:12:33.167453,Resolved
1791,1,Public Relations,Received,,Complaint logged and reviewed for routing.,2025-02-17 19:53:20.583750,
1791,2,Security,Forwarded (Correct),True,"Received from Public Relations, correctly routed for Safety Concern.",2025-02-18 00:18:55.062476,
1791,3,Security,Reviewed,True,Issue verified and resolved after review.,2025-02-20 01:18:15.557421,Resolved
1792,1,Public Relations,Received,,Complaint logged and reviewed for routing.,2025-07-25 14:05:55.479052,
1792,2,Customer Support,Forwarded (Correct),True,"Received from Public Relations, correctly routed for Staff Behavior.",2025-07-25 17:37:46.163074,
1792,3,Customer Support,Reviewed,True,Resolved following standard procedure.,2025-07-26 22:01:40.860543,Resolved
1793,1,Public Relations,Received,,Complaint logged and reviewed for routing.,2025-05-21 22:52:36.287645,
1793,2,Customer Support,Forwarded (Correct),True,"Received from Public Relations, correctly routed for Staff Behavior.",2025-05-22 02:20:45.365316,
1793,3,Customer Support,Reviewed,True,Issue verified and resolved after review.,2025-05-25 21:32:06.671021,Resolved
1794,1,Public Relations,Received,,Complaint logged and reviewed for routing.,2025-05-16 07:49:36.042510,
1794,2,Billing,Forwarded (Correct),True,"Received from Public Relations, correctly routed for Billing Issue.",2025-05-16 08:51:59.644419,
1794,3,Billing,Reviewed,True,Completed the requested action successfully.,2025-05-18 12:30:27.117008,Resolved
1795,1,Public Relations,Received,,Complaint logged and reviewed for routing.,2025-07-02 12:45:44.750108,
1795,2,Operations,Forwarded (Incorrect),False,"Not within our scope, sending to the relevant department.",2025-07-02 14:38:05.370294,
1795,3,Security,Forwarded (Re-routed),True,Re-routed from Operations; now correctly assigned for Safety Concern.,2025-07-03 06:12:49.769402,
1795,4,Security,Reviewed,True,Corrected the error and notified the customer.,2025-07-06 18:34:31.345420,Resolved
1796,1,Public Relations,Received,,Complaint logged and reviewed for routing.,2025-09-19 00:28:03.312744,
1796,2,Billing,Forwarded (Correct),True,"Received from Public Relations, correctly routed for Billing Issue.",2025-09-19 07:59:51.089102,
1796,3,Billing,Reviewed,True,Waiting on additional information from the customer.,2025-09-21 03:57:51.177486,Unresolved
1797,1,Public Relations,Received,,Complaint logged and reviewed for routing.,2025-01-27 14:37:17.929322,
1797,2,Operations,Forwarded (Correct),True,"Received from Public Relations, correctly routed for Service Delay.",2025-01-27 16:31:57.826711,
1797,3,Operations,Reviewed,True,Resolved following standard procedure.,2025-01-28 16:51:56.979545,Resolved
1798,1,Public Relations,Received,,Complaint logged and reviewed for routing.,2025-06-23 11:47:47.711813,
1798,2,Administration,Forwarded (Correct),True,"Received from Public Relations, correctly routed for Corruption/Bribery.",2025-06-23 17:17:41.543198,
1798,3,Administration,Reviewed,True,Issue verified and resolved after review.,2025-06-26 20:15:08.960068,Resolved
1799,1,Public Relations,Received,,Complaint logged and reviewed for routing.,2025-05-23 11:41:05.683868,
1799,2,Administration,Forwarded (Correct),True,"Received from Public Relations, correctly routed for Corruption/Bribery.",2025-05-23 14:46:06.826340,
1799,3,Administration,Reviewed,True,Completed the requested action successfully.,2025-05-24 00:23:53.516616,Resolved
1800,1,Public Relations,Received,,Complaint logged and reviewed for routing.,2025-04-23 08:09:45.040408,
1800,2,Billing,Forwarded (Correct),True,"Received from Public Relations, correctly routed for Billing Issue.",2025-04-23 10:20:31.545149,
1800,3,Billing,Reviewed,True,Issue verified and resolved after review.,2025-04-25 01:39:08.196055,Resolved
1801,1,Public Relations,Received,,Complaint logged and reviewed for routing.,2025-12-13 17:05:47.112162,
1801,2,Maintenance,Forwarded (Correct),True,"Received from Public Relations, correctly routed for Infrastructure.",2025-12-14 00:29:59.616682,
1801,3,Maintenance,Reviewed,True,Requires field visit before it can be closed.,2025-12-17 13:57:13.249379,Unresolved
1802,1,Public Relations,Received,,Complaint logged and reviewed for routing.,2025-08-20 16:01:20.325600,
1802,2,Security,Forwarded (Incorrect),False,"Incorrectly routed here, reassigning to the appropriate department.",2025-08-20 17:13:41.415377,
1802,3,Billing,Forwarded (Re-routed),True,Re-routed from Security; now correctly assigned for Billing Issue.,2025-08-21 12:39:26.443627,
1802,4,Billing,Reviewed,True,On hold due to resource availability.,2025-08-23 14:53:35.216913,Unresolved
1803,1,Public Relations,Received,,Complaint logged and reviewed for routing.,2025-06-01 16:13:46.360068,
1803,2,Billing,Forwarded (Correct),True,"Received from Public Relations, correctly routed for Billing Issue.",2025-06-01 23:37:31.549285,
1803,3,Billing,Reviewed,True,Corrected the error and notified the customer.,2025-06-03 12:29:29.254273,Resolved
1804,1,Public Relations,Received,,Complaint logged and reviewed for routing.,2025-04-01 02:18:44.464487,
1804,2,Security,Forwarded (Correct),True,"Received from Public Relations, correctly routed for Safety Concern.",2025-04-01 08:56:01.529965,
1804,3,Security,Reviewed,True,Resolved following standard procedure.,2025-04-03 00:41:10.545309,Resolved
1805,1,Public Relations,Received,,Complaint logged and reviewed for routing.,2025-02-04 13:18:53.660233,
1805,2,Billing,Forwarded (Correct),True,"Received from Public Relations, correctly routed for Billing Issue.",2025-02-04 19:11:10.301688,
1805,3,Billing,Reviewed,True,Escalated to senior staff for further action.,2025-02-06 05:33:54.482363,Unresolved
1806,1,Public Relations,Received,,Complaint logged and reviewed for routing.,2025-03-24 01:05:08.700708,
1806,2,Billing,Forwarded (Correct),True,"Received from Public Relations, correctly routed for Billing Issue.",2025-03-24 07:06:51.894609,
1806,3,Billing,Reviewed,True,Corrected the error and notified the customer.,2025-03-27 02:00:57.858791,Resolved
1807,1,Public Relations,Received,,Complaint logged and reviewed for routing.,2025-05-19 17:45:51.101028,
1807,2,Operations,Forwarded (Correct),True,"Received from Public Relations, correctly routed for Service Delay.",2025-05-19 21:27:24.331684,
1807,3,Operations,Reviewed,True,Requires field visit before it can be closed.,2025-05-20 23:18:18.107261,Unresolved
1808,1,Public Relations,Received,,Complaint logged and reviewed for routing.,2025-04-17 16:55:02.344084,
1808,2,Customer Support,Forwarded (Correct),True,"Received from Public Relations, correctly routed for Appreciation.",2025-04-18 00:45:21.656717,
1808,3,Customer Support,Reviewed,True,Confirmed with the customer that the issue is fixed.,2025-04-20 08:38:52.913865,Resolved
1809,1,Public Relations,Received,,Complaint logged and reviewed for routing.,2025-03-25 18:08:33.685123,
1809,2,Billing,Forwarded (Correct),True,"Received from Public Relations, correctly routed for Billing Issue.",2025-03-25 21:09:05.042542,
1809,3,Billing,Reviewed,True,Resolved following standard procedure.,2025-03-29 02:30:19.531995,Resolved
1810,1,Public Relations,Received,,Complaint logged and reviewed for routing.,2025-06-25 15:51:39.938151,
1810,2,Administration,Forwarded (Incorrect),False,"Incorrectly routed here, reassigning to the appropriate department.",2025-06-25 22:58:12.168344,
1810,3,Customer Support,Forwarded (Re-routed),True,Re-routed from Administration; now correctly assigned for Staff Behavior.,2025-06-26 10:11:22.850502,
1810,4,Customer Support,Reviewed,True,Confirmed with the customer that the issue is fixed.,2025-06-27 10:17:03.810826,Resolved
1811,1,Public Relations,Received,,Complaint logged and reviewed for routing.,2025-01-01 17:23:29.926930,
1811,2,Security,Forwarded (Correct),True,"Received from Public Relations, correctly routed for Safety Concern.",2025-01-01 22:25:48.586411,
1811,3,Security,Reviewed,True,"Still under investigation, pending further review.",2025-01-02 18:17:07.692984,Unresolved
1812,1,Public Relations,Received,,Complaint logged and reviewed for routing.,2025-11-02 13:32:43.481261,
1812,2,Operations,Forwarded (Correct),True,"Received from Public Relations, correctly routed for Service Delay.",2025-11-02 20:52:47.687268,
1812,3,Operations,Reviewed,True,Resolved following standard procedure.,2025-11-06 04:16:47.200605,Resolved
1813,1,Public Relations,Received,,Complaint logged and reviewed for routing.,2025-08-11 09:37:09.167499,
1813,2,Billing,Forwarded (Correct),True,"Received from Public Relations, correctly routed for Billing Issue.",2025-08-11 11:11:47.233612,
1813,3,Billing,Reviewed,True,Corrected the error and notified the customer.,2025-08-13 16:09:43.220445,Resolved
1814,1,Public Relations,Received,,Complaint logged and reviewed for routing.,2025-08-10 16:30:56.978589,
1814,2,Billing,Forwarded (Correct),True,"Received from Public Relations, correctly routed for Billing Issue.",2025-08-10 22:08:13.861392,
1814,3,Billing,Reviewed,True,On hold due to resource availability.,2025-08-12 03:35:16.620902,Unresolved
1815,1,Public Relations,Received,,Complaint logged and reviewed for routing.,2025-06-18 08:46:43.692396,
1815,2,Billing,Forwarded (Correct),True,"Received from Public Relations, correctly routed for Billing Issue.",2025-06-18 14:18:39.746493,
1815,3,Billing,Reviewed,True,Completed the requested action successfully.,2025-06-21 13:41:18.652166,Resolved
1816,1,Public Relations,Received,,Complaint logged and reviewed for routing.,2025-11-22 09:45:13.889762,
1816,2,Operations,Forwarded (Correct),True,"Received from Public Relations, correctly routed for Service Delay.",2025-11-22 13:31:48.828850,
1816,3,Operations,Reviewed,True,Escalated to senior staff for further action.,2025-11-25 16:33:48.055131,Unresolved
1817,1,Public Relations,Received,,Complaint logged and reviewed for routing.,2025-02-08 20:04:21.879448,
1817,2,Security,Forwarded (Correct),True,"Received from Public Relations, correctly routed for Safety Concern.",2025-02-08 22:07:21.095224,
1817,3,Security,Reviewed,True,Issue verified and resolved after review.,2025-02-10 09:18:42.025858,Resolved
1818,1,Public Relations,Received,,Complaint logged and reviewed for routing.,2025-12-21 17:48:07.865547,
1818,2,Billing,Forwarded (Correct),True,"Received from Public Relations, correctly routed for Billing Issue.",2025-12-21 19:06:58.764992,
1818,3,Billing,Reviewed,True,Waiting on additional information from the customer.,2025-12-25 12:44:54.008571,Unresolved
1819,1,Public Relations,Received,,Complaint logged and reviewed for routing.,2025-08-20 15:47:45.937923,
1819,2,Customer Support,Forwarded (Correct),True,"Received from Public Relations, correctly routed for Appreciation.",2025-08-20 19:06:15.409426,
1819,3,Customer Support,Reviewed,True,On hold due to resource availability.,2025-08-21 07:03:43.764776,Unresolved
1820,1,Public Relations,Received,,Complaint logged and reviewed for routing.,2025-06-12 15:54:25.231174,
1820,2,Customer Support,Forwarded (Correct),True,"Received from Public Relations, correctly routed for Staff Behavior.",2025-06-12 17:34:09.281951,
1820,3,Customer Support,Reviewed,True,Requires field visit before it can be closed.,2025-06-15 04:45:34.493430,Unresolved
1821,1,Public Relations,Received,,Complaint logged and reviewed for routing.,2025-12-06 19:59:55.240867,
1821,2,Maintenance,Forwarded (Incorrect),False,"This complaint does not belong to our department, forwarding to the correct team.",2025-12-06 21:23:03.120022,
1821,3,Customer Support,Forwarded (Re-routed),True,Re-routed from Maintenance; now correctly assigned for Appreciation.,2025-12-07 18:17:03.895903,
1821,4,Customer Support,Reviewed,True,Corrected the error and notified the customer.,2025-12-07 23:24:52.740985,Resolved
1822,1,Public Relations,Received,,Complaint logged and reviewed for routing.,2025-06-18 16:50:47.419564,
1822,2,Operations,Forwarded (Incorrect),False,"Not within our scope, sending to the relevant department.",2025-06-18 21:22:26.663876,
1822,3,Billing,Forwarded (Re-routed),True,Re-routed from Operations; now correctly assigned for Billing Issue.,2025-06-19 13:27:05.300945,
1822,4,Billing,Reviewed,True,On hold due to resource availability.,2025-06-23 00:37:33.468772,Unresolved
1823,1,Public Relations,Received,,Complaint logged and reviewed for routing.,2025-06-14 16:27:28.844389,
1823,2,Billing,Forwarded (Correct),True,"Received from Public Relations, correctly routed for Billing Issue.",2025-06-14 18:37:27.573704,
1823,3,Billing,Reviewed,True,Issue verified and resolved after review.,2025-06-15 05:02:41.477676,Resolved
1824,1,Public Relations,Received,,Complaint logged and reviewed for routing.,2025-05-13 16:54:28.016558,
1824,2,Operations,Forwarded (Incorrect),False,"Incorrectly routed here, reassigning to the appropriate department.",2025-05-13 19:41:08.478915,
1824,3,Customer Support,Forwarded (Re-routed),True,Re-routed from Operations; now correctly assigned for Staff Behavior.,2025-05-14 09:38:50.049729,
1824,4,Customer Support,Reviewed,True,Issue verified and resolved after review.,2025-05-17 15:12:35.066317,Resolved
1825,1,Public Relations,Received,,Complaint logged and reviewed for routing.,2025-04-28 12:24:59.179726,
1825,2,Maintenance,Forwarded (Correct),True,"Received from Public Relations, correctly routed for Infrastructure.",2025-04-28 17:13:42.822298,
1825,3,Maintenance,Reviewed,True,Completed the requested action successfully.,2025-05-02 16:33:33.420839,Resolved
1826,1,Public Relations,Received,,Complaint logged and reviewed for routing.,2025-06-10 11:06:33.792659,
1826,2,Customer Support,Forwarded (Correct),True,"Received from Public Relations, correctly routed for Staff Behavior.",2025-06-10 13:39:47.007463,
1826,3,Customer Support,Reviewed,True,Issue verified and resolved after review.,2025-06-14 03:50:17.222353,Resolved
1827,1,Public Relations,Received,,Complaint logged and reviewed for routing.,2025-11-25 11:03:42.962685,
1827,2,Maintenance,Forwarded (Correct),True,"Received from Public Relations, correctly routed for Infrastructure.",2025-11-25 13:19:32.627370,
1827,3,Maintenance,Reviewed,True,Resolved following standard procedure.,2025-11-27 06:15:30.006217,Resolved
1828,1,Public Relations,Received,,Complaint logged and reviewed for routing.,2025-08-17 14:12:31.391406,
1828,2,Operations,Forwarded (Correct),True,"Received from Public Relations, correctly routed for Service Delay.",2025-08-17 21:14:44.872971,
1828,3,Operations,Reviewed,True,Requires field visit before it can be closed.,2025-08-21 11:04:07.230568,Unresolved
1829,1,Public Relations,Received,,Complaint logged and reviewed for routing.,2025-05-24 10:16:25.507451,
1829,2,Operations,Forwarded (Correct),True,"Received from Public Relations, correctly routed for Service Delay.",2025-05-24 13:49:43.779660,
1829,3,Operations,Reviewed,True,Corrected the error and notified the customer.,2025-05-24 20:23:01.623359,Resolved
1830,1,Public Relations,Received,,Complaint logged and reviewed for routing.,2025-03-11 07:38:28.775291,
1830,2,Operations,Forwarded (Incorrect),False,"Incorrectly routed here, reassigning to the appropriate department.",2025-03-11 10:46:53.005386,
1830,3,Maintenance,Forwarded (Re-routed),True,Re-routed from Operations; now correctly assigned for Infrastructure.,2025-03-11 17:10:33.256968,
1830,4,Maintenance,Reviewed,True,Requires field visit before it can be closed.,2025-03-15 05:04:33.543342,Unresolved
1831,1,Public Relations,Received,,Complaint logged and reviewed for routing.,2025-07-21 17:54:51.100265,
1831,2,Operations,Forwarded (Correct),True,"Received from Public Relations, correctly routed for Service Delay.",2025-07-21 21:08:16.553670,
1831,3,Operations,Reviewed,True,"Still under investigation, pending further review.",2025-07-22 06:26:45.026777,Unresolved
1832,1,Public Relations,Received,,Complaint logged and reviewed for routing.,2025-11-28 11:34:27.097006,
1832,2,Billing,Forwarded (Correct),True,"Received from Public Relations, correctly routed for Billing Issue.",2025-11-28 17:20:12.719734,
1832,3,Billing,Reviewed,True,Waiting on additional information from the customer.,2025-11-30 05:00:53.904795,Unresolved
1833,1,Public Relations,Received,,Complaint logged and reviewed for routing.,2025-12-10 19:12:24.846611,
1833,2,Billing,Forwarded (Correct),True,"Received from Public Relations, correctly routed for Billing Issue.",2025-12-10 22:40:30.161077,
1833,3,Billing,Reviewed,True,Requires field visit before it can be closed.,2025-12-12 11:26:02.423509,Unresolved
1834,1,Public Relations,Received,,Complaint logged and reviewed for routing.,2025-07-23 14:44:55.728810,
1834,2,Maintenance,Forwarded (Correct),True,"Received from Public Relations, correctly routed for Infrastructure.",2025-07-23 21:43:43.034346,
1834,3,Maintenance,Reviewed,True,On hold due to resource availability.,2025-07-25 07:41:12.095701,Unresolved
1835,1,Public Relations,Received,,Complaint logged and reviewed for routing.,2025-03-04 16:47:34.875476,
1835,2,Customer Support,Forwarded (Correct),True,"Received from Public Relations, correctly routed for Appreciation.",2025-03-04 22:32:28.477746,
1835,3,Customer Support,Reviewed,True,Confirmed with the customer that the issue is fixed.,2025-03-07 15:32:36.189350,Resolved
1836,1,Public Relations,Received,,Complaint logged and reviewed for routing.,2025-08-08 10:46:26.501466,
1836,2,Maintenance,Forwarded (Correct),True,"Received from Public Relations, correctly routed for Infrastructure.",2025-08-08 17:56:23.869820,
1836,3,Maintenance,Reviewed,True,Completed the requested action successfully.,2025-08-09 01:52:18.405351,Resolved
1837,1,Public Relations,Received,,Complaint logged and reviewed for routing.,2025-03-13 21:27:31.677223,
1837,2,Billing,Forwarded (Correct),True,"Received from Public Relations, correctly routed for Billing Issue.",2025-03-14 02:09:50.231818,
1837,3,Billing,Reviewed,True,Issue verified and resolved after review.,2025-03-14 12:20:25.557246,Resolved
1838,1,Public Relations,Received,,Complaint logged and reviewed for routing.,2025-12-19 11:20:04.859854,
1838,2,Maintenance,Forwarded (Correct),True,"Received from Public Relations, correctly routed for Infrastructure.",2025-12-19 17:04:11.019942,
1838,3,Maintenance,Reviewed,True,Waiting on additional information from the customer.,2025-12-23 08:07:43.124404,Unresolved
1839,1,Public Relations,Received,,Complaint logged and reviewed for routing.,2025-11-03 11:05:42.969368,
1839,2,Customer Support,Forwarded (Correct),True,"Received from Public Relations, correctly routed for Appreciation.",2025-11-03 18:04:29.004357,
1839,3,Customer Support,Reviewed,True,Corrected the error and notified the customer.,2025-11-06 07:23:26.454626,Resolved
1840,1,Public Relations,Received,,Complaint logged and reviewed for routing.,2025-02-26 16:18:47.139479,
1840,2,Maintenance,Forwarded (Correct),True,"Received from Public Relations, correctly routed for Infrastructure.",2025-02-26 17:25:28.715631,
1840,3,Maintenance,Reviewed,True,Requires field visit before it can be closed.,2025-03-01 03:51:46.220200,Unresolved
1841,1,Public Relations,Received,,Complaint logged and reviewed for routing.,2025-05-26 10:32:52.574678,
1841,2,Maintenance,Forwarded (Correct),True,"Received from Public Relations, correctly routed for Infrastructure.",2025-05-26 14:48:04.735075,
1841,3,Maintenance,Reviewed,True,Requires field visit before it can be closed.,2025-05-27 00:44:33.339363,Unresolved
1842,1,Public Relations,Received,,Complaint logged and reviewed for routing.,2025-10-07 15:47:31.091972,
1842,2,Customer Support,Forwarded (Correct),True,"Received from Public Relations, correctly routed for Appreciation.",2025-10-07 23:12:14.546836,
1842,3,Customer Support,Reviewed,True,"Still under investigation, pending further review.",2025-10-10 17:13:31.636555,Unresolved
1843,1,Public Relations,Received,,Complaint logged and reviewed for routing.,2025-01-08 11:01:25.837141,
1843,2,Customer Support,Forwarded (Correct),True,"Received from Public Relations, correctly routed for Staff Behavior.",2025-01-08 15:27:26.681554,
1843,3,Customer Support,Reviewed,True,On hold due to resource availability.,2025-01-11 20:52:10.232067,Unresolved
1844,1,Public Relations,Received,,Complaint logged and reviewed for routing.,2025-09-25 16:25:22.359899,
1844,2,Operations,Forwarded (Correct),True,"Received from Public Relations, correctly routed for Service Delay.",2025-09-25 19:32:37.946139,
1844,3,Operations,Reviewed,True,Corrected the error and notified the customer.,2025-09-27 19:07:51.523628,Resolved
1845,1,Public Relations,Received,,Complaint logged and reviewed for routing.,2025-01-19 17:21:42.251673,
1845,2,Billing,Forwarded (Correct),True,"Received from Public Relations, correctly routed for Billing Issue.",2025-01-19 20:08:57.630849,
1845,3,Billing,Reviewed,True,Waiting on additional information from the customer.,2025-01-20 05:09:50.957305,Unresolved
1846,1,Public Relations,Received,,Complaint logged and reviewed for routing.,2025-08-09 11:25:34.710083,
1846,2,Security,Forwarded (Incorrect),False,"Not within our scope, sending to the relevant department.",2025-08-09 14:25:29.010323,
1846,3,Operations,Forwarded (Re-routed),True,Re-routed from Security; now correctly assigned for Service Delay.,2025-08-10 03:47:08.809044,
1846,4,Operations,Reviewed,True,Corrected the error and notified the customer.,2025-08-12 13:31:14.796621,Resolved
1847,1,Public Relations,Received,,Complaint logged and reviewed for routing.,2025-06-11 07:15:22.140669,
1847,2,Administration,Forwarded (Correct),True,"Received from Public Relations, correctly routed for Corruption/Bribery.",2025-06-11 15:06:40.497190,
1847,3,Administration,Reviewed,True,Issue verified and resolved after review.,2025-06-12 13:20:38.270992,Resolved
1848,1,Public Relations,Received,,Complaint logged and reviewed for routing.,2025-02-15 13:28:32.713611,
1848,2,Customer Support,Forwarded (Correct),True,"Received from Public Relations, correctly routed for Staff Behavior.",2025-02-15 20:29:41.971827,
1848,3,Customer Support,Reviewed,True,Corrected the error and notified the customer.,2025-02-16 11:53:48.962619,Resolved
1849,1,Public Relations,Received,,Complaint logged and reviewed for routing.,2025-01-05 07:13:51.348532,
1849,2,Administration,Forwarded (Correct),True,"Received from Public Relations, correctly routed for Corruption/Bribery.",2025-01-05 11:11:21.485822,
1849,3,Administration,Reviewed,True,Issue verified and resolved after review.,2025-01-06 18:11:19.579077,Resolved
1850,1,Public Relations,Received,,Complaint logged and reviewed for routing.,2025-07-08 14:37:00.652285,
1850,2,Operations,Forwarded (Correct),True,"Received from Public Relations, correctly routed for Service Delay.",2025-07-08 19:55:45.326827,
1850,3,Operations,Reviewed,True,Requires field visit before it can be closed.,2025-07-11 20:45:25.644196,Unresolved
1851,1,Public Relations,Received,,Complaint logged and reviewed for routing.,2025-11-20 06:56:54.397884,
1851,2,Security,Forwarded (Correct),True,"Received from Public Relations, correctly routed for Safety Concern.",2025-11-20 10:02:48.613605,
1851,3,Security,Reviewed,True,Waiting on additional information from the customer.,2025-11-22 22:38:17.289703,Unresolved
1852,1,Public Relations,Received,,Complaint logged and reviewed for routing.,2025-09-04 16:44:13.886387,
1852,2,Maintenance,Forwarded (Correct),True,"Received from Public Relations, correctly routed for Infrastructure.",2025-09-04 18:59:27.505357,
1852,3,Maintenance,Reviewed,True,"Still under investigation, pending further review.",2025-09-06 09:27:27.053873,Unresolved
1853,1,Public Relations,Received,,Complaint logged and reviewed for routing.,2025-03-23 10:23:22.567609,
1853,2,Customer Support,Forwarded (Correct),True,"Received from Public Relations, correctly routed for Appreciation.",2025-03-23 15:06:16.369942,
1853,3,Customer Support,Reviewed,True,On hold due to resource availability.,2025-03-24 08:53:13.405347,Unresolved
1854,1,Public Relations,Received,,Complaint logged and reviewed for routing.,2025-06-21 19:11:56.632231,
1854,2,Billing,Forwarded (Correct),True,"Received from Public Relations, correctly routed for Billing Issue.",2025-06-22 00:30:56.179605,
1854,3,Billing,Reviewed,True,Escalated to senior staff for further action.,2025-06-22 11:56:20.131268,Unresolved
1855,1,Public Relations,Received,,Complaint logged and reviewed for routing.,2025-06-24 18:54:29.515917,
1855,2,Billing,Forwarded (Incorrect),False,"This complaint does not belong to our department, forwarding to the correct team.",2025-06-25 01:10:37.645087,
1855,3,Maintenance,Forwarded (Re-routed),True,Re-routed from Billing; now correctly assigned for Infrastructure.,2025-06-25 22:43:20.900327,
1855,4,Maintenance,Reviewed,True,Confirmed with the customer that the issue is fixed.,2025-06-27 14:46:10.536829,Resolved
1856,1,Public Relations,Received,,Complaint logged and reviewed for routing.,2025-02-07 11:23:01.823007,
1856,2,Billing,Forwarded (Correct),True,"Received from Public Relations, correctly routed for Billing Issue.",2025-02-07 14:14:13.763691,
1856,3,Billing,Reviewed,True,"Still under investigation, pending further review.",2025-02-10 07:57:49.819224,Unresolved
1857,1,Public Relations,Received,,Complaint logged and reviewed for routing.,2025-03-28 18:37:43.686578,
1857,2,Maintenance,Forwarded (Correct),True,"Received from Public Relations, correctly routed for Infrastructure.",2025-03-28 21:28:19.192516,
1857,3,Maintenance,Reviewed,True,Issue verified and resolved after review.,2025-03-30 05:01:42.019488,Resolved
1858,1,Public Relations,Received,,Complaint logged and reviewed for routing.,2025-05-14 15:08:16.304499,
1858,2,Security,Forwarded (Incorrect),False,"This complaint does not belong to our department, forwarding to the correct team.",2025-05-14 22:28:28.838330,
1858,3,Maintenance,Forwarded (Re-routed),True,Re-routed from Security; now correctly assigned for Infrastructure.,2025-05-15 20:44:31.764137,
1858,4,Maintenance,Reviewed,True,Completed the requested action successfully.,2025-05-18 05:24:10.281280,Resolved
1859,1,Public Relations,Received,,Complaint logged and reviewed for routing.,2025-04-01 07:55:43.787620,
1859,2,Administration,Forwarded (Correct),True,"Received from Public Relations, correctly routed for Corruption/Bribery.",2025-04-01 11:05:46.089625,
1859,3,Administration,Reviewed,True,Issue verified and resolved after review.,2025-04-05 00:44:00.012133,Resolved
1860,1,Public Relations,Received,,Complaint logged and reviewed for routing.,2025-02-16 17:32:08.764839,
1860,2,Security,Forwarded (Correct),True,"Received from Public Relations, correctly routed for Safety Concern.",2025-02-17 01:02:35.214198,
1860,3,Security,Reviewed,True,Confirmed with the customer that the issue is fixed.,2025-02-18 10:32:09.289848,Resolved
1861,1,Public Relations,Received,,Complaint logged and reviewed for routing.,2025-01-24 19:02:31.593739,
1861,2,Billing,Forwarded (Correct),True,"Received from Public Relations, correctly routed for Billing Issue.",2025-01-24 21:16:54.481257,
1861,3,Billing,Reviewed,True,"Still under investigation, pending further review.",2025-01-28 10:07:57.099896,Unresolved
1862,1,Public Relations,Received,,Complaint logged and reviewed for routing.,2025-08-04 01:32:14.472600,
1862,2,Customer Support,Forwarded (Incorrect),False,"Not within our scope, sending to the relevant department.",2025-08-04 07:00:46.797951,
1862,3,Maintenance,Forwarded (Re-routed),True,Re-routed from Customer Support; now correctly assigned for Infrastructure.,2025-08-04 22:08:00.766815,
1862,4,Maintenance,Reviewed,True,"Still under investigation, pending further review.",2025-08-08 15:28:56.596457,Unresolved
1863,1,Public Relations,Received,,Complaint logged and reviewed for routing.,2025-06-10 10:21:00.134581,
1863,2,Operations,Forwarded (Correct),True,"Received from Public Relations, correctly routed for Service Delay.",2025-06-10 17:29:28.744940,
1863,3,Operations,Reviewed,True,Completed the requested action successfully.,2025-06-11 04:21:47.655916,Resolved
1864,1,Public Relations,Received,,Complaint logged and reviewed for routing.,2025-01-12 09:15:08.947860,
1864,2,Operations,Forwarded (Correct),True,"Received from Public Relations, correctly routed for Service Delay.",2025-01-12 15:07:14.233992,
1864,3,Operations,Reviewed,True,Completed the requested action successfully.,2025-01-15 18:11:27.145176,Resolved
1865,1,Public Relations,Received,,Complaint logged and reviewed for routing.,2025-06-05 04:36:00.550204,
1865,2,Operations,Forwarded (Incorrect),False,"Not within our scope, sending to the relevant department.",2025-06-05 11:10:13.241078,
1865,3,Customer Support,Forwarded (Re-routed),True,Re-routed from Operations; now correctly assigned for Staff Behavior.,2025-06-06 03:26:56.083527,
1865,4,Customer Support,Reviewed,True,Completed the requested action successfully.,2025-06-08 04:28:55.941865,Resolved
1866,1,Public Relations,Received,,Complaint logged and reviewed for routing.,2025-06-28 14:22:19.945892,
1866,2,Administration,Forwarded (Correct),True,"Received from Public Relations, correctly routed for Corruption/Bribery.",2025-06-28 19:44:44.835793,
1866,3,Administration,Reviewed,True,Requires field visit before it can be closed.,2025-07-02 18:57:27.179180,Unresolved
1867,1,Public Relations,Received,,Complaint logged and reviewed for routing.,2025-03-06 11:44:23.613550,
1867,2,Security,Forwarded (Correct),True,"Received from Public Relations, correctly routed for Safety Concern.",2025-03-06 13:18:16.739993,
1867,3,Security,Reviewed,True,"Still under investigation, pending further review.",2025-03-07 07:34:26.204863,Unresolved
1868,1,Public Relations,Received,,Complaint logged and reviewed for routing.,2025-01-13 16:05:19.223523,
1868,2,Operations,Forwarded (Correct),True,"Received from Public Relations, correctly routed for Service Delay.",2025-01-13 19:03:16.758599,
1868,3,Operations,Reviewed,True,Waiting on additional information from the customer.,2025-01-17 16:08:24.154382,Unresolved
1869,1,Public Relations,Received,,Complaint logged and reviewed for routing.,2025-08-16 09:57:37.820798,
1869,2,Security,Forwarded (Incorrect),False,"Incorrectly routed here, reassigning to the appropriate department.",2025-08-16 12:28:50.834717,
1869,3,Operations,Forwarded (Re-routed),True,Re-routed from Security; now correctly assigned for Service Delay.,2025-08-17 11:55:20.641201,
1869,4,Operations,Reviewed,True,Corrected the error and notified the customer.,2025-08-20 05:51:15.295185,Resolved
1870,1,Public Relations,Received,,Complaint logged and reviewed for routing.,2025-05-04 02:52:25.325919,
1870,2,Administration,Forwarded (Incorrect),False,"Not within our scope, sending to the relevant department.",2025-05-04 10:30:23.217833,
1870,3,Customer Support,Forwarded (Re-routed),True,Re-routed from Administration; now correctly assigned for Appreciation.,2025-05-04 15:51:45.790175,
1870,4,Customer Support,Reviewed,True,Confirmed with the customer that the issue is fixed.,2025-05-05 14:06:53.885198,Resolved
1871,1,Public Relations,Received,,Complaint logged and reviewed for routing.,2025-12-26 16:35:00.825382,
1871,2,Billing,Forwarded (Correct),True,"Received from Public Relations, correctly routed for Billing Issue.",2025-12-26 19:39:37.666232,
1871,3,Billing,Reviewed,True,Completed the requested action successfully.,2025-12-27 16:24:53.716254,Resolved
1872,1,Public Relations,Received,,Complaint logged and reviewed for routing.,2025-08-22 06:14:15.963065,
1872,2,Maintenance,Forwarded (Correct),True,"Received from Public Relations, correctly routed for Infrastructure.",2025-08-22 09:35:23.817375,
1872,3,Maintenance,Reviewed,True,Completed the requested action successfully.,2025-08-23 03:27:58.904790,Resolved
1873,1,Public Relations,Received,,Complaint logged and reviewed for routing.,2025-09-26 14:28:32.919616,
1873,2,Customer Support,Forwarded (Correct),True,"Received from Public Relations, correctly routed for Staff Behavior.",2025-09-26 21:00:47.577952,
1873,3,Customer Support,Reviewed,True,Issue verified and resolved after review.,2025-09-29 17:06:47.959112,Resolved
1874,1,Public Relations,Received,,Complaint logged and reviewed for routing.,2025-06-08 14:27:48.966882,
1874,2,Operations,Forwarded (Incorrect),False,"This complaint does not belong to our department, forwarding to the correct team.",2025-06-08 17:25:03.493107,
1874,3,Billing,Forwarded (Re-routed),True,Re-routed from Operations; now correctly assigned for Billing Issue.,2025-06-09 04:55:45.373515,
1874,4,Billing,Reviewed,True,Issue verified and resolved after review.,2025-06-12 23:14:24.903612,Resolved
1875,1,Public Relations,Received,,Complaint logged and reviewed for routing.,2025-09-18 15:21:05.732618,
1875,2,Maintenance,Forwarded (Correct),True,"Received from Public Relations, correctly routed for Infrastructure.",2025-09-18 19:58:55.435318,
1875,3,Maintenance,Reviewed,True,Resolved following standard procedure.,2025-09-19 19:59:43.625026,Resolved
1876,1,Public Relations,Received,,Complaint logged and reviewed for routing.,2025-09-20 00:08:56.081335,
1876,2,Customer Support,Forwarded (Correct),True,"Received from Public Relations, correctly routed for Appreciation.",2025-09-20 04:23:02.574719,
1876,3,Customer Support,Reviewed,True,Escalated to senior staff for further action.,2025-09-21 23:09:16.887384,Unresolved
1877,1,Public Relations,Received,,Complaint logged and reviewed for routing.,2025-07-16 18:40:06.358083,
1877,2,Security,Forwarded (Correct),True,"Received from Public Relations, correctly routed for Safety Concern.",2025-07-17 00:38:50.811611,
1877,3,Security,Reviewed,True,On hold due to resource availability.,2025-07-19 00:18:46.549289,Unresolved
1878,1,Public Relations,Received,,Complaint logged and reviewed for routing.,2025-08-03 12:42:46.988764,
1878,2,Operations,Forwarded (Correct),True,"Received from Public Relations, correctly routed for Service Delay.",2025-08-03 19:48:19.184021,
1878,3,Operations,Reviewed,True,Resolved following standard procedure.,2025-08-04 20:16:37.416390,Resolved
1879,1,Public Relations,Received,,Complaint logged and reviewed for routing.,2025-09-26 10:47:42.067101,
1879,2,Billing,Forwarded (Correct),True,"Received from Public Relations, correctly routed for Billing Issue.",2025-09-26 15:31:15.810871,
1879,3,Billing,Reviewed,True,"Still under investigation, pending further review.",2025-09-28 22:05:57.532316,Unresolved
1880,1,Public Relations,Received,,Complaint logged and reviewed for routing.,2025-08-11 15:37:09.842421,
1880,2,Operations,Forwarded (Incorrect),False,"This complaint does not belong to our department, forwarding to the correct team.",2025-08-11 22:41:15.385080,
1880,3,Customer Support,Forwarded (Re-routed),True,Re-routed from Operations; now correctly assigned for Staff Behavior.,2025-08-12 07:07:25.659662,
1880,4,Customer Support,Reviewed,True,Completed the requested action successfully.,2025-08-16 04:29:13.855724,Resolved
1881,1,Public Relations,Received,,Complaint logged and reviewed for routing.,2025-07-11 20:33:43.381247,
1881,2,Security,Forwarded (Correct),True,"Received from Public Relations, correctly routed for Safety Concern.",2025-07-12 03:33:27.417422,
1881,3,Security,Reviewed,True,Confirmed with the customer that the issue is fixed.,2025-07-15 01:01:00.871382,Resolved
1882,1,Public Relations,Received,,Complaint logged and reviewed for routing.,2025-05-02 15:09:34.460480,
1882,2,Customer Support,Forwarded (Correct),True,"Received from Public Relations, correctly routed for Appreciation.",2025-05-02 17:30:39.066257,
1882,3,Customer Support,Reviewed,True,Confirmed with the customer that the issue is fixed.,2025-05-06 05:19:35.180228,Resolved
1883,1,Public Relations,Received,,Complaint logged and reviewed for routing.,2025-06-27 10:10:54.985591,
1883,2,Operations,Forwarded (Correct),True,"Received from Public Relations, correctly routed for Service Delay.",2025-06-27 13:22:51.488334,
1883,3,Operations,Reviewed,True,On hold due to resource availability.,2025-06-28 03:28:33.235755,Unresolved
1884,1,Public Relations,Received,,Complaint logged and reviewed for routing.,2025-08-26 00:04:32.763678,
1884,2,Operations,Forwarded (Correct),True,"Received from Public Relations, correctly routed for Service Delay.",2025-08-26 07:00:40.231306,
1884,3,Operations,Reviewed,True,"Still under investigation, pending further review.",2025-08-29 17:27:30.534073,Unresolved
1885,1,Public Relations,Received,,Complaint logged and reviewed for routing.,2025-07-21 00:08:07.608852,
1885,2,Customer Support,Forwarded (Correct),True,"Received from Public Relations, correctly routed for Staff Behavior.",2025-07-21 02:16:06.979632,
1885,3,Customer Support,Reviewed,True,Issue verified and resolved after review.,2025-07-23 06:09:17.286696,Resolved
1886,1,Public Relations,Received,,Complaint logged and reviewed for routing.,2025-08-15 16:38:28.219831,
1886,2,Customer Support,Forwarded (Correct),True,"Received from Public Relations, correctly routed for Staff Behavior.",2025-08-16 00:15:30.560236,
1886,3,Customer Support,Reviewed,True,"Still under investigation, pending further review.",2025-08-17 21:48:50.843884,Unresolved
1887,1,Public Relations,Received,,Complaint logged and reviewed for routing.,2025-07-12 15:23:26.657080,
1887,2,Billing,Forwarded (Correct),True,"Received from Public Relations, correctly routed for Billing Issue.",2025-07-12 18:53:31.617608,
1887,3,Billing,Reviewed,True,Waiting on additional information from the customer.,2025-07-16 03:43:24.556412,Unresolved
1888,1,Public Relations,Received,,Complaint logged and reviewed for routing.,2025-06-11 08:25:30.554066,
1888,2,Maintenance,Forwarded (Correct),True,"Received from Public Relations, correctly routed for Infrastructure.",2025-06-11 16:02:15.898675,
1888,3,Maintenance,Reviewed,True,Confirmed with the customer that the issue is fixed.,2025-06-15 09:59:38.054526,Resolved
1889,1,Public Relations,Received,,Complaint logged and reviewed for routing.,2025-01-17 12:18:15.924758,
1889,2,Operations,Forwarded (Correct),True,"Received from Public Relations, correctly routed for Service Delay.",2025-01-17 18:26:19.345671,
1889,3,Operations,Reviewed,True,Issue verified and resolved after review.,2025-01-19 16:22:56.162525,Resolved
1890,1,Public Relations,Received,,Complaint logged and reviewed for routing.,2025-03-04 13:23:41.981064,
1890,2,Billing,Forwarded (Correct),True,"Received from Public Relations, correctly routed for Billing Issue.",2025-03-04 17:20:15.053904,
1890,3,Billing,Reviewed,True,Escalated to senior staff for further action.,2025-03-05 06:27:58.248367,Unresolved
1891,1,Public Relations,Received,,Complaint logged and reviewed for routing.,2025-05-14 21:29:43.805238,
1891,2,Security,Forwarded (Correct),True,"Received from Public Relations, correctly routed for Safety Concern.",2025-05-14 23:04:27.254101,
1891,3,Security,Reviewed,True,Corrected the error and notified the customer.,2025-05-16 05:21:46.325845,Resolved
1892,1,Public Relations,Received,,Complaint logged and reviewed for routing.,2025-08-13 10:42:21.306440,
1892,2,Billing,Forwarded (Correct),True,"Received from Public Relations, correctly routed for Billing Issue.",2025-08-13 18:37:34.334420,
1892,3,Billing,Reviewed,True,Escalated to senior staff for further action.,2025-08-16 15:39:13.375978,Unresolved
1893,1,Public Relations,Received,,Complaint logged and reviewed for routing.,2025-09-28 14:16:00.664784,
1893,2,Customer Support,Forwarded (Correct),True,"Received from Public Relations, correctly routed for Staff Behavior.",2025-09-28 15:18:29.365618,
1893,3,Customer Support,Reviewed,True,"Still under investigation, pending further review.",2025-09-30 01:40:51.054655,Unresolved
1894,1,Public Relations,Received,,Complaint logged and reviewed for routing.,2025-07-02 15:52:32.519354,
1894,2,Billing,Forwarded (Correct),True,"Received from Public Relations, correctly routed for Billing Issue.",2025-07-02 20:46:12.733289,
1894,3,Billing,Reviewed,True,Issue verified and resolved after review.,2025-07-05 02:20:48.871258,Resolved
1895,1,Public Relations,Received,,Complaint logged and reviewed for routing.,2025-06-21 12:07:29.209195,
1895,2,Customer Support,Forwarded (Correct),True,"Received from Public Relations, correctly routed for Staff Behavior.",2025-06-21 17:59:01.836779,
1895,3,Customer Support,Reviewed,True,Corrected the error and notified the customer.,2025-06-24 06:11:04.270223,Resolved
1896,1,Public Relations,Received,,Complaint logged and reviewed for routing.,2025-07-02 09:32:10.487009,
1896,2,Customer Support,Forwarded (Correct),True,"Received from Public Relations, correctly routed for Staff Behavior.",2025-07-02 11:22:04.540289,
1896,3,Customer Support,Reviewed,True,Confirmed with the customer that the issue is fixed.,2025-07-02 20:29:22.343168,Resolved
1897,1,Public Relations,Received,,Complaint logged and reviewed for routing.,2025-07-12 10:13:43.595723,
1897,2,Billing,Forwarded (Correct),True,"Received from Public Relations, correctly routed for Billing Issue.",2025-07-12 15:47:35.460776,
1897,3,Billing,Reviewed,True,Resolved following standard procedure.,2025-07-12 23:13:05.556288,Resolved
1898,1,Public Relations,Received,,Complaint logged and reviewed for routing.,2025-11-24 17:01:19.950813,
1898,2,Billing,Forwarded (Correct),True,"Received from Public Relations, correctly routed for Billing Issue.",2025-11-24 23:18:17.698282,
1898,3,Billing,Reviewed,True,Waiting on additional information from the customer.,2025-11-28 07:47:22.770155,Unresolved
1899,1,Public Relations,Received,,Complaint logged and reviewed for routing.,2025-09-09 13:33:04.345504,
1899,2,Security,Forwarded (Incorrect),False,"This complaint does not belong to our department, forwarding to the correct team.",2025-09-09 18:03:59.927955,
1899,3,Operations,Forwarded (Re-routed),True,Re-routed from Security; now correctly assigned for Service Delay.,2025-09-10 05:27:22.496988,
1899,4,Operations,Reviewed,True,Escalated to senior staff for further action.,2025-09-13 12:15:03.350786,Unresolved
1900,1,Public Relations,Received,,Complaint logged and reviewed for routing.,2025-06-15 17:21:16.566661,
1900,2,Billing,Forwarded (Correct),True,"Received from Public Relations, correctly routed for Billing Issue.",2025-06-15 22:06:54.099305,
1900,3,Billing,Reviewed,True,Resolved following standard procedure.,2025-06-19 03:24:50.775769,Resolved
1901,1,Public Relations,Received,,Complaint logged and reviewed for routing.,2025-01-26 03:04:44.182802,
1901,2,Billing,Forwarded (Correct),True,"Received from Public Relations, correctly routed for Billing Issue.",2025-01-26 09:43:16.291784,
1901,3,Billing,Reviewed,True,Resolved following standard procedure.,2025-01-29 15:34:24.456505,Resolved
1902,1,Public Relations,Received,,Complaint logged and reviewed for routing.,2025-10-22 18:01:36.942812,
1902,2,Operations,Forwarded (Incorrect),False,"Incorrectly routed here, reassigning to the appropriate department.",2025-10-22 23:02:09.666424,
1902,3,Security,Forwarded (Re-routed),True,Re-routed from Operations; now correctly assigned for Safety Concern.,2025-10-23 21:43:47.672580,
1902,4,Security,Reviewed,True,Issue verified and resolved after review.,2025-10-27 14:15:52.764653,Resolved
1903,1,Public Relations,Received,,Complaint logged and reviewed for routing.,2025-07-27 17:57:27.725628,
1903,2,Customer Support,Forwarded (Correct),True,"Received from Public Relations, correctly routed for Staff Behavior.",2025-07-27 20:15:15.913045,
1903,3,Customer Support,Reviewed,True,"Still under investigation, pending further review.",2025-07-30 17:26:36.261061,Unresolved
1904,1,Public Relations,Received,,Complaint logged and reviewed for routing.,2025-10-07 17:22:48.060588,
1904,2,Administration,Forwarded (Incorrect),False,"Incorrectly routed here, reassigning to the appropriate department.",2025-10-08 00:31:45.586865,
1904,3,Billing,Forwarded (Re-routed),True,Re-routed from Administration; now correctly assigned for Billing Issue.,2025-10-08 04:44:04.572695,
1904,4,Billing,Reviewed,True,Resolved following standard procedure.,2025-10-09 01:23:43.352172,Resolved
1905,1,Public Relations,Received,,Complaint logged and reviewed for routing.,2025-08-06 21:20:17.691441,
1905,2,Customer Support,Forwarded (Correct),True,"Received from Public Relations, correctly routed for Staff Behavior.",2025-08-06 22:49:48.993675,
1905,3,Customer Support,Reviewed,True,Completed the requested action successfully.,2025-08-07 05:17:55.482586,Resolved
1906,1,Public Relations,Received,,Complaint logged and reviewed for routing.,2025-02-04 12:02:17.352068,
1906,2,Security,Forwarded (Correct),True,"Received from Public Relations, correctly routed for Safety Concern.",2025-02-04 13:38:44.352584,
1906,3,Security,Reviewed,True,Requires field visit before it can be closed.,2025-02-04 20:23:07.697681,Unresolved
1907,1,Public Relations,Received,,Complaint logged and reviewed for routing.,2025-12-10 09:21:30.224138,
1907,2,Security,Forwarded (Incorrect),False,"This complaint does not belong to our department, forwarding to the correct team.",2025-12-10 13:52:58.101977,
1907,3,Administration,Forwarded (Re-routed),True,Re-routed from Security; now correctly assigned for Corruption/Bribery.,2025-12-10 23:49:48.479754,
1907,4,Administration,Reviewed,True,Completed the requested action successfully.,2025-12-13 01:42:15.282177,Resolved
1908,1,Public Relations,Received,,Complaint logged and reviewed for routing.,2025-04-07 13:43:35.052167,
1908,2,Billing,Forwarded (Correct),True,"Received from Public Relations, correctly routed for Billing Issue.",2025-04-07 21:34:50.520865,
1908,3,Billing,Reviewed,True,Confirmed with the customer that the issue is fixed.,2025-04-09 01:59:31.939208,Resolved
1910,1,Public Relations,Received,,Complaint logged and reviewed for routing.,2025-02-21 16:20:32.676022,
1910,2,Customer Support,Forwarded (Correct),True,"Received from Public Relations, correctly routed for Appreciation.",2025-02-21 19:26:20.909369,
1910,3,Customer Support,Reviewed,True,Completed the requested action successfully.,2025-02-25 17:42:49.233734,Resolved
1911,1,Public Relations,Received,,Complaint logged and reviewed for routing.,2025-02-08 11:59:26.855589,
1911,2,Billing,Forwarded (Correct),True,"Received from Public Relations, correctly routed for Billing Issue.",2025-02-08 13:11:41.376484,
1911,3,Billing,Reviewed,True,Issue verified and resolved after review.,2025-02-09 23:36:42.980472,Resolved
1912,1,Public Relations,Received,,Complaint logged and reviewed for routing.,2025-07-24 14:56:29.450644,
1912,2,Operations,Forwarded (Correct),True,"Received from Public Relations, correctly routed for Service Delay.",2025-07-24 22:56:02.733090,
1912,3,Operations,Reviewed,True,Waiting on additional information from the customer.,2025-07-28 21:38:26.490377,Unresolved
1913,1,Public Relations,Received,,Complaint logged and reviewed for routing.,2025-06-15 19:00:43.461327,
1913,2,Billing,Forwarded (Correct),True,"Received from Public Relations, correctly routed for Billing Issue.",2025-06-15 20:23:13.851605,
1913,3,Billing,Reviewed,True,"Still under investigation, pending further review.",2025-06-19 03:15:46.121600,Unresolved
1914,1,Public Relations,Received,,Complaint logged and reviewed for routing.,2025-09-24 20:22:05.561759,
1914,2,Maintenance,Forwarded (Correct),True,"Received from Public Relations, correctly routed for Infrastructure.",2025-09-25 04:00:04.447532,
1914,3,Maintenance,Reviewed,True,Requires field visit before it can be closed.,2025-09-28 15:57:35.371138,Unresolved
1915,1,Public Relations,Received,,Complaint logged and reviewed for routing.,2025-04-15 15:55:06.642105,
1915,2,Customer Support,Forwarded (Correct),True,"Received from Public Relations, correctly routed for Appreciation.",2025-04-15 18:09:15.082248,
1915,3,Customer Support,Reviewed,True,Waiting on additional information from the customer.,2025-04-17 15:03:40.443813,Unresolved
1916,1,Public Relations,Received,,Complaint logged and reviewed for routing.,2025-09-23 10:18:27.660782,
1916,2,Customer Support,Forwarded (Correct),True,"Received from Public Relations, correctly routed for Staff Behavior.",2025-09-23 16:23:19.762429,
1916,3,Customer Support,Reviewed,True,Completed the requested action successfully.,2025-09-26 08:21:06.071810,Resolved
1917,1,Public Relations,Received,,Complaint logged and reviewed for routing.,2025-10-18 18:08:04.793139,
1917,2,Maintenance,Forwarded (Correct),True,"Received from Public Relations, correctly routed for Infrastructure.",2025-10-19 00:39:49.701192,
1917,3,Maintenance,Reviewed,True,Resolved following standard procedure.,2025-10-21 18:44:23.677702,Resolved
1918,1,Public Relations,Received,,Complaint logged and reviewed for routing.,2025-06-19 15:50:06.353618,
1918,2,Billing,Forwarded (Correct),True,"Received from Public Relations, correctly routed for Billing Issue.",2025-06-19 19:34:53.750619,
1918,3,Billing,Reviewed,True,Corrected the error and notified the customer.,2025-06-22 15:34:35.385619,Resolved
1919,1,Public Relations,Received,,Complaint logged and reviewed for routing.,2025-08-14 11:22:43.818682,
1919,2,Billing,Forwarded (Correct),True,"Received from Public Relations, correctly routed for Billing Issue.",2025-08-14 18:03:09.707856,
1919,3,Billing,Reviewed,True,Issue verified and resolved after review.,2025-08-18 15:06:09.434530,Resolved
1920,1,Public Relations,Received,,Complaint logged and reviewed for routing.,2025-12-21 14:26:34.964160,
1920,2,Operations,Forwarded (Incorrect),False,"Not within our scope, sending to the relevant department.",2025-12-21 18:57:41.347395,
1920,3,Administration,Forwarded (Re-routed),True,Re-routed from Operations; now correctly assigned for Corruption/Bribery.,2025-12-22 07:11:51.346093,
1920,4,Administration,Reviewed,True,Resolved following standard procedure.,2025-12-24 15:08:01.505376,Resolved
1921,1,Public Relations,Received,,Complaint logged and reviewed for routing.,2025-07-28 19:02:02.420988,
1921,2,Administration,Forwarded (Correct),True,"Received from Public Relations, correctly routed for Corruption/Bribery.",2025-07-29 02:54:58.849354,
1921,3,Administration,Reviewed,True,On hold due to resource availability.,2025-07-31 18:07:43.214849,Unresolved
1922,1,Public Relations,Received,,Complaint logged and reviewed for routing.,2025-03-27 09:26:10.972494,
1922,2,Customer Support,Forwarded (Incorrect),False,"Not within our scope, sending to the relevant department.",2025-03-27 17:14:36.046150,
1922,3,Administration,Forwarded (Re-routed),True,Re-routed from Customer Support; now correctly assigned for Corruption/Bribery.,2025-03-28 09:47:52.671531,
1922,4,Administration,Reviewed,True,"Still under investigation, pending further review.",2025-03-31 18:36:02.642435,Unresolved
1923,1,Public Relations,Received,,Complaint logged and reviewed for routing.,2025-12-18 10:59:12.937899,
1923,2,Administration,Forwarded (Correct),True,"Received from Public Relations, correctly routed for Corruption/Bribery.",2025-12-18 15:14:02.047191,
1923,3,Administration,Reviewed,True,Resolved following standard procedure.,2025-12-20 05:56:49.614817,Resolved
1924,1,Public Relations,Received,,Complaint logged and reviewed for routing.,2025-09-22 20:08:45.742481,
1924,2,Operations,Forwarded (Incorrect),False,"Not within our scope, sending to the relevant department.",2025-09-22 22:49:53.780869,
1924,3,Customer Support,Forwarded (Re-routed),True,Re-routed from Operations; now correctly assigned for Appreciation.,2025-09-23 22:06:15.349180,
1924,4,Customer Support,Reviewed,True,Issue verified and resolved after review.,2025-09-25 05:02:52.267490,Resolved
1925,1,Public Relations,Received,,Complaint logged and reviewed for routing.,2025-07-13 08:06:28.219655,
1925,2,Customer Support,Forwarded (Incorrect),False,"This complaint does not belong to our department, forwarding to the correct team.",2025-07-13 14:08:39.252424,
1925,3,Security,Forwarded (Re-routed),True,Re-routed from Customer Support; now correctly assigned for Safety Concern.,2025-07-14 06:29:50.380145,
1925,4,Security,Reviewed,True,Completed the requested action successfully.,2025-07-15 23:26:06.174628,Resolved
1926,1,Public Relations,Received,,Complaint logged and reviewed for routing.,2025-04-21 10:14:07.996663,
1926,2,Security,Forwarded (Correct),True,"Received from Public Relations, correctly routed for Safety Concern.",2025-04-21 12:24:55.757319,
1926,3,Security,Reviewed,True,Requires field visit before it can be closed.,2025-04-21 23:38:22.176894,Unresolved
1927,1,Public Relations,Received,,Complaint logged and reviewed for routing.,2025-10-16 09:21:01.850099,
1927,2,Maintenance,Forwarded (Correct),True,"Received from Public Relations, correctly routed for Infrastructure.",2025-10-16 12:22:39.434023,
1927,3,Maintenance,Reviewed,True,Completed the requested action successfully.,2025-10-18 15:23:49.401076,Resolved
1928,1,Public Relations,Received,,Complaint logged and reviewed for routing.,2025-05-07 13:35:59.591814,
1928,2,Operations,Forwarded (Correct),True,"Received from Public Relations, correctly routed for Service Delay.",2025-05-07 19:27:45.550790,
1928,3,Operations,Reviewed,True,Resolved following standard procedure.,2025-05-11 08:17:12.906289,Resolved
1929,1,Public Relations,Received,,Complaint logged and reviewed for routing.,2025-05-07 09:17:25.895900,
1929,2,Billing,Forwarded (Correct),True,"Received from Public Relations, correctly routed for Billing Issue.",2025-05-07 12:27:07.657808,
1929,3,Billing,Reviewed,True,Confirmed with the customer that the issue is fixed.,2025-05-11 08:17:34.861154,Resolved
1930,1,Public Relations,Received,,Complaint logged and reviewed for routing.,2025-06-12 09:08:08.802483,
1930,2,Customer Support,Forwarded (Incorrect),False,"Incorrectly routed here, reassigning to the appropriate department.",2025-06-12 14:34:24.042085,
1930,3,Operations,Forwarded (Re-routed),True,Re-routed from Customer Support; now correctly assigned for Service Delay.,2025-06-12 22:30:20.680464,
1930,4,Operations,Reviewed,True,Resolved following standard procedure.,2025-06-15 07:35:26.658647,Resolved
1931,1,Public Relations,Received,,Complaint logged and reviewed for routing.,2025-04-14 12:36:59.403538,
1931,2,Operations,Forwarded (Correct),True,"Received from Public Relations, correctly routed for Service Delay.",2025-04-14 14:31:58.091792,
1931,3,Operations,Reviewed,True,Corrected the error and notified the customer.,2025-04-18 03:26:49.116444,Resolved
1932,1,Public Relations,Received,,Complaint logged and reviewed for routing.,2025-07-12 16:24:10.027254,
1932,2,Maintenance,Forwarded (Correct),True,"Received from Public Relations, correctly routed for Infrastructure.",2025-07-12 22:45:18.422520,
1932,3,Maintenance,Reviewed,True,"Still under investigation, pending further review.",2025-07-14 14:04:47.753186,Unresolved
1933,1,Public Relations,Received,,Complaint logged and reviewed for routing.,2025-06-19 11:42:59.922796,
1933,2,Security,Forwarded (Correct),True,"Received from Public Relations, correctly routed for Safety Concern.",2025-06-19 15:29:49.642069,
1933,3,Security,Reviewed,True,Confirmed with the customer that the issue is fixed.,2025-06-23 08:10:05.637652,Resolved
1934,1,Public Relations,Received,,Complaint logged and reviewed for routing.,2025-01-16 09:51:29.261663,
1934,2,Customer Support,Forwarded (Correct),True,"Received from Public Relations, correctly routed for Appreciation.",2025-01-16 15:02:40.520929,
1934,3,Customer Support,Reviewed,True,Corrected the error and notified the customer.,2025-01-18 20:32:03.964746,Resolved
1935,1,Public Relations,Received,,Complaint logged and reviewed for routing.,2025-09-23 10:36:24.656902,
1935,2,Operations,Forwarded (Incorrect),False,"This complaint does not belong to our department, forwarding to the correct team.",2025-09-23 13:14:21.798542,
1935,3,Billing,Forwarded (Re-routed),True,Re-routed from Operations; now correctly assigned for Billing Issue.,2025-09-23 23:46:59.930220,
1935,4,Billing,Reviewed,True,Corrected the error and notified the customer.,2025-09-27 08:00:13.017834,Resolved
1936,1,Public Relations,Received,,Complaint logged and reviewed for routing.,2025-01-10 08:36:48.965790,
1936,2,Operations,Forwarded (Correct),True,"Received from Public Relations, correctly routed for Service Delay.",2025-01-10 12:51:50.146751,
1936,3,Operations,Reviewed,True,Resolved following standard procedure.,2025-01-13 07:32:05.917998,Resolved
1937,1,Public Relations,Received,,Complaint logged and reviewed for routing.,2025-01-05 11:29:35.746838,
1937,2,Maintenance,Forwarded (Correct),True,"Received from Public Relations, correctly routed for Infrastructure.",2025-01-05 14:08:48.826312,
1937,3,Maintenance,Reviewed,True,Issue verified and resolved after review.,2025-01-09 00:28:56.736400,Resolved
1938,1,Public Relations,Received,,Complaint logged and reviewed for routing.,2025-03-09 12:25:28.802839,
1938,2,Customer Support,Forwarded (Correct),True,"Received from Public Relations, correctly routed for Staff Behavior.",2025-03-09 15:07:01.015044,
1938,3,Customer Support,Reviewed,True,Issue verified and resolved after review.,2025-03-10 10:26:44.232259,Resolved
1939,1,Public Relations,Received,,Complaint logged and reviewed for routing.,2025-04-04 19:39:12.338236,
1939,2,Maintenance,Forwarded (Correct),True,"Received from Public Relations, correctly routed for Infrastructure.",2025-04-04 22:34:55.959819,
1939,3,Maintenance,Reviewed,True,Corrected the error and notified the customer.,2025-04-05 08:18:53.318677,Resolved
1940,1,Public Relations,Received,,Complaint logged and reviewed for routing.,2025-01-20 13:43:11.997247,
1940,2,Operations,Forwarded (Correct),True,"Received from Public Relations, correctly routed for Service Delay.",2025-01-20 16:53:52.241788,
1940,3,Operations,Reviewed,True,Completed the requested action successfully.,2025-01-21 00:35:34.791593,Resolved
1941,1,Public Relations,Received,,Complaint logged and reviewed for routing.,2025-04-13 17:37:21.789959,
1941,2,Billing,Forwarded (Correct),True,"Received from Public Relations, correctly routed for Billing Issue.",2025-04-13 22:37:10.886394,
1941,3,Billing,Reviewed,True,Resolved following standard procedure.,2025-04-17 02:31:24.424230,Resolved
1942,1,Public Relations,Received,,Complaint logged and reviewed for routing.,2025-05-08 15:04:47.740513,
1942,2,Security,Forwarded (Correct),True,"Received from Public Relations, correctly routed for Safety Concern.",2025-05-08 22:09:06.585930,
1942,3,Security,Reviewed,True,Corrected the error and notified the customer.,2025-05-12 15:57:53.736466,Resolved
1943,1,Public Relations,Received,,Complaint logged and reviewed for routing.,2025-10-04 08:59:49.636506,
1943,2,Operations,Forwarded (Correct),True,"Received from Public Relations, correctly routed for Service Delay.",2025-10-04 15:30:37.738382,
1943,3,Operations,Reviewed,True,"Still under investigation, pending further review.",2025-10-07 05:25:35.527520,Unresolved
1944,1,Public Relations,Received,,Complaint logged and reviewed for routing.,2025-10-14 14:11:08.727772,
1944,2,Customer Support,Forwarded (Correct),True,"Received from Public Relations, correctly routed for Staff Behavior.",2025-10-14 16:32:43.498723,
1944,3,Customer Support,Reviewed,True,Issue verified and resolved after review.,2025-10-15 15:51:33.028780,Resolved
1945,1,Public Relations,Received,,Complaint logged and reviewed for routing.,2025-06-02 07:47:54.047651,
1945,2,Maintenance,Forwarded (Correct),True,"Received from Public Relations, correctly routed for Infrastructure.",2025-06-02 10:19:10.215424,
1945,3,Maintenance,Reviewed,True,Corrected the error and notified the customer.,2025-06-03 19:57:39.281623,Resolved
1946,1,Public Relations,Received,,Complaint logged and reviewed for routing.,2025-11-22 12:50:54.403028,
1946,2,Administration,Forwarded (Incorrect),False,"This complaint does not belong to our department, forwarding to the correct team.",2025-11-22 15:33:44.842915,
1946,3,Billing,Forwarded (Re-routed),True,Re-routed from Administration; now correctly assigned for Billing Issue.,2025-11-23 00:08:57.690490,
1946,4,Billing,Reviewed,True,Resolved following standard procedure.,2025-11-25 15:28:12.577252,Resolved
1947,1,Public Relations,Received,,Complaint logged and reviewed for routing.,2025-02-06 06:44:19.463954,
1947,2,Customer Support,Forwarded (Correct),True,"Received from Public Relations, correctly routed for Appreciation.",2025-02-06 08:36:08.102289,
1947,3,Customer Support,Reviewed,True,Corrected the error and notified the customer.,2025-02-10 00:18:45.043119,Resolved
1948,1,Public Relations,Received,,Complaint logged and reviewed for routing.,2025-06-09 12:21:38.040765,
1948,2,Maintenance,Forwarded (Correct),True,"Received from Public Relations, correctly routed for Infrastructure.",2025-06-09 20:12:25.019916,
1948,3,Maintenance,Reviewed,True,Escalated to senior staff for further action.,2025-06-12 13:31:05.558907,Unresolved
1949,1,Public Relations,Received,,Complaint logged and reviewed for routing.,2025-07-08 12:41:54.927699,
1949,2,Maintenance,Forwarded (Correct),True,"Received from Public Relations, correctly routed for Infrastructure.",2025-07-08 14:36:01.661944,
1949,3,Maintenance,Reviewed,True,Waiting on additional information from the customer.,2025-07-12 01:22:16.663070,Unresolved
1950,1,Public Relations,Received,,Complaint logged and reviewed for routing.,2025-07-01 15:46:10.875331,
1950,2,Billing,Forwarded (Correct),True,"Received from Public Relations, correctly routed for Billing Issue.",2025-07-01 17:09:57.395206,
1950,3,Billing,Reviewed,True,Resolved following standard procedure.,2025-07-04 10:22:44.672469,Resolved
1951,1,Public Relations,Received,,Complaint logged and reviewed for routing.,2025-05-08 17:03:08.548581,
1951,2,Billing,Forwarded (Correct),True,"Received from Public Relations, correctly routed for Billing Issue.",2025-05-08 18:34:30.276122,
1951,3,Billing,Reviewed,True,Corrected the error and notified the customer.,2025-05-11 20:15:48.730053,Resolved
1952,1,Public Relations,Received,,Complaint logged and reviewed for routing.,2025-02-13 18:13:36.406083,
1952,2,Customer Support,Forwarded (Correct),True,"Received from Public Relations, correctly routed for Staff Behavior.",2025-02-14 00:31:47.935198,
1952,3,Customer Support,Reviewed,True,Issue verified and resolved after review.,2025-02-16 10:35:03.286903,Resolved
1953,1,Public Relations,Received,,Complaint logged and reviewed for routing.,2025-10-05 18:08:21.913774,
1953,2,Billing,Forwarded (Correct),True,"Received from Public Relations, correctly routed for Billing Issue.",2025-10-06 01:37:24.968295,
1953,3,Billing,Reviewed,True,Corrected the error and notified the customer.,2025-10-07 11:46:53.419587,Resolved
1954,1,Public Relations,Received,,Complaint logged and reviewed for routing.,2025-08-15 00:20:11.143334,
1954,2,Customer Support,Forwarded (Correct),True,"Received from Public Relations, correctly routed for Staff Behavior.",2025-08-15 05:49:13.571997,
1954,3,Customer Support,Reviewed,True,Confirmed with the customer that the issue is fixed.,2025-08-16 21:16:23.931586,Resolved
1955,1,Public Relations,Received,,Complaint logged and reviewed for routing.,2025-01-11 11:34:37.489248,
1955,2,Operations,Forwarded (Correct),True,"Received from Public Relations, correctly routed for Service Delay.",2025-01-11 13:01:50.471497,
1955,3,Operations,Reviewed,True,Issue verified and resolved after review.,2025-01-12 20:44:56.963479,Resolved
1956,1,Public Relations,Received,,Complaint logged and reviewed for routing.,2025-10-08 14:38:03.514801,
1956,2,Operations,Forwarded (Correct),True,"Received from Public Relations, correctly routed for Service Delay.",2025-10-08 17:01:44.182067,
1956,3,Operations,Reviewed,True,Corrected the error and notified the customer.,2025-10-10 12:25:38.749992,Resolved
1957,1,Public Relations,Received,,Complaint logged and reviewed for routing.,2025-11-21 13:52:37.519115,
1957,2,Administration,Forwarded (Correct),True,"Received from Public Relations, correctly routed for Corruption/Bribery.",2025-11-21 16:40:14.846527,
1957,3,Administration,Reviewed,True,Requires field visit before it can be closed.,2025-11-23 00:15:54.270632,Unresolved
1958,1,Public Relations,Received,,Complaint logged and reviewed for routing.,2025-08-14 17:35:45.076560,
1958,2,Security,Forwarded (Correct),True,"Received from Public Relations, correctly routed for Safety Concern.",2025-08-14 23:42:59.828426,
1958,3,Security,Reviewed,True,Corrected the error and notified the customer.,2025-08-17 03:30:42.494024,Resolved
1959,1,Public Relations,Received,,Complaint logged and reviewed for routing.,2025-06-13 12:11:38.155646,
1959,2,Security,Forwarded (Correct),True,"Received from Public Relations, correctly routed for Safety Concern.",2025-06-13 19:23:46.496500,
1959,3,Security,Reviewed,True,Confirmed with the customer that the issue is fixed.,2025-06-16 12:45:35.161859,Resolved
1960,1,Public Relations,Received,,Complaint logged and reviewed for routing.,2025-08-10 11:14:29.938122,
1960,2,Operations,Forwarded (Correct),True,"Received from Public Relations, correctly routed for Service Delay.",2025-08-10 19:01:36.486283,
1960,3,Operations,Reviewed,True,Issue verified and resolved after review.,2025-08-13 12:33:09.318095,Resolved
1961,1,Public Relations,Received,,Complaint logged and reviewed for routing.,2025-08-22 14:18:11.673187,
1961,2,Billing,Forwarded (Incorrect),False,"Incorrectly routed here, reassigning to the appropriate department.",2025-08-22 19:15:28.938862,
1961,3,Security,Forwarded (Re-routed),True,Re-routed from Billing; now correctly assigned for Safety Concern.,2025-08-23 18:47:19.743634,
1961,4,Security,Reviewed,True,Corrected the error and notified the customer.,2025-08-25 08:42:40.087583,Resolved
1962,1,Public Relations,Received,,Complaint logged and reviewed for routing.,2025-08-11 10:31:26.544453,
1962,2,Customer Support,Forwarded (Correct),True,"Received from Public Relations, correctly routed for Staff Behavior.",2025-08-11 15:16:01.794699,
1962,3,Customer Support,Reviewed,True,Confirmed with the customer that the issue is fixed.,2025-08-13 00:36:33.310762,Resolved
1963,1,Public Relations,Received,,Complaint logged and reviewed for routing.,2025-11-20 21:37:09.241910,
1963,2,Maintenance,Forwarded (Correct),True,"Received from Public Relations, correctly routed for Infrastructure.",2025-11-21 05:05:32.132089,
1963,3,Maintenance,Reviewed,True,"Still under investigation, pending further review.",2025-11-24 06:14:06.364689,Unresolved
1964,1,Public Relations,Received,,Complaint logged and reviewed for routing.,2025-05-10 09:40:59.877848,
1964,2,Security,Forwarded (Incorrect),False,"Not within our scope, sending to the relevant department.",2025-05-10 16:07:54.488725,
1964,3,Customer Support,Forwarded (Re-routed),True,Re-routed from Security; now correctly assigned for Appreciation.,2025-05-10 21:49:36.625329,
1964,4,Customer Support,Reviewed,True,Confirmed with the customer that the issue is fixed.,2025-05-11 17:29:50.906889,Resolved
1965,1,Public Relations,Received,,Complaint logged and reviewed for routing.,2025-06-22 13:03:28.803095,
1965,2,Customer Support,Forwarded (Incorrect),False,"Incorrectly routed here, reassigning to the appropriate department.",2025-06-22 18:30:34.902583,
1965,3,Operations,Forwarded (Re-routed),True,Re-routed from Customer Support; now correctly assigned for Service Delay.,2025-06-23 01:31:51.224200,
1965,4,Operations,Reviewed,True,Confirmed with the customer that the issue is fixed.,2025-06-25 11:29:27.627207,Resolved
1966,1,Public Relations,Received,,Complaint logged and reviewed for routing.,2025-03-22 15:35:05.881448,
1966,2,Security,Forwarded (Correct),True,"Received from Public Relations, correctly routed for Safety Concern.",2025-03-22 23:09:53.899949,
1966,3,Security,Reviewed,True,Corrected the error and notified the customer.,2025-03-24 09:46:08.141243,Resolved
1967,1,Public Relations,Received,,Complaint logged and reviewed for routing.,2025-07-04 13:39:53.914793,
1967,2,Security,Forwarded (Correct),True,"Received from Public Relations, correctly routed for Safety Concern.",2025-07-04 16:39:11.991875,
1967,3,Security,Reviewed,True,Issue verified and resolved after review.,2025-07-08 02:59:49.865982,Resolved
1968,1,Public Relations,Received,,Complaint logged and reviewed for routing.,2025-03-21 16:12:34.326596,
1968,2,Billing,Forwarded (Correct),True,"Received from Public Relations, correctly routed for Billing Issue.",2025-03-21 21:40:54.520745,
1968,3,Billing,Reviewed,True,Issue verified and resolved after review.,2025-03-23 15:34:45.775118,Resolved
1970,1,Public Relations,Received,,Complaint logged and reviewed for routing.,2025-01-07 11:09:18.939877,
1970,2,Maintenance,Forwarded (Incorrect),False,"Incorrectly routed here, reassigning to the appropriate department.",2025-01-07 15:20:00.483612,
1970,3,Customer Support,Forwarded (Re-routed),True,Re-routed from Maintenance; now correctly assigned for Appreciation.,2025-01-08 04:34:50.595973,
1970,4,Customer Support,Reviewed,True,Corrected the error and notified the customer.,2025-01-10 15:45:49.724018,Resolved
1971,1,Public Relations,Received,,Complaint logged and reviewed for routing.,2025-07-14 09:24:56.063130,
1971,2,Customer Support,Forwarded (Correct),True,"Received from Public Relations, correctly routed for Appreciation.",2025-07-14 13:49:05.139485,
1971,3,Customer Support,Reviewed,True,On hold due to resource availability.,2025-07-18 03:26:28.571506,Unresolved
1972,1,Public Relations,Received,,Complaint logged and reviewed for routing.,2025-06-11 10:51:10.532438,
1972,2,Security,Forwarded (Incorrect),False,"This complaint does not belong to our department, forwarding to the correct team.",2025-06-11 14:58:28.294183,
1972,3,Maintenance,Forwarded (Re-routed),True,Re-routed from Security; now correctly assigned for Infrastructure.,2025-06-12 05:27:34.777153,
1972,4,Maintenance,Reviewed,True,Requires field visit before it can be closed.,2025-06-15 19:02:01.839616,Unresolved
1973,1,Public Relations,Received,,Complaint logged and reviewed for routing.,2025-05-18 19:33:39.193438,
1973,2,Billing,Forwarded (Correct),True,"Received from Public Relations, correctly routed for Billing Issue.",2025-05-18 22:16:47.069616,
1973,3,Billing,Reviewed,True,On hold due to resource availability.,2025-05-21 05:30:17.442526,Unresolved
1974,1,Public Relations,Received,,Complaint logged and reviewed for routing.,2025-01-04 11:32:05.173114,
1974,2,Billing,Forwarded (Correct),True,"Received from Public Relations, correctly routed for Billing Issue.",2025-01-04 16:24:14.099540,
1974,3,Billing,Reviewed,True,Confirmed with the customer that the issue is fixed.,2025-01-05 20:49:32.418173,Resolved
1975,1,Public Relations,Received,,Complaint logged and reviewed for routing.,2025-04-20 13:09:36.877720,
1975,2,Maintenance,Forwarded (Incorrect),False,"Not within our scope, sending to the relevant department.",2025-04-20 18:18:10.748405,
1975,3,Customer Support,Forwarded (Re-routed),True,Re-routed from Maintenance; now correctly assigned for Staff Behavior.,2025-04-21 09:17:00.658478,
1975,4,Customer Support,Reviewed,True,Issue verified and resolved after review.,2025-04-22 00:16:57.664265,Resolved
1976,1,Public Relations,Received,,Complaint logged and reviewed for routing.,2025-01-19 17:55:31.959928,
1976,2,Operations,Forwarded (Incorrect),False,"Not within our scope, sending to the relevant department.",2025-01-19 21:33:26.202560,
1976,3,Administration,Forwarded (Re-routed),True,Re-routed from Operations; now correctly assigned for Corruption/Bribery.,2025-01-20 14:21:17.575139,
1976,4,Administration,Reviewed,True,Resolved following standard procedure.,2025-01-22 10:07:35.119664,Resolved
1977,1,Public Relations,Received,,Complaint logged and reviewed for routing.,2025-01-06 13:12:38.361678,
1977,2,Billing,Forwarded (Correct),True,"Received from Public Relations, correctly routed for Billing Issue.",2025-01-06 20:14:11.077883,
1977,3,Billing,Reviewed,True,Issue verified and resolved after review.,2025-01-09 02:19:43.018509,Resolved
1978,1,Public Relations,Received,,Complaint logged and reviewed for routing.,2025-02-28 17:47:13.058146,
1978,2,Security,Forwarded (Correct),True,"Received from Public Relations, correctly routed for Safety Concern.",2025-02-28 21:58:13.845129,
1978,3,Security,Reviewed,True,Requires field visit before it can be closed.,2025-03-01 20:14:16.287987,Unresolved
1979,1,Public Relations,Received,,Complaint logged and reviewed for routing.,2025-05-01 18:04:06.220535,
1979,2,Administration,Forwarded (Correct),True,"Received from Public Relations, correctly routed for Corruption/Bribery.",2025-05-01 22:21:48.859020,
1979,3,Administration,Reviewed,True,Confirmed with the customer that the issue is fixed.,2025-05-02 20:15:43.449754,Resolved
1980,1,Public Relations,Received,,Complaint logged and reviewed for routing.,2025-02-03 11:07:05.575885,
1980,2,Customer Support,Forwarded (Correct),True,"Received from Public Relations, correctly routed for Staff Behavior.",2025-02-03 16:45:45.811601,
1980,3,Customer Support,Reviewed,True,Corrected the error and notified the customer.,2025-02-04 19:05:43.830322,Resolved
1981,1,Public Relations,Received,,Complaint logged and reviewed for routing.,2025-01-25 10:33:33.577816,
1981,2,Maintenance,Forwarded (Incorrect),False,"Not within our scope, sending to the relevant department.",2025-01-25 12:54:07.395829,
1981,3,Administration,Forwarded (Re-routed),True,Re-routed from Maintenance; now correctly assigned for Corruption/Bribery.,2025-01-26 08:24:28.215776,
1981,4,Administration,Reviewed,True,Escalated to senior staff for further action.,2025-01-28 04:03:41.879000,Unresolved
1982,1,Public Relations,Received,,Complaint logged and reviewed for routing.,2025-05-01 19:09:22.140428,
1982,2,Administration,Forwarded (Incorrect),False,"Not within our scope, sending to the relevant department.",2025-05-01 20:47:40.384520,
1982,3,Security,Forwarded (Re-routed),True,Re-routed from Administration; now correctly assigned for Safety Concern.,2025-05-02 06:45:28.386157,
1982,4,Security,Reviewed,True,Resolved following standard procedure.,2025-05-04 05:17:20.562507,Resolved
1983,1,Public Relations,Received,,Complaint logged and reviewed for routing.,2025-03-03 02:25:11.602019,
1983,2,Billing,Forwarded (Incorrect),False,"Incorrectly routed here, reassigning to the appropriate department.",2025-03-03 04:07:33.120929,
1983,3,Maintenance,Forwarded (Re-routed),True,Re-routed from Billing; now correctly assigned for Infrastructure.,2025-03-04 04:05:29.242972,
1983,4,Maintenance,Reviewed,True,Resolved following standard procedure.,2025-03-04 10:36:13.458301,Resolved
1984,1,Public Relations,Received,,Complaint logged and reviewed for routing.,2025-04-12 17:53:12.760961,
1984,2,Security,Forwarded (Correct),True,"Received from Public Relations, correctly routed for Safety Concern.",2025-04-12 22:31:48.439562,
1984,3,Security,Reviewed,True,"Still under investigation, pending further review.",2025-04-15 04:56:01.806216,Unresolved
1985,1,Public Relations,Received,,Complaint logged and reviewed for routing.,2025-12-22 18:01:17.542234,
1985,2,Operations,Forwarded (Correct),True,"Received from Public Relations, correctly routed for Service Delay.",2025-12-22 20:00:54.970589,
1985,3,Operations,Reviewed,True,Completed the requested action successfully.,2025-12-25 15:53:36.959336,Resolved
1986,1,Public Relations,Received,,Complaint logged and reviewed for routing.,2025-06-12 09:54:59.127437,
1986,2,Customer Support,Forwarded (Correct),True,"Received from Public Relations, correctly routed for Staff Behavior.",2025-06-12 15:37:44.715703,
1986,3,Customer Support,Reviewed,True,Confirmed with the customer that the issue is fixed.,2025-06-16 07:19:41.239346,Resolved
1987,1,Public Relations,Received,,Complaint logged and reviewed for routing.,2025-06-12 13:04:08.228506,
1987,2,Customer Support,Forwarded (Correct),True,"Received from Public Relations, correctly routed for Appreciation.",2025-06-12 16:45:26.297814,
1987,3,Customer Support,Reviewed,True,"Still under investigation, pending further review.",2025-06-13 21:49:13.445870,Unresolved
1988,1,Public Relations,Received,,Complaint logged and reviewed for routing.,2025-04-19 12:19:11.462033,
1988,2,Customer Support,Forwarded (Correct),True,"Received from Public Relations, correctly routed for Staff Behavior.",2025-04-19 14:08:04.280620,
1988,3,Customer Support,Reviewed,True,Corrected the error and notified the customer.,2025-04-23 07:32:14.430441,Resolved
1989,1,Public Relations,Received,,Complaint logged and reviewed for routing.,2025-06-25 21:08:00.663501,
1989,2,Administration,Forwarded (Correct),True,"Received from Public Relations, correctly routed for Corruption/Bribery.",2025-06-26 01:49:31.132061,
1989,3,Administration,Reviewed,True,On hold due to resource availability.,2025-06-27 22:09:32.837231,Unresolved
1990,1,Public Relations,Received,,Complaint logged and reviewed for routing.,2025-01-03 07:28:59.050980,
1990,2,Administration,Forwarded (Incorrect),False,"This complaint does not belong to our department, forwarding to the correct team.",2025-01-03 14:13:33.412368,
1990,3,Maintenance,Forwarded (Re-routed),True,Re-routed from Administration; now correctly assigned for Infrastructure.,2025-01-04 13:30:15.428083,
1990,4,Maintenance,Reviewed,True,Confirmed with the customer that the issue is fixed.,2025-01-05 11:24:58.979491,Resolved
1991,1,Public Relations,Received,,Complaint logged and reviewed for routing.,2025-05-06 11:51:06.125639,
1991,2,Billing,Forwarded (Correct),True,"Received from Public Relations, correctly routed for Billing Issue.",2025-05-06 18:41:45.953017,
1991,3,Billing,Reviewed,True,Resolved following standard procedure.,2025-05-08 11:54:32.622657,Resolved
1992,1,Public Relations,Received,,Complaint logged and reviewed for routing.,2025-08-19 19:34:40.043225,
1992,2,Operations,Forwarded (Correct),True,"Received from Public Relations, correctly routed for Service Delay.",2025-08-19 20:40:53.759509,
1992,3,Operations,Reviewed,True,Resolved following standard procedure.,2025-08-21 01:28:52.550048,Resolved
1993,1,Public Relations,Received,,Complaint logged and reviewed for routing.,2025-12-06 13:22:41.131840,
1993,2,Operations,Forwarded (Correct),True,"Received from Public Relations, correctly routed for Service Delay.",2025-12-06 18:14:30.807743,
1993,3,Operations,Reviewed,True,Waiting on additional information from the customer.,2025-12-09 16:06:43.463592,Unresolved
1994,1,Public Relations,Received,,Complaint logged and reviewed for routing.,2025-04-26 13:48:36.417887,
1994,2,Billing,Forwarded (Correct),True,"Received from Public Relations, correctly routed for Billing Issue.",2025-04-26 17:19:32.791976,
1994,3,Billing,Reviewed,True,Issue verified and resolved after review.,2025-04-27 23:35:15.760407,Resolved
1995,1,Public Relations,Received,,Complaint logged and reviewed for routing.,2025-07-06 12:44:54.329989,
1995,2,Security,Forwarded (Correct),True,"Received from Public Relations, correctly routed for Safety Concern.",2025-07-06 16:49:26.255132,
1995,3,Security,Reviewed,True,Issue verified and resolved after review.,2025-07-07 12:02:05.978781,Resolved
1996,1,Public Relations,Received,,Complaint logged and reviewed for routing.,2025-10-17 12:51:51.019306,
1996,2,Security,Forwarded (Correct),True,"Received from Public Relations, correctly routed for Safety Concern.",2025-10-17 14:32:54.384675,
1996,3,Security,Reviewed,True,Issue verified and resolved after review.,2025-10-20 07:42:37.380940,Resolved
1997,1,Public Relations,Received,,Complaint logged and reviewed for routing.,2025-10-08 18:11:27.975473,
1997,2,Billing,Forwarded (Correct),True,"Received from Public Relations, correctly routed for Billing Issue.",2025-10-09 00:49:40.474505,
1997,3,Billing,Reviewed,True,Corrected the error and notified the customer.,2025-10-12 10:10:50.191377,Resolved
1998,1,Public Relations,Received,,Complaint logged and reviewed for routing.,2025-03-04 10:00:18.148072,
1998,2,Customer Support,Forwarded (Correct),True,"Received from Public Relations, correctly routed for Staff Behavior.",2025-03-04 17:47:15.802347,
1998,3,Customer Support,Reviewed,True,Escalated to senior staff for further action.,2025-03-06 06:21:03.366772,Unresolved
1999,1,Public Relations,Received,,Complaint logged and reviewed for routing.,2025-03-10 06:25:06.765112,
1999,2,Billing,Forwarded (Correct),True,"Received from Public Relations, correctly routed for Billing Issue.",2025-03-10 08:54:21.396852,
1999,3,Billing,Reviewed,True,Completed the requested action successfully.,2025-03-12 17:37:35.972924,Resolved
2000,1,Public Relations,Received,,Complaint logged and reviewed for routing.,2025-11-15 14:36:18.753726,
2000,2,Customer Support,Forwarded (Correct),True,"Received from Public Relations, correctly routed for Staff Behavior.",2025-11-15 22:28:06.832607,
2000,3,Customer Support,Reviewed,True,Issue verified and resolved after review.,2025-11-18 08:14:50.106250,Resolved
2001,1,Public Relations,Received,,Complaint logged and reviewed for routing.,2025-12-06 14:38:51.199462,
2001,2,Security,Forwarded (Correct),True,"Received from Public Relations, correctly routed for Safety Concern.",2025-12-06 16:57:28.357141,
2001,3,Security,Reviewed,True,Corrected the error and notified the customer.,2025-12-09 11:58:44.574118,Resolved
2002,1,Public Relations,Received,,Complaint logged and reviewed for routing.,2025-12-27 15:01:49.817296,
2002,2,Maintenance,Forwarded (Incorrect),False,"This complaint does not belong to our department, forwarding to the correct team.",2025-12-27 20:14:56.417248,
2002,3,Billing,Forwarded (Re-routed),True,Re-routed from Maintenance; now correctly assigned for Billing Issue.,2025-12-28 19:34:18.042300,
2002,4,Billing,Reviewed,True,"Still under investigation, pending further review.",2026-01-01 05:59:13.128178,Unresolved
2003,1,Public Relations,Received,,Complaint logged and reviewed for routing.,2025-01-16 07:44:14.731306,
2003,2,Operations,Forwarded (Correct),True,"Received from Public Relations, correctly routed for Service Delay.",2025-01-16 13:31:12.680752,
2003,3,Operations,Reviewed,True,Completed the requested action successfully.,2025-01-18 02:48:49.171142,Resolved
2004,1,Public Relations,Received,,Complaint logged and reviewed for routing.,2025-09-24 05:17:26.325619,
2004,2,Customer Support,Forwarded (Correct),True,"Received from Public Relations, correctly routed for Staff Behavior.",2025-09-24 10:08:45.936809,
2004,3,Customer Support,Reviewed,True,Confirmed with the customer that the issue is fixed.,2025-09-27 05:28:20.673269,Resolved
2005,1,Public Relations,Received,,Complaint logged and reviewed for routing.,2025-11-09 19:16:13.492071,
2005,2,Billing,Forwarded (Correct),True,"Received from Public Relations, correctly routed for Billing Issue.",2025-11-10 00:26:41.260944,
2005,3,Billing,Reviewed,True,Corrected the error and notified the customer.,2025-11-11 20:46:11.927284,Resolved
2006,1,Public Relations,Received,,Complaint logged and reviewed for routing.,2025-03-02 08:31:33.910753,
2006,2,Administration,Forwarded (Correct),True,"Received from Public Relations, correctly routed for Corruption/Bribery.",2025-03-02 12:35:10.352916,
2006,3,Administration,Reviewed,True,Corrected the error and notified the customer.,2025-03-06 09:58:17.314513,Resolved
2007,1,Public Relations,Received,,Complaint logged and reviewed for routing.,2025-05-13 11:07:33.487035,
2007,2,Maintenance,Forwarded (Incorrect),False,"This complaint does not belong to our department, forwarding to the correct team.",2025-05-13 17:26:10.614830,
2007,3,Operations,Forwarded (Re-routed),True,Re-routed from Maintenance; now correctly assigned for Service Delay.,2025-05-14 16:11:58.368169,
2007,4,Operations,Reviewed,True,Resolved following standard procedure.,2025-05-15 18:19:23.514780,Resolved
2008,1,Public Relations,Received,,Complaint logged and reviewed for routing.,2025-07-02 07:35:02.941490,
2008,2,Operations,Forwarded (Correct),True,"Received from Public Relations, correctly routed for Service Delay.",2025-07-02 13:51:49.003673,
2008,3,Operations,Reviewed,True,Confirmed with the customer that the issue is fixed.,2025-07-02 20:45:38.645857,Resolved
2009,1,Public Relations,Received,,Complaint logged and reviewed for routing.,2025-05-17 14:53:07.083088,
2009,2,Operations,Forwarded (Correct),True,"Received from Public Relations, correctly routed for Service Delay.",2025-05-17 21:29:36.955221,
2009,3,Operations,Reviewed,True,Escalated to senior staff for further action.,2025-05-21 05:00:20.634766,Unresolved
2010,1,Public Relations,Received,,Complaint logged and reviewed for routing.,2025-04-17 10:49:44.745967,
2010,2,Operations,Forwarded (Incorrect),False,"Incorrectly routed here, reassigning to the appropriate department.",2025-04-17 11:49:48.853723,
2010,3,Billing,Forwarded (Re-routed),True,Re-routed from Operations; now correctly assigned for Billing Issue.,2025-04-18 11:00:59.884555,
2010,4,Billing,Reviewed,True,Requires field visit before it can be closed.,2025-04-20 13:21:17.503407,Unresolved
2011,1,Public Relations,Received,,Complaint logged and reviewed for routing.,2025-05-02 10:54:18.921866,
2011,2,Operations,Forwarded (Correct),True,"Received from Public Relations, correctly routed for Service Delay.",2025-05-02 16:34:27.392719,
2011,3,Operations,Reviewed,True,Issue verified and resolved after review.,2025-05-05 19:55:14.475196,Resolved
2012,1,Public Relations,Received,,Complaint logged and reviewed for routing.,2025-09-02 12:28:12.611161,
2012,2,Security,Forwarded (Correct),True,"Received from Public Relations, correctly routed for Safety Concern.",2025-09-02 17:13:33.291653,
2012,3,Security,Reviewed,True,Corrected the error and notified the customer.,2025-09-05 21:12:58.692001,Resolved
2013,1,Public Relations,Received,,Complaint logged and reviewed for routing.,2025-12-13 17:09:29.937794,
2013,2,Billing,Forwarded (Correct),True,"Received from Public Relations, correctly routed for Billing Issue.",2025-12-13 22:04:59.726136,
2013,3,Billing,Reviewed,True,Issue verified and resolved after review.,2025-12-15 09:29:25.114099,Resolved
2014,1,Public Relations,Received,,Complaint logged and reviewed for routing.,2025-02-13 10:10:14.546441,
2014,2,Billing,Forwarded (Correct),True,"Received from Public Relations, correctly routed for Billing Issue.",2025-02-13 11:30:20.403505,
2014,3,Billing,Reviewed,True,Resolved following standard procedure.,2025-02-16 11:02:27.434694,Resolved
2015,1,Public Relations,Received,,Complaint logged and reviewed for routing.,2025-04-19 16:16:48.059351,
2015,2,Billing,Forwarded (Correct),True,"Received from Public Relations, correctly routed for Billing Issue.",2025-04-19 21:47:35.577323,
2015,3,Billing,Reviewed,True,Confirmed with the customer that the issue is fixed.,2025-04-20 21:57:39.046521,Resolved
2016,1,Public Relations,Received,,Complaint logged and reviewed for routing.,2025-04-07 14:54:55.580567,
2016,2,Customer Support,Forwarded (Correct),True,"Received from Public Relations, correctly routed for Staff Behavior.",2025-04-07 19:16:44.830397,
2016,3,Customer Support,Reviewed,True,Confirmed with the customer that the issue is fixed.,2025-04-10 16:42:15.372125,Resolved
2017,1,Public Relations,Received,,Complaint logged and reviewed for routing.,2025-09-08 07:45:12.347032,
2017,2,Administration,Forwarded (Incorrect),False,"Not within our scope, sending to the relevant department.",2025-09-08 10:48:18.708623,
2017,3,Operations,Forwarded (Re-routed),True,Re-routed from Administration; now correctly assigned for Service Delay.,2025-09-09 08:55:36.747815,
2017,4,Operations,Reviewed,True,Issue verified and resolved after review.,2025-09-09 14:26:25.924554,Resolved
2018,1,Public Relations,Received,,Complaint logged and reviewed for routing.,2025-10-11 03:25:39.920386,
2018,2,Billing,Forwarded (Correct),True,"Received from Public Relations, correctly routed for Billing Issue.",2025-10-11 05:49:43.891396,
2018,3,Billing,Reviewed,True,Confirmed with the customer that the issue is fixed.,2025-10-12 16:28:52.305842,Resolved
2019,1,Public Relations,Received,,Complaint logged and reviewed for routing.,2025-07-18 18:13:02.681846,
2019,2,Administration,Forwarded (Incorrect),False,"Not within our scope, sending to the relevant department.",2025-07-19 01:14:54.137644,
2019,3,Customer Support,Forwarded (Re-routed),True,Re-routed from Administration; now correctly assigned for Appreciation.,2025-07-19 15:57:08.438799,
2019,4,Customer Support,Reviewed,True,Corrected the error and notified the customer.,2025-07-23 07:25:35.521823,Resolved
2020,1,Public Relations,Received,,Complaint logged and reviewed for routing.,2025-07-09 11:17:35.631123,
2020,2,Customer Support,Forwarded (Correct),True,"Received from Public Relations, correctly routed for Staff Behavior.",2025-07-09 18:51:18.645515,
2020,3,Customer Support,Reviewed,True,Issue verified and resolved after review.,2025-07-10 13:57:56.173893,Resolved
2021,1,Public Relations,Received,,Complaint logged and reviewed for routing.,2025-07-11 23:17:35.753864,
2021,2,Security,Forwarded (Correct),True,"Received from Public Relations, correctly routed for Safety Concern.",2025-07-12 05:33:12.617772,
2021,3,Security,Reviewed,True,Requires field visit before it can be closed.,2025-07-16 00:22:03.050624,Unresolved
2022,1,Public Relations,Received,,Complaint logged and reviewed for routing.,2025-05-28 15:26:42.732678,
2022,2,Billing,Forwarded (Correct),True,"Received from Public Relations, correctly routed for Billing Issue.",2025-05-28 17:07:30.424043,
2022,3,Billing,Reviewed,True,On hold due to resource availability.,2025-05-28 21:49:41.864597,Unresolved
2023,1,Public Relations,Received,,Complaint logged and reviewed for routing.,2025-11-08 19:35:25.838292,
2023,2,Administration,Forwarded (Correct),True,"Received from Public Relations, correctly routed for Corruption/Bribery.",2025-11-08 22:18:00.703057,
2023,3,Administration,Reviewed,True,Confirmed with the customer that the issue is fixed.,2025-11-11 06:57:48.023643,Resolved
2024,1,Public Relations,Received,,Complaint logged and reviewed for routing.,2025-09-14 11:28:42.426097,
2024,2,Customer Support,Forwarded (Correct),True,"Received from Public Relations, correctly routed for Staff Behavior.",2025-09-14 13:24:57.095819,
2024,3,Customer Support,Reviewed,True,On hold due to resource availability.,2025-09-17 15:27:56.142477,Unresolved
2025,1,Public Relations,Received,,Complaint logged and reviewed for routing.,2025-09-02 14:49:14.928758,
2025,2,Maintenance,Forwarded (Correct),True,"Received from Public Relations, correctly routed for Infrastructure.",2025-09-02 22:43:41.634418,
2025,3,Maintenance,Reviewed,True,Corrected the error and notified the customer.,2025-09-04 07:13:22.010597,Resolved
2026,1,Public Relations,Received,,Complaint logged and reviewed for routing.,2025-05-12 17:18:37.800944,
2026,2,Customer Support,Forwarded (Correct),True,"Received from Public Relations, correctly routed for Staff Behavior.",2025-05-12 19:32:57.380894,
2026,3,Customer Support,Reviewed,True,Escalated to senior staff for further action.,2025-05-13 02:25:48.959258,Unresolved
2027,1,Public Relations,Received,,Complaint logged and reviewed for routing.,2025-07-13 20:59:01.320407,
2027,2,Customer Support,Forwarded (Correct),True,"Received from Public Relations, correctly routed for Appreciation.",2025-07-14 02:38:33.956608,
2027,3,Customer Support,Reviewed,True,Confirmed with the customer that the issue is fixed.,2025-07-15 16:00:22.073317,Resolved
2028,1,Public Relations,Received,,Complaint logged and reviewed for routing.,2025-05-13 19:01:16.291712,
2028,2,Maintenance,Forwarded (Incorrect),False,"This complaint does not belong to our department, forwarding to the correct team.",2025-05-13 22:22:03.336536,
2028,3,Operations,Forwarded (Re-routed),True,Re-routed from Maintenance; now correctly assigned for Service Delay.,2025-05-14 09:12:23.527427,
2028,4,Operations,Reviewed,True,"Still under investigation, pending further review.",2025-05-15 13:59:46.878978,Unresolved
2029,1,Public Relations,Received,,Complaint logged and reviewed for routing.,2025-07-03 17:29:29.045244,
2029,2,Billing,Forwarded (Correct),True,"Received from Public Relations, correctly routed for Billing Issue.",2025-07-03 19:27:24.106613,
2029,3,Billing,Reviewed,True,Issue verified and resolved after review.,2025-07-06 01:58:46.929415,Resolved
2030,1,Public Relations,Received,,Complaint logged and reviewed for routing.,2025-07-02 21:17:10.878537,
2030,2,Administration,Forwarded (Incorrect),False,"This complaint does not belong to our department, forwarding to the correct team.",2025-07-03 01:31:29.370546,
2030,3,Customer Support,Forwarded (Re-routed),True,Re-routed from Administration; now correctly assigned for Appreciation.,2025-07-03 20:57:14.271433,
2030,4,Customer Support,Reviewed,True,Requires field visit before it can be closed.,2025-07-05 07:44:48.018063,Unresolved
2031,1,Public Relations,Received,,Complaint logged and reviewed for routing.,2025-01-10 01:38:30.722333,
2031,2,Billing,Forwarded (Incorrect),False,"Incorrectly routed here, reassigning to the appropriate department.",2025-01-10 06:32:27.667017,
2031,3,Maintenance,Forwarded (Re-routed),True,Re-routed from Billing; now correctly assigned for Infrastructure.,2025-01-11 06:07:05.139945,
2031,4,Maintenance,Reviewed,True,On hold due to resource availability.,2025-01-14 04:16:58.843974,Unresolved
2032,1,Public Relations,Received,,Complaint logged and reviewed for routing.,2025-10-07 16:49:12.532059,
2032,2,Customer Support,Forwarded (Correct),True,"Received from Public Relations, correctly routed for Appreciation.",2025-10-07 21:56:36.184020,
2032,3,Customer Support,Reviewed,True,Requires field visit before it can be closed.,2025-10-09 09:52:37.501914,Unresolved
2033,1,Public Relations,Received,,Complaint logged and reviewed for routing.,2025-05-27 16:23:55.917781,
2033,2,Billing,Forwarded (Correct),True,"Received from Public Relations, correctly routed for Billing Issue.",2025-05-27 23:10:19.024162,
2033,3,Billing,Reviewed,True,On hold due to resource availability.,2025-05-31 12:13:53.560814,Unresolved
2034,1,Public Relations,Received,,Complaint logged and reviewed for routing.,2025-10-06 15:48:09.282777,
2034,2,Billing,Forwarded (Correct),True,"Received from Public Relations, correctly routed for Billing Issue.",2025-10-06 22:02:52.610065,
2034,3,Billing,Reviewed,True,Resolved following standard procedure.,2025-10-10 06:44:21.016582,Resolved
2035,1,Public Relations,Received,,Complaint logged and reviewed for routing.,2025-01-28 23:36:24.999677,
2035,2,Maintenance,Forwarded (Correct),True,"Received from Public Relations, correctly routed for Infrastructure.",2025-01-29 07:03:07.726432,
2035,3,Maintenance,Reviewed,True,Completed the requested action successfully.,2025-01-31 17:22:03.083380,Resolved
2036,1,Public Relations,Received,,Complaint logged and reviewed for routing.,2025-05-21 08:52:33.513807,
2036,2,Customer Support,Forwarded (Incorrect),False,"Not within our scope, sending to the relevant department.",2025-05-21 15:00:10.508610,
2036,3,Operations,Forwarded (Re-routed),True,Re-routed from Customer Support; now correctly assigned for Service Delay.,2025-05-22 07:21:17.741072,
2036,4,Operations,Reviewed,True,Resolved following standard procedure.,2025-05-25 21:37:02.966941,Resolved
2037,1,Public Relations,Received,,Complaint logged and reviewed for routing.,2025-08-07 13:50:43.028264,
2037,2,Security,Forwarded (Correct),True,"Received from Public Relations, correctly routed for Safety Concern.",2025-08-07 18:36:21.689799,
2037,3,Security,Reviewed,True,Corrected the error and notified the customer.,2025-08-10 15:14:04.730407,Resolved
2038,1,Public Relations,Received,,Complaint logged and reviewed for routing.,2025-11-05 18:53:38.834481,
2038,2,Billing,Forwarded (Correct),True,"Received from Public Relations, correctly routed for Billing Issue.",2025-11-05 22:51:59.998560,
2038,3,Billing,Reviewed,True,Resolved following standard procedure.,2025-11-07 09:41:59.726076,Resolved
2039,1,Public Relations,Received,,Complaint logged and reviewed for routing.,2025-08-19 20:56:30.912373,
2039,2,Operations,Forwarded (Correct),True,"Received from Public Relations, correctly routed for Service Delay.",2025-08-19 22:35:17.480905,
2039,3,Operations,Reviewed,True,Confirmed with the customer that the issue is fixed.,2025-08-22 02:43:47.635200,Resolved
2040,1,Public Relations,Received,,Complaint logged and reviewed for routing.,2025-12-07 20:08:31.591996,
2040,2,Customer Support,Forwarded (Correct),True,"Received from Public Relations, correctly routed for Appreciation.",2025-12-08 02:06:05.010711,
2040,3,Customer Support,Reviewed,True,Completed the requested action successfully.,2025-12-11 19:08:36.874717,Resolved
2041,1,Public Relations,Received,,Complaint logged and reviewed for routing.,2025-02-02 09:48:43.329334,
2041,2,Operations,Forwarded (Correct),True,"Received from Public Relations, correctly routed for Service Delay.",2025-02-02 13:25:26.225718,
2041,3,Operations,Reviewed,True,Issue verified and resolved after review.,2025-02-05 23:54:24.622579,Resolved
2042,1,Public Relations,Received,,Complaint logged and reviewed for routing.,2025-08-13 23:10:19.430667,
2042,2,Security,Forwarded (Correct),True,"Received from Public Relations, correctly routed for Safety Concern.",2025-08-14 01:45:02.065524,
2042,3,Security,Reviewed,True,Issue verified and resolved after review.,2025-08-14 11:02:28.979274,Resolved
2043,1,Public Relations,Received,,Complaint logged and reviewed for routing.,2025-08-25 13:49:53.631106,
2043,2,Security,Forwarded (Correct),True,"Received from Public Relations, correctly routed for Safety Concern.",2025-08-25 17:15:20.250477,
2043,3,Security,Reviewed,True,Confirmed with the customer that the issue is fixed.,2025-08-29 05:48:07.683103,Resolved
2044,1,Public Relations,Received,,Complaint logged and reviewed for routing.,2025-02-11 14:01:23.698642,
2044,2,Billing,Forwarded (Incorrect),False,"This complaint does not belong to our department, forwarding to the correct team.",2025-02-11 18:59:19.939555,
2044,3,Customer Support,Forwarded (Re-routed),True,Re-routed from Billing; now correctly assigned for Appreciation.,2025-02-12 11:13:45.611930,
2044,4,Customer Support,Reviewed,True,Requires field visit before it can be closed.,2025-02-13 03:15:42.549081,Unresolved
2045,1,Public Relations,Received,,Complaint logged and reviewed for routing.,2025-11-24 14:55:17.141580,
2045,2,Maintenance,Forwarded (Correct),True,"Received from Public Relations, correctly routed for Infrastructure.",2025-11-24 21:35:02.277442,
2045,3,Maintenance,Reviewed,True,Corrected the error and notified the customer.,2025-11-26 23:22:36.416500,Resolved
2046,1,Public Relations,Received,,Complaint logged and reviewed for routing.,2025-06-01 16:47:49.397509,
2046,2,Maintenance,Forwarded (Correct),True,"Received from Public Relations, correctly routed for Infrastructure.",2025-06-01 21:30:46.077839,
2046,3,Maintenance,Reviewed,True,Resolved following standard procedure.,2025-06-03 23:45:58.477535,Resolved
2047,1,Public Relations,Received,,Complaint logged and reviewed for routing.,2025-05-22 19:52:54.236938,
2047,2,Billing,Forwarded (Correct),True,"Received from Public Relations, correctly routed for Billing Issue.",2025-05-23 00:08:16.113791,
2047,3,Billing,Reviewed,True,Corrected the error and notified the customer.,2025-05-25 07:08:38.664218,Resolved
2048,1,Public Relations,Received,,Complaint logged and reviewed for routing.,2025-12-20 18:52:43.299105,
2048,2,Operations,Forwarded (Correct),True,"Received from Public Relations, correctly routed for Service Delay.",2025-12-21 02:00:12.101385,
2048,3,Operations,Reviewed,True,Issue verified and resolved after review.,2025-12-23 07:40:13.695245,Resolved
2049,1,Public Relations,Received,,Complaint logged and reviewed for routing.,2025-07-18 11:59:03.382744,
2049,2,Customer Support,Forwarded (Correct),True,"Received from Public Relations, correctly routed for Staff Behavior.",2025-07-18 19:05:28.222566,
2049,3,Customer Support,Reviewed,True,Corrected the error and notified the customer.,2025-07-21 09:56:09.925346,Resolved
2050,1,Public Relations,Received,,Complaint logged and reviewed for routing.,2025-07-14 19:19:05.527307,
2050,2,Operations,Forwarded (Correct),True,"Received from Public Relations, correctly routed for Service Delay.",2025-07-15 02:27:45.482099,
2050,3,Operations,Reviewed,True,Confirmed with the customer that the issue is fixed.,2025-07-17 06:27:05.292943,Resolved
2051,1,Public Relations,Received,,Complaint logged and reviewed for routing.,2025-06-10 11:29:18.419741,
2051,2,Customer Support,Forwarded (Correct),True,"Received from Public Relations, correctly routed for Appreciation.",2025-06-10 18:05:48.468877,
2051,3,Customer Support,Reviewed,True,Corrected the error and notified the customer.,2025-06-11 23:01:38.233508,Resolved
2052,1,Public Relations,Received,,Complaint logged and reviewed for routing.,2025-04-09 10:40:47.700673,
2052,2,Maintenance,Forwarded (Correct),True,"Received from Public Relations, correctly routed for Infrastructure.",2025-04-09 15:59:56.627600,
2052,3,Maintenance,Reviewed,True,Resolved following standard procedure.,2025-04-11 02:11:02.877649,Resolved
2053,1,Public Relations,Received,,Complaint logged and reviewed for routing.,2025-06-03 12:32:29.469554,
2053,2,Operations,Forwarded (Correct),True,"Received from Public Relations, correctly routed for Service Delay.",2025-06-03 15:25:30.917322,
2053,3,Operations,Reviewed,True,Confirmed with the customer that the issue is fixed.,2025-06-04 09:25:51.267544,Resolved
2054,1,Public Relations,Received,,Complaint logged and reviewed for routing.,2025-07-24 18:23:36.365777,
2054,2,Customer Support,Forwarded (Correct),True,"Received from Public Relations, correctly routed for Appreciation.",2025-07-24 21:51:57.686959,
2054,3,Customer Support,Reviewed,True,Corrected the error and notified the customer.,2025-07-26 03:24:53.180957,Resolved
2055,1,Public Relations,Received,,Complaint logged and reviewed for routing.,2025-04-22 14:28:52.329497,
2055,2,Customer Support,Forwarded (Correct),True,"Received from Public Relations, correctly routed for Staff Behavior.",2025-04-22 17:48:07.579185,
2055,3,Customer Support,Reviewed,True,Waiting on additional information from the customer.,2025-04-26 02:07:09.268975,Unresolved
2056,1,Public Relations,Received,,Complaint logged and reviewed for routing.,2025-07-11 11:18:36.375049,
2056,2,Customer Support,Forwarded (Correct),True,"Received from Public Relations, correctly routed for Appreciation.",2025-07-11 13:31:03.115937,
2056,3,Customer Support,Reviewed,True,Issue verified and resolved after review.,2025-07-13 20:20:50.124189,Resolved
2057,1,Public Relations,Received,,Complaint logged and reviewed for routing.,2025-12-01 12:40:59.561940,
2057,2,Operations,Forwarded (Incorrect),False,"Incorrectly routed here, reassigning to the appropriate department.",2025-12-01 18:46:45.313422,
2057,3,Billing,Forwarded (Re-routed),True,Re-routed from Operations; now correctly assigned for Billing Issue.,2025-12-02 07:47:31.728929,
2057,4,Billing,Reviewed,True,On hold due to resource availability.,2025-12-06 02:41:06.081590,Unresolved
2058,1,Public Relations,Received,,Complaint logged and reviewed for routing.,2025-08-14 10:25:49.888059,
2058,2,Billing,Forwarded (Correct),True,"Received from Public Relations, correctly routed for Billing Issue.",2025-08-14 12:35:17.658358,
2058,3,Billing,Reviewed,True,Issue verified and resolved after review.,2025-08-17 10:33:05.299363,Resolved
2059,1,Public Relations,Received,,Complaint logged and reviewed for routing.,2025-05-18 09:16:08.388348,
2059,2,Operations,Forwarded (Correct),True,"Received from Public Relations, correctly routed for Service Delay.",2025-05-18 10:37:43.287059,
2059,3,Operations,Reviewed,True,Confirmed with the customer that the issue is fixed.,2025-05-20 17:06:41.476570,Resolved
2060,1,Public Relations,Received,,Complaint logged and reviewed for routing.,2025-12-03 10:38:43.996276,
2060,2,Administration,Forwarded (Correct),True,"Received from Public Relations, correctly routed for Corruption/Bribery.",2025-12-03 14:51:45.876228,
2060,3,Administration,Reviewed,True,Completed the requested action successfully.,2025-12-05 17:37:57.163133,Resolved
2061,1,Public Relations,Received,,Complaint logged and reviewed for routing.,2025-09-11 10:13:15.041381,
2061,2,Customer Support,Forwarded (Correct),True,"Received from Public Relations, correctly routed for Appreciation.",2025-09-11 16:46:38.785890,
2061,3,Customer Support,Reviewed,True,Resolved following standard procedure.,2025-09-15 16:18:04.521377,Resolved
2062,1,Public Relations,Received,,Complaint logged and reviewed for routing.,2025-07-20 15:27:27.779584,
2062,2,Customer Support,Forwarded (Correct),True,"Received from Public Relations, correctly routed for Staff Behavior.",2025-07-20 17:45:22.621054,
2062,3,Customer Support,Reviewed,True,Confirmed with the customer that the issue is fixed.,2025-07-21 14:31:27.637897,Resolved
2063,1,Public Relations,Received,,Complaint logged and reviewed for routing.,2025-10-18 18:56:42.938991,
2063,2,Operations,Forwarded (Correct),True,"Received from Public Relations, correctly routed for Service Delay.",2025-10-19 02:47:53.861239,
2063,3,Operations,Reviewed,True,Confirmed with the customer that the issue is fixed.,2025-10-22 21:22:52.988932,Resolved
2064,1,Public Relations,Received,,Complaint logged and reviewed for routing.,2025-03-06 14:03:27.789945,
2064,2,Customer Support,Forwarded (Correct),True,"Received from Public Relations, correctly routed for Appreciation.",2025-03-06 17:24:45.344931,
2064,3,Customer Support,Reviewed,True,Corrected the error and notified the customer.,2025-03-09 12:36:05.720741,Resolved
2065,1,Public Relations,Received,,Complaint logged and reviewed for routing.,2025-01-28 11:58:12.187206,
2065,2,Customer Support,Forwarded (Correct),True,"Received from Public Relations, correctly routed for Appreciation.",2025-01-28 19:20:46.617518,
2065,3,Customer Support,Reviewed,True,Issue verified and resolved after review.,2025-01-30 11:23:06.792783,Resolved
2066,1,Public Relations,Received,,Complaint logged and reviewed for routing.,2025-04-07 11:12:40.377382,
2066,2,Security,Forwarded (Correct),True,"Received from Public Relations, correctly routed for Safety Concern.",2025-04-07 13:27:27.584688,
2066,3,Security,Reviewed,True,Resolved following standard procedure.,2025-04-11 10:23:24.045019,Resolved
2067,1,Public Relations,Received,,Complaint logged and reviewed for routing.,2025-10-25 14:52:58.322238,
2067,2,Customer Support,Forwarded (Correct),True,"Received from Public Relations, correctly routed for Appreciation.",2025-10-25 22:44:56.296954,
2067,3,Customer Support,Reviewed,True,Corrected the error and notified the customer.,2025-10-26 11:50:29.382883,Resolved
2068,1,Public Relations,Received,,Complaint logged and reviewed for routing.,2025-11-02 14:06:36.835559,
2068,2,Maintenance,Forwarded (Correct),True,"Received from Public Relations, correctly routed for Infrastructure.",2025-11-02 17:17:43.874096,
2068,3,Maintenance,Reviewed,True,On hold due to resource availability.,2025-11-06 10:06:30.944102,Unresolved
2069,1,Public Relations,Received,,Complaint logged and reviewed for routing.,2025-08-14 10:38:52.777476,
2069,2,Customer Support,Forwarded (Correct),True,"Received from Public Relations, correctly routed for Appreciation.",2025-08-14 18:08:08.937877,
2069,3,Customer Support,Reviewed,True,Corrected the error and notified the customer.,2025-08-15 22:58:59.268083,Resolved
2070,1,Public Relations,Received,,Complaint logged and reviewed for routing.,2025-08-18 16:02:13.297781,
2070,2,Billing,Forwarded (Correct),True,"Received from Public Relations, correctly routed for Billing Issue.",2025-08-18 23:53:52.408683,
2070,3,Billing,Reviewed,True,Escalated to senior staff for further action.,2025-08-21 10:48:32.260379,Unresolved
2071,1,Public Relations,Received,,Complaint logged and reviewed for routing.,2025-09-11 05:37:46.288562,
2071,2,Customer Support,Forwarded (Correct),True,"Received from Public Relations, correctly routed for Staff Behavior.",2025-09-11 09:58:56.916388,
2071,3,Customer Support,Reviewed,True,Corrected the error and notified the customer.,2025-09-15 01:53:06.284289,Resolved
2072,1,Public Relations,Received,,Complaint logged and reviewed for routing.,2025-10-10 14:17:48.881637,
2072,2,Operations,Forwarded (Correct),True,"Received from Public Relations, correctly routed for Service Delay.",2025-10-10 19:30:18.596497,
2072,3,Operations,Reviewed,True,Completed the requested action successfully.,2025-10-11 01:12:13.711163,Resolved
2073,1,Public Relations,Received,,Complaint logged and reviewed for routing.,2025-08-27 10:14:30.312984,
2073,2,Maintenance,Forwarded (Correct),True,"Received from Public Relations, correctly routed for Infrastructure.",2025-08-27 15:55:24.163608,
2073,3,Maintenance,Reviewed,True,Completed the requested action successfully.,2025-08-29 09:30:35.577154,Resolved
2074,1,Public Relations,Received,,Complaint logged and reviewed for routing.,2025-02-10 15:17:27.696160,
2074,2,Operations,Forwarded (Incorrect),False,"Not within our scope, sending to the relevant department.",2025-02-10 19:16:29.716223,
2074,3,Customer Support,Forwarded (Re-routed),True,Re-routed from Operations; now correctly assigned for Appreciation.,2025-02-11 10:22:04.583377,
2074,4,Customer Support,Reviewed,True,On hold due to resource availability.,2025-02-13 01:40:24.616398,Unresolved
2075,1,Public Relations,Received,,Complaint logged and reviewed for routing.,2025-11-17 11:39:12.011744,
2075,2,Operations,Forwarded (Correct),True,"Received from Public Relations, correctly routed for Service Delay.",2025-11-17 15:34:01.974763,
2075,3,Operations,Reviewed,True,Completed the requested action successfully.,2025-11-18 17:58:52.062579,Resolved
2076,1,Public Relations,Received,,Complaint logged and reviewed for routing.,2025-09-11 11:18:17.992333,
2076,2,Billing,Forwarded (Correct),True,"Received from Public Relations, correctly routed for Billing Issue.",2025-09-11 17:06:20.456961,
2076,3,Billing,Reviewed,True,"Still under investigation, pending further review.",2025-09-12 14:43:59.972424,Unresolved
2077,1,Public Relations,Received,,Complaint logged and reviewed for routing.,2025-05-25 06:44:09.569786,
2077,2,Operations,Forwarded (Correct),True,"Received from Public Relations, correctly routed for Service Delay.",2025-05-25 14:30:00.312076,
2077,3,Operations,Reviewed,True,Corrected the error and notified the customer.,2025-05-26 09:17:14.913345,Resolved
2078,1,Public Relations,Received,,Complaint logged and reviewed for routing.,2025-12-28 07:01:25.582944,
2078,2,Operations,Forwarded (Incorrect),False,"This complaint does not belong to our department, forwarding to the correct team.",2025-12-28 12:08:06.406072,
2078,3,Security,Forwarded (Re-routed),True,Re-routed from Operations; now correctly assigned for Safety Concern.,2025-12-29 00:15:43.900433,
2078,4,Security,Reviewed,True,Corrected the error and notified the customer.,2025-12-31 23:21:17.079209,Resolved
2079,1,Public Relations,Received,,Complaint logged and reviewed for routing.,2025-09-02 10:29:14.891818,
2079,2,Billing,Forwarded (Correct),True,"Received from Public Relations, correctly routed for Billing Issue.",2025-09-02 15:28:25.572408,
2079,3,Billing,Reviewed,True,Resolved following standard procedure.,2025-09-05 08:43:42.610680,Resolved
2080,1,Public Relations,Received,,Complaint logged and reviewed for routing.,2025-03-04 15:01:34.522205,
2080,2,Operations,Forwarded (Correct),True,"Received from Public Relations, correctly routed for Service Delay.",2025-03-04 21:23:48.575564,
2080,3,Operations,Reviewed,True,Waiting on additional information from the customer.,2025-03-06 14:23:32.947007,Unresolved
2081,1,Public Relations,Received,,Complaint logged and reviewed for routing.,2025-06-04 10:44:20.055006,
2081,2,Operations,Forwarded (Incorrect),False,"This complaint does not belong to our department, forwarding to the correct team.",2025-06-04 15:28:40.638770,
2081,3,Customer Support,Forwarded (Re-routed),True,Re-routed from Operations; now correctly assigned for Staff Behavior.,2025-06-04 21:32:55.721589,
2081,4,Customer Support,Reviewed,True,"Still under investigation, pending further review.",2025-06-05 22:54:38.687794,Unresolved
2082,1,Public Relations,Received,,Complaint logged and reviewed for routing.,2025-03-19 15:35:28.815597,
2082,2,Billing,Forwarded (Correct),True,"Received from Public Relations, correctly routed for Billing Issue.",2025-03-19 16:35:37.832190,
2082,3,Billing,Reviewed,True,Corrected the error and notified the customer.,2025-03-21 22:14:30.984126,Resolved
2083,1,Public Relations,Received,,Complaint logged and reviewed for routing.,2025-03-27 18:10:18.804612,
2083,2,Customer Support,Forwarded (Correct),True,"Received from Public Relations, correctly routed for Staff Behavior.",2025-03-27 22:48:25.996648,
2083,3,Customer Support,Reviewed,True,Issue verified and resolved after review.,2025-03-31 21:16:50.981087,Resolved
2084,1,Public Relations,Received,,Complaint logged and reviewed for routing.,2025-11-19 14:39:48.346615,
2084,2,Billing,Forwarded (Correct),True,"Received from Public Relations, correctly routed for Billing Issue.",2025-11-19 20:10:36.798276,
2084,3,Billing,Reviewed,True,Resolved following standard procedure.,2025-11-20 06:13:01.958434,Resolved
2085,1,Public Relations,Received,,Complaint logged and reviewed for routing.,2025-06-20 17:35:52.526847,
2085,2,Customer Support,Forwarded (Correct),True,"Received from Public Relations, correctly routed for Staff Behavior.",2025-06-20 20:53:03.449655,
2085,3,Customer Support,Reviewed,True,Confirmed with the customer that the issue is fixed.,2025-06-21 19:26:10.620711,Resolved
2086,1,Public Relations,Received,,Complaint logged and reviewed for routing.,2025-12-14 12:41:23.620683,
2086,2,Operations,Forwarded (Correct),True,"Received from Public Relations, correctly routed for Service Delay.",2025-12-14 16:11:59.321066,
2086,3,Operations,Reviewed,True,Resolved following standard procedure.,2025-12-15 20:21:40.767900,Resolved
2087,1,Public Relations,Received,,Complaint logged and reviewed for routing.,2025-08-16 18:33:26.163297,
2087,2,Customer Support,Forwarded (Incorrect),False,"Incorrectly routed here, reassigning to the appropriate department.",2025-08-16 20:48:55.720401,
2087,3,Maintenance,Forwarded (Re-routed),True,Re-routed from Customer Support; now correctly assigned for Infrastructure.,2025-08-17 14:32:25.802245,
2087,4,Maintenance,Reviewed,True,Corrected the error and notified the customer.,2025-08-18 22:36:46.531608,Resolved
2088,1,Public Relations,Received,,Complaint logged and reviewed for routing.,2025-07-27 10:54:33.210583,
2088,2,Security,Forwarded (Correct),True,"Received from Public Relations, correctly routed for Safety Concern.",2025-07-27 14:46:32.362109,
2088,3,Security,Reviewed,True,Issue verified and resolved after review.,2025-07-31 04:18:35.203285,Resolved
2089,1,Public Relations,Received,,Complaint logged and reviewed for routing.,2025-04-08 18:17:22.540952,
2089,2,Billing,Forwarded (Correct),True,"Received from Public Relations, correctly routed for Billing Issue.",2025-04-09 01:35:35.085662,
2089,3,Billing,Reviewed,True,Escalated to senior staff for further action.,2025-04-09 13:09:19.404048,Unresolved
2090,1,Public Relations,Received,,Complaint logged and reviewed for routing.,2025-05-04 11:47:18.256872,
2090,2,Billing,Forwarded (Correct),True,"Received from Public Relations, correctly routed for Billing Issue.",2025-05-04 19:43:43.160622,
2090,3,Billing,Reviewed,True,Escalated to senior staff for further action.,2025-05-06 12:17:46.029216,Unresolved
2091,1,Public Relations,Received,,Complaint logged and reviewed for routing.,2025-06-11 13:19:26.324889,
2091,2,Administration,Forwarded (Correct),True,"Received from Public Relations, correctly routed for Corruption/Bribery.",2025-06-11 15:13:57.968234,
2091,3,Administration,Reviewed,True,Confirmed with the customer that the issue is fixed.,2025-06-15 09:36:15.145234,Resolved
2092,1,Public Relations,Received,,Complaint logged and reviewed for routing.,2025-12-13 11:43:14.160063,
2092,2,Security,Forwarded (Incorrect),False,"Not within our scope, sending to the relevant department.",2025-12-13 18:14:01.465463,
2092,3,Administration,Forwarded (Re-routed),True,Re-routed from Security; now correctly assigned for Corruption/Bribery.,2025-12-14 11:03:51.219771,
2092,4,Administration,Reviewed,True,Issue verified and resolved after review.,2025-12-15 09:11:48.658955,Resolved
2093,1,Public Relations,Received,,Complaint logged and reviewed for routing.,2025-04-12 14:30:25.309703,
2093,2,Administration,Forwarded (Correct),True,"Received from Public Relations, correctly routed for Corruption/Bribery.",2025-04-12 17:13:25.974400,
2093,3,Administration,Reviewed,True,Confirmed with the customer that the issue is fixed.,2025-04-15 09:27:48.870597,Resolved
2094,1,Public Relations,Received,,Complaint logged and reviewed for routing.,2025-06-09 06:05:34.085152,
2094,2,Customer Support,Forwarded (Correct),True,"Received from Public Relations, correctly routed for Staff Behavior.",2025-06-09 07:33:01.790146,
2094,3,Customer Support,Reviewed,True,Issue verified and resolved after review.,2025-06-10 17:29:52.893846,Resolved
2095,1,Public Relations,Received,,Complaint logged and reviewed for routing.,2025-05-14 08:29:15.567931,
2095,2,Security,Forwarded (Correct),True,"Received from Public Relations, correctly routed for Safety Concern.",2025-05-14 11:38:03.245354,
2095,3,Security,Reviewed,True,Issue verified and resolved after review.,2025-05-17 17:04:35.964634,Resolved
2096,1,Public Relations,Received,,Complaint logged and reviewed for routing.,2025-07-25 14:39:46.121607,
2096,2,Billing,Forwarded (Correct),True,"Received from Public Relations, correctly routed for Billing Issue.",2025-07-25 17:10:27.066534,
2096,3,Billing,Reviewed,True,"Still under investigation, pending further review.",2025-07-29 03:05:30.077128,Unresolved
2097,1,Public Relations,Received,,Complaint logged and reviewed for routing.,2025-04-28 21:38:23.666887,
2097,2,Operations,Forwarded (Incorrect),False,"This complaint does not belong to our department, forwarding to the correct team.",2025-04-29 00:38:08.338507,
2097,3,Maintenance,Forwarded (Re-routed),True,Re-routed from Operations; now correctly assigned for Infrastructure.,2025-04-29 11:37:05.610880,
2097,4,Maintenance,Reviewed,True,Confirmed with the customer that the issue is fixed.,2025-05-02 05:32:02.883641,Resolved
2098,1,Public Relations,Received,,Complaint logged and reviewed for routing.,2025-06-05 08:58:28.705261,
2098,2,Billing,Forwarded (Correct),True,"Received from Public Relations, correctly routed for Billing Issue.",2025-06-05 13:23:49.284669,
2098,3,Billing,Reviewed,True,Corrected the error and notified the customer.,2025-06-07 21:26:54.132373,Resolved
2099,1,Public Relations,Received,,Complaint logged and reviewed for routing.,2025-07-05 13:01:47.442576,
2099,2,Billing,Forwarded (Correct),True,"Received from Public Relations, correctly routed for Billing Issue.",2025-07-05 18:59:24.128709,
2099,3,Billing,Reviewed,True,Requires field visit before it can be closed.,2025-07-07 06:05:24.778133,Unresolved
2100,1,Public Relations,Received,,Complaint logged and reviewed for routing.,2025-11-17 10:28:07.932981,
2100,2,Maintenance,Forwarded (Correct),True,"Received from Public Relations, correctly routed for Infrastructure.",2025-11-17 13:52:42.089950,
2100,3,Maintenance,Reviewed,True,Waiting on additional information from the customer.,2025-11-18 07:05:56.140748,Unresolved
2101,1,Public Relations,Received,,Complaint logged and reviewed for routing.,2025-04-10 14:53:50.317254,
2101,2,Security,Forwarded (Incorrect),False,"This complaint does not belong to our department, forwarding to the correct team.",2025-04-10 18:32:42.772860,
2101,3,Customer Support,Forwarded (Re-routed),True,Re-routed from Security; now correctly assigned for Staff Behavior.,2025-04-11 08:35:31.718094,
2101,4,Customer Support,Reviewed,True,Issue verified and resolved after review.,2025-04-12 15:50:55.331815,Resolved
2102,1,Public Relations,Received,,Complaint logged and reviewed for routing.,2025-12-01 08:44:18.469866,
2102,2,Customer Support,Forwarded (Correct),True,"Received from Public Relations, correctly routed for Appreciation.",2025-12-01 12:35:54.580883,
2102,3,Customer Support,Reviewed,True,Confirmed with the customer that the issue is fixed.,2025-12-05 07:42:44.129818,Resolved
2103,1,Public Relations,Received,,Complaint logged and reviewed for routing.,2025-07-06 12:57:51.461381,
2103,2,Customer Support,Forwarded (Correct),True,"Received from Public Relations, correctly routed for Staff Behavior.",2025-07-06 19:41:47.671974,
2103,3,Customer Support,Reviewed,True,Resolved following standard procedure.,2025-07-10 19:11:11.959195,Resolved
2104,1,Public Relations,Received,,Complaint logged and reviewed for routing.,2025-07-21 17:58:35.071586,
2104,2,Operations,Forwarded (Correct),True,"Received from Public Relations, correctly routed for Service Delay.",2025-07-21 19:54:15.287100,
2104,3,Operations,Reviewed,True,Completed the requested action successfully.,2025-07-23 09:05:20.726368,Resolved
2105,1,Public Relations,Received,,Complaint logged and reviewed for routing.,2025-08-08 17:34:07.062533,
2105,2,Billing,Forwarded (Correct),True,"Received from Public Relations, correctly routed for Billing Issue.",2025-08-08 20:11:25.061501,
2105,3,Billing,Reviewed,True,"Still under investigation, pending further review.",2025-08-11 20:29:52.198320,Unresolved
2106,1,Public Relations,Received,,Complaint logged and reviewed for routing.,2025-05-08 15:41:35.683839,
2106,2,Customer Support,Forwarded (Incorrect),False,"This complaint does not belong to our department, forwarding to the correct team.",2025-05-08 17:52:07.089350,
2106,3,Security,Forwarded (Re-routed),True,Re-routed from Customer Support; now correctly assigned for Safety Concern.,2025-05-09 00:44:27.188058,
2106,4,Security,Reviewed,True,Completed the requested action successfully.,2025-05-11 05:38:26.115495,Resolved
2107,1,Public Relations,Received,,Complaint logged and reviewed for routing.,2025-04-28 09:47:55.279878,
2107,2,Billing,Forwarded (Correct),True,"Received from Public Relations, correctly routed for Billing Issue.",2025-04-28 11:27:15.910892,
2107,3,Billing,Reviewed,True,Requires field visit before it can be closed.,2025-05-01 14:31:41.035290,Unresolved
2108,1,Public Relations,Received,,Complaint logged and reviewed for routing.,2025-06-05 12:21:36.841073,
2108,2,Billing,Forwarded (Correct),True,"Received from Public Relations, correctly routed for Billing Issue.",2025-06-05 20:01:32.392575,
2108,3,Billing,Reviewed,True,Corrected the error and notified the customer.,2025-06-08 21:30:20.689552,Resolved
2109,1,Public Relations,Received,,Complaint logged and reviewed for routing.,2025-11-14 11:23:13.233093,
2109,2,Billing,Forwarded (Correct),True,"Received from Public Relations, correctly routed for Billing Issue.",2025-11-14 19:19:55.771172,
2109,3,Billing,Reviewed,True,Resolved following standard procedure.,2025-11-17 02:12:01.598685,Resolved
2110,1,Public Relations,Received,,Complaint logged and reviewed for routing.,2025-05-08 09:30:06.310214,
2110,2,Administration,Forwarded (Correct),True,"Received from Public Relations, correctly routed for Corruption/Bribery.",2025-05-08 13:25:16.153737,
2110,3,Administration,Reviewed,True,Escalated to senior staff for further action.,2025-05-08 21:50:34.562216,Unresolved
2111,1,Public Relations,Received,,Complaint logged and reviewed for routing.,2025-01-23 13:10:59.964145,
2111,2,Security,Forwarded (Correct),True,"Received from Public Relations, correctly routed for Safety Concern.",2025-01-23 15:57:20.170293,
2111,3,Security,Reviewed,True,Issue verified and resolved after review.,2025-01-24 21:55:55.290371,Resolved
2112,1,Public Relations,Received,,Complaint logged and reviewed for routing.,2025-10-07 11:40:11.449909,
2112,2,Billing,Forwarded (Incorrect),False,"Not within our scope, sending to the relevant department.",2025-10-07 19:22:34.690073,
2112,3,Customer Support,Forwarded (Re-routed),True,Re-routed from Billing; now correctly assigned for Appreciation.,2025-10-08 14:47:24.075290,
2112,4,Customer Support,Reviewed,True,Resolved following standard procedure.,2025-10-12 00:31:47.514989,Resolved
2113,1,Public Relations,Received,,Complaint logged and reviewed for routing.,2025-12-09 07:21:03.301299,
2113,2,Customer Support,Forwarded (Correct),True,"Received from Public Relations, correctly routed for Staff Behavior.",2025-12-09 12:03:06.386100,
2113,3,Customer Support,Reviewed,True,Completed the requested action successfully.,2025-12-10 12:00:57.850052,Resolved
2114,1,Public Relations,Received,,Complaint logged and reviewed for routing.,2025-08-01 12:23:23.429838,
2114,2,Security,Forwarded (Correct),True,"Received from Public Relations, correctly routed for Safety Concern.",2025-08-01 19:40:54.912386,
2114,3,Security,Reviewed,True,"Still under investigation, pending further review.",2025-08-04 19:23:22.538329,Unresolved
2115,1,Public Relations,Received,,Complaint logged and reviewed for routing.,2025-03-06 09:05:03.760908,
2115,2,Maintenance,Forwarded (Correct),True,"Received from Public Relations, correctly routed for Infrastructure.",2025-03-06 11:06:45.103552,
2115,3,Maintenance,Reviewed,True,Resolved following standard procedure.,2025-03-07 04:53:30.625682,Resolved
2116,1,Public Relations,Received,,Complaint logged and reviewed for routing.,2025-03-15 09:40:31.340161,
2116,2,Customer Support,Forwarded (Incorrect),False,"Incorrectly routed here, reassigning to the appropriate department.",2025-03-15 11:25:46.009709,
2116,3,Administration,Forwarded (Re-routed),True,Re-routed from Customer Support; now correctly assigned for Corruption/Bribery.,2025-03-15 22:02:43.994413,
2116,4,Administration,Reviewed,True,Completed the requested action successfully.,2025-03-16 06:08:40.222095,Resolved
2117,1,Public Relations,Received,,Complaint logged and reviewed for routing.,2025-06-25 15:50:20.992642,
2117,2,Billing,Forwarded (Correct),True,"Received from Public Relations, correctly routed for Billing Issue.",2025-06-25 23:29:36.810596,
2117,3,Billing,Reviewed,True,Corrected the error and notified the customer.,2025-06-27 15:37:29.709316,Resolved
2118,1,Public Relations,Received,,Complaint logged and reviewed for routing.,2025-10-06 20:21:37.625938,
2118,2,Billing,Forwarded (Correct),True,"Received from Public Relations, correctly routed for Billing Issue.",2025-10-06 23:22:03.980366,
2118,3,Billing,Reviewed,True,Corrected the error and notified the customer.,2025-10-07 14:16:07.335180,Resolved
2119,1,Public Relations,Received,,Complaint logged and reviewed for routing.,2025-02-25 19:48:04.089104,
2119,2,Customer Support,Forwarded (Correct),True,"Received from Public Relations, correctly routed for Staff Behavior.",2025-02-25 22:26:15.502083,
2119,3,Customer Support,Reviewed,True,Waiting on additional information from the customer.,2025-03-01 17:04:05.741579,Unresolved
2120,1,Public Relations,Received,,Complaint logged and reviewed for routing.,2025-04-17 15:43:58.381947,
2120,2,Customer Support,Forwarded (Correct),True,"Received from Public Relations, correctly routed for Staff Behavior.",2025-04-17 19:15:32.554806,
2120,3,Customer Support,Reviewed,True,Completed the requested action successfully.,2025-04-19 22:25:07.632363,Resolved
2121,1,Public Relations,Received,,Complaint logged and reviewed for routing.,2025-10-20 18:08:16.449227,
2121,2,Administration,Forwarded (Correct),True,"Received from Public Relations, correctly routed for Corruption/Bribery.",2025-10-20 23:14:49.594836,
2121,3,Administration,Reviewed,True,Resolved following standard procedure.,2025-10-21 23:34:33.018383,Resolved
2122,1,Public Relations,Received,,Complaint logged and reviewed for routing.,2025-10-15 15:06:54.579645,
2122,2,Customer Support,Forwarded (Correct),True,"Received from Public Relations, correctly routed for Staff Behavior.",2025-10-15 20:03:53.938332,
2122,3,Customer Support,Reviewed,True,Requires field visit before it can be closed.,2025-10-16 14:17:09.259038,Unresolved
2123,1,Public Relations,Received,,Complaint logged and reviewed for routing.,2025-06-18 16:59:59.874418,
2123,2,Billing,Forwarded (Correct),True,"Received from Public Relations, correctly routed for Billing Issue.",2025-06-18 18:10:47.862377,
2123,3,Billing,Reviewed,True,Issue verified and resolved after review.,2025-06-20 06:26:15.810080,Resolved
2124,1,Public Relations,Received,,Complaint logged and reviewed for routing.,2025-11-08 18:39:49.197111,
2124,2,Security,Forwarded (Correct),True,"Received from Public Relations, correctly routed for Safety Concern.",2025-11-08 19:45:34.486061,
2124,3,Security,Reviewed,True,Issue verified and resolved after review.,2025-11-10 03:59:26.063967,Resolved
2125,1,Public Relations,Received,,Complaint logged and reviewed for routing.,2025-11-19 10:34:33.306832,
2125,2,Customer Support,Forwarded (Correct),True,"Received from Public Relations, correctly routed for Staff Behavior.",2025-11-19 15:47:28.847740,
2125,3,Customer Support,Reviewed,True,Confirmed with the customer that the issue is fixed.,2025-11-20 17:50:12.885573,Resolved
2126,1,Public Relations,Received,,Complaint logged and reviewed for routing.,2025-10-08 18:14:31.978409,
2126,2,Billing,Forwarded (Correct),True,"Received from Public Relations, correctly routed for Billing Issue.",2025-10-09 00:16:55.156362,
2126,3,Billing,Reviewed,True,Escalated to senior staff for further action.,2025-10-10 17:18:40.921016,Unresolved
2127,1,Public Relations,Received,,Complaint logged and reviewed for routing.,2025-07-03 11:42:45.768630,
2127,2,Administration,Forwarded (Correct),True,"Received from Public Relations, correctly routed for Corruption/Bribery.",2025-07-03 19:22:02.780325,
2127,3,Administration,Reviewed,True,Completed the requested action successfully.,2025-07-04 14:27:08.706553,Resolved
2128,1,Public Relations,Received,,Complaint logged and reviewed for routing.,2025-10-02 13:07:14.662364,
2128,2,Operations,Forwarded (Correct),True,"Received from Public Relations, correctly routed for Service Delay.",2025-10-02 18:42:30.850913,
2128,3,Operations,Reviewed,True,Resolved following standard procedure.,2025-10-03 02:21:44.077618,Resolved
2129,1,Public Relations,Received,,Complaint logged and reviewed for routing.,2025-08-03 18:17:25.419313,
2129,2,Security,Forwarded (Correct),True,"Received from Public Relations, correctly routed for Safety Concern.",2025-08-04 00:56:17.942816,
2129,3,Security,Reviewed,True,Requires field visit before it can be closed.,2025-08-06 13:49:26.019095,Unresolved
2130,1,Public Relations,Received,,Complaint logged and reviewed for routing.,2025-02-25 12:39:33.187698,
2130,2,Security,Forwarded (Correct),True,"Received from Public Relations, correctly routed for Safety Concern.",2025-02-25 15:10:08.490699,
2130,3,Security,Reviewed,True,Resolved following standard procedure.,2025-02-27 14:29:33.216733,Resolved
2131,1,Public Relations,Received,,Complaint logged and reviewed for routing.,2025-09-25 13:54:57.919353,
2131,2,Billing,Forwarded (Correct),True,"Received from Public Relations, correctly routed for Billing Issue.",2025-09-25 17:00:37.207137,
2131,3,Billing,Reviewed,True,Resolved following standard procedure.,2025-09-28 06:07:14.035802,Resolved
2132,1,Public Relations,Received,,Complaint logged and reviewed for routing.,2025-09-26 10:50:35.859191,
2132,2,Billing,Forwarded (Correct),True,"Received from Public Relations, correctly routed for Billing Issue.",2025-09-26 17:06:24.973801,
2132,3,Billing,Reviewed,True,Issue verified and resolved after review.,2025-09-28 21:59:33.196756,Resolved
2133,1,Public Relations,Received,,Complaint logged and reviewed for routing.,2025-06-18 08:19:52.350478,
2133,2,Customer Support,Forwarded (Correct),True,"Received from Public Relations, correctly routed for Staff Behavior.",2025-06-18 14:26:54.450937,
2133,3,Customer Support,Reviewed,True,Issue verified and resolved after review.,2025-06-20 13:51:44.597603,Resolved
2134,1,Public Relations,Received,,Complaint logged and reviewed for routing.,2025-05-22 10:16:17.638369,
2134,2,Maintenance,Forwarded (Correct),True,"Received from Public Relations, correctly routed for Infrastructure.",2025-05-22 12:48:54.376795,
2134,3,Maintenance,Reviewed,True,Resolved following standard procedure.,2025-05-23 13:58:23.964738,Resolved
2135,1,Public Relations,Received,,Complaint logged and reviewed for routing.,2025-03-18 17:09:46.434227,
2135,2,Security,Forwarded (Correct),True,"Received from Public Relations, correctly routed for Safety Concern.",2025-03-18 22:00:07.215035,
2135,3,Security,Reviewed,True,On hold due to resource availability.,2025-03-19 20:57:27.096208,Unresolved
2136,1,Public Relations,Received,,Complaint logged and reviewed for routing.,2025-07-25 16:16:24.163513,
2136,2,Maintenance,Forwarded (Incorrect),False,"Not within our scope, sending to the relevant department.",2025-07-25 22:15:35.419536,
2136,3,Customer Support,Forwarded (Re-routed),True,Re-routed from Maintenance; now correctly assigned for Staff Behavior.,2025-07-26 19:48:48.279229,
2136,4,Customer Support,Reviewed,True,On hold due to resource availability.,2025-07-30 05:07:27.504456,Unresolved
2137,1,Public Relations,Received,,Complaint logged and reviewed for routing.,2025-05-16 21:30:22.789109,
2137,2,Operations,Forwarded (Incorrect),False,"Not within our scope, sending to the relevant department.",2025-05-16 23:46:16.327369,
2137,3,Customer Support,Forwarded (Re-routed),True,Re-routed from Operations; now correctly assigned for Staff Behavior.,2025-05-17 06:08:28.020111,
2137,4,Customer Support,Reviewed,True,Resolved following standard procedure.,2025-05-20 05:35:24.568960,Resolved
2138,1,Public Relations,Received,,Complaint logged and reviewed for routing.,2025-08-08 11:37:01.496050,
2138,2,Maintenance,Forwarded (Correct),True,"Received from Public Relations, correctly routed for Infrastructure.",2025-08-08 14:23:02.546317,
2138,3,Maintenance,Reviewed,True,"Still under investigation, pending further review.",2025-08-10 17:02:24.418405,Unresolved
2139,1,Public Relations,Received,,Complaint logged and reviewed for routing.,2025-07-14 01:16:44.752627,
2139,2,Security,Forwarded (Correct),True,"Received from Public Relations, correctly routed for Safety Concern.",2025-07-14 03:04:57.858688,
2139,3,Security,Reviewed,True,Issue verified and resolved after review.,2025-07-16 13:56:43.531904,Resolved
2140,1,Public Relations,Received,,Complaint logged and reviewed for routing.,2025-04-11 06:14:01.346909,
2140,2,Security,Forwarded (Correct),True,"Received from Public Relations, correctly routed for Safety Concern.",2025-04-11 09:35:55.988881,
2140,3,Security,Reviewed,True,Issue verified and resolved after review.,2025-04-15 08:49:21.445117,Resolved
2141,1,Public Relations,Received,,Complaint logged and reviewed for routing.,2025-09-18 16:18:50.825212,
2141,2,Operations,Forwarded (Incorrect),False,"Not within our scope, sending to the relevant department.",2025-09-18 19:06:50.435068,
2141,3,Security,Forwarded (Re-routed),True,Re-routed from Operations; now correctly assigned for Safety Concern.,2025-09-18 23:58:44.020994,
2141,4,Security,Reviewed,True,"Still under investigation, pending further review.",2025-09-20 03:42:22.197498,Unresolved
2142,1,Public Relations,Received,,Complaint logged and reviewed for routing.,2025-08-20 09:37:02.082696,
2142,2,Billing,Forwarded (Correct),True,"Received from Public Relations, correctly routed for Billing Issue.",2025-08-20 13:52:54.467556,
2142,3,Billing,Reviewed,True,Resolved following standard procedure.,2025-08-24 05:48:48.503732,Resolved
2143,1,Public Relations,Received,,Complaint logged and reviewed for routing.,2025-03-03 19:41:22.005863,
2143,2,Security,Forwarded (Correct),True,"Received from Public Relations, correctly routed for Safety Concern.",2025-03-03 21:29:36.009849,
2143,3,Security,Reviewed,True,On hold due to resource availability.,2025-03-05 20:31:42.922504,Unresolved
2144,1,Public Relations,Received,,Complaint logged and reviewed for routing.,2025-10-04 11:00:35.361510,
2144,2,Administration,Forwarded (Correct),True,"Received from Public Relations, correctly routed for Corruption/Bribery.",2025-10-04 12:10:35.723408,
2144,3,Administration,Reviewed,True,Confirmed with the customer that the issue is fixed.,2025-10-07 07:46:15.466906,Resolved
2145,1,Public Relations,Received,,Complaint logged and reviewed for routing.,2025-12-21 12:01:10.386122,
2145,2,Administration,Forwarded (Incorrect),False,"Incorrectly routed here, reassigning to the appropriate department.",2025-12-21 15:26:41.571199,
2145,3,Operations,Forwarded (Re-routed),True,Re-routed from Administration; now correctly assigned for Service Delay.,2025-12-22 06:44:16.756818,
2145,4,Operations,Reviewed,True,Confirmed with the customer that the issue is fixed.,2025-12-25 22:05:42.882475,Resolved
2146,1,Public Relations,Received,,Complaint logged and reviewed for routing.,2025-09-07 15:06:51.527132,
2146,2,Customer Support,Forwarded (Correct),True,"Received from Public Relations, correctly routed for Staff Behavior.",2025-09-07 20:06:23.568102,
2146,3,Customer Support,Reviewed,True,Resolved following standard procedure.,2025-09-08 10:28:16.871747,Resolved
2147,1,Public Relations,Received,,Complaint logged and reviewed for routing.,2025-03-13 10:08:44.388244,
2147,2,Billing,Forwarded (Correct),True,"Received from Public Relations, correctly routed for Billing Issue.",2025-03-13 13:44:59.761271,
2147,3,Billing,Reviewed,True,Corrected the error and notified the customer.,2025-03-16 01:58:31.227517,Resolved
2148,1,Public Relations,Received,,Complaint logged and reviewed for routing.,2025-06-06 11:31:33.360667,
2148,2,Maintenance,Forwarded (Correct),True,"Received from Public Relations, correctly routed for Infrastructure.",2025-06-06 13:05:10.498945,
2148,3,Maintenance,Reviewed,True,On hold due to resource availability.,2025-06-10 10:24:32.227110,Unresolved
2149,1,Public Relations,Received,,Complaint logged and reviewed for routing.,2025-06-04 17:57:25.543512,
2149,2,Billing,Forwarded (Incorrect),False,"Not within our scope, sending to the relevant department.",2025-06-04 23:35:22.431168,
2149,3,Operations,Forwarded (Re-routed),True,Re-routed from Billing; now correctly assigned for Service Delay.,2025-06-05 18:04:21.706214,
2149,4,Operations,Reviewed,True,Confirmed with the customer that the issue is fixed.,2025-06-09 04:19:09.485804,Resolved
2150,1,Public Relations,Received,,Complaint logged and reviewed for routing.,2025-05-21 04:10:39.775925,
2150,2,Administration,Forwarded (Correct),True,"Received from Public Relations, correctly routed for Corruption/Bribery.",2025-05-21 06:12:20.544536,
2150,3,Administration,Reviewed,True,Waiting on additional information from the customer.,2025-05-22 08:42:51.258419,Unresolved
2151,1,Public Relations,Received,,Complaint logged and reviewed for routing.,2025-03-26 16:10:53.360404,
2151,2,Security,Forwarded (Correct),True,"Received from Public Relations, correctly routed for Safety Concern.",2025-03-26 20:10:27.476968,
2151,3,Security,Reviewed,True,Resolved following standard procedure.,2025-03-27 12:49:02.497689,Resolved
2152,1,Public Relations,Received,,Complaint logged and reviewed for routing.,2025-03-28 16:21:46.748299,
2152,2,Maintenance,Forwarded (Correct),True,"Received from Public Relations, correctly routed for Infrastructure.",2025-03-28 20:40:40.203799,
2152,3,Maintenance,Reviewed,True,Confirmed with the customer that the issue is fixed.,2025-03-30 01:57:40.505985,Resolved
2153,1,Public Relations,Received,,Complaint logged and reviewed for routing.,2025-09-28 04:03:36.467976,
2153,2,Operations,Forwarded (Correct),True,"Received from Public Relations, correctly routed for Service Delay.",2025-09-28 10:02:54.092525,
2153,3,Operations,Reviewed,True,Corrected the error and notified the customer.,2025-09-29 16:02:17.544129,Resolved
2154,1,Public Relations,Received,,Complaint logged and reviewed for routing.,2025-09-24 18:54:33.728638,
2154,2,Customer Support,Forwarded (Correct),True,"Received from Public Relations, correctly routed for Staff Behavior.",2025-09-24 21:03:39.327172,
2154,3,Customer Support,Reviewed,True,Confirmed with the customer that the issue is fixed.,2025-09-28 02:14:50.525049,Resolved
2155,1,Public Relations,Received,,Complaint logged and reviewed for routing.,2025-05-05 20:01:47.544444,
2155,2,Security,Forwarded (Incorrect),False,"Incorrectly routed here, reassigning to the appropriate department.",2025-05-06 03:46:29.888449,
2155,3,Customer Support,Forwarded (Re-routed),True,Re-routed from Security; now correctly assigned for Staff Behavior.,2025-05-06 08:11:28.997253,
2155,4,Customer Support,Reviewed,True,Corrected the error and notified the customer.,2025-05-07 05:35:00.090755,Resolved
2156,1,Public Relations,Received,,Complaint logged and reviewed for routing.,2025-12-10 11:24:34.064103,
2156,2,Security,Forwarded (Incorrect),False,"Incorrectly routed here, reassigning to the appropriate department.",2025-12-10 18:09:56.343245,
2156,3,Billing,Forwarded (Re-routed),True,Re-routed from Security; now correctly assigned for Billing Issue.,2025-12-11 04:52:43.308082,
2156,4,Billing,Reviewed,True,Waiting on additional information from the customer.,2025-12-13 00:01:15.420410,Unresolved
2157,1,Public Relations,Received,,Complaint logged and reviewed for routing.,2025-04-11 07:30:13.296893,
2157,2,Billing,Forwarded (Correct),True,"Received from Public Relations, correctly routed for Billing Issue.",2025-04-11 10:47:40.525023,
2157,3,Billing,Reviewed,True,Completed the requested action successfully.,2025-04-15 03:18:27.848819,Resolved
2158,1,Public Relations,Received,,Complaint logged and reviewed for routing.,2025-02-23 13:04:49.972803,
2158,2,Security,Forwarded (Correct),True,"Received from Public Relations, correctly routed for Safety Concern.",2025-02-23 16:38:55.844673,
2158,3,Security,Reviewed,True,Corrected the error and notified the customer.,2025-02-23 23:14:59.762270,Resolved
2159,1,Public Relations,Received,,Complaint logged and reviewed for routing.,2025-12-08 04:54:30.774648,
2159,2,Customer Support,Forwarded (Correct),True,"Received from Public Relations, correctly routed for Staff Behavior.",2025-12-08 08:28:52.200852,
2159,3,Customer Support,Reviewed,True,Escalated to senior staff for further action.,2025-12-09 14:25:49.684428,Unresolved
2160,1,Public Relations,Received,,Complaint logged and reviewed for routing.,2025-08-08 15:22:08.089755,
2160,2,Billing,Forwarded (Correct),True,"Received from Public Relations, correctly routed for Billing Issue.",2025-08-08 20:34:01.396321,
2160,3,Billing,Reviewed,True,Confirmed with the customer that the issue is fixed.,2025-08-09 15:31:06.725838,Resolved
2161,1,Public Relations,Received,,Complaint logged and reviewed for routing.,2025-09-11 15:26:31.541744,
2161,2,Operations,Forwarded (Incorrect),False,"This complaint does not belong to our department, forwarding to the correct team.",2025-09-11 21:55:24.667909,
2161,3,Customer Support,Forwarded (Re-routed),True,Re-routed from Operations; now correctly assigned for Appreciation.,2025-09-12 02:55:55.561820,
2161,4,Customer Support,Reviewed,True,On hold due to resource availability.,2025-09-13 14:44:18.172423,Unresolved
2162,1,Public Relations,Received,,Complaint logged and reviewed for routing.,2025-11-01 12:34:56.820361,
2162,2,Security,Forwarded (Correct),True,"Received from Public Relations, correctly routed for Safety Concern.",2025-11-01 19:20:37.799139,
2162,3,Security,Reviewed,True,Escalated to senior staff for further action.,2025-11-03 19:04:31.457856,Unresolved
2163,1,Public Relations,Received,,Complaint logged and reviewed for routing.,2025-09-04 23:05:13.227796,
2163,2,Maintenance,Forwarded (Correct),True,"Received from Public Relations, correctly routed for Infrastructure.",2025-09-05 05:09:36.390891,
2163,3,Maintenance,Reviewed,True,"Still under investigation, pending further review.",2025-09-08 14:22:19.955237,Unresolved
2164,1,Public Relations,Received,,Complaint logged and reviewed for routing.,2025-05-21 14:20:30.201058,
2164,2,Operations,Forwarded (Correct),True,"Received from Public Relations, correctly routed for Service Delay.",2025-05-21 20:40:48.218345,
2164,3,Operations,Reviewed,True,Resolved following standard procedure.,2025-05-24 21:24:30.994331,Resolved
2165,1,Public Relations,Received,,Complaint logged and reviewed for routing.,2025-11-20 10:51:24.702613,
2165,2,Billing,Forwarded (Incorrect),False,"Incorrectly routed here, reassigning to the appropriate department.",2025-11-20 15:11:08.639330,
2165,3,Customer Support,Forwarded (Re-routed),True,Re-routed from Billing; now correctly assigned for Appreciation.,2025-11-21 08:29:44.064545,
2165,4,Customer Support,Reviewed,True,Escalated to senior staff for further action.,2025-11-23 21:16:03.560223,Unresolved
2166,1,Public Relations,Received,,Complaint logged and reviewed for routing.,2025-02-20 16:53:05.564614,
2166,2,Billing,Forwarded (Correct),True,"Received from Public Relations, correctly routed for Billing Issue.",2025-02-20 19:35:17.054026,
2166,3,Billing,Reviewed,True,Completed the requested action successfully.,2025-02-23 13:19:58.441235,Resolved
2167,1,Public Relations,Received,,Complaint logged and reviewed for routing.,2025-04-13 12:49:57.504802,
2167,2,Billing,Forwarded (Correct),True,"Received from Public Relations, correctly routed for Billing Issue.",2025-04-13 17:22:02.917599,
2167,3,Billing,Reviewed,True,Confirmed with the customer that the issue is fixed.,2025-04-16 16:51:38.238414,Resolved
2168,1,Public Relations,Received,,Complaint logged and reviewed for routing.,2025-04-27 14:30:37.759017,
2168,2,Security,Forwarded (Correct),True,"Received from Public Relations, correctly routed for Safety Concern.",2025-04-27 20:13:15.964652,
2168,3,Security,Reviewed,True,Waiting on additional information from the customer.,2025-04-29 19:38:54.843155,Unresolved
2169,1,Public Relations,Received,,Complaint logged and reviewed for routing.,2025-06-11 07:07:27.869003,
2169,2,Maintenance,Forwarded (Incorrect),False,"Not within our scope, sending to the relevant department.",2025-06-11 09:43:10.152602,
2169,3,Billing,Forwarded (Re-routed),True,Re-routed from Maintenance; now correctly assigned for Billing Issue.,2025-06-12 01:00:58.522531,
2169,4,Billing,Reviewed,True,Completed the requested action successfully.,2025-06-15 14:38:14.668632,Resolved
2170,1,Public Relations,Received,,Complaint logged and reviewed for routing.,2025-03-18 16:54:06.086353,
2170,2,Maintenance,Forwarded (Correct),True,"Received from Public Relations, correctly routed for Infrastructure.",2025-03-19 00:02:55.341766,
2170,3,Maintenance,Reviewed,True,Corrected the error and notified the customer.,2025-03-19 11:49:34.394665,Resolved
2171,1,Public Relations,Received,,Complaint logged and reviewed for routing.,2025-04-13 11:25:50.031700,
2171,2,Maintenance,Forwarded (Correct),True,"Received from Public Relations, correctly routed for Infrastructure.",2025-04-13 15:42:34.495173,
2171,3,Maintenance,Reviewed,True,Issue verified and resolved after review.,2025-04-15 10:17:21.588689,Resolved
2172,1,Public Relations,Received,,Complaint logged and reviewed for routing.,2025-02-05 21:10:07.022811,
2172,2,Customer Support,Forwarded (Correct),True,"Received from Public Relations, correctly routed for Staff Behavior.",2025-02-05 22:59:29.274220,
2172,3,Customer Support,Reviewed,True,Corrected the error and notified the customer.,2025-02-06 09:03:54.816345,Resolved
2173,1,Public Relations,Received,,Complaint logged and reviewed for routing.,2025-07-07 09:04:35.043952,
2173,2,Customer Support,Forwarded (Correct),True,"Received from Public Relations, correctly routed for Appreciation.",2025-07-07 11:35:47.881393,
2173,3,Customer Support,Reviewed,True,Resolved following standard procedure.,2025-07-09 01:08:35.854127,Resolved
2174,1,Public Relations,Received,,Complaint logged and reviewed for routing.,2025-06-22 19:10:10.412741,
2174,2,Security,Forwarded (Correct),True,"Received from Public Relations, correctly routed for Safety Concern.",2025-06-23 00:35:42.557142,
2174,3,Security,Reviewed,True,Escalated to senior staff for further action.,2025-06-26 00:56:34.196927,Unresolved
2175,1,Public Relations,Received,,Complaint logged and reviewed for routing.,2025-09-09 09:55:38.095057,
2175,2,Billing,Forwarded (Correct),True,"Received from Public Relations, correctly routed for Billing Issue.",2025-09-09 12:27:13.933297,
2175,3,Billing,Reviewed,True,Escalated to senior staff for further action.,2025-09-11 10:56:55.191760,Unresolved
2176,1,Public Relations,Received,,Complaint logged and reviewed for routing.,2025-06-04 09:39:07.419270,
2176,2,Security,Forwarded (Incorrect),False,"Not within our scope, sending to the relevant department.",2025-06-04 16:53:21.964343,
2176,3,Customer Support,Forwarded (Re-routed),True,Re-routed from Security; now correctly assigned for Staff Behavior.,2025-06-05 14:45:47.619285,
2176,4,Customer Support,Reviewed,True,Resolved following standard procedure.,2025-06-08 16:00:24.401009,Resolved
2177,1,Public Relations,Received,,Complaint logged and reviewed for routing.,2025-10-10 17:17:07.177226,
2177,2,Maintenance,Forwarded (Correct),True,"Received from Public Relations, correctly routed for Infrastructure.",2025-10-10 23:06:57.042716,
2177,3,Maintenance,Reviewed,True,Issue verified and resolved after review.,2025-10-13 02:02:31.120999,Resolved
2178,1,Public Relations,Received,,Complaint logged and reviewed for routing.,2025-10-15 13:48:39.330337,
2178,2,Administration,Forwarded (Correct),True,"Received from Public Relations, correctly routed for Corruption/Bribery.",2025-10-15 17:52:29.602062,
2178,3,Administration,Reviewed,True,Waiting on additional information from the customer.,2025-10-15 23:18:25.968439,Unresolved
2179,1,Public Relations,Received,,Complaint logged and reviewed for routing.,2025-09-17 10:32:26.087061,
2179,2,Administration,Forwarded (Correct),True,"Received from Public Relations, correctly routed for Corruption/Bribery.",2025-09-17 11:52:20.939936,
2179,3,Administration,Reviewed,True,Corrected the error and notified the customer.,2025-09-20 10:58:57.528986,Resolved
2180,1,Public Relations,Received,,Complaint logged and reviewed for routing.,2025-01-22 13:12:44.099775,
2180,2,Maintenance,Forwarded (Correct),True,"Received from Public Relations, correctly routed for Infrastructure.",2025-01-22 15:13:25.900203,
2180,3,Maintenance,Reviewed,True,Completed the requested action successfully.,2025-01-25 22:13:20.861601,Resolved
2181,1,Public Relations,Received,,Complaint logged and reviewed for routing.,2025-07-03 14:19:11.790667,
2181,2,Customer Support,Forwarded (Correct),True,"Received from Public Relations, correctly routed for Staff Behavior.",2025-07-03 16:08:49.946577,
2181,3,Customer Support,Reviewed,True,"Still under investigation, pending further review.",2025-07-05 00:23:32.042501,Unresolved
2182,1,Public Relations,Received,,Complaint logged and reviewed for routing.,2025-12-19 18:28:22.964840,
2182,2,Maintenance,Forwarded (Correct),True,"Received from Public Relations, correctly routed for Infrastructure.",2025-12-19 20:02:46.466827,
2182,3,Maintenance,Reviewed,True,On hold due to resource availability.,2025-12-20 16:19:13.087481,Unresolved
2183,1,Public Relations,Received,,Complaint logged and reviewed for routing.,2025-10-28 18:29:02.048081,
2183,2,Security,Forwarded (Correct),True,"Received from Public Relations, correctly routed for Safety Concern.",2025-10-28 20:03:01.834807,
2183,3,Security,Reviewed,True,Resolved following standard procedure.,2025-11-01 06:37:41.035749,Resolved
2184,1,Public Relations,Received,,Complaint logged and reviewed for routing.,2025-05-18 10:37:34.968239,
2184,2,Billing,Forwarded (Correct),True,"Received from Public Relations, correctly routed for Billing Issue.",2025-05-18 15:52:00.824806,
2184,3,Billing,Reviewed,True,Confirmed with the customer that the issue is fixed.,2025-05-20 00:44:49.208809,Resolved
2185,1,Public Relations,Received,,Complaint logged and reviewed for routing.,2025-02-01 13:05:21.639541,
2185,2,Billing,Forwarded (Correct),True,"Received from Public Relations, correctly routed for Billing Issue.",2025-02-01 19:05:55.932228,
2185,3,Billing,Reviewed,True,Corrected the error and notified the customer.,2025-02-02 12:11:28.691689,Resolved
2186,1,Public Relations,Received,,Complaint logged and reviewed for routing.,2025-02-27 12:04:09.947380,
2186,2,Customer Support,Forwarded (Correct),True,"Received from Public Relations, correctly routed for Appreciation.",2025-02-27 15:54:03.488547,
2186,3,Customer Support,Reviewed,True,Resolved following standard procedure.,2025-03-02 00:09:22.141026,Resolved
2187,1,Public Relations,Received,,Complaint logged and reviewed for routing.,2025-06-18 06:57:24.648380,
2187,2,Security,Forwarded (Correct),True,"Received from Public Relations, correctly routed for Safety Concern.",2025-06-18 13:53:20.212450,
2187,3,Security,Reviewed,True,Issue verified and resolved after review.,2025-06-21 08:09:46.209201,Resolved
2188,1,Public Relations,Received,,Complaint logged and reviewed for routing.,2025-06-14 13:40:07.558483,
2188,2,Billing,Forwarded (Correct),True,"Received from Public Relations, correctly routed for Billing Issue.",2025-06-14 17:17:11.166268,
2188,3,Billing,Reviewed,True,"Still under investigation, pending further review.",2025-06-18 08:11:11.605076,Unresolved
2189,1,Public Relations,Received,,Complaint logged and reviewed for routing.,2025-07-08 16:54:25.992091,
2189,2,Operations,Forwarded (Correct),True,"Received from Public Relations, correctly routed for Service Delay.",2025-07-08 20:11:07.749088,
2189,3,Operations,Reviewed,True,Issue verified and resolved after review.,2025-07-11 08:35:31.027820,Resolved
2190,1,Public Relations,Received,,Complaint logged and reviewed for routing.,2025-03-18 11:38:37.754459,
2190,2,Maintenance,Forwarded (Correct),True,"Received from Public Relations, correctly routed for Infrastructure.",2025-03-18 15:02:43.694714,
2190,3,Maintenance,Reviewed,True,"Still under investigation, pending further review.",2025-03-22 10:10:22.051253,Unresolved
2191,1,Public Relations,Received,,Complaint logged and reviewed for routing.,2025-12-22 19:38:40.991791,
2191,2,Administration,Forwarded (Correct),True,"Received from Public Relations, correctly routed for Corruption/Bribery.",2025-12-23 00:34:39.784520,
2191,3,Administration,Reviewed,True,Confirmed with the customer that the issue is fixed.,2025-12-26 16:20:22.248786,Resolved
2192,1,Public Relations,Received,,Complaint logged and reviewed for routing.,2025-10-26 20:00:01.391345,
2192,2,Operations,Forwarded (Correct),True,"Received from Public Relations, correctly routed for Service Delay.",2025-10-26 21:44:40.858711,
2192,3,Operations,Reviewed,True,Corrected the error and notified the customer.,2025-10-27 11:07:26.615588,Resolved
2193,1,Public Relations,Received,,Complaint logged and reviewed for routing.,2025-08-03 13:45:37.816768,
2193,2,Maintenance,Forwarded (Correct),True,"Received from Public Relations, correctly routed for Infrastructure.",2025-08-03 16:01:50.889098,
2193,3,Maintenance,Reviewed,True,Confirmed with the customer that the issue is fixed.,2025-08-05 02:31:35.445999,Resolved
2194,1,Public Relations,Received,,Complaint logged and reviewed for routing.,2025-12-07 10:07:55.857423,
2194,2,Operations,Forwarded (Correct),True,"Received from Public Relations, correctly routed for Service Delay.",2025-12-07 12:56:22.632788,
2194,3,Operations,Reviewed,True,Confirmed with the customer that the issue is fixed.,2025-12-11 11:14:45.531895,Resolved
2195,1,Public Relations,Received,,Complaint logged and reviewed for routing.,2025-09-26 16:33:42.801237,
2195,2,Maintenance,Forwarded (Correct),True,"Received from Public Relations, correctly routed for Infrastructure.",2025-09-26 21:54:29.394886,
2195,3,Maintenance,Reviewed,True,Escalated to senior staff for further action.,2025-09-30 10:58:51.321247,Unresolved
2196,1,Public Relations,Received,,Complaint logged and reviewed for routing.,2025-09-13 18:27:03.898886,
2196,2,Operations,Forwarded (Correct),True,"Received from Public Relations, correctly routed for Service Delay.",2025-09-14 01:01:24.408240,
2196,3,Operations,Reviewed,True,On hold due to resource availability.,2025-09-17 23:41:42.096577,Unresolved
2197,1,Public Relations,Received,,Complaint logged and reviewed for routing.,2025-08-02 13:28:00.400164,
2197,2,Administration,Forwarded (Correct),True,"Received from Public Relations, correctly routed for Corruption/Bribery.",2025-08-02 18:30:04.349636,
2197,3,Administration,Reviewed,True,Escalated to senior staff for further action.,2025-08-05 20:57:16.897670,Unresolved
2198,1,Public Relations,Received,,Complaint logged and reviewed for routing.,2025-01-28 08:41:53.189482,
2198,2,Security,Forwarded (Correct),True,"Received from Public Relations, correctly routed for Safety Concern.",2025-01-28 16:17:46.118801,
2198,3,Security,Reviewed,True,Resolved following standard procedure.,2025-01-31 08:24:00.956197,Resolved
2199,1,Public Relations,Received,,Complaint logged and reviewed for routing.,2025-02-25 15:37:08.031874,
2199,2,Billing,Forwarded (Correct),True,"Received from Public Relations, correctly routed for Billing Issue.",2025-02-25 19:43:55.756598,
2199,3,Billing,Reviewed,True,Resolved following standard procedure.,2025-02-28 06:35:09.918890,Resolved
2200,1,Public Relations,Received,,Complaint logged and reviewed for routing.,2025-10-27 11:28:16.350461,
2200,2,Security,Forwarded (Correct),True,"Received from Public Relations, correctly routed for Safety Concern.",2025-10-27 13:26:43.862580,
2200,3,Security,Reviewed,True,"Still under investigation, pending further review.",2025-10-30 07:41:13.633210,Unresolved
2201,1,Public Relations,Received,,Complaint logged and reviewed for routing.,2025-08-03 09:13:49.613399,
2201,2,Customer Support,Forwarded (Correct),True,"Received from Public Relations, correctly routed for Staff Behavior.",2025-08-03 13:34:11.467643,
2201,3,Customer Support,Reviewed,True,Completed the requested action successfully.,2025-08-06 11:12:02.000646,Resolved
2202,1,Public Relations,Received,,Complaint logged and reviewed for routing.,2025-09-29 00:13:49.372194,
2202,2,Maintenance,Forwarded (Incorrect),False,"Incorrectly routed here, reassigning to the appropriate department.",2025-09-29 07:05:27.992309,
2202,3,Billing,Forwarded (Re-routed),True,Re-routed from Maintenance; now correctly assigned for Billing Issue.,2025-09-30 06:54:01.231854,
2202,4,Billing,Reviewed,True,Issue verified and resolved after review.,2025-10-02 23:21:36.423879,Resolved
2203,1,Public Relations,Received,,Complaint logged and reviewed for routing.,2025-01-12 18:11:16.522185,
2203,2,Maintenance,Forwarded (Correct),True,"Received from Public Relations, correctly routed for Infrastructure.",2025-01-12 20:07:07.544523,
2203,3,Maintenance,Reviewed,True,Corrected the error and notified the customer.,2025-01-16 12:18:10.853995,Resolved
2204,1,Public Relations,Received,,Complaint logged and reviewed for routing.,2025-05-06 10:48:38.821685,
2204,2,Customer Support,Forwarded (Correct),True,"Received from Public Relations, correctly routed for Staff Behavior.",2025-05-06 17:49:16.413226,
2204,3,Customer Support,Reviewed,True,Resolved following standard procedure.,2025-05-07 00:41:33.183618,Resolved
2205,1,Public Relations,Received,,Complaint logged and reviewed for routing.,2025-08-20 11:59:19.826570,
2205,2,Security,Forwarded (Correct),True,"Received from Public Relations, correctly routed for Safety Concern.",2025-08-20 18:34:16.534358,
2205,3,Security,Reviewed,True,"Still under investigation, pending further review.",2025-08-21 12:09:07.744132,Unresolved
2206,1,Public Relations,Received,,Complaint logged and reviewed for routing.,2025-09-27 11:43:18.639798,
2206,2,Security,Forwarded (Correct),True,"Received from Public Relations, correctly routed for Safety Concern.",2025-09-27 14:48:38.652671,
2206,3,Security,Reviewed,True,Completed the requested action successfully.,2025-09-30 12:35:46.564534,Resolved
2207,1,Public Relations,Received,,Complaint logged and reviewed for routing.,2025-02-25 11:08:23.192040,
2207,2,Security,Forwarded (Incorrect),False,"Not within our scope, sending to the relevant department.",2025-02-25 16:24:43.605404,
2207,3,Customer Support,Forwarded (Re-routed),True,Re-routed from Security; now correctly assigned for Staff Behavior.,2025-02-26 10:21:17.681196,
2207,4,Customer Support,Reviewed,True,Requires field visit before it can be closed.,2025-02-26 21:49:15.446930,Unresolved
2208,1,Public Relations,Received,,Complaint logged and reviewed for routing.,2025-04-15 13:38:38.067151,
2208,2,Administration,Forwarded (Incorrect),False,"Incorrectly routed here, reassigning to the appropriate department.",2025-04-15 17:21:04.479306,
2208,3,Operations,Forwarded (Re-routed),True,Re-routed from Administration; now correctly assigned for Service Delay.,2025-04-16 01:34:31.217541,
2208,4,Operations,Reviewed,True,"Still under investigation, pending further review.",2025-04-18 21:46:07.192888,Unresolved
2209,1,Public Relations,Received,,Complaint logged and reviewed for routing.,2025-04-13 17:45:52.643362,
2209,2,Billing,Forwarded (Incorrect),False,"Not within our scope, sending to the relevant department.",2025-04-13 23:10:59.613135,
2209,3,Operations,Forwarded (Re-routed),True,Re-routed from Billing; now correctly assigned for Service Delay.,2025-04-14 17:20:15.153289,
2209,4,Operations,Reviewed,True,Resolved following standard procedure.,2025-04-17 19:21:01.735677,Resolved
2210,1,Public Relations,Received,,Complaint logged and reviewed for routing.,2025-08-03 15:18:22.900392,
2210,2,Billing,Forwarded (Correct),True,"Received from Public Relations, correctly routed for Billing Issue.",2025-08-03 20:56:14.754675,
2210,3,Billing,Reviewed,True,On hold due to resource availability.,2025-08-05 08:57:48.479607,Unresolved
2211,1,Public Relations,Received,,Complaint logged and reviewed for routing.,2025-10-22 16:29:26.403385,
2211,2,Security,Forwarded (Correct),True,"Received from Public Relations, correctly routed for Safety Concern.",2025-10-22 19:38:41.937744,
2211,3,Security,Reviewed,True,Waiting on additional information from the customer.,2025-10-25 16:40:57.999188,Unresolved
2212,1,Public Relations,Received,,Complaint logged and reviewed for routing.,2025-04-03 04:54:06.376340,
2212,2,Operations,Forwarded (Correct),True,"Received from Public Relations, correctly routed for Service Delay.",2025-04-03 06:09:00.065958,
2212,3,Operations,Reviewed,True,Confirmed with the customer that the issue is fixed.,2025-04-04 03:49:33.019504,Resolved
2213,1,Public Relations,Received,,Complaint logged and reviewed for routing.,2025-11-11 16:23:27.465413,
2213,2,Customer Support,Forwarded (Incorrect),False,"Incorrectly routed here, reassigning to the appropriate department.",2025-11-11 18:17:43.512996,
2213,3,Maintenance,Forwarded (Re-routed),True,Re-routed from Customer Support; now correctly assigned for Infrastructure.,2025-11-12 02:07:40.002071,
2213,4,Maintenance,Reviewed,True,Waiting on additional information from the customer.,2025-11-14 03:55:50.848485,Unresolved
2214,1,Public Relations,Received,,Complaint logged and reviewed for routing.,2025-06-10 06:52:28.933333,
2214,2,Billing,Forwarded (Correct),True,"Received from Public Relations, correctly routed for Billing Issue.",2025-06-10 14:39:20.298471,
2214,3,Billing,Reviewed,True,Escalated to senior staff for further action.,2025-06-10 20:24:10.978787,Unresolved
2215,1,Public Relations,Received,,Complaint logged and reviewed for routing.,2025-07-04 20:40:57.270690,
2215,2,Administration,Forwarded (Correct),True,"Received from Public Relations, correctly routed for Corruption/Bribery.",2025-07-05 01:40:15.086843,
2215,3,Administration,Reviewed,True,Waiting on additional information from the customer.,2025-07-06 04:19:59.646695,Unresolved
2216,1,Public Relations,Received,,Complaint logged and reviewed for routing.,2025-11-04 00:37:55.454109,
2216,2,Maintenance,Forwarded (Correct),True,"Received from Public Relations, correctly routed for Infrastructure.",2025-11-04 08:17:07.049398,
2216,3,Maintenance,Reviewed,True,Completed the requested action successfully.,2025-11-04 12:57:01.928270,Resolved
2217,1,Public Relations,Received,,Complaint logged and reviewed for routing.,2025-07-06 18:02:16.069854,
2217,2,Operations,Forwarded (Incorrect),False,"Not within our scope, sending to the relevant department.",2025-07-06 19:27:12.674216,
2217,3,Administration,Forwarded (Re-routed),True,Re-routed from Operations; now correctly assigned for Corruption/Bribery.,2025-07-07 01:59:54.239087,
2217,4,Administration,Reviewed,True,Confirmed with the customer that the issue is fixed.,2025-07-08 17:07:50.238320,Resolved
2218,1,Public Relations,Received,,Complaint logged and reviewed for routing.,2025-05-27 09:51:39.628186,
2218,2,Billing,Forwarded (Correct),True,"Received from Public Relations, correctly routed for Billing Issue.",2025-05-27 12:45:36.442522,
2218,3,Billing,Reviewed,True,Completed the requested action successfully.,2025-05-30 01:23:54.367925,Resolved
2219,1,Public Relations,Received,,Complaint logged and reviewed for routing.,2025-11-08 12:38:34.138926,
2219,2,Operations,Forwarded (Correct),True,"Received from Public Relations, correctly routed for Service Delay.",2025-11-08 15:17:20.413754,
2219,3,Operations,Reviewed,True,Corrected the error and notified the customer.,2025-11-12 02:19:33.259296,Resolved
2220,1,Public Relations,Received,,Complaint logged and reviewed for routing.,2025-07-11 17:18:31.825480,
2220,2,Security,Forwarded (Incorrect),False,"This complaint does not belong to our department, forwarding to the correct team.",2025-07-11 20:33:25.335517,
2220,3,Administration,Forwarded (Re-routed),True,Re-routed from Security; now correctly assigned for Corruption/Bribery.,2025-07-12 14:34:21.218598,
2220,4,Administration,Reviewed,True,On hold due to resource availability.,2025-07-13 08:35:43.537647,Unresolved
2221,1,Public Relations,Received,,Complaint logged and reviewed for routing.,2025-07-23 15:13:46.994754,
2221,2,Customer Support,Forwarded (Correct),True,"Received from Public Relations, correctly routed for Appreciation.",2025-07-23 21:54:50.296611,
2221,3,Customer Support,Reviewed,True,Issue verified and resolved after review.,2025-07-24 06:52:58.234555,Resolved
2222,1,Public Relations,Received,,Complaint logged and reviewed for routing.,2025-06-23 14:36:31.906839,
2222,2,Maintenance,Forwarded (Correct),True,"Received from Public Relations, correctly routed for Infrastructure.",2025-06-23 22:28:24.717292,
2222,3,Maintenance,Reviewed,True,Issue verified and resolved after review.,2025-06-26 23:18:26.192199,Resolved
2223,1,Public Relations,Received,,Complaint logged and reviewed for routing.,2025-10-01 13:00:46.983670,
2223,2,Customer Support,Forwarded (Correct),True,"Received from Public Relations, correctly routed for Appreciation.",2025-10-01 14:17:44.922574,
2223,3,Customer Support,Reviewed,True,Corrected the error and notified the customer.,2025-10-02 02:11:35.590657,Resolved
2224,1,Public Relations,Received,,Complaint logged and reviewed for routing.,2025-03-21 10:22:54.733196,
2224,2,Billing,Forwarded (Correct),True,"Received from Public Relations, correctly routed for Billing Issue.",2025-03-21 15:19:46.657420,
2224,3,Billing,Reviewed,True,Waiting on additional information from the customer.,2025-03-24 16:14:13.385099,Unresolved
2225,1,Public Relations,Received,,Complaint logged and reviewed for routing.,2025-01-11 16:10:47.115637,
2225,2,Maintenance,Forwarded (Correct),True,"Received from Public Relations, correctly routed for Infrastructure.",2025-01-11 17:22:13.952575,
2225,3,Maintenance,Reviewed,True,Corrected the error and notified the customer.,2025-01-13 11:36:47.431350,Resolved
2226,1,Public Relations,Received,,Complaint logged and reviewed for routing.,2025-09-17 11:25:54.902163,
2226,2,Maintenance,Forwarded (Incorrect),False,"This complaint does not belong to our department, forwarding to the correct team.",2025-09-17 15:33:55.478628,
2226,3,Operations,Forwarded (Re-routed),True,Re-routed from Maintenance; now correctly assigned for Service Delay.,2025-09-17 21:24:05.184685,
2226,4,Operations,Reviewed,True,Confirmed with the customer that the issue is fixed.,2025-09-20 11:38:27.094657,Resolved
2227,1,Public Relations,Received,,Complaint logged and reviewed for routing.,2025-12-25 10:53:51.218875,
2227,2,Billing,Forwarded (Incorrect),False,"Not within our scope, sending to the relevant department.",2025-12-25 15:17:21.227373,
2227,3,Operations,Forwarded (Re-routed),True,Re-routed from Billing; now correctly assigned for Service Delay.,2025-12-26 13:59:10.072540,
2227,4,Operations,Reviewed,True,Resolved following standard procedure.,2025-12-30 07:38:04.583426,Resolved
2228,1,Public Relations,Received,,Complaint logged and reviewed for routing.,2025-04-20 07:46:48.187904,
2228,2,Security,Forwarded (Correct),True,"Received from Public Relations, correctly routed for Safety Concern.",2025-04-20 14:41:13.212052,
2228,3,Security,Reviewed,True,Corrected the error and notified the customer.,2025-04-23 04:16:27.019902,Resolved
2229,1,Public Relations,Received,,Complaint logged and reviewed for routing.,2025-11-02 19:20:58.006225,
2229,2,Customer Support,Forwarded (Correct),True,"Received from Public Relations, correctly routed for Appreciation.",2025-11-02 22:07:53.992610,
2229,3,Customer Support,Reviewed,True,Requires field visit before it can be closed.,2025-11-06 05:47:09.136933,Unresolved
2230,1,Public Relations,Received,,Complaint logged and reviewed for routing.,2025-06-24 08:36:14.147997,
2230,2,Customer Support,Forwarded (Incorrect),False,"Incorrectly routed here, reassigning to the appropriate department.",2025-06-24 14:00:33.956371,
2230,3,Maintenance,Forwarded (Re-routed),True,Re-routed from Customer Support; now correctly assigned for Infrastructure.,2025-06-24 20:01:39.342780,
2230,4,Maintenance,Reviewed,True,Corrected the error and notified the customer.,2025-06-27 12:30:53.432852,Resolved
2231,1,Public Relations,Received,,Complaint logged and reviewed for routing.,2025-11-11 17:42:47.738775,
2231,2,Maintenance,Forwarded (Correct),True,"Received from Public Relations, correctly routed for Infrastructure.",2025-11-12 00:32:47.186842,
2231,3,Maintenance,Reviewed,True,Corrected the error and notified the customer.,2025-11-14 05:03:10.447821,Resolved
2232,1,Public Relations,Received,,Complaint logged and reviewed for routing.,2025-05-21 20:01:58.728856,
2232,2,Maintenance,Forwarded (Correct),True,"Received from Public Relations, correctly routed for Infrastructure.",2025-05-21 22:02:45.241621,
2232,3,Maintenance,Reviewed,True,Corrected the error and notified the customer.,2025-05-24 08:03:05.033878,Resolved
2233,1,Public Relations,Received,,Complaint logged and reviewed for routing.,2025-02-06 10:32:42.975822,
2233,2,Maintenance,Forwarded (Correct),True,"Received from Public Relations, correctly routed for Infrastructure.",2025-02-06 14:40:25.357735,
2233,3,Maintenance,Reviewed,True,Corrected the error and notified the customer.,2025-02-10 08:18:46.845242,Resolved
2234,1,Public Relations,Received,,Complaint logged and reviewed for routing.,2025-09-22 08:19:26.513382,
2234,2,Customer Support,Forwarded (Correct),True,"Received from Public Relations, correctly routed for Staff Behavior.",2025-09-22 11:25:56.997699,
2234,3,Customer Support,Reviewed,True,Waiting on additional information from the customer.,2025-09-23 09:25:17.032384,Unresolved
2235,1,Public Relations,Received,,Complaint logged and reviewed for routing.,2025-12-03 12:15:39.152292,
2235,2,Operations,Forwarded (Correct),True,"Received from Public Relations, correctly routed for Service Delay.",2025-12-03 13:48:12.394954,
2235,3,Operations,Reviewed,True,Corrected the error and notified the customer.,2025-12-04 06:00:31.987506,Resolved
2236,1,Public Relations,Received,,Complaint logged and reviewed for routing.,2025-06-05 06:08:20.740172,
2236,2,Maintenance,Forwarded (Correct),True,"Received from Public Relations, correctly routed for Infrastructure.",2025-06-05 07:14:59.817248,
2236,3,Maintenance,Reviewed,True,Issue verified and resolved after review.,2025-06-05 23:04:41.276279,Resolved
2237,1,Public Relations,Received,,Complaint logged and reviewed for routing.,2025-10-05 15:09:32.315604,
2237,2,Customer Support,Forwarded (Correct),True,"Received from Public Relations, correctly routed for Staff Behavior.",2025-10-05 20:42:14.807688,
2237,3,Customer Support,Reviewed,True,Completed the requested action successfully.,2025-10-06 09:42:35.561585,Resolved
2238,1,Public Relations,Received,,Complaint logged and reviewed for routing.,2025-05-17 10:37:58.500463,
2238,2,Security,Forwarded (Correct),True,"Received from Public Relations, correctly routed for Safety Concern.",2025-05-17 17:58:48.320783,
2238,3,Security,Reviewed,True,Resolved following standard procedure.,2025-05-18 10:21:47.875069,Resolved
2239,1,Public Relations,Received,,Complaint logged and reviewed for routing.,2025-11-22 23:03:35.130266,
2239,2,Operations,Forwarded (Correct),True,"Received from Public Relations, correctly routed for Service Delay.",2025-11-23 03:24:13.164705,
2239,3,Operations,Reviewed,True,Confirmed with the customer that the issue is fixed.,2025-11-24 23:15:42.915643,Resolved
2240,1,Public Relations,Received,,Complaint logged and reviewed for routing.,2025-05-15 07:55:18.196367,
2240,2,Operations,Forwarded (Correct),True,"Received from Public Relations, correctly routed for Service Delay.",2025-05-15 13:35:53.730195,
2240,3,Operations,Reviewed,True,"Still under investigation, pending further review.",2025-05-16 06:31:22.555417,Unresolved
2241,1,Public Relations,Received,,Complaint logged and reviewed for routing.,2025-03-24 19:12:02.252979,
2241,2,Operations,Forwarded (Correct),True,"Received from Public Relations, correctly routed for Service Delay.",2025-03-25 00:31:43.320390,
2241,3,Operations,Reviewed,True,Issue verified and resolved after review.,2025-03-28 00:55:36.080454,Resolved
2242,1,Public Relations,Received,,Complaint logged and reviewed for routing.,2025-06-13 14:29:29.982376,
2242,2,Customer Support,Forwarded (Correct),True,"Received from Public Relations, correctly routed for Appreciation.",2025-06-13 19:35:28.600293,
2242,3,Customer Support,Reviewed,True,"Still under investigation, pending further review.",2025-06-16 06:24:58.631859,Unresolved
2243,1,Public Relations,Received,,Complaint logged and reviewed for routing.,2025-08-05 09:39:08.783127,
2243,2,Billing,Forwarded (Correct),True,"Received from Public Relations, correctly routed for Billing Issue.",2025-08-05 14:44:27.414066,
2243,3,Billing,Reviewed,True,Completed the requested action successfully.,2025-08-06 01:29:04.364850,Resolved
2244,1,Public Relations,Received,,Complaint logged and reviewed for routing.,2025-11-07 09:02:27.115539,
2244,2,Security,Forwarded (Correct),True,"Received from Public Relations, correctly routed for Safety Concern.",2025-11-07 12:06:24.420448,
2244,3,Security,Reviewed,True,Corrected the error and notified the customer.,2025-11-11 02:00:44.462508,Resolved
2245,1,Public Relations,Received,,Complaint logged and reviewed for routing.,2025-04-22 19:56:36.657946,
2245,2,Operations,Forwarded (Correct),True,"Received from Public Relations, correctly routed for Service Delay.",2025-04-23 02:20:34.742353,
2245,3,Operations,Reviewed,True,Corrected the error and notified the customer.,2025-04-25 00:56:24.515855,Resolved
2246,1,Public Relations,Received,,Complaint logged and reviewed for routing.,2025-03-11 13:09:12.399863,
2246,2,Security,Forwarded (Correct),True,"Received from Public Relations, correctly routed for Safety Concern.",2025-03-11 15:41:23.347661,
2246,3,Security,Reviewed,True,On hold due to resource availability.,2025-03-14 18:35:21.118572,Unresolved
2247,1,Public Relations,Received,,Complaint logged and reviewed for routing.,2025-11-08 08:56:49.828850,
2247,2,Customer Support,Forwarded (Correct),True,"Received from Public Relations, correctly routed for Appreciation.",2025-11-08 15:08:18.205684,
2247,3,Customer Support,Reviewed,True,Corrected the error and notified the customer.,2025-11-10 03:11:16.529618,Resolved
2248,1,Public Relations,Received,,Complaint logged and reviewed for routing.,2025-02-23 14:05:05.607393,
2248,2,Billing,Forwarded (Correct),True,"Received from Public Relations, correctly routed for Billing Issue.",2025-02-23 19:00:34.159539,
2248,3,Billing,Reviewed,True,Corrected the error and notified the customer.,2025-02-26 02:03:55.379098,Resolved
2249,1,Public Relations,Received,,Complaint logged and reviewed for routing.,2025-12-18 15:47:40.819528,
2249,2,Customer Support,Forwarded (Correct),True,"Received from Public Relations, correctly routed for Staff Behavior.",2025-12-18 21:38:56.431967,
2249,3,Customer Support,Reviewed,True,Requires field visit before it can be closed.,2025-12-20 23:10:50.040134,Unresolved
2250,1,Public Relations,Received,,Complaint logged and reviewed for routing.,2025-10-08 18:52:22.775218,
2250,2,Security,Forwarded (Correct),True,"Received from Public Relations, correctly routed for Safety Concern.",2025-10-08 20:33:42.485509,
2250,3,Security,Reviewed,True,Requires field visit before it can be closed.,2025-10-12 20:12:48.961552,Unresolved
2251,1,Public Relations,Received,,Complaint logged and reviewed for routing.,2025-10-03 18:34:35.573312,
2251,2,Administration,Forwarded (Correct),True,"Received from Public Relations, correctly routed for Corruption/Bribery.",2025-10-03 20:36:02.153553,
2251,3,Administration,Reviewed,True,Corrected the error and notified the customer.,2025-10-07 12:36:56.463885,Resolved
2252,1,Public Relations,Received,,Complaint logged and reviewed for routing.,2025-07-23 22:20:14.430856,
2252,2,Billing,Forwarded (Correct),True,"Received from Public Relations, correctly routed for Billing Issue.",2025-07-24 02:52:59.006051,
2252,3,Billing,Reviewed,True,Confirmed with the customer that the issue is fixed.,2025-07-26 03:48:37.462031,Resolved
2253,1,Public Relations,Received,,Complaint logged and reviewed for routing.,2025-04-10 11:35:57.443314,
2253,2,Operations,Forwarded (Incorrect),False,"Not within our scope, sending to the relevant department.",2025-04-10 16:51:00.395715,
2253,3,Billing,Forwarded (Re-routed),True,Re-routed from Operations; now correctly assigned for Billing Issue.,2025-04-11 04:41:51.863357,
2253,4,Billing,Reviewed,True,Escalated to senior staff for further action.,2025-04-12 05:36:52.516997,Unresolved
2254,1,Public Relations,Received,,Complaint logged and reviewed for routing.,2025-02-24 01:23:03.479197,
2254,2,Billing,Forwarded (Incorrect),False,"This complaint does not belong to our department, forwarding to the correct team.",2025-02-24 09:18:07.793169,
2254,3,Administration,Forwarded (Re-routed),True,Re-routed from Billing; now correctly assigned for Corruption/Bribery.,2025-02-25 07:27:15.930352,
2254,4,Administration,Reviewed,True,Confirmed with the customer that the issue is fixed.,2025-02-26 16:34:45.742453,Resolved
2255,1,Public Relations,Received,,Complaint logged and reviewed for routing.,2025-02-26 14:44:16.452116,
2255,2,Customer Support,Forwarded (Correct),True,"Received from Public Relations, correctly routed for Staff Behavior.",2025-02-26 22:10:33.380989,
2255,3,Customer Support,Reviewed,True,Confirmed with the customer that the issue is fixed.,2025-03-01 06:38:43.309134,Resolved
2256,1,Public Relations,Received,,Complaint logged and reviewed for routing.,2025-12-05 14:58:48.258331,
2256,2,Customer Support,Forwarded (Correct),True,"Received from Public Relations, correctly routed for Appreciation.",2025-12-05 18:08:54.131015,
2256,3,Customer Support,Reviewed,True,Completed the requested action successfully.,2025-12-09 02:50:17.534429,Resolved
2257,1,Public Relations,Received,,Complaint logged and reviewed for routing.,2025-01-12 15:25:28.334478,
2257,2,Customer Support,Forwarded (Correct),True,"Received from Public Relations, correctly routed for Appreciation.",2025-01-12 19:28:19.451892,
2257,3,Customer Support,Reviewed,True,Resolved following standard procedure.,2025-01-13 09:16:44.431543,Resolved
2258,1,Public Relations,Received,,Complaint logged and reviewed for routing.,2025-07-02 12:26:32.357901,
2258,2,Maintenance,Forwarded (Correct),True,"Received from Public Relations, correctly routed for Infrastructure.",2025-07-02 14:04:36.804101,
2258,3,Maintenance,Reviewed,True,Corrected the error and notified the customer.,2025-07-06 10:58:23.554064,Resolved
2259,1,Public Relations,Received,,Complaint logged and reviewed for routing.,2025-03-28 11:44:09.631884,
2259,2,Billing,Forwarded (Correct),True,"Received from Public Relations, correctly routed for Billing Issue.",2025-03-28 15:52:15.114992,
2259,3,Billing,Reviewed,True,Completed the requested action successfully.,2025-03-30 06:07:49.960292,Resolved
2260,1,Public Relations,Received,,Complaint logged and reviewed for routing.,2025-12-18 10:20:06.673474,
2260,2,Administration,Forwarded (Incorrect),False,"This complaint does not belong to our department, forwarding to the correct team.",2025-12-18 15:17:31.439925,
2260,3,Operations,Forwarded (Re-routed),True,Re-routed from Administration; now correctly assigned for Service Delay.,2025-12-19 03:04:47.467896,
2260,4,Operations,Reviewed,True,Issue verified and resolved after review.,2025-12-21 09:10:10.088662,Resolved
2261,1,Public Relations,Received,,Complaint logged and reviewed for routing.,2025-11-19 09:41:08.603827,
2261,2,Billing,Forwarded (Correct),True,"Received from Public Relations, correctly routed for Billing Issue.",2025-11-19 12:54:32.452274,
2261,3,Billing,Reviewed,True,Confirmed with the customer that the issue is fixed.,2025-11-23 04:21:05.600584,Resolved
2262,1,Public Relations,Received,,Complaint logged and reviewed for routing.,2025-11-05 13:06:56.992445,
2262,2,Customer Support,Forwarded (Correct),True,"Received from Public Relations, correctly routed for Staff Behavior.",2025-11-05 17:07:16.200462,
2262,3,Customer Support,Reviewed,True,Confirmed with the customer that the issue is fixed.,2025-11-08 07:19:31.336907,Resolved
2263,1,Public Relations,Received,,Complaint logged and reviewed for routing.,2025-09-14 09:29:47.698011,
2263,2,Maintenance,Forwarded (Incorrect),False,"Incorrectly routed here, reassigning to the appropriate department.",2025-09-14 16:26:29.341202,
2263,3,Customer Support,Forwarded (Re-routed),True,Re-routed from Maintenance; now correctly assigned for Staff Behavior.,2025-09-15 03:17:41.126941,
2263,4,Customer Support,Reviewed,True,Resolved following standard procedure.,2025-09-17 01:13:30.287924,Resolved
2264,1,Public Relations,Received,,Complaint logged and reviewed for routing.,2025-05-20 02:19:41.253286,
2264,2,Billing,Forwarded (Correct),True,"Received from Public Relations, correctly routed for Billing Issue.",2025-05-20 05:56:54.964955,
2264,3,Billing,Reviewed,True,Requires field visit before it can be closed.,2025-05-23 22:55:06.615293,Unresolved
2265,1,Public Relations,Received,,Complaint logged and reviewed for routing.,2025-03-28 16:08:41.455018,
2265,2,Customer Support,Forwarded (Correct),True,"Received from Public Relations, correctly routed for Appreciation.",2025-03-28 19:50:23.510503,
2265,3,Customer Support,Reviewed,True,Confirmed with the customer that the issue is fixed.,2025-04-01 14:36:57.246366,Resolved
2266,1,Public Relations,Received,,Complaint logged and reviewed for routing.,2025-07-08 02:23:42.786319,
2266,2,Operations,Forwarded (Correct),True,"Received from Public Relations, correctly routed for Service Delay.",2025-07-08 09:35:04.210359,
2266,3,Operations,Reviewed,True,Completed the requested action successfully.,2025-07-08 20:51:26.398984,Resolved
2267,1,Public Relations,Received,,Complaint logged and reviewed for routing.,2025-02-01 13:55:39.687876,
2267,2,Security,Forwarded (Correct),True,"Received from Public Relations, correctly routed for Safety Concern.",2025-02-01 19:33:30.832854,
2267,3,Security,Reviewed,True,"Still under investigation, pending further review.",2025-02-02 08:39:55.094426,Unresolved
2268,1,Public Relations,Received,,Complaint logged and reviewed for routing.,2025-07-06 19:27:26.936111,
2268,2,Maintenance,Forwarded (Correct),True,"Received from Public Relations, correctly routed for Infrastructure.",2025-07-06 23:32:28.912163,
2268,3,Maintenance,Reviewed,True,Requires field visit before it can be closed.,2025-07-10 22:19:15.886170,Unresolved
2269,1,Public Relations,Received,,Complaint logged and reviewed for routing.,2025-06-20 22:09:00.679540,
2269,2,Customer Support,Forwarded (Correct),True,"Received from Public Relations, correctly routed for Staff Behavior.",2025-06-20 23:59:04.645514,
2269,3,Customer Support,Reviewed,True,Confirmed with the customer that the issue is fixed.,2025-06-22 14:09:03.605437,Resolved
2270,1,Public Relations,Received,,Complaint logged and reviewed for routing.,2025-09-10 08:52:13.821822,
2270,2,Customer Support,Forwarded (Correct),True,"Received from Public Relations, correctly routed for Staff Behavior.",2025-09-10 12:08:24.667989,
2270,3,Customer Support,Reviewed,True,Completed the requested action successfully.,2025-09-11 07:03:23.321116,Resolved
2271,1,Public Relations,Received,,Complaint logged and reviewed for routing.,2025-12-23 14:57:33.613275,
2271,2,Operations,Forwarded (Correct),True,"Received from Public Relations, correctly routed for Service Delay.",2025-12-23 19:26:59.918332,
2271,3,Operations,Reviewed,True,Completed the requested action successfully.,2025-12-26 07:44:26.752965,Resolved
2272,1,Public Relations,Received,,Complaint logged and reviewed for routing.,2025-08-26 13:00:34.722899,
2272,2,Customer Support,Forwarded (Correct),True,"Received from Public Relations, correctly routed for Staff Behavior.",2025-08-26 16:42:00.911009,
2272,3,Customer Support,Reviewed,True,"Still under investigation, pending further review.",2025-08-29 21:24:37.475578,Unresolved
2273,1,Public Relations,Received,,Complaint logged and reviewed for routing.,2025-03-27 10:12:36.663737,
2273,2,Billing,Forwarded (Correct),True,"Received from Public Relations, correctly routed for Billing Issue.",2025-03-27 17:22:18.961962,
2273,3,Billing,Reviewed,True,Waiting on additional information from the customer.,2025-03-30 13:21:37.856586,Unresolved
2274,1,Public Relations,Received,,Complaint logged and reviewed for routing.,2025-11-17 07:27:32.011320,
2274,2,Billing,Forwarded (Correct),True,"Received from Public Relations, correctly routed for Billing Issue.",2025-11-17 13:25:23.239560,
2274,3,Billing,Reviewed,True,Confirmed with the customer that the issue is fixed.,2025-11-19 06:38:04.459799,Resolved
2275,1,Public Relations,Received,,Complaint logged and reviewed for routing.,2025-05-18 11:53:57.450231,
2275,2,Maintenance,Forwarded (Correct),True,"Received from Public Relations, correctly routed for Infrastructure.",2025-05-18 15:21:35.541573,
2275,3,Maintenance,Reviewed,True,Completed the requested action successfully.,2025-05-21 20:25:27.327071,Resolved
2276,1,Public Relations,Received,,Complaint logged and reviewed for routing.,2025-09-12 13:44:20.490585,
2276,2,Maintenance,Forwarded (Correct),True,"Received from Public Relations, correctly routed for Infrastructure.",2025-09-12 18:51:25.385427,
2276,3,Maintenance,Reviewed,True,Corrected the error and notified the customer.,2025-09-13 09:43:37.121997,Resolved
2277,1,Public Relations,Received,,Complaint logged and reviewed for routing.,2025-07-13 18:55:56.420303,
2277,2,Customer Support,Forwarded (Correct),True,"Received from Public Relations, correctly routed for Staff Behavior.",2025-07-13 21:56:37.557881,
2277,3,Customer Support,Reviewed,True,Corrected the error and notified the customer.,2025-07-17 03:09:05.482666,Resolved
2278,1,Public Relations,Received,,Complaint logged and reviewed for routing.,2025-07-25 12:26:43.543900,
2278,2,Billing,Forwarded (Correct),True,"Received from Public Relations, correctly routed for Billing Issue.",2025-07-25 15:22:47.887999,
2278,3,Billing,Reviewed,True,Confirmed with the customer that the issue is fixed.,2025-07-27 06:43:00.971494,Resolved
2279,1,Public Relations,Received,,Complaint logged and reviewed for routing.,2025-01-28 13:07:44.686776,
2279,2,Security,Forwarded (Correct),True,"Received from Public Relations, correctly routed for Safety Concern.",2025-01-28 17:29:38.925411,
2279,3,Security,Reviewed,True,Resolved following standard procedure.,2025-01-29 07:10:43.026597,Resolved
2280,1,Public Relations,Received,,Complaint logged and reviewed for routing.,2025-08-07 12:13:20.883131,
2280,2,Billing,Forwarded (Correct),True,"Received from Public Relations, correctly routed for Billing Issue.",2025-08-07 18:16:55.545872,
2280,3,Billing,Reviewed,True,Issue verified and resolved after review.,2025-08-10 18:22:29.719923,Resolved
2281,1,Public Relations,Received,,Complaint logged and reviewed for routing.,2025-05-06 08:33:02.317091,
2281,2,Customer Support,Forwarded (Correct),True,"Received from Public Relations, correctly routed for Appreciation.",2025-05-06 13:05:46.312638,
2281,3,Customer Support,Reviewed,True,Confirmed with the customer that the issue is fixed.,2025-05-07 19:41:19.105919,Resolved
2282,1,Public Relations,Received,,Complaint logged and reviewed for routing.,2025-12-24 15:55:22.072470,
2282,2,Security,Forwarded (Correct),True,"Received from Public Relations, correctly routed for Safety Concern.",2025-12-24 18:24:55.768909,
2282,3,Security,Reviewed,True,Resolved following standard procedure.,2025-12-28 13:41:18.066517,Resolved
2283,1,Public Relations,Received,,Complaint logged and reviewed for routing.,2025-07-05 15:47:08.288164,
2283,2,Maintenance,Forwarded (Correct),True,"Received from Public Relations, correctly routed for Infrastructure.",2025-07-05 21:13:26.701499,
2283,3,Maintenance,Reviewed,True,Issue verified and resolved after review.,2025-07-07 20:53:19.119157,Resolved
2284,1,Public Relations,Received,,Complaint logged and reviewed for routing.,2025-09-28 19:50:05.587161,
2284,2,Maintenance,Forwarded (Correct),True,"Received from Public Relations, correctly routed for Infrastructure.",2025-09-29 01:46:56.280988,
2284,3,Maintenance,Reviewed,True,Completed the requested action successfully.,2025-09-30 23:22:21.125198,Resolved
2285,1,Public Relations,Received,,Complaint logged and reviewed for routing.,2025-07-21 14:23:04.609090,
2285,2,Operations,Forwarded (Correct),True,"Received from Public Relations, correctly routed for Service Delay.",2025-07-21 17:29:50.948554,
2285,3,Operations,Reviewed,True,Resolved following standard procedure.,2025-07-24 22:04:34.773050,Resolved
2286,1,Public Relations,Received,,Complaint logged and reviewed for routing.,2025-05-01 10:18:16.662397,
2286,2,Billing,Forwarded (Correct),True,"Received from Public Relations, correctly routed for Billing Issue.",2025-05-01 16:44:07.113353,
2286,3,Billing,Reviewed,True,Requires field visit before it can be closed.,2025-05-02 13:35:41.562762,Unresolved
2287,1,Public Relations,Received,,Complaint logged and reviewed for routing.,2025-03-15 06:07:16.733512,
2287,2,Administration,Forwarded (Incorrect),False,"Incorrectly routed here, reassigning to the appropriate department.",2025-03-15 13:10:32.830450,
2287,3,Maintenance,Forwarded (Re-routed),True,Re-routed from Administration; now correctly assigned for Infrastructure.,2025-03-16 07:49:50.441942,
2287,4,Maintenance,Reviewed,True,Completed the requested action successfully.,2025-03-17 12:10:54.100411,Resolved
2288,1,Public Relations,Received,,Complaint logged and reviewed for routing.,2025-03-03 11:44:22.828549,
2288,2,Billing,Forwarded (Correct),True,"Received from Public Relations, correctly routed for Billing Issue.",2025-03-03 17:03:32.779780,
2288,3,Billing,Reviewed,True,Escalated to senior staff for further action.,2025-03-04 16:47:01.595798,Unresolved
2289,1,Public Relations,Received,,Complaint logged and reviewed for routing.,2025-09-07 14:22:31.838628,
2289,2,Billing,Forwarded (Incorrect),False,"This complaint does not belong to our department, forwarding to the correct team.",2025-09-07 19:49:18.236288,
2289,3,Security,Forwarded (Re-routed),True,Re-routed from Billing; now correctly assigned for Safety Concern.,2025-09-08 12:58:04.594123,
2289,4,Security,Reviewed,True,Resolved following standard procedure.,2025-09-09 14:39:25.219718,Resolved
2290,1,Public Relations,Received,,Complaint logged and reviewed for routing.,2025-12-17 09:36:01.100801,
2290,2,Maintenance,Forwarded (Correct),True,"Received from Public Relations, correctly routed for Infrastructure.",2025-12-17 13:39:35.143418,
2290,3,Maintenance,Reviewed,True,On hold due to resource availability.,2025-12-20 23:30:21.282303,Unresolved
2291,1,Public Relations,Received,,Complaint logged and reviewed for routing.,2025-06-26 09:28:30.969952,
2291,2,Administration,Forwarded (Incorrect),False,"Incorrectly routed here, reassigning to the appropriate department.",2025-06-26 15:59:03.807042,
2291,3,Billing,Forwarded (Re-routed),True,Re-routed from Administration; now correctly assigned for Billing Issue.,2025-06-26 20:34:57.678545,
2291,4,Billing,Reviewed,True,Confirmed with the customer that the issue is fixed.,2025-06-30 04:38:28.151054,Resolved
2292,1,Public Relations,Received,,Complaint logged and reviewed for routing.,2025-04-18 23:16:23.813450,
2292,2,Billing,Forwarded (Correct),True,"Received from Public Relations, correctly routed for Billing Issue.",2025-04-19 00:27:50.430558,
2292,3,Billing,Reviewed,True,Confirmed with the customer that the issue is fixed.,2025-04-21 10:22:27.897768,Resolved
2293,1,Public Relations,Received,,Complaint logged and reviewed for routing.,2025-11-15 15:25:31.878320,
2293,2,Administration,Forwarded (Incorrect),False,"This complaint does not belong to our department, forwarding to the correct team.",2025-11-15 22:22:57.583602,
2293,3,Customer Support,Forwarded (Re-routed),True,Re-routed from Administration; now correctly assigned for Staff Behavior.,2025-11-16 09:48:40.241613,
2293,4,Customer Support,Reviewed,True,Issue verified and resolved after review.,2025-11-17 23:56:28.000711,Resolved
2294,1,Public Relations,Received,,Complaint logged and reviewed for routing.,2025-03-21 14:07:56.812175,
2294,2,Maintenance,Forwarded (Correct),True,"Received from Public Relations, correctly routed for Infrastructure.",2025-03-21 16:03:34.907014,
2294,3,Maintenance,Reviewed,True,Corrected the error and notified the customer.,2025-03-23 10:27:45.199850,Resolved
2295,1,Public Relations,Received,,Complaint logged and reviewed for routing.,2025-12-08 15:04:36.553589,
2295,2,Billing,Forwarded (Correct),True,"Received from Public Relations, correctly routed for Billing Issue.",2025-12-08 21:25:10.160587,
2295,3,Billing,Reviewed,True,Corrected the error and notified the customer.,2025-12-11 15:05:22.524127,Resolved
2296,1,Public Relations,Received,,Complaint logged and reviewed for routing.,2025-05-28 10:47:33.526908,
2296,2,Billing,Forwarded (Correct),True,"Received from Public Relations, correctly routed for Billing Issue.",2025-05-28 14:28:24.777520,
2296,3,Billing,Reviewed,True,Confirmed with the customer that the issue is fixed.,2025-05-31 23:33:42.434049,Resolved
2297,1,Public Relations,Received,,Complaint logged and reviewed for routing.,2025-08-06 07:06:19.915907,
2297,2,Billing,Forwarded (Correct),True,"Received from Public Relations, correctly routed for Billing Issue.",2025-08-06 14:15:41.487872,
2297,3,Billing,Reviewed,True,Issue verified and resolved after review.,2025-08-07 08:54:44.904495,Resolved
2298,1,Public Relations,Received,,Complaint logged and reviewed for routing.,2025-05-16 14:06:17.624831,
2298,2,Maintenance,Forwarded (Correct),True,"Received from Public Relations, correctly routed for Infrastructure.",2025-05-16 15:09:06.258883,
2298,3,Maintenance,Reviewed,True,Completed the requested action successfully.,2025-05-18 07:22:11.098078,Resolved
2299,1,Public Relations,Received,,Complaint logged and reviewed for routing.,2025-11-19 10:39:54.989065,
2299,2,Billing,Forwarded (Correct),True,"Received from Public Relations, correctly routed for Billing Issue.",2025-11-19 16:51:42.735774,
2299,3,Billing,Reviewed,True,Issue verified and resolved after review.,2025-11-21 11:53:08.468142,Resolved
2300,1,Public Relations,Received,,Complaint logged and reviewed for routing.,2025-03-02 16:04:20.262299,
2300,2,Billing,Forwarded (Correct),True,"Received from Public Relations, correctly routed for Billing Issue.",2025-03-02 21:56:52.246207,
2300,3,Billing,Reviewed,True,Waiting on additional information from the customer.,2025-03-05 02:49:08.072411,Unresolved
2301,1,Public Relations,Received,,Complaint logged and reviewed for routing.,2025-06-25 19:03:38.658038,
2301,2,Billing,Forwarded (Correct),True,"Received from Public Relations, correctly routed for Billing Issue.",2025-06-25 21:56:51.534646,
2301,3,Billing,Reviewed,True,Waiting on additional information from the customer.,2025-06-29 17:40:03.679862,Unresolved
2302,1,Public Relations,Received,,Complaint logged and reviewed for routing.,2025-06-05 18:06:37.095484,
2302,2,Maintenance,Forwarded (Incorrect),False,"Not within our scope, sending to the relevant department.",2025-06-05 20:05:36.166435,
2302,3,Billing,Forwarded (Re-routed),True,Re-routed from Maintenance; now correctly assigned for Billing Issue.,2025-06-06 15:30:17.294906,
2302,4,Billing,Reviewed,True,Requires field visit before it can be closed.,2025-06-09 03:40:25.768666,Unresolved
2303,1,Public Relations,Received,,Complaint logged and reviewed for routing.,2025-08-17 16:38:55.655595,
2303,2,Customer Support,Forwarded (Correct),True,"Received from Public Relations, correctly routed for Staff Behavior.",2025-08-17 19:22:27.197986,
2303,3,Customer Support,Reviewed,True,Corrected the error and notified the customer.,2025-08-18 10:57:34.630297,Resolved
2304,1,Public Relations,Received,,Complaint logged and reviewed for routing.,2025-04-13 15:18:30.667191,
2304,2,Billing,Forwarded (Correct),True,"Received from Public Relations, correctly routed for Billing Issue.",2025-04-13 17:57:47.777826,
2304,3,Billing,Reviewed,True,Escalated to senior staff for further action.,2025-04-17 14:48:35.878637,Unresolved
2305,1,Public Relations,Received,,Complaint logged and reviewed for routing.,2025-09-04 13:26:25.705722,
2305,2,Operations,Forwarded (Incorrect),False,"This complaint does not belong to our department, forwarding to the correct team.",2025-09-04 21:19:39.672711,
2305,3,Customer Support,Forwarded (Re-routed),True,Re-routed from Operations; now correctly assigned for Staff Behavior.,2025-09-05 12:26:37.862683,
2305,4,Customer Support,Reviewed,True,Issue verified and resolved after review.,2025-09-08 12:23:55.974916,Resolved
2306,1,Public Relations,Received,,Complaint logged and reviewed for routing.,2025-09-22 11:17:56.802014,
2306,2,Administration,Forwarded (Incorrect),False,"Not within our scope, sending to the relevant department.",2025-09-22 18:36:12.260166,
2306,3,Billing,Forwarded (Re-routed),True,Re-routed from Administration; now correctly assigned for Billing Issue.,2025-09-23 18:08:16.067959,
2306,4,Billing,Reviewed,True,Corrected the error and notified the customer.,2025-09-24 10:44:36.005366,Resolved
2307,1,Public Relations,Received,,Complaint logged and reviewed for routing.,2025-08-05 11:19:52.389893,
2307,2,Operations,Forwarded (Incorrect),False,"This complaint does not belong to our department, forwarding to the correct team.",2025-08-05 13:14:02.264619,
2307,3,Administration,Forwarded (Re-routed),True,Re-routed from Operations; now correctly assigned for Corruption/Bribery.,2025-08-06 05:45:42.324899,
2307,4,Administration,Reviewed,True,Corrected the error and notified the customer.,2025-08-09 03:40:59.630802,Resolved
2308,1,Public Relations,Received,,Complaint logged and reviewed for routing.,2025-04-28 19:10:38.660974,
2308,2,Billing,Forwarded (Incorrect),False,"Not within our scope, sending to the relevant department.",2025-04-28 21:44:27.286450,
2308,3,Administration,Forwarded (Re-routed),True,Re-routed from Billing; now correctly assigned for Corruption/Bribery.,2025-04-29 17:30:51.870387,
2308,4,Administration,Reviewed,True,Corrected the error and notified the customer.,2025-05-02 16:51:25.437965,Resolved
2309,1,Public Relations,Received,,Complaint logged and reviewed for routing.,2025-10-24 16:44:43.509098,
2309,2,Administration,Forwarded (Correct),True,"Received from Public Relations, correctly routed for Corruption/Bribery.",2025-10-25 00:21:15.700130,
2309,3,Administration,Reviewed,True,Requires field visit before it can be closed.,2025-10-26 03:46:39.453217,Unresolved
2310,1,Public Relations,Received,,Complaint logged and reviewed for routing.,2025-07-01 13:16:49.400761,
2310,2,Billing,Forwarded (Correct),True,"Received from Public Relations, correctly routed for Billing Issue.",2025-07-01 15:20:36.473111,
2310,3,Billing,Reviewed,True,Requires field visit before it can be closed.,2025-07-03 10:37:57.777495,Unresolved
2311,1,Public Relations,Received,,Complaint logged and reviewed for routing.,2025-06-12 16:48:22.274897,
2311,2,Billing,Forwarded (Correct),True,"Received from Public Relations, correctly routed for Billing Issue.",2025-06-12 18:57:23.075914,
2311,3,Billing,Reviewed,True,Waiting on additional information from the customer.,2025-06-15 09:19:11.995212,Unresolved
2312,1,Public Relations,Received,,Complaint logged and reviewed for routing.,2025-04-01 13:59:12.590613,
2312,2,Security,Forwarded (Correct),True,"Received from Public Relations, correctly routed for Safety Concern.",2025-04-01 17:26:35.994056,
2312,3,Security,Reviewed,True,Issue verified and resolved after review.,2025-04-05 08:57:32.938546,Resolved
2313,1,Public Relations,Received,,Complaint logged and reviewed for routing.,2025-12-14 12:07:02.532707,
2313,2,Billing,Forwarded (Correct),True,"Received from Public Relations, correctly routed for Billing Issue.",2025-12-14 16:02:01.330175,
2313,3,Billing,Reviewed,True,Corrected the error and notified the customer.,2025-12-17 09:27:02.776130,Resolved
2314,1,Public Relations,Received,,Complaint logged and reviewed for routing.,2025-01-20 23:35:17.763313,
2314,2,Customer Support,Forwarded (Correct),True,"Received from Public Relations, correctly routed for Staff Behavior.",2025-01-21 05:41:39.336829,
2314,3,Customer Support,Reviewed,True,Waiting on additional information from the customer.,2025-01-24 01:00:41.060057,Unresolved
2315,1,Public Relations,Received,,Complaint logged and reviewed for routing.,2025-01-08 12:47:52.405987,
2315,2,Customer Support,Forwarded (Correct),True,"Received from Public Relations, correctly routed for Staff Behavior.",2025-01-08 15:41:25.339341,
2315,3,Customer Support,Reviewed,True,"Still under investigation, pending further review.",2025-01-11 00:45:37.109632,Unresolved
2316,1,Public Relations,Received,,Complaint logged and reviewed for routing.,2025-12-06 08:32:21.166377,
2316,2,Operations,Forwarded (Correct),True,"Received from Public Relations, correctly routed for Service Delay.",2025-12-06 13:17:28.562112,
2316,3,Operations,Reviewed,True,Completed the requested action successfully.,2025-12-08 01:24:51.666256,Resolved
2317,1,Public Relations,Received,,Complaint logged and reviewed for routing.,2025-01-02 11:13:07.196499,
2317,2,Operations,Forwarded (Correct),True,"Received from Public Relations, correctly routed for Service Delay.",2025-01-02 14:50:04.867253,
2317,3,Operations,Reviewed,True,"Still under investigation, pending further review.",2025-01-04 14:17:28.926814,Unresolved
2318,1,Public Relations,Received,,Complaint logged and reviewed for routing.,2025-06-26 14:51:52.881064,
2318,2,Customer Support,Forwarded (Correct),True,"Received from Public Relations, correctly routed for Appreciation.",2025-06-26 21:16:59.993519,
2318,3,Customer Support,Reviewed,True,Completed the requested action successfully.,2025-06-29 15:13:25.864687,Resolved
2319,1,Public Relations,Received,,Complaint logged and reviewed for routing.,2025-10-09 00:16:52.008322,
2319,2,Operations,Forwarded (Correct),True,"Received from Public Relations, correctly routed for Service Delay.",2025-10-09 04:35:54.615713,
2319,3,Operations,Reviewed,True,Completed the requested action successfully.,2025-10-09 20:32:06.765617,Resolved
2320,1,Public Relations,Received,,Complaint logged and reviewed for routing.,2025-02-18 13:06:41.032382,
2320,2,Maintenance,Forwarded (Incorrect),False,"This complaint does not belong to our department, forwarding to the correct team.",2025-02-18 18:07:24.187485,
2320,3,Customer Support,Forwarded (Re-routed),True,Re-routed from Maintenance; now correctly assigned for Staff Behavior.,2025-02-19 07:54:17.999139,
2320,4,Customer Support,Reviewed,True,Completed the requested action successfully.,2025-02-21 15:36:03.150662,Resolved
2321,1,Public Relations,Received,,Complaint logged and reviewed for routing.,2025-01-24 10:13:07.822809,
2321,2,Billing,Forwarded (Correct),True,"Received from Public Relations, correctly routed for Billing Issue.",2025-01-24 16:34:44.698334,
2321,3,Billing,Reviewed,True,Confirmed with the customer that the issue is fixed.,2025-01-25 13:27:33.127739,Resolved
2322,1,Public Relations,Received,,Complaint logged and reviewed for routing.,2025-07-14 19:15:51.009921,
2322,2,Operations,Forwarded (Correct),True,"Received from Public Relations, correctly routed for Service Delay.",2025-07-15 02:53:33.026384,
2322,3,Operations,Reviewed,True,Waiting on additional information from the customer.,2025-07-15 07:53:44.771679,Unresolved
2323,1,Public Relations,Received,,Complaint logged and reviewed for routing.,2025-06-05 13:09:36.808619,
2323,2,Security,Forwarded (Correct),True,"Received from Public Relations, correctly routed for Safety Concern.",2025-06-05 17:08:28.894062,
2323,3,Security,Reviewed,True,On hold due to resource availability.,2025-06-08 01:09:48.936034,Unresolved
2324,1,Public Relations,Received,,Complaint logged and reviewed for routing.,2025-02-17 11:58:05.053062,
2324,2,Maintenance,Forwarded (Correct),True,"Received from Public Relations, correctly routed for Infrastructure.",2025-02-17 18:09:50.104786,
2324,3,Maintenance,Reviewed,True,Confirmed with the customer that the issue is fixed.,2025-02-19 17:44:25.632297,Resolved
2325,1,Public Relations,Received,,Complaint logged and reviewed for routing.,2025-05-02 16:31:02.142174,
2325,2,Customer Support,Forwarded (Correct),True,"Received from Public Relations, correctly routed for Staff Behavior.",2025-05-02 18:47:59.098429,
2325,3,Customer Support,Reviewed,True,Confirmed with the customer that the issue is fixed.,2025-05-03 19:59:20.609220,Resolved
2326,1,Public Relations,Received,,Complaint logged and reviewed for routing.,2025-05-26 09:11:06.356147,
2326,2,Operations,Forwarded (Incorrect),False,"Not within our scope, sending to the relevant department.",2025-05-26 15:39:56.118680,
2326,3,Customer Support,Forwarded (Re-routed),True,Re-routed from Operations; now correctly assigned for Appreciation.,2025-05-27 05:53:08.408558,
2326,4,Customer Support,Reviewed,True,On hold due to resource availability.,2025-05-29 09:47:33.709507,Unresolved
2327,1,Public Relations,Received,,Complaint logged and reviewed for routing.,2025-03-18 17:18:22.286174,
2327,2,Billing,Forwarded (Correct),True,"Received from Public Relations, correctly routed for Billing Issue.",2025-03-18 21:46:43.736619,
2327,3,Billing,Reviewed,True,Resolved following standard procedure.,2025-03-22 16:36:07.518370,Resolved
2328,1,Public Relations,Received,,Complaint logged and reviewed for routing.,2025-04-01 21:26:29.184280,
2328,2,Maintenance,Forwarded (Correct),True,"Received from Public Relations, correctly routed for Infrastructure.",2025-04-02 01:58:50.675463,
2328,3,Maintenance,Reviewed,True,Waiting on additional information from the customer.,2025-04-03 05:31:15.222773,Unresolved
2329,1,Public Relations,Received,,Complaint logged and reviewed for routing.,2025-08-06 09:44:16.346799,
2329,2,Customer Support,Forwarded (Correct),True,"Received from Public Relations, correctly routed for Appreciation.",2025-08-06 16:15:28.696699,
2329,3,Customer Support,Reviewed,True,Confirmed with the customer that the issue is fixed.,2025-08-09 03:33:38.507126,Resolved
2330,1,Public Relations,Received,,Complaint logged and reviewed for routing.,2025-06-05 12:45:05.677671,
2330,2,Administration,Forwarded (Correct),True,"Received from Public Relations, correctly routed for Corruption/Bribery.",2025-06-05 17:04:20.066206,
2330,3,Administration,Reviewed,True,Confirmed with the customer that the issue is fixed.,2025-06-08 17:37:24.643760,Resolved
2331,1,Public Relations,Received,,Complaint logged and reviewed for routing.,2025-10-01 11:15:22.450475,
2331,2,Administration,Forwarded (Correct),True,"Received from Public Relations, correctly routed for Corruption/Bribery.",2025-10-01 12:37:15.378389,
2331,3,Administration,Reviewed,True,On hold due to resource availability.,2025-10-04 21:23:26.465402,Unresolved
2332,1,Public Relations,Received,,Complaint logged and reviewed for routing.,2025-12-21 11:46:24.294887,
2332,2,Customer Support,Forwarded (Correct),True,"Received from Public Relations, correctly routed for Staff Behavior.",2025-12-21 14:07:54.332979,
2332,3,Customer Support,Reviewed,True,Requires field visit before it can be closed.,2025-12-24 17:21:51.929070,Unresolved
2333,1,Public Relations,Received,,Complaint logged and reviewed for routing.,2025-07-15 09:03:01.191418,
2333,2,Billing,Forwarded (Correct),True,"Received from Public Relations, correctly routed for Billing Issue.",2025-07-15 10:09:30.953563,
2333,3,Billing,Reviewed,True,Corrected the error and notified the customer.,2025-07-18 19:26:19.149813,Resolved
2334,1,Public Relations,Received,,Complaint logged and reviewed for routing.,2025-09-18 12:08:30.716326,
2334,2,Maintenance,Forwarded (Correct),True,"Received from Public Relations, correctly routed for Infrastructure.",2025-09-18 17:42:36.944950,
2334,3,Maintenance,Reviewed,True,Completed the requested action successfully.,2025-09-19 12:38:10.232088,Resolved
2335,1,Public Relations,Received,,Complaint logged and reviewed for routing.,2025-04-23 09:47:30.059856,
2335,2,Maintenance,Forwarded (Correct),True,"Received from Public Relations, correctly routed for Infrastructure.",2025-04-23 14:13:45.470254,
2335,3,Maintenance,Reviewed,True,On hold due to resource availability.,2025-04-26 01:22:16.285448,Unresolved
2336,1,Public Relations,Received,,Complaint logged and reviewed for routing.,2025-01-19 09:08:50.695604,
2336,2,Maintenance,Forwarded (Correct),True,"Received from Public Relations, correctly routed for Infrastructure.",2025-01-19 12:46:32.790661,
2336,3,Maintenance,Reviewed,True,Resolved following standard procedure.,2025-01-21 06:32:53.291260,Resolved
2337,1,Public Relations,Received,,Complaint logged and reviewed for routing.,2025-09-17 14:51:36.264178,
2337,2,Customer Support,Forwarded (Correct),True,"Received from Public Relations, correctly routed for Appreciation.",2025-09-17 19:58:42.296047,
2337,3,Customer Support,Reviewed,True,Completed the requested action successfully.,2025-09-18 10:02:34.078164,Resolved
2338,1,Public Relations,Received,,Complaint logged and reviewed for routing.,2025-08-27 16:03:23.003980,
2338,2,Customer Support,Forwarded (Correct),True,"Received from Public Relations, correctly routed for Staff Behavior.",2025-08-27 23:05:25.588157,
2338,3,Customer Support,Reviewed,True,Completed the requested action successfully.,2025-08-28 16:45:32.484370,Resolved
2339,1,Public Relations,Received,,Complaint logged and reviewed for routing.,2025-12-05 10:48:30.928438,
2339,2,Billing,Forwarded (Correct),True,"Received from Public Relations, correctly routed for Billing Issue.",2025-12-05 17:26:17.490951,
2339,3,Billing,Reviewed,True,Completed the requested action successfully.,2025-12-09 01:38:08.668855,Resolved
2340,1,Public Relations,Received,,Complaint logged and reviewed for routing.,2025-04-27 07:56:09.499496,
2340,2,Customer Support,Forwarded (Correct),True,"Received from Public Relations, correctly routed for Staff Behavior.",2025-04-27 13:43:55.690828,
2340,3,Customer Support,Reviewed,True,Confirmed with the customer that the issue is fixed.,2025-04-29 00:03:53.237606,Resolved
2341,1,Public Relations,Received,,Complaint logged and reviewed for routing.,2025-08-20 14:54:11.635718,
2341,2,Security,Forwarded (Correct),True,"Received from Public Relations, correctly routed for Safety Concern.",2025-08-20 19:55:15.041226,
2341,3,Security,Reviewed,True,Issue verified and resolved after review.,2025-08-23 05:11:22.221693,Resolved
2342,1,Public Relations,Received,,Complaint logged and reviewed for routing.,2025-09-09 11:00:51.623920,
2342,2,Security,Forwarded (Correct),True,"Received from Public Relations, correctly routed for Safety Concern.",2025-09-09 18:36:19.204848,
2342,3,Security,Reviewed,True,Issue verified and resolved after review.,2025-09-11 17:36:56.602520,Resolved
2343,1,Public Relations,Received,,Complaint logged and reviewed for routing.,2025-01-15 09:09:21.336850,
2343,2,Billing,Forwarded (Correct),True,"Received from Public Relations, correctly routed for Billing Issue.",2025-01-15 10:40:30.432423,
2343,3,Billing,Reviewed,True,Issue verified and resolved after review.,2025-01-16 12:34:20.637397,Resolved
2344,1,Public Relations,Received,,Complaint logged and reviewed for routing.,2025-10-22 15:21:32.455906,
2344,2,Billing,Forwarded (Correct),True,"Received from Public Relations, correctly routed for Billing Issue.",2025-10-22 20:45:30.182724,
2344,3,Billing,Reviewed,True,Resolved following standard procedure.,2025-10-26 01:39:38.949024,Resolved
2345,1,Public Relations,Received,,Complaint logged and reviewed for routing.,2025-12-26 08:42:54.046206,
2345,2,Billing,Forwarded (Correct),True,"Received from Public Relations, correctly routed for Billing Issue.",2025-12-26 14:58:13.716319,
2345,3,Billing,Reviewed,True,Requires field visit before it can be closed.,2025-12-26 21:47:28.523353,Unresolved
2346,1,Public Relations,Received,,Complaint logged and reviewed for routing.,2025-06-05 20:04:56.549187,
2346,2,Maintenance,Forwarded (Correct),True,"Received from Public Relations, correctly routed for Infrastructure.",2025-06-05 23:01:46.043167,
2346,3,Maintenance,Reviewed,True,"Still under investigation, pending further review.",2025-06-08 09:48:07.263089,Unresolved
2347,1,Public Relations,Received,,Complaint logged and reviewed for routing.,2025-07-19 16:39:55.850998,
2347,2,Operations,Forwarded (Incorrect),False,"This complaint does not belong to our department, forwarding to the correct team.",2025-07-19 18:56:27.748381,
2347,3,Security,Forwarded (Re-routed),True,Re-routed from Operations; now correctly assigned for Safety Concern.,2025-07-20 10:02:35.776886,
2347,4,Security,Reviewed,True,Confirmed with the customer that the issue is fixed.,2025-07-22 19:33:42.490890,Resolved
2348,1,Public Relations,Received,,Complaint logged and reviewed for routing.,2025-11-10 08:13:06.884033,
2348,2,Operations,Forwarded (Incorrect),False,"Not within our scope, sending to the relevant department.",2025-11-10 11:52:10.175825,
2348,3,Customer Support,Forwarded (Re-routed),True,Re-routed from Operations; now correctly assigned for Appreciation.,2025-11-11 06:44:48.872673,
2348,4,Customer Support,Reviewed,True,Requires field visit before it can be closed.,2025-11-14 12:13:03.460128,Unresolved
2349,1,Public Relations,Received,,Complaint logged and reviewed for routing.,2025-07-24 13:47:16.347219,
2349,2,Customer Support,Forwarded (Correct),True,"Received from Public Relations, correctly routed for Appreciation.",2025-07-24 19:28:00.243592,
2349,3,Customer Support,Reviewed,True,Escalated to senior staff for further action.,2025-07-27 00:29:25.690958,Unresolved
2350,1,Public Relations,Received,,Complaint logged and reviewed for routing.,2025-07-02 16:19:19.607022,
2350,2,Maintenance,Forwarded (Incorrect),False,"Not within our scope, sending to the relevant department.",2025-07-02 21:20:23.713678,
2350,3,Operations,Forwarded (Re-routed),True,Re-routed from Maintenance; now correctly assigned for Service Delay.,2025-07-03 17:09:49.099490,
2350,4,Operations,Reviewed,True,Escalated to senior staff for further action.,2025-07-04 08:24:12.806805,Unresolved
2351,1,Public Relations,Received,,Complaint logged and reviewed for routing.,2025-08-27 18:35:05.298012,
2351,2,Maintenance,Forwarded (Incorrect),False,"Not within our scope, sending to the relevant department.",2025-08-28 01:46:58.578098,
2351,3,Customer Support,Forwarded (Re-routed),True,Re-routed from Maintenance; now correctly assigned for Staff Behavior.,2025-08-28 06:27:36.461572,
2351,4,Customer Support,Reviewed,True,Escalated to senior staff for further action.,2025-08-30 06:40:23.278565,Unresolved
2352,1,Public Relations,Received,,Complaint logged and reviewed for routing.,2025-02-21 17:46:00.105331,
2352,2,Operations,Forwarded (Correct),True,"Received from Public Relations, correctly routed for Service Delay.",2025-02-21 23:25:54.434577,
2352,3,Operations,Reviewed,True,Escalated to senior staff for further action.,2025-02-25 00:50:39.681144,Unresolved
2353,1,Public Relations,Received,,Complaint logged and reviewed for routing.,2025-05-06 12:36:47.429126,
2353,2,Maintenance,Forwarded (Correct),True,"Received from Public Relations, correctly routed for Infrastructure.",2025-05-06 15:55:53.067159,
2353,3,Maintenance,Reviewed,True,Resolved following standard procedure.,2025-05-09 21:22:47.691231,Resolved
2354,1,Public Relations,Received,,Complaint logged and reviewed for routing.,2025-07-22 20:36:06.600162,
2354,2,Billing,Forwarded (Correct),True,"Received from Public Relations, correctly routed for Billing Issue.",2025-07-22 22:46:34.972572,
2354,3,Billing,Reviewed,True,Completed the requested action successfully.,2025-07-24 23:06:33.668116,Resolved
2355,1,Public Relations,Received,,Complaint logged and reviewed for routing.,2025-05-23 14:15:14.631348,
2355,2,Operations,Forwarded (Correct),True,"Received from Public Relations, correctly routed for Service Delay.",2025-05-23 20:08:48.953058,
2355,3,Operations,Reviewed,True,On hold due to resource availability.,2025-05-27 12:25:01.320133,Unresolved
2356,1,Public Relations,Received,,Complaint logged and reviewed for routing.,2025-01-18 20:26:48.555989,
2356,2,Billing,Forwarded (Correct),True,"Received from Public Relations, correctly routed for Billing Issue.",2025-01-18 21:55:21.382975,
2356,3,Billing,Reviewed,True,On hold due to resource availability.,2025-01-21 05:18:02.281329,Unresolved
2357,1,Public Relations,Received,,Complaint logged and reviewed for routing.,2025-05-25 17:32:45.897958,
2357,2,Operations,Forwarded (Correct),True,"Received from Public Relations, correctly routed for Service Delay.",2025-05-25 23:48:12.040732,
2357,3,Operations,Reviewed,True,Resolved following standard procedure.,2025-05-28 07:50:01.416829,Resolved
2358,1,Public Relations,Received,,Complaint logged and reviewed for routing.,2025-11-14 14:22:53.370758,
2358,2,Billing,Forwarded (Correct),True,"Received from Public Relations, correctly routed for Billing Issue.",2025-11-14 18:13:07.951065,
2358,3,Billing,Reviewed,True,Resolved following standard procedure.,2025-11-17 16:07:37.626736,Resolved
2359,1,Public Relations,Received,,Complaint logged and reviewed for routing.,2025-09-20 12:58:33.969864,
2359,2,Operations,Forwarded (Correct),True,"Received from Public Relations, correctly routed for Service Delay.",2025-09-20 16:55:19.894194,
2359,3,Operations,Reviewed,True,Requires field visit before it can be closed.,2025-09-24 12:52:41.203775,Unresolved
2360,1,Public Relations,Received,,Complaint logged and reviewed for routing.,2025-01-18 15:00:57.333515,
2360,2,Billing,Forwarded (Correct),True,"Received from Public Relations, correctly routed for Billing Issue.",2025-01-18 17:12:52.472329,
2360,3,Billing,Reviewed,True,"Still under investigation, pending further review.",2025-01-20 19:08:32.519100,Unresolved
2361,1,Public Relations,Received,,Complaint logged and reviewed for routing.,2025-10-14 12:02:40.504124,
2361,2,Maintenance,Forwarded (Correct),True,"Received from Public Relations, correctly routed for Infrastructure.",2025-10-14 17:12:05.544695,
2361,3,Maintenance,Reviewed,True,Corrected the error and notified the customer.,2025-10-16 15:42:28.061434,Resolved
2362,1,Public Relations,Received,,Complaint logged and reviewed for routing.,2025-04-13 07:35:38.474006,
2362,2,Customer Support,Forwarded (Correct),True,"Received from Public Relations, correctly routed for Appreciation.",2025-04-13 13:25:48.290868,
2362,3,Customer Support,Reviewed,True,Resolved following standard procedure.,2025-04-16 14:21:25.629490,Resolved
2363,1,Public Relations,Received,,Complaint logged and reviewed for routing.,2025-12-13 13:20:54.293774,
2363,2,Security,Forwarded (Incorrect),False,"Not within our scope, sending to the relevant department.",2025-12-13 16:12:47.402430,
2363,3,Administration,Forwarded (Re-routed),True,Re-routed from Security; now correctly assigned for Corruption/Bribery.,2025-12-14 02:59:45.908619,
2363,4,Administration,Reviewed,True,Waiting on additional information from the customer.,2025-12-15 12:02:03.479623,Unresolved
2364,1,Public Relations,Received,,Complaint logged and reviewed for routing.,2025-02-01 10:55:30.007201,
2364,2,Customer Support,Forwarded (Correct),True,"Received from Public Relations, correctly routed for Staff Behavior.",2025-02-01 12:54:32.908104,
2364,3,Customer Support,Reviewed,True,Confirmed with the customer that the issue is fixed.,2025-02-04 09:00:34.818427,Resolved
2365,1,Public Relations,Received,,Complaint logged and reviewed for routing.,2025-07-25 12:59:31.848777,
2365,2,Billing,Forwarded (Correct),True,"Received from Public Relations, correctly routed for Billing Issue.",2025-07-25 16:14:37.168383,
2365,3,Billing,Reviewed,True,Escalated to senior staff for further action.,2025-07-27 05:15:30.456682,Unresolved
2366,1,Public Relations,Received,,Complaint logged and reviewed for routing.,2025-09-04 07:46:58.073709,
2366,2,Customer Support,Forwarded (Correct),True,"Received from Public Relations, correctly routed for Appreciation.",2025-09-04 14:58:41.840938,
2366,3,Customer Support,Reviewed,True,"Still under investigation, pending further review.",2025-09-05 08:45:53.536261,Unresolved
2367,1,Public Relations,Received,,Complaint logged and reviewed for routing.,2025-01-09 18:50:50.039443,
2367,2,Operations,Forwarded (Correct),True,"Received from Public Relations, correctly routed for Service Delay.",2025-01-10 02:12:42.312235,
2367,3,Operations,Reviewed,True,Issue verified and resolved after review.,2025-01-13 13:21:58.333106,Resolved
2368,1,Public Relations,Received,,Complaint logged and reviewed for routing.,2025-11-12 12:32:05.758510,
2368,2,Customer Support,Forwarded (Incorrect),False,"This complaint does not belong to our department, forwarding to the correct team.",2025-11-12 17:20:38.588932,
2368,3,Security,Forwarded (Re-routed),True,Re-routed from Customer Support; now correctly assigned for Safety Concern.,2025-11-13 09:22:00.992411,
2368,4,Security,Reviewed,True,Confirmed with the customer that the issue is fixed.,2025-11-14 04:12:40.533984,Resolved
2369,1,Public Relations,Received,,Complaint logged and reviewed for routing.,2025-08-14 16:59:07.736584,
2369,2,Billing,Forwarded (Correct),True,"Received from Public Relations, correctly routed for Billing Issue.",2025-08-14 20:21:00.225215,
2369,3,Billing,Reviewed,True,Issue verified and resolved after review.,2025-08-17 13:29:40.190445,Resolved
2370,1,Public Relations,Received,,Complaint logged and reviewed for routing.,2025-06-28 14:56:24.282272,
2370,2,Operations,Forwarded (Correct),True,"Received from Public Relations, correctly routed for Service Delay.",2025-06-28 21:22:00.990340,
2370,3,Operations,Reviewed,True,Resolved following standard procedure.,2025-06-29 12:56:45.614069,Resolved
2371,1,Public Relations,Received,,Complaint logged and reviewed for routing.,2025-08-20 17:48:34.425135,
2371,2,Security,Forwarded (Correct),True,"Received from Public Relations, correctly routed for Safety Concern.",2025-08-20 22:15:50.840880,
2371,3,Security,Reviewed,True,Completed the requested action successfully.,2025-08-24 09:58:32.252979,Resolved
2372,1,Public Relations,Received,,Complaint logged and reviewed for routing.,2025-11-15 21:52:28.525194,
2372,2,Customer Support,Forwarded (Correct),True,"Received from Public Relations, correctly routed for Staff Behavior.",2025-11-16 03:28:32.856574,
2372,3,Customer Support,Reviewed,True,Corrected the error and notified the customer.,2025-11-19 12:11:52.761728,Resolved
2373,1,Public Relations,Received,,Complaint logged and reviewed for routing.,2025-07-04 15:20:33.800304,
2373,2,Customer Support,Forwarded (Correct),True,"Received from Public Relations, correctly routed for Staff Behavior.",2025-07-04 16:37:03.942320,
2373,3,Customer Support,Reviewed,True,"Still under investigation, pending further review.",2025-07-05 17:10:45.594377,Unresolved
2374,1,Public Relations,Received,,Complaint logged and reviewed for routing.,2025-12-18 15:30:50.670733,
2374,2,Customer Support,Forwarded (Correct),True,"Received from Public Relations, correctly routed for Appreciation.",2025-12-18 20:50:23.601296,
2374,3,Customer Support,Reviewed,True,Completed the requested action successfully.,2025-12-21 01:45:29.237722,Resolved
2375,1,Public Relations,Received,,Complaint logged and reviewed for routing.,2025-06-20 14:53:46.425380,
2375,2,Maintenance,Forwarded (Correct),True,"Received from Public Relations, correctly routed for Infrastructure.",2025-06-20 19:39:57.424456,
2375,3,Maintenance,Reviewed,True,Corrected the error and notified the customer.,2025-06-23 21:38:49.125355,Resolved
2376,1,Public Relations,Received,,Complaint logged and reviewed for routing.,2025-05-19 10:42:31.188235,
2376,2,Customer Support,Forwarded (Correct),True,"Received from Public Relations, correctly routed for Staff Behavior.",2025-05-19 14:35:32.084735,
2376,3,Customer Support,Reviewed,True,Corrected the error and notified the customer.,2025-05-19 21:33:00.085910,Resolved
2377,1,Public Relations,Received,,Complaint logged and reviewed for routing.,2025-03-20 18:19:09.726447,
2377,2,Billing,Forwarded (Correct),True,"Received from Public Relations, correctly routed for Billing Issue.",2025-03-20 23:44:20.877928,
2377,3,Billing,Reviewed,True,Waiting on additional information from the customer.,2025-03-22 08:10:42.840519,Unresolved
2378,1,Public Relations,Received,,Complaint logged and reviewed for routing.,2025-08-13 14:43:37.298043,
2378,2,Operations,Forwarded (Incorrect),False,"This complaint does not belong to our department, forwarding to the correct team.",2025-08-13 16:46:44.231809,
2378,3,Customer Support,Forwarded (Re-routed),True,Re-routed from Operations; now correctly assigned for Appreciation.,2025-08-13 23:39:32.821701,
2378,4,Customer Support,Reviewed,True,Corrected the error and notified the customer.,2025-08-16 19:39:11.064050,Resolved
2379,1,Public Relations,Received,,Complaint logged and reviewed for routing.,2025-08-02 10:23:33.837498,
2379,2,Customer Support,Forwarded (Correct),True,"Received from Public Relations, correctly routed for Staff Behavior.",2025-08-02 16:04:17.235749,
2379,3,Customer Support,Reviewed,True,Completed the requested action successfully.,2025-08-04 13:57:22.764071,Resolved
2380,1,Public Relations,Received,,Complaint logged and reviewed for routing.,2025-04-23 13:50:19.307715,
2380,2,Billing,Forwarded (Correct),True,"Received from Public Relations, correctly routed for Billing Issue.",2025-04-23 21:28:06.808396,
2380,3,Billing,Reviewed,True,"Still under investigation, pending further review.",2025-04-26 07:43:38.914515,Unresolved
2381,1,Public Relations,Received,,Complaint logged and reviewed for routing.,2025-01-16 08:52:10.192464,
2381,2,Operations,Forwarded (Correct),True,"Received from Public Relations, correctly routed for Service Delay.",2025-01-16 13:44:37.492801,
2381,3,Operations,Reviewed,True,On hold due to resource availability.,2025-01-19 08:34:42.246930,Unresolved
2382,1,Public Relations,Received,,Complaint logged and reviewed for routing.,2025-07-19 09:27:28.713805,
2382,2,Security,Forwarded (Correct),True,"Received from Public Relations, correctly routed for Safety Concern.",2025-07-19 11:48:15.219243,
2382,3,Security,Reviewed,True,Requires field visit before it can be closed.,2025-07-20 15:10:21.937503,Unresolved
2383,1,Public Relations,Received,,Complaint logged and reviewed for routing.,2025-09-24 11:39:57.504093,
2383,2,Maintenance,Forwarded (Incorrect),False,"Incorrectly routed here, reassigning to the appropriate department.",2025-09-24 15:43:50.950874,
2383,3,Customer Support,Forwarded (Re-routed),True,Re-routed from Maintenance; now correctly assigned for Appreciation.,2025-09-25 02:37:13.842723,
2383,4,Customer Support,Reviewed,True,Resolved following standard procedure.,2025-09-26 16:59:17.891345,Resolved
2384,1,Public Relations,Received,,Complaint logged and reviewed for routing.,2025-09-09 11:57:48.069529,
2384,2,Operations,Forwarded (Correct),True,"Received from Public Relations, correctly routed for Service Delay.",2025-09-09 14:56:19.373415,
2384,3,Operations,Reviewed,True,Requires field visit before it can be closed.,2025-09-10 11:25:15.140810,Unresolved
2385,1,Public Relations,Received,,Complaint logged and reviewed for routing.,2025-07-15 08:18:54.581906,
2385,2,Operations,Forwarded (Correct),True,"Received from Public Relations, correctly routed for Service Delay.",2025-07-15 09:54:09.394198,
2385,3,Operations,Reviewed,True,Confirmed with the customer that the issue is fixed.,2025-07-18 12:28:06.197415,Resolved
2386,1,Public Relations,Received,,Complaint logged and reviewed for routing.,2025-09-08 13:27:21.601473,
2386,2,Security,Forwarded (Correct),True,"Received from Public Relations, correctly routed for Safety Concern.",2025-09-08 15:17:55.136399,
2386,3,Security,Reviewed,True,Completed the requested action successfully.,2025-09-09 05:14:36.497619,Resolved
2387,1,Public Relations,Received,,Complaint logged and reviewed for routing.,2025-10-12 13:04:58.788804,
2387,2,Customer Support,Forwarded (Correct),True,"Received from Public Relations, correctly routed for Staff Behavior.",2025-10-12 16:55:41.754947,
2387,3,Customer Support,Reviewed,True,Resolved following standard procedure.,2025-10-13 14:00:37.285782,Resolved
2388,1,Public Relations,Received,,Complaint logged and reviewed for routing.,2025-09-11 14:06:22.735652,
2388,2,Customer Support,Forwarded (Incorrect),False,"Not within our scope, sending to the relevant department.",2025-09-11 15:57:59.800305,
2388,3,Administration,Forwarded (Re-routed),True,Re-routed from Customer Support; now correctly assigned for Corruption/Bribery.,2025-09-12 10:24:03.849656,
2388,4,Administration,Reviewed,True,Escalated to senior staff for further action.,2025-09-12 23:04:53.668267,Unresolved
2389,1,Public Relations,Received,,Complaint logged and reviewed for routing.,2025-04-02 08:28:21.464114,
2389,2,Maintenance,Forwarded (Correct),True,"Received from Public Relations, correctly routed for Infrastructure.",2025-04-02 11:24:28.995026,
2389,3,Maintenance,Reviewed,True,Corrected the error and notified the customer.,2025-04-03 10:41:05.097921,Resolved
2390,1,Public Relations,Received,,Complaint logged and reviewed for routing.,2025-03-10 08:18:55.364669,
2390,2,Administration,Forwarded (Correct),True,"Received from Public Relations, correctly routed for Corruption/Bribery.",2025-03-10 14:38:51.840027,
2390,3,Administration,Reviewed,True,Confirmed with the customer that the issue is fixed.,2025-03-13 08:29:53.594158,Resolved
2391,1,Public Relations,Received,,Complaint logged and reviewed for routing.,2025-08-16 17:32:09.179760,
2391,2,Customer Support,Forwarded (Correct),True,"Received from Public Relations, correctly routed for Appreciation.",2025-08-16 20:32:33.298143,
2391,3,Customer Support,Reviewed,True,Resolved following standard procedure.,2025-08-17 14:54:48.380767,Resolved
2392,1,Public Relations,Received,,Complaint logged and reviewed for routing.,2025-02-09 14:22:26.646718,
2392,2,Operations,Forwarded (Correct),True,"Received from Public Relations, correctly routed for Service Delay.",2025-02-09 18:32:08.780290,
2392,3,Operations,Reviewed,True,Issue verified and resolved after review.,2025-02-10 07:44:18.366938,Resolved
2393,1,Public Relations,Received,,Complaint logged and reviewed for routing.,2025-07-17 16:23:44.899499,
2393,2,Security,Forwarded (Correct),True,"Received from Public Relations, correctly routed for Safety Concern.",2025-07-17 23:57:46.428448,
2393,3,Security,Reviewed,True,Completed the requested action successfully.,2025-07-19 09:34:33.324112,Resolved
2394,1,Public Relations,Received,,Complaint logged and reviewed for routing.,2025-07-13 08:27:58.903366,
2394,2,Billing,Forwarded (Correct),True,"Received from Public Relations, correctly routed for Billing Issue.",2025-07-13 11:44:01.562686,
2394,3,Billing,Reviewed,True,Resolved following standard procedure.,2025-07-14 14:39:27.055689,Resolved
2395,1,Public Relations,Received,,Complaint logged and reviewed for routing.,2025-03-20 10:46:42.593136,
2395,2,Billing,Forwarded (Correct),True,"Received from Public Relations, correctly routed for Billing Issue.",2025-03-20 13:55:00.511672,
2395,3,Billing,Reviewed,True,Resolved following standard procedure.,2025-03-23 14:26:44.997876,Resolved
2396,1,Public Relations,Received,,Complaint logged and reviewed for routing.,2025-06-23 09:50:32.534616,
2396,2,Customer Support,Forwarded (Correct),True,"Received from Public Relations, correctly routed for Appreciation.",2025-06-23 15:51:01.472096,
2396,3,Customer Support,Reviewed,True,Issue verified and resolved after review.,2025-06-26 18:52:40.954698,Resolved
2397,1,Public Relations,Received,,Complaint logged and reviewed for routing.,2025-11-02 10:20:00.284075,
2397,2,Billing,Forwarded (Correct),True,"Received from Public Relations, correctly routed for Billing Issue.",2025-11-02 15:40:06.159674,
2397,3,Billing,Reviewed,True,Corrected the error and notified the customer.,2025-11-03 04:54:17.384641,Resolved
2398,1,Public Relations,Received,,Complaint logged and reviewed for routing.,2025-05-19 12:01:29.656132,
2398,2,Operations,Forwarded (Correct),True,"Received from Public Relations, correctly routed for Service Delay.",2025-05-19 15:56:43.636718,
2398,3,Operations,Reviewed,True,Resolved following standard procedure.,2025-05-23 11:13:20.493117,Resolved
2399,1,Public Relations,Received,,Complaint logged and reviewed for routing.,2025-12-21 07:47:48.535788,
2399,2,Customer Support,Forwarded (Correct),True,"Received from Public Relations, correctly routed for Staff Behavior.",2025-12-21 10:16:06.113893,
2399,3,Customer Support,Reviewed,True,Confirmed with the customer that the issue is fixed.,2025-12-25 03:46:05.265494,Resolved
2400,1,Public Relations,Received,,Complaint logged and reviewed for routing.,2025-03-18 00:50:12.664264,
2400,2,Billing,Forwarded (Correct),True,"Received from Public Relations, correctly routed for Billing Issue.",2025-03-18 05:55:46.607787,
2400,3,Billing,Reviewed,True,Corrected the error and notified the customer.,2025-03-18 11:31:19.206181,Resolved
2401,1,Public Relations,Received,,Complaint logged and reviewed for routing.,2025-01-22 12:01:57.788981,
2401,2,Operations,Forwarded (Correct),True,"Received from Public Relations, correctly routed for Service Delay.",2025-01-22 19:02:24.098523,
2401,3,Operations,Reviewed,True,"Still under investigation, pending further review.",2025-01-23 17:29:41.230517,Unresolved
2402,1,Public Relations,Received,,Complaint logged and reviewed for routing.,2025-09-28 13:56:51.682815,
2402,2,Maintenance,Forwarded (Correct),True,"Received from Public Relations, correctly routed for Infrastructure.",2025-09-28 20:04:38.444892,
2402,3,Maintenance,Reviewed,True,Confirmed with the customer that the issue is fixed.,2025-09-30 15:31:03.022688,Resolved
2404,1,Public Relations,Received,,Complaint logged and reviewed for routing.,2025-09-03 15:41:06.293318,
2404,2,Administration,Forwarded (Incorrect),False,"Incorrectly routed here, reassigning to the appropriate department.",2025-09-03 17:07:38.074548,
2404,3,Maintenance,Forwarded (Re-routed),True,Re-routed from Administration; now correctly assigned for Infrastructure.,2025-09-04 05:30:25.294948,
2404,4,Maintenance,Reviewed,True,Resolved following standard procedure.,2025-09-05 17:17:58.003422,Resolved
2405,1,Public Relations,Received,,Complaint logged and reviewed for routing.,2025-08-22 11:49:48.892471,
2405,2,Operations,Forwarded (Correct),True,"Received from Public Relations, correctly routed for Service Delay.",2025-08-22 15:24:51.967200,
2405,3,Operations,Reviewed,True,Escalated to senior staff for further action.,2025-08-23 13:43:14.912735,Unresolved
2406,1,Public Relations,Received,,Complaint logged and reviewed for routing.,2025-07-22 11:17:31.550729,
2406,2,Administration,Forwarded (Correct),True,"Received from Public Relations, correctly routed for Corruption/Bribery.",2025-07-22 14:55:04.420820,
2406,3,Administration,Reviewed,True,Corrected the error and notified the customer.,2025-07-26 02:55:23.881551,Resolved
2407,1,Public Relations,Received,,Complaint logged and reviewed for routing.,2025-01-28 09:41:00.917579,
2407,2,Maintenance,Forwarded (Correct),True,"Received from Public Relations, correctly routed for Infrastructure.",2025-01-28 17:07:50.692553,
2407,3,Maintenance,Reviewed,True,Corrected the error and notified the customer.,2025-02-01 06:16:16.924382,Resolved
2408,1,Public Relations,Received,,Complaint logged and reviewed for routing.,2025-05-21 17:39:22.788051,
2408,2,Administration,Forwarded (Correct),True,"Received from Public Relations, correctly routed for Corruption/Bribery.",2025-05-21 21:38:38.845382,
2408,3,Administration,Reviewed,True,On hold due to resource availability.,2025-05-24 08:22:52.006414,Unresolved
2409,1,Public Relations,Received,,Complaint logged and reviewed for routing.,2025-07-05 16:11:11.693388,
2409,2,Billing,Forwarded (Incorrect),False,"Not within our scope, sending to the relevant department.",2025-07-05 19:10:53.723964,
2409,3,Operations,Forwarded (Re-routed),True,Re-routed from Billing; now correctly assigned for Service Delay.,2025-07-06 05:36:22.601422,
2409,4,Operations,Reviewed,True,Corrected the error and notified the customer.,2025-07-07 08:38:43.503992,Resolved
2410,1,Public Relations,Received,,Complaint logged and reviewed for routing.,2025-01-28 20:13:04.980080,
2410,2,Administration,Forwarded (Correct),True,"Received from Public Relations, correctly routed for Corruption/Bribery.",2025-01-28 22:01:32.441652,
2410,3,Administration,Reviewed,True,Completed the requested action successfully.,2025-01-30 00:53:08.931239,Resolved
2411,1,Public Relations,Received,,Complaint logged and reviewed for routing.,2025-06-17 09:01:45.835414,
2411,2,Customer Support,Forwarded (Incorrect),False,"This complaint does not belong to our department, forwarding to the correct team.",2025-06-17 14:57:56.489870,
2411,3,Billing,Forwarded (Re-routed),True,Re-routed from Customer Support; now correctly assigned for Billing Issue.,2025-06-18 13:55:43.371249,
2411,4,Billing,Reviewed,True,Completed the requested action successfully.,2025-06-18 22:57:40.306026,Resolved
2412,1,Public Relations,Received,,Complaint logged and reviewed for routing.,2025-05-09 18:22:46.851068,
2412,2,Security,Forwarded (Incorrect),False,"Not within our scope, sending to the relevant department.",2025-05-09 21:41:09.358456,
2412,3,Operations,Forwarded (Re-routed),True,Re-routed from Security; now correctly assigned for Service Delay.,2025-05-10 10:46:54.224631,
2412,4,Operations,Reviewed,True,Issue verified and resolved after review.,2025-05-14 09:59:36.854485,Resolved
2413,1,Public Relations,Received,,Complaint logged and reviewed for routing.,2025-04-19 00:52:23.776887,
2413,2,Customer Support,Forwarded (Correct),True,"Received from Public Relations, correctly routed for Staff Behavior.",2025-04-19 08:16:50.326447,
2413,3,Customer Support,Reviewed,True,Corrected the error and notified the customer.,2025-04-19 14:05:49.390088,Resolved
2414,1,Public Relations,Received,,Complaint logged and reviewed for routing.,2025-02-21 19:16:00.647920,
2414,2,Customer Support,Forwarded (Correct),True,"Received from Public Relations, correctly routed for Staff Behavior.",2025-02-21 22:49:40.356999,
2414,3,Customer Support,Reviewed,True,Resolved following standard procedure.,2025-02-24 15:03:45.061306,Resolved
2415,1,Public Relations,Received,,Complaint logged and reviewed for routing.,2025-03-18 10:17:40.308502,
2415,2,Operations,Forwarded (Correct),True,"Received from Public Relations, correctly routed for Service Delay.",2025-03-18 16:54:57.259919,
2415,3,Operations,Reviewed,True,Corrected the error and notified the customer.,2025-03-19 21:54:34.938565,Resolved
2416,1,Public Relations,Received,,Complaint logged and reviewed for routing.,2025-06-21 00:18:39.836469,
2416,2,Administration,Forwarded (Correct),True,"Received from Public Relations, correctly routed for Corruption/Bribery.",2025-06-21 05:10:57.499725,
2416,3,Administration,Reviewed,True,Issue verified and resolved after review.,2025-06-24 05:07:37.779281,Resolved
2417,1,Public Relations,Received,,Complaint logged and reviewed for routing.,2025-11-25 10:16:18.348669,
2417,2,Customer Support,Forwarded (Correct),True,"Received from Public Relations, correctly routed for Staff Behavior.",2025-11-25 16:03:05.955806,
2417,3,Customer Support,Reviewed,True,Confirmed with the customer that the issue is fixed.,2025-11-27 21:52:56.615652,Resolved
2418,1,Public Relations,Received,,Complaint logged and reviewed for routing.,2025-10-04 15:48:21.539476,
2418,2,Billing,Forwarded (Incorrect),False,"Incorrectly routed here, reassigning to the appropriate department.",2025-10-04 20:30:01.126995,
2418,3,Customer Support,Forwarded (Re-routed),True,Re-routed from Billing; now correctly assigned for Staff Behavior.,2025-10-05 16:06:30.790022,
2418,4,Customer Support,Reviewed,True,Completed the requested action successfully.,2025-10-08 03:48:02.950102,Resolved
2419,1,Public Relations,Received,,Complaint logged and reviewed for routing.,2025-10-28 12:38:27.252887,
2419,2,Operations,Forwarded (Correct),True,"Received from Public Relations, correctly routed for Service Delay.",2025-10-28 19:27:36.303519,
2419,3,Operations,Reviewed,True,Completed the requested action successfully.,2025-10-29 23:56:50.899051,Resolved
2420,1,Public Relations,Received,,Complaint logged and reviewed for routing.,2025-04-07 17:28:24.917413,
2420,2,Maintenance,Forwarded (Correct),True,"Received from Public Relations, correctly routed for Infrastructure.",2025-04-07 20:01:58.381272,
2420,3,Maintenance,Reviewed,True,Completed the requested action successfully.,2025-04-11 07:36:50.937389,Resolved
2421,1,Public Relations,Received,,Complaint logged and reviewed for routing.,2025-04-26 17:20:33.142540,
2421,2,Billing,Forwarded (Correct),True,"Received from Public Relations, correctly routed for Billing Issue.",2025-04-26 21:15:37.830544,
2421,3,Billing,Reviewed,True,Waiting on additional information from the customer.,2025-04-29 00:03:21.822023,Unresolved
2422,1,Public Relations,Received,,Complaint logged and reviewed for routing.,2025-12-19 07:59:16.199814,
2422,2,Operations,Forwarded (Incorrect),False,"This complaint does not belong to our department, forwarding to the correct team.",2025-12-19 10:07:48.575235,
2422,3,Billing,Forwarded (Re-routed),True,Re-routed from Operations; now correctly assigned for Billing Issue.,2025-12-19 19:29:57.915827,
2422,4,Billing,Reviewed,True,Corrected the error and notified the customer.,2025-12-21 15:55:56.172230,Resolved
2423,1,Public Relations,Received,,Complaint logged and reviewed for routing.,2025-03-04 11:55:10.160867,
2423,2,Operations,Forwarded (Incorrect),False,"Incorrectly routed here, reassigning to the appropriate department.",2025-03-04 18:55:53.377801,
2423,3,Customer Support,Forwarded (Re-routed),True,Re-routed from Operations; now correctly assigned for Appreciation.,2025-03-05 05:06:36.211975,
2423,4,Customer Support,Reviewed,True,Completed the requested action successfully.,2025-03-07 05:11:19.814264,Resolved
2424,1,Public Relations,Received,,Complaint logged and reviewed for routing.,2025-01-23 15:26:31.163255,
2424,2,Billing,Forwarded (Correct),True,"Received from Public Relations, correctly routed for Billing Issue.",2025-01-23 19:11:02.269389,
2424,3,Billing,Reviewed,True,Completed the requested action successfully.,2025-01-26 17:42:50.132111,Resolved
2425,1,Public Relations,Received,,Complaint logged and reviewed for routing.,2025-07-22 01:18:34.108169,
2425,2,Billing,Forwarded (Correct),True,"Received from Public Relations, correctly routed for Billing Issue.",2025-07-22 02:44:17.119429,
2425,3,Billing,Reviewed,True,Confirmed with the customer that the issue is fixed.,2025-07-23 09:29:42.024244,Resolved
2426,1,Public Relations,Received,,Complaint logged and reviewed for routing.,2025-01-03 10:46:20.284221,
2426,2,Maintenance,Forwarded (Correct),True,"Received from Public Relations, correctly routed for Infrastructure.",2025-01-03 15:49:31.254638,
2426,3,Maintenance,Reviewed,True,"Still under investigation, pending further review.",2025-01-04 11:10:26.679306,Unresolved
2427,1,Public Relations,Received,,Complaint logged and reviewed for routing.,2025-11-10 16:22:56.981407,
2427,2,Maintenance,Forwarded (Incorrect),False,"This complaint does not belong to our department, forwarding to the correct team.",2025-11-10 18:32:01.072036,
2427,3,Operations,Forwarded (Re-routed),True,Re-routed from Maintenance; now correctly assigned for Service Delay.,2025-11-11 17:05:11.356147,
2427,4,Operations,Reviewed,True,Escalated to senior staff for further action.,2025-11-12 10:45:11.233464,Unresolved
2428,1,Public Relations,Received,,Complaint logged and reviewed for routing.,2025-09-09 13:05:26.187394,
2428,2,Maintenance,Forwarded (Correct),True,"Received from Public Relations, correctly routed for Infrastructure.",2025-09-09 18:32:09.441361,
2428,3,Maintenance,Reviewed,True,Confirmed with the customer that the issue is fixed.,2025-09-13 16:25:33.694155,Resolved
2429,1,Public Relations,Received,,Complaint logged and reviewed for routing.,2025-06-19 16:44:57.797063,
2429,2,Billing,Forwarded (Correct),True,"Received from Public Relations, correctly routed for Billing Issue.",2025-06-19 20:17:33.371405,
2429,3,Billing,Reviewed,True,Issue verified and resolved after review.,2025-06-20 15:58:03.297388,Resolved
2430,1,Public Relations,Received,,Complaint logged and reviewed for routing.,2025-06-25 14:20:44.517768,
2430,2,Billing,Forwarded (Correct),True,"Received from Public Relations, correctly routed for Billing Issue.",2025-06-25 16:40:44.165577,
2430,3,Billing,Reviewed,True,Issue verified and resolved after review.,2025-06-28 11:30:49.127670,Resolved
2431,1,Public Relations,Received,,Complaint logged and reviewed for routing.,2025-06-03 16:01:04.997348,
2431,2,Customer Support,Forwarded (Correct),True,"Received from Public Relations, correctly routed for Appreciation.",2025-06-03 23:56:30.264994,
2431,3,Customer Support,Reviewed,True,On hold due to resource availability.,2025-06-05 10:17:30.345862,Unresolved
2432,1,Public Relations,Received,,Complaint logged and reviewed for routing.,2025-06-03 13:31:52.277564,
2432,2,Customer Support,Forwarded (Correct),True,"Received from Public Relations, correctly routed for Staff Behavior.",2025-06-03 16:03:43.258785,
2432,3,Customer Support,Reviewed,True,Requires field visit before it can be closed.,2025-06-05 01:30:53.239265,Unresolved
2433,1,Public Relations,Received,,Complaint logged and reviewed for routing.,2025-09-23 09:03:50.302307,
2433,2,Billing,Forwarded (Incorrect),False,"Not within our scope, sending to the relevant department.",2025-09-23 14:29:53.274341,
2433,3,Operations,Forwarded (Re-routed),True,Re-routed from Billing; now correctly assigned for Service Delay.,2025-09-24 08:12:55.955608,
2433,4,Operations,Reviewed,True,Corrected the error and notified the customer.,2025-09-25 21:40:09.192030,Resolved
2434,1,Public Relations,Received,,Complaint logged and reviewed for routing.,2025-07-04 13:51:09.530865,
2434,2,Billing,Forwarded (Correct),True,"Received from Public Relations, correctly routed for Billing Issue.",2025-07-04 15:23:01.515270,
2434,3,Billing,Reviewed,True,Resolved following standard procedure.,2025-07-06 05:01:21.520188,Resolved
2435,1,Public Relations,Received,,Complaint logged and reviewed for routing.,2025-01-20 09:44:46.587574,
2435,2,Security,Forwarded (Correct),True,"Received from Public Relations, correctly routed for Safety Concern.",2025-01-20 11:11:33.442269,
2435,3,Security,Reviewed,True,Corrected the error and notified the customer.,2025-01-23 19:27:35.229561,Resolved
2436,1,Public Relations,Received,,Complaint logged and reviewed for routing.,2025-04-18 16:32:56.485720,
2436,2,Customer Support,Forwarded (Correct),True,"Received from Public Relations, correctly routed for Staff Behavior.",2025-04-18 19:17:24.385725,
2436,3,Customer Support,Reviewed,True,Corrected the error and notified the customer.,2025-04-20 00:56:17.460311,Resolved
2437,1,Public Relations,Received,,Complaint logged and reviewed for routing.,2025-06-01 18:19:46.393822,
2437,2,Billing,Forwarded (Correct),True,"Received from Public Relations, correctly routed for Billing Issue.",2025-06-02 00:19:42.389661,
2437,3,Billing,Reviewed,True,On hold due to resource availability.,2025-06-02 11:24:12.720383,Unresolved
2438,1,Public Relations,Received,,Complaint logged and reviewed for routing.,2025-02-17 14:30:55.374198,
2438,2,Administration,Forwarded (Correct),True,"Received from Public Relations, correctly routed for Corruption/Bribery.",2025-02-17 16:30:09.810027,
2438,3,Administration,Reviewed,True,Issue verified and resolved after review.,2025-02-18 19:05:03.131869,Resolved
2439,1,Public Relations,Received,,Complaint logged and reviewed for routing.,2025-10-14 11:37:41.341791,
2439,2,Security,Forwarded (Incorrect),False,"Not within our scope, sending to the relevant department.",2025-10-14 14:52:05.560878,
2439,3,Operations,Forwarded (Re-routed),True,Re-routed from Security; now correctly assigned for Service Delay.,2025-10-15 13:22:14.968556,
2439,4,Operations,Reviewed,True,Completed the requested action successfully.,2025-10-15 23:55:37.636933,Resolved
2440,1,Public Relations,Received,,Complaint logged and reviewed for routing.,2025-08-08 17:58:34.787695,
2440,2,Maintenance,Forwarded (Incorrect),False,"Incorrectly routed here, reassigning to the appropriate department.",2025-08-08 19:07:52.077591,
2440,3,Administration,Forwarded (Re-routed),True,Re-routed from Maintenance; now correctly assigned for Corruption/Bribery.,2025-08-09 11:21:09.164490,
2440,4,Administration,Reviewed,True,Requires field visit before it can be closed.,2025-08-12 14:35:06.122864,Unresolved
2441,1,Public Relations,Received,,Complaint logged and reviewed for routing.,2025-06-21 17:06:31.413764,
2441,2,Administration,Forwarded (Correct),True,"Received from Public Relations, correctly routed for Corruption/Bribery.",2025-06-21 18:54:09.022138,
2441,3,Administration,Reviewed,True,Issue verified and resolved after review.,2025-06-25 11:39:06.908586,Resolved
2442,1,Public Relations,Received,,Complaint logged and reviewed for routing.,2025-12-18 15:31:57.318127,
2442,2,Operations,Forwarded (Correct),True,"Received from Public Relations, correctly routed for Service Delay.",2025-12-18 20:24:20.380733,
2442,3,Operations,Reviewed,True,Waiting on additional information from the customer.,2025-12-22 09:24:42.275293,Unresolved
2443,1,Public Relations,Received,,Complaint logged and reviewed for routing.,2025-09-12 13:24:01.073965,
2443,2,Customer Support,Forwarded (Correct),True,"Received from Public Relations, correctly routed for Appreciation.",2025-09-12 16:49:13.620097,
2443,3,Customer Support,Reviewed,True,Corrected the error and notified the customer.,2025-09-14 09:06:16.641275,Resolved
2444,1,Public Relations,Received,,Complaint logged and reviewed for routing.,2025-05-03 13:29:06.044851,
2444,2,Customer Support,Forwarded (Correct),True,"Received from Public Relations, correctly routed for Staff Behavior.",2025-05-03 16:37:00.812002,
2444,3,Customer Support,Reviewed,True,Issue verified and resolved after review.,2025-05-05 22:48:29.498954,Resolved
2445,1,Public Relations,Received,,Complaint logged and reviewed for routing.,2025-02-22 15:19:21.816491,
2445,2,Maintenance,Forwarded (Correct),True,"Received from Public Relations, correctly routed for Infrastructure.",2025-02-22 18:34:52.095365,
2445,3,Maintenance,Reviewed,True,Resolved following standard procedure.,2025-02-23 03:52:31.208784,Resolved
2446,1,Public Relations,Received,,Complaint logged and reviewed for routing.,2025-06-05 02:20:55.179735,
2446,2,Billing,Forwarded (Correct),True,"Received from Public Relations, correctly routed for Billing Issue.",2025-06-05 04:34:47.855817,
2446,3,Billing,Reviewed,True,"Still under investigation, pending further review.",2025-06-05 22:38:02.474182,Unresolved
2447,1,Public Relations,Received,,Complaint logged and reviewed for routing.,2025-02-02 12:59:42.388854,
2447,2,Operations,Forwarded (Correct),True,"Received from Public Relations, correctly routed for Service Delay.",2025-02-02 15:02:08.011761,
2447,3,Operations,Reviewed,True,Completed the requested action successfully.,2025-02-05 23:03:35.339332,Resolved
2448,1,Public Relations,Received,,Complaint logged and reviewed for routing.,2025-04-05 11:12:08.943613,
2448,2,Security,Forwarded (Correct),True,"Received from Public Relations, correctly routed for Safety Concern.",2025-04-05 12:35:48.288356,
2448,3,Security,Reviewed,True,Resolved following standard procedure.,2025-04-07 23:06:49.793072,Resolved
2449,1,Public Relations,Received,,Complaint logged and reviewed for routing.,2025-05-25 11:06:18.753808,
2449,2,Operations,Forwarded (Correct),True,"Received from Public Relations, correctly routed for Service Delay.",2025-05-25 13:26:05.540184,
2449,3,Operations,Reviewed,True,"Still under investigation, pending further review.",2025-05-28 07:00:37.967342,Unresolved
2450,1,Public Relations,Received,,Complaint logged and reviewed for routing.,2025-07-01 13:19:32.224399,
2450,2,Billing,Forwarded (Correct),True,"Received from Public Relations, correctly routed for Billing Issue.",2025-07-01 17:03:18.162396,
2450,3,Billing,Reviewed,True,Issue verified and resolved after review.,2025-07-05 10:29:45.323665,Resolved
2451,1,Public Relations,Received,,Complaint logged and reviewed for routing.,2025-04-23 09:48:58.193284,
2451,2,Billing,Forwarded (Correct),True,"Received from Public Relations, correctly routed for Billing Issue.",2025-04-23 17:38:17.922069,
2451,3,Billing,Reviewed,True,On hold due to resource availability.,2025-04-25 00:22:06.423656,Unresolved
2452,1,Public Relations,Received,,Complaint logged and reviewed for routing.,2025-10-09 16:26:39.013093,
2452,2,Customer Support,Forwarded (Correct),True,"Received from Public Relations, correctly routed for Staff Behavior.",2025-10-09 22:36:15.667670,
2452,3,Customer Support,Reviewed,True,Issue verified and resolved after review.,2025-10-13 12:56:43.132574,Resolved
2453,1,Public Relations,Received,,Complaint logged and reviewed for routing.,2025-08-24 15:20:29.729833,
2453,2,Billing,Forwarded (Correct),True,"Received from Public Relations, correctly routed for Billing Issue.",2025-08-24 22:34:02.126789,
2453,3,Billing,Reviewed,True,Corrected the error and notified the customer.,2025-08-28 16:17:00.936398,Resolved
2454,1,Public Relations,Received,,Complaint logged and reviewed for routing.,2025-03-23 18:45:19.482158,
2454,2,Customer Support,Forwarded (Correct),True,"Received from Public Relations, correctly routed for Staff Behavior.",2025-03-23 20:57:19.193264,
2454,3,Customer Support,Reviewed,True,Resolved following standard procedure.,2025-03-25 09:31:33.939983,Resolved
2455,1,Public Relations,Received,,Complaint logged and reviewed for routing.,2025-06-18 20:38:14.192792,
2455,2,Billing,Forwarded (Incorrect),False,"This complaint does not belong to our department, forwarding to the correct team.",2025-06-19 02:29:54.079167,
2455,3,Customer Support,Forwarded (Re-routed),True,Re-routed from Billing; now correctly assigned for Appreciation.,2025-06-19 18:47:26.433942,
2455,4,Customer Support,Reviewed,True,Resolved following standard procedure.,2025-06-21 05:28:45.359551,Resolved
2456,1,Public Relations,Received,,Complaint logged and reviewed for routing.,2025-09-18 15:19:46.475668,
2456,2,Customer Support,Forwarded (Correct),True,"Received from Public Relations, correctly routed for Staff Behavior.",2025-09-18 20:35:03.301854,
2456,3,Customer Support,Reviewed,True,Confirmed with the customer that the issue is fixed.,2025-09-21 16:18:46.759971,Resolved
2457,1,Public Relations,Received,,Complaint logged and reviewed for routing.,2025-12-20 18:04:30.675019,
2457,2,Billing,Forwarded (Correct),True,"Received from Public Relations, correctly routed for Billing Issue.",2025-12-20 19:34:42.356728,
2457,3,Billing,Reviewed,True,Issue verified and resolved after review.,2025-12-23 08:25:04.293709,Resolved
2458,1,Public Relations,Received,,Complaint logged and reviewed for routing.,2025-05-14 19:20:20.400915,
2458,2,Customer Support,Forwarded (Correct),True,"Received from Public Relations, correctly routed for Appreciation.",2025-05-15 01:10:18.148783,
2458,3,Customer Support,Reviewed,True,Confirmed with the customer that the issue is fixed.,2025-05-16 23:40:46.671663,Resolved
2459,1,Public Relations,Received,,Complaint logged and reviewed for routing.,2025-01-19 11:28:48.447606,
2459,2,Operations,Forwarded (Correct),True,"Received from Public Relations, correctly routed for Service Delay.",2025-01-19 17:28:57.021364,
2459,3,Operations,Reviewed,True,Waiting on additional information from the customer.,2025-01-20 06:06:57.023064,Unresolved
2460,1,Public Relations,Received,,Complaint logged and reviewed for routing.,2025-05-01 10:30:08.639410,
2460,2,Security,Forwarded (Correct),True,"Received from Public Relations, correctly routed for Safety Concern.",2025-05-01 11:45:24.846091,
2460,3,Security,Reviewed,True,Confirmed with the customer that the issue is fixed.,2025-05-04 22:45:41.727081,Resolved
2461,1,Public Relations,Received,,Complaint logged and reviewed for routing.,2025-09-18 10:23:54.032556,
2461,2,Administration,Forwarded (Correct),True,"Received from Public Relations, correctly routed for Corruption/Bribery.",2025-09-18 14:04:40.218409,
2461,3,Administration,Reviewed,True,"Still under investigation, pending further review.",2025-09-19 18:41:00.589370,Unresolved
2462,1,Public Relations,Received,,Complaint logged and reviewed for routing.,2025-06-19 11:09:18.032073,
2462,2,Security,Forwarded (Correct),True,"Received from Public Relations, correctly routed for Safety Concern.",2025-06-19 12:40:30.887981,
2462,3,Security,Reviewed,True,Confirmed with the customer that the issue is fixed.,2025-06-21 20:39:57.210082,Resolved
2463,1,Public Relations,Received,,Complaint logged and reviewed for routing.,2025-04-16 12:53:20.464576,
2463,2,Operations,Forwarded (Correct),True,"Received from Public Relations, correctly routed for Service Delay.",2025-04-16 15:51:29.612088,
2463,3,Operations,Reviewed,True,On hold due to resource availability.,2025-04-20 15:10:51.246414,Unresolved
2464,1,Public Relations,Received,,Complaint logged and reviewed for routing.,2025-12-07 15:03:07.297129,
2464,2,Operations,Forwarded (Incorrect),False,"Not within our scope, sending to the relevant department.",2025-12-07 19:20:12.089890,
2464,3,Customer Support,Forwarded (Re-routed),True,Re-routed from Operations; now correctly assigned for Appreciation.,2025-12-08 06:12:31.806789,
2464,4,Customer Support,Reviewed,True,Waiting on additional information from the customer.,2025-12-09 11:22:57.276785,Unresolved
2465,1,Public Relations,Received,,Complaint logged and reviewed for routing.,2025-01-11 08:14:44.207386,
2465,2,Customer Support,Forwarded (Correct),True,"Received from Public Relations, correctly routed for Appreciation.",2025-01-11 12:30:08.629008,
2465,3,Customer Support,Reviewed,True,"Still under investigation, pending further review.",2025-01-12 08:09:55.746513,Unresolved
2466,1,Public Relations,Received,,Complaint logged and reviewed for routing.,2025-02-10 08:09:45.241656,
2466,2,Operations,Forwarded (Correct),True,"Received from Public Relations, correctly routed for Service Delay.",2025-02-10 14:58:57.052258,
2466,3,Operations,Reviewed,True,Issue verified and resolved after review.,2025-02-13 07:01:41.971844,Resolved
2467,1,Public Relations,Received,,Complaint logged and reviewed for routing.,2025-09-27 09:28:09.709114,
2467,2,Customer Support,Forwarded (Correct),True,"Received from Public Relations, correctly routed for Staff Behavior.",2025-09-27 17:22:18.174780,
2467,3,Customer Support,Reviewed,True,"Still under investigation, pending further review.",2025-09-28 10:50:59.890084,Unresolved
2468,1,Public Relations,Received,,Complaint logged and reviewed for routing.,2025-11-18 14:21:11.546983,
2468,2,Customer Support,Forwarded (Correct),True,"Received from Public Relations, correctly routed for Staff Behavior.",2025-11-18 18:13:57.948882,
2468,3,Customer Support,Reviewed,True,Waiting on additional information from the customer.,2025-11-22 00:35:46.987077,Unresolved
2469,1,Public Relations,Received,,Complaint logged and reviewed for routing.,2025-12-09 11:29:32.876684,
2469,2,Maintenance,Forwarded (Correct),True,"Received from Public Relations, correctly routed for Infrastructure.",2025-12-09 16:20:22.286468,
2469,3,Maintenance,Reviewed,True,Waiting on additional information from the customer.,2025-12-13 13:11:10.183490,Unresolved
2470,1,Public Relations,Received,,Complaint logged and reviewed for routing.,2025-05-08 11:03:28.733643,
2470,2,Customer Support,Forwarded (Correct),True,"Received from Public Relations, correctly routed for Staff Behavior.",2025-05-08 15:50:56.684009,
2470,3,Customer Support,Reviewed,True,Corrected the error and notified the customer.,2025-05-10 06:09:55.008082,Resolved
2471,1,Public Relations,Received,,Complaint logged and reviewed for routing.,2025-07-11 01:48:21.449613,
2471,2,Operations,Forwarded (Correct),True,"Received from Public Relations, correctly routed for Service Delay.",2025-07-11 07:37:25.416978,
2471,3,Operations,Reviewed,True,Requires field visit before it can be closed.,2025-07-15 07:11:05.429956,Unresolved
2472,1,Public Relations,Received,,Complaint logged and reviewed for routing.,2025-05-20 14:31:33.772314,
2472,2,Billing,Forwarded (Incorrect),False,"This complaint does not belong to our department, forwarding to the correct team.",2025-05-20 21:28:42.916446,
2472,3,Maintenance,Forwarded (Re-routed),True,Re-routed from Billing; now correctly assigned for Infrastructure.,2025-05-21 12:31:47.372209,
2472,4,Maintenance,Reviewed,True,Corrected the error and notified the customer.,2025-05-25 03:56:50.730972,Resolved
2473,1,Public Relations,Received,,Complaint logged and reviewed for routing.,2025-03-27 15:23:13.224963,
2473,2,Billing,Forwarded (Correct),True,"Received from Public Relations, correctly routed for Billing Issue.",2025-03-27 19:47:39.984200,
2473,3,Billing,Reviewed,True,Issue verified and resolved after review.,2025-03-31 18:09:06.229911,Resolved
2474,1,Public Relations,Received,,Complaint logged and reviewed for routing.,2025-02-16 14:51:42.831728,
2474,2,Operations,Forwarded (Incorrect),False,"Not within our scope, sending to the relevant department.",2025-02-16 15:54:06.801395,
2474,3,Customer Support,Forwarded (Re-routed),True,Re-routed from Operations; now correctly assigned for Appreciation.,2025-02-17 13:51:45.521291,
2474,4,Customer Support,Reviewed,True,Resolved following standard procedure.,2025-02-19 00:08:41.593731,Resolved
2475,1,Public Relations,Received,,Complaint logged and reviewed for routing.,2025-12-04 16:21:18.623253,
2475,2,Administration,Forwarded (Correct),True,"Received from Public Relations, correctly routed for Corruption/Bribery.",2025-12-04 20:22:13.812477,
2475,3,Administration,Reviewed,True,Resolved following standard procedure.,2025-12-07 08:37:53.706569,Resolved
2476,1,Public Relations,Received,,Complaint logged and reviewed for routing.,2025-03-26 23:54:56.297380,
2476,2,Maintenance,Forwarded (Correct),True,"Received from Public Relations, correctly routed for Infrastructure.",2025-03-27 05:24:53.843247,
2476,3,Maintenance,Reviewed,True,Resolved following standard procedure.,2025-03-29 19:12:40.740483,Resolved
2477,1,Public Relations,Received,,Complaint logged and reviewed for routing.,2025-03-01 15:58:28.475104,
2477,2,Billing,Forwarded (Correct),True,"Received from Public Relations, correctly routed for Billing Issue.",2025-03-01 18:00:21.930181,
2477,3,Billing,Reviewed,True,Confirmed with the customer that the issue is fixed.,2025-03-03 01:47:20.688137,Resolved
2478,1,Public Relations,Received,,Complaint logged and reviewed for routing.,2025-08-03 07:57:58.215546,
2478,2,Operations,Forwarded (Correct),True,"Received from Public Relations, correctly routed for Service Delay.",2025-08-03 12:27:50.459065,
2478,3,Operations,Reviewed,True,Requires field visit before it can be closed.,2025-08-07 06:30:53.110656,Unresolved
2479,1,Public Relations,Received,,Complaint logged and reviewed for routing.,2025-06-11 11:35:34.372823,
2479,2,Customer Support,Forwarded (Incorrect),False,"This complaint does not belong to our department, forwarding to the correct team.",2025-06-11 14:34:17.744662,
2479,3,Maintenance,Forwarded (Re-routed),True,Re-routed from Customer Support; now correctly assigned for Infrastructure.,2025-06-11 21:01:54.485423,
2479,4,Maintenance,Reviewed,True,Issue verified and resolved after review.,2025-06-13 09:49:29.996659,Resolved
2480,1,Public Relations,Received,,Complaint logged and reviewed for routing.,2025-09-23 20:33:44.419547,
2480,2,Billing,Forwarded (Correct),True,"Received from Public Relations, correctly routed for Billing Issue.",2025-09-24 00:47:11.262400,
2480,3,Billing,Reviewed,True,Escalated to senior staff for further action.,2025-09-26 09:18:58.659772,Unresolved
2481,1,Public Relations,Received,,Complaint logged and reviewed for routing.,2025-11-12 11:37:25.764455,
2481,2,Billing,Forwarded (Correct),True,"Received from Public Relations, correctly routed for Billing Issue.",2025-11-12 15:26:25.047518,
2481,3,Billing,Reviewed,True,Issue verified and resolved after review.,2025-11-13 03:30:35.074031,Resolved
2482,1,Public Relations,Received,,Complaint logged and reviewed for routing.,2025-05-15 17:57:51.025299,
2482,2,Customer Support,Forwarded (Correct),True,"Received from Public Relations, correctly routed for Staff Behavior.",2025-05-15 22:13:57.226015,
2482,3,Customer Support,Reviewed,True,Requires field visit before it can be closed.,2025-05-16 21:05:44.959796,Unresolved
2483,1,Public Relations,Received,,Complaint logged and reviewed for routing.,2025-10-15 14:25:15.714137,
2483,2,Security,Forwarded (Correct),True,"Received from Public Relations, correctly routed for Safety Concern.",2025-10-15 21:38:17.361932,
2483,3,Security,Reviewed,True,Issue verified and resolved after review.,2025-10-19 20:02:50.115492,Resolved
2484,1,Public Relations,Received,,Complaint logged and reviewed for routing.,2025-08-27 16:34:24.953719,
2484,2,Maintenance,Forwarded (Correct),True,"Received from Public Relations, correctly routed for Infrastructure.",2025-08-27 22:27:54.334261,
2484,3,Maintenance,Reviewed,True,Requires field visit before it can be closed.,2025-08-29 10:06:56.412024,Unresolved
2485,1,Public Relations,Received,,Complaint logged and reviewed for routing.,2025-12-25 11:13:53.859741,
2485,2,Customer Support,Forwarded (Correct),True,"Received from Public Relations, correctly routed for Appreciation.",2025-12-25 18:00:56.823453,
2485,3,Customer Support,Reviewed,True,Requires field visit before it can be closed.,2025-12-26 08:16:06.961453,Unresolved
2486,1,Public Relations,Received,,Complaint logged and reviewed for routing.,2025-03-02 17:46:25.937422,
2486,2,Billing,Forwarded (Correct),True,"Received from Public Relations, correctly routed for Billing Issue.",2025-03-02 22:20:33.528750,
2486,3,Billing,Reviewed,True,On hold due to resource availability.,2025-03-06 10:10:28.300128,Unresolved
2487,1,Public Relations,Received,,Complaint logged and reviewed for routing.,2025-05-20 17:35:39.879398,
2487,2,Billing,Forwarded (Correct),True,"Received from Public Relations, correctly routed for Billing Issue.",2025-05-20 19:10:01.568736,
2487,3,Billing,Reviewed,True,Requires field visit before it can be closed.,2025-05-24 08:00:36.447849,Unresolved
2488,1,Public Relations,Received,,Complaint logged and reviewed for routing.,2025-11-18 11:43:41.365952,
2488,2,Customer Support,Forwarded (Incorrect),False,"Incorrectly routed here, reassigning to the appropriate department.",2025-11-18 12:55:00.935186,
2488,3,Administration,Forwarded (Re-routed),True,Re-routed from Customer Support; now correctly assigned for Corruption/Bribery.,2025-11-19 01:32:42.183737,
2488,4,Administration,Reviewed,True,Requires field visit before it can be closed.,2025-11-20 19:08:46.688760,Unresolved
2489,1,Public Relations,Received,,Complaint logged and reviewed for routing.,2025-03-12 11:48:52.380096,
2489,2,Customer Support,Forwarded (Incorrect),False,"Not within our scope, sending to the relevant department.",2025-03-12 18:48:04.890195,
2489,3,Maintenance,Forwarded (Re-routed),True,Re-routed from Customer Support; now correctly assigned for Infrastructure.,2025-03-13 02:15:44.057320,
2489,4,Maintenance,Reviewed,True,Waiting on additional information from the customer.,2025-03-13 10:15:34.662403,Unresolved
2490,1,Public Relations,Received,,Complaint logged and reviewed for routing.,2025-01-01 10:22:07.349575,
2490,2,Customer Support,Forwarded (Correct),True,"Received from Public Relations, correctly routed for Staff Behavior.",2025-01-01 13:31:54.187585,
2490,3,Customer Support,Reviewed,True,Issue verified and resolved after review.,2025-01-05 11:47:43.498442,Resolved
2491,1,Public Relations,Received,,Complaint logged and reviewed for routing.,2025-06-15 21:23:16.451243,
2491,2,Billing,Forwarded (Correct),True,"Received from Public Relations, correctly routed for Billing Issue.",2025-06-16 01:02:07.930150,
2491,3,Billing,Reviewed,True,"Still under investigation, pending further review.",2025-06-16 13:12:47.177839,Unresolved
2492,1,Public Relations,Received,,Complaint logged and reviewed for routing.,2025-08-05 11:17:17.732675,
2492,2,Billing,Forwarded (Incorrect),False,"This complaint does not belong to our department, forwarding to the correct team.",2025-08-05 17:18:42.066849,
2492,3,Customer Support,Forwarded (Re-routed),True,Re-routed from Billing; now correctly assigned for Appreciation.,2025-08-06 16:53:20.524298,
2492,4,Customer Support,Reviewed,True,Issue verified and resolved after review.,2025-08-07 08:34:41.383878,Resolved
2493,1,Public Relations,Received,,Complaint logged and reviewed for routing.,2025-05-23 16:52:58.251350,
2493,2,Maintenance,Forwarded (Correct),True,"Received from Public Relations, correctly routed for Infrastructure.",2025-05-24 00:37:28.850071,
2493,3,Maintenance,Reviewed,True,Resolved following standard procedure.,2025-05-25 08:58:57.887567,Resolved
2494,1,Public Relations,Received,,Complaint logged and reviewed for routing.,2025-09-28 22:58:43.182245,
2494,2,Customer Support,Forwarded (Correct),True,"Received from Public Relations, correctly routed for Staff Behavior.",2025-09-29 04:55:58.020457,
2494,3,Customer Support,Reviewed,True,Escalated to senior staff for further action.,2025-09-30 05:37:02.484311,Unresolved
2495,1,Public Relations,Received,,Complaint logged and reviewed for routing.,2025-02-07 11:42:12.478953,
2495,2,Maintenance,Forwarded (Correct),True,"Received from Public Relations, correctly routed for Infrastructure.",2025-02-07 18:54:20.004244,
2495,3,Maintenance,Reviewed,True,Escalated to senior staff for further action.,2025-02-10 14:08:07.248202,Unresolved
2496,1,Public Relations,Received,,Complaint logged and reviewed for routing.,2025-06-09 10:10:31.933483,
2496,2,Billing,Forwarded (Correct),True,"Received from Public Relations, correctly routed for Billing Issue.",2025-06-09 11:58:37.788250,
2496,3,Billing,Reviewed,True,Confirmed with the customer that the issue is fixed.,2025-06-11 00:32:04.944878,Resolved
2497,1,Public Relations,Received,,Complaint logged and reviewed for routing.,2025-05-28 16:25:06.475893,
2497,2,Billing,Forwarded (Correct),True,"Received from Public Relations, correctly routed for Billing Issue.",2025-05-28 19:23:44.243074,
2497,3,Billing,Reviewed,True,"Still under investigation, pending further review.",2025-06-01 04:05:48.182400,Unresolved
2498,1,Public Relations,Received,,Complaint logged and reviewed for routing.,2025-10-02 17:01:15.149319,
2498,2,Security,Forwarded (Incorrect),False,"Not within our scope, sending to the relevant department.",2025-10-02 22:59:54.297044,
2498,3,Maintenance,Forwarded (Re-routed),True,Re-routed from Security; now correctly assigned for Infrastructure.,2025-10-03 03:37:03.190968,
2498,4,Maintenance,Reviewed,True,Requires field visit before it can be closed.,2025-10-06 19:23:36.074401,Unresolved
2499,1,Public Relations,Received,,Complaint logged and reviewed for routing.,2025-07-08 13:56:04.401115,
2499,2,Customer Support,Forwarded (Correct),True,"Received from Public Relations, correctly routed for Staff Behavior.",2025-07-08 19:50:38.457471,
2499,3,Customer Support,Reviewed,True,Waiting on additional information from the customer.,2025-07-10 14:10:39.581496,Unresolved
2500,1,Public Relations,Received,,Complaint logged and reviewed for routing.,2025-04-05 10:45:46.955127,
2500,2,Operations,Forwarded (Correct),True,"Received from Public Relations, correctly routed for Service Delay.",2025-04-05 14:14:11.287546,
2500,3,Operations,Reviewed,True,Resolved following standard procedure.,2025-04-07 16:19:57.550728,Resolved
