complaint_id,original_id,complaint_text,category,department,status,customer_id,date_received,date_resolved,created_at,complaint_text_clean,resolution_time_hours
1,1,The road near the facility is damaged and causing accidents.,,Maintenance,Open,CUST9935,2025-09-08 11:14:00,,2026-07-23 20:15:32,road near facility damaged causing accidents,
2,2,Why is the late fee applied when I paid on time?,Billing Issue,Billing,In Progress,CUST4257,2025-01-03 20:13:00,,2026-07-23 20:15:32,late fee applied paid time,
3,3,The new infrastructure upgrade has improved things significantly.,Infrastructure,Maintenance,In Progress,CUST3615,2025-06-15 15:37:00,,2026-07-23 20:15:32,new infrastructure upgrade improved things significantly,
4,4,The equipment at the site is old and frequently malfunctions.,,Maintenance,In Progress,CUST2584,2025-05-07 14:48:00,,2026-07-23 20:15:32,equipment site old frequently malfunctions,
5,5,The response time for service requests is unacceptably slow.,Service Delay,Operations,Closed,CUST7201,2025-08-26 08:02:00,2025-08-31 21:25:38,2026-07-23 20:15:32,response time service requests unacceptably slow,133.39388888888888
6,6,"There is a billing error, I already paid but it still shows unpaid.",Billing Issue,Billing,Closed,CUST2139,2025-10-20 15:56:00,2025-10-23 11:20:06,2026-07-23 20:15:32,billing error already paid still shows unpaid,67.40166666666667
7,7,My bill amount doubled this month without any explanation.,,Billing,In Progress,CUST5554,2025-09-03 03:54:00,,2026-07-23 20:15:32,bill amount doubled month without explanation,
8,8,The employee refused to help and was arguing instead of assisting.,Staff Behavior,Customer Support,Closed,CUST2169,2025-03-12 21:13:00,2025-03-15 07:41:44,2026-07-23 20:15:32,employee refused help arguing instead assisting,58.47888888888889
9,9,There is a major leakage that has not been fixed for weeks.,,Maintenance,Resolved,CUST4598,2025-07-08 09:10:00,2025-07-18 12:34:17,2026-07-23 20:15:32,major leakage fixed weeks,243.40472222222223
10,10,The road near the facility is damaged and causing accidents.,,Maintenance,In Progress,CUST4456,2025-04-02 09:51:00,,2026-07-23 20:15:32,road near facility damaged causing accidents,
11,11,"The new online system has made things much easier, well done.",Appreciation,Customer Support,Closed,CUST3340,2025-04-16 10:25:00,2025-04-16 11:25:00,2026-07-23 20:15:32,new online system made things much easier well done,1.0
12,12,No technician has visited despite multiple requests.,Service Delay,Operations,Closed,CUST7543,2025-09-18 10:16:00,2025-09-25 07:53:03,2026-07-23 20:15:32,technician visited despite multiple requests,165.6175
13,13,No technician has visited despite multiple requests.,,Operations,Open,CUST3621,2025-07-03 14:48:00,,2026-07-23 20:15:32,technician visited despite multiple requests,
14,14,Security personnel are not checking IDs properly at the gate.,Safety Concern,Security,Resolved,CUST5119,2025-08-13 08:24:00,2025-08-15 17:42:40,2026-07-23 20:15:32,security personnel checking ids properly gate,57.31111111111111
15,15,I want to thank the team for resolving my issue so quickly.,Appreciation,Customer Support,Closed,CUST6573,2025-08-04 12:43:00,2025-08-04 23:09:30,2026-07-23 20:15:32,want thank team resolving issue quickly,10.441666666666666
16,16,Why is the late fee applied when I paid on time?,,Billing,Closed,CUST9201,2025-03-01 16:46:00,2025-03-03 18:03:47,2026-07-23 20:15:32,late fee applied paid time,49.29638888888889
17,17,Thank you for quickly fixing the safety issue I reported earlier.,Safety Concern,Security,In Progress,CUST4258,2025-11-28 14:40:00,,2026-07-23 20:15:32,thank quickly fixing safety issue reported earlier,
18,18,My bill amount doubled this month without any explanation.,,Billing,Resolved,CUST6310,2025-07-25 06:59:00,2025-07-26 03:37:41,2026-07-23 20:15:32,bill amount doubled month without explanation,20.64472222222222
19,19,The staff at the counter was extremely rude to me today.,,Customer Support,In Progress,CUST2290,2025-12-27 14:51:00,,2026-07-23 20:15:32,staff counter extremely rude today,
20,20,Why is the late fee applied when I paid on time?,,Billing,Closed,CUST8787,2025-10-25 08:34:00,2025-10-26 21:02:03,2026-07-23 20:15:32,late fee applied paid time,36.4675
21,21,"Excellent service today, very satisfied with the response.",,Customer Support,Resolved,CUST9835,2025-04-28 15:38:00,2025-04-29 12:49:59,2026-07-23 20:15:32,excellent service today satisfied response,21.19972222222222
22,22,No safety measures are in place despite previous warnings.,Safety Concern,Security,Resolved,CUST9479,2025-09-13 12:42:00,2025-09-17 06:12:50,2026-07-23 20:15:32,safety measures place despite previous warnings,89.51388888888889
23,23,I was treated very disrespectfully by the customer support agent.,,Customer Support,Resolved,CUST4608,2025-04-11 05:01:00,2025-04-12 22:33:16,2026-07-23 20:15:32,treated disrespectfully customer support agent,41.53777777777778
24,24,I was overcharged on my last bill and no one is responding.,Billing Issue,Billing,In Progress,CUST5562,2025-04-02 18:55:00,,2026-07-23 20:15:32,overcharged last bill one responding,
25,25,There is a major leakage that has not been fixed for weeks.,Infrastructure,Maintenance,Closed,CUST4981,2025-07-24 10:59:00,2025-07-28 13:46:25,2026-07-23 20:15:32,major leakage fixed weeks,98.79027777777777
26,26,Security personnel are not checking IDs properly at the gate.,Safety Concern,Security,Resolved,CUST8651,2025-03-04 13:42:00,2025-03-09 23:00:42,2026-07-23 20:15:32,security personnel checking ids properly gate,129.31166666666667
27,27,I was asked to pay extra money to get my work done faster.,Corruption/Bribery,Administration,Open,CUST2790,2025-08-21 13:06:00,,2026-07-23 20:15:32,asked pay extra money get work done faster,
28,28,No technician has visited despite multiple requests.,Service Delay,Operations,In Progress,CUST2235,2025-07-05 09:27:00,,2026-07-23 20:15:32,technician visited despite multiple requests,
29,29,The staff member was polite and handled my issue very well.,Staff Behavior,Customer Support,Closed,CUST4872,2025-02-21 21:34:00,2025-02-25 03:51:48,2026-07-23 20:15:32,staff member polite handled issue well,78.29666666666667
30,30,Why is the late fee applied when I paid on time?,,Billing,Closed,CUST1035,2025-07-28 19:25:00,2025-07-31 12:20:47,2026-07-23 20:15:32,late fee applied paid time,64.92972222222222
31,31,"The new online system has made things much easier, well done.",Appreciation,Customer Support,In Progress,CUST8973,2025-12-26 07:29:00,,2026-07-23 20:15:32,new online system made things much easier well done,
32,32,"There is a billing error, I already paid but it still shows unpaid.",,Billing,Closed,CUST6138,2025-04-02 09:37:00,2025-04-04 07:23:46,2026-07-23 20:15:32,billing error already paid still shows unpaid,45.779444444444444
33,33,The online payment portal charged me twice for the same bill.,Billing Issue,Billing,In Progress,CUST2312,2025-07-28 11:33:00,,2026-07-23 20:15:32,online payment portal charged twice bill,
34,34,I was asked to pay extra money to get my work done faster.,,Administration,In Progress,CUST5033,2025-08-22 10:55:00,,2026-07-23 20:15:32,asked pay extra money get work done faster,
35,35,The road near the facility is damaged and causing accidents.,Infrastructure,Maintenance,Resolved,CUST5272,2025-08-14 17:42:00,2025-08-22 01:36:42,2026-07-23 20:15:32,road near facility damaged causing accidents,175.91166666666666
36,36,"There is a billing error, I already paid but it still shows unpaid.",,Billing,Closed,CUST6180,2025-04-13 11:08:00,2025-04-15 17:43:50,2026-07-23 20:15:32,billing error already paid still shows unpaid,54.59722222222222
37,37,I want to thank the team for resolving my issue so quickly.,,Customer Support,Closed,CUST4492,2025-01-20 08:36:00,2025-01-20 15:40:29,2026-07-23 20:15:32,want thank team resolving issue quickly,7.074722222222222
38,38,I was treated very disrespectfully by the customer support agent.,,Customer Support,In Progress,CUST8179,2025-12-03 16:56:00,,2026-07-23 20:15:32,treated disrespectfully customer support agent,
39,39,There is clear favoritism and under-the-table dealing happening.,Corruption/Bribery,Administration,Resolved,CUST5905,2025-05-26 07:41:00,2025-06-03 00:36:38,2026-07-23 20:15:32,clear favoritism table dealing happening,184.9272222222222
40,40,I want to thank the team for resolving my issue so quickly.,,Customer Support,Open,CUST3546,2025-12-05 15:16:00,,2026-07-23 20:15:32,want thank team resolving issue quickly,
41,41,Staff keep telling me to wait but nothing happens.,Service Delay,Operations,Closed,CUST9280,2025-04-11 16:13:00,2025-04-18 10:49:42,2026-07-23 20:15:32,staff keep telling wait nothing happens,162.61166666666668
42,42,The staff at the counter was extremely rude to me today.,,Customer Support,In Progress,CUST3143,2025-02-14 07:53:00,,2026-07-23 20:15:32,staff counter extremely rude today,
43,43,The equipment at the site is old and frequently malfunctions.,Infrastructure,Maintenance,Closed,CUST2832,2025-03-15 11:35:00,2025-03-18 18:55:51,2026-07-23 20:15:32,equipment site old frequently malfunctions,79.3475
44,44,My bill amount doubled this month without any explanation.,,Billing,Resolved,CUST3088,2025-07-27 07:23:00,2025-07-30 04:29:47,2026-07-23 20:15:32,bill amount doubled month without explanation,69.11305555555556
45,45,"There is a billing error, I already paid but it still shows unpaid.",Billing Issue,Billing,Open,CUST5088,2025-11-26 10:55:00,,2026-07-23 20:15:32,billing error already paid still shows unpaid,
46,46,The equipment at the site is old and frequently malfunctions.,Infrastructure,Maintenance,Closed,CUST4878,2025-09-28 10:26:00,2025-10-09 11:26:07,2026-07-23 20:15:32,equipment site old frequently malfunctions,265.00194444444446
47,47,I was asked to pay extra money to get my work done faster.,,Administration,Closed,CUST7745,2025-11-01 18:11:00,2025-11-11 09:33:27,2026-07-23 20:15:32,asked pay extra money get work done faster,231.37416666666667
48,48,No safety measures are in place despite previous warnings.,Safety Concern,Security,Open,CUST8711,2025-04-26 12:44:00,,2026-07-23 20:15:32,safety measures place despite previous warnings,
49,49,I have been waiting since last month for this issue to be fixed.,,Operations,Closed,CUST4164,2025-05-27 08:50:00,2025-06-03 07:32:08,2026-07-23 20:15:32,waiting since last month issue fixed,166.70222222222222
50,50,The response time for service requests is unacceptably slow.,Service Delay,Operations,Resolved,CUST9785,2025-11-25 13:17:00,2025-12-02 03:28:18,2026-07-23 20:15:32,response time service requests unacceptably slow,158.18833333333333
51,51,It has been three weeks and my complaint is still not resolved.,Service Delay,Operations,Resolved,CUST1626,2025-02-09 16:11:00,2025-02-21 10:03:12,2026-07-23 20:15:32,three weeks complaint still resolved,281.87
52,52,Why is the late fee applied when I paid on time?,Billing Issue,Billing,Resolved,CUST2894,2025-05-26 11:20:00,2025-05-27 17:39:42,2026-07-23 20:15:32,late fee applied paid time,30.328333333333333
53,53,Staff keep telling me to wait but nothing happens.,Service Delay,Operations,Resolved,CUST9821,2025-03-02 04:45:00,2025-03-04 08:38:59,2026-07-23 20:15:32,staff keep telling wait nothing happens,51.89972222222222
54,54,There is a major leakage that has not been fixed for weeks.,Infrastructure,Maintenance,Closed,CUST3041,2025-06-03 13:42:00,2025-06-15 09:05:57,2026-07-23 20:15:32,major leakage fixed weeks,283.39916666666664
55,55,The equipment at the site is old and frequently malfunctions.,Infrastructure,Maintenance,In Progress,CUST3085,2025-07-22 18:26:00,,2026-07-23 20:15:32,equipment site old frequently malfunctions,
56,56,Why is the late fee applied when I paid on time?,Billing Issue,Billing,Resolved,CUST1006,2025-08-06 09:39:00,2025-08-09 14:01:32,2026-07-23 20:15:32,late fee applied paid time,76.37555555555555
57,57,No technician has visited despite multiple requests.,Service Delay,Operations,Closed,CUST8244,2025-06-19 09:38:00,2025-06-23 08:45:22,2026-07-23 20:15:32,technician visited despite multiple requests,95.12277777777778
58,58,The new infrastructure upgrade has improved things significantly.,,Maintenance,In Progress,CUST9445,2025-07-26 07:47:00,,2026-07-23 20:15:32,new infrastructure upgrade improved things significantly,
59,59,The new infrastructure upgrade has improved things significantly.,,Maintenance,In Progress,CUST4262,2025-05-27 10:48:00,,2026-07-23 20:15:32,new infrastructure upgrade improved things significantly,
60,60,I was overcharged on my last bill and no one is responding.,,Billing,Closed,CUST7790,2025-04-16 08:39:00,2025-04-19 02:13:32,2026-07-23 20:15:32,overcharged last bill one responding,65.57555555555555
61,61,There is clear favoritism and under-the-table dealing happening.,,Administration,Resolved,CUST1090,2025-04-23 16:24:00,2025-04-30 18:07:30,2026-07-23 20:15:32,clear favoritism table dealing happening,169.725
62,62,I was asked to pay extra money to get my work done faster.,Corruption/Bribery,Administration,Closed,CUST8611,2025-09-08 09:11:00,2025-09-14 21:00:28,2026-07-23 20:15:32,asked pay extra money get work done faster,155.82444444444445
63,63,My bill amount doubled this month without any explanation.,Billing Issue,Billing,Open,CUST9702,2025-11-04 16:29:00,,2026-07-23 20:15:32,bill amount doubled month without explanation,
64,64,"The new online system has made things much easier, well done.",Appreciation,Customer Support,Closed,CUST7991,2025-12-15 18:39:00,2025-12-17 03:56:56,2026-07-23 20:15:32,new online system made things much easier well done,33.29888888888889
65,65,There is clear favoritism and under-the-table dealing happening.,Corruption/Bribery,Administration,Closed,CUST5050,2025-06-06 10:47:00,2025-06-12 01:23:07,2026-07-23 20:15:32,clear favoritism table dealing happening,134.60194444444446
66,66,An official demanded a bribe before processing my documents.,,Administration,Resolved,CUST2269,2025-09-17 11:31:00,2025-09-22 19:26:49,2026-07-23 20:15:32,official demanded bribe processing documents,127.93027777777777
67,67,There is a major leakage that has not been fixed for weeks.,,Maintenance,Resolved,CUST4788,2025-05-11 16:57:00,2025-05-11 17:57:00,2026-07-23 20:15:32,major leakage fixed weeks,1.0
68,68,No technician has visited despite multiple requests.,Service Delay,Operations,Resolved,CUST7812,2025-08-03 09:26:00,2025-08-09 02:01:05,2026-07-23 20:15:32,technician visited despite multiple requests,136.5847222222222
69,69,Why is the late fee applied when I paid on time?,,Billing,Closed,CUST7232,2025-06-25 08:37:00,2025-06-27 17:18:46,2026-07-23 20:15:32,late fee applied paid time,56.69611111111111
70,70,The employee refused to help and was arguing instead of assisting.,Staff Behavior,Customer Support,Closed,CUST9818,2025-05-13 10:54:00,2025-05-16 06:07:02,2026-07-23 20:15:32,employee refused help arguing instead assisting,67.21722222222222
71,71,Thank you for quickly fixing the safety issue I reported earlier.,Safety Concern,Security,In Progress,CUST1475,2025-10-08 13:31:00,,2026-07-23 20:15:32,thank quickly fixing safety issue reported earlier,
72,72,I have been waiting since last month for this issue to be fixed.,Service Delay,Operations,Closed,CUST9751,2025-09-27 15:29:00,2025-10-03 03:50:44,2026-07-23 20:15:32,waiting since last month issue fixed,132.36222222222221
73,73,Why is the late fee applied when I paid on time?,Billing Issue,Billing,Open,CUST8564,2025-07-22 21:01:00,,2026-07-23 20:15:32,late fee applied paid time,
74,74,"There is a billing error, I already paid but it still shows unpaid.",Billing Issue,Billing,In Progress,CUST7211,2025-06-07 09:29:00,,2026-07-23 20:15:32,billing error already paid still shows unpaid,
75,75,I have been waiting since last month for this issue to be fixed.,Service Delay,Operations,Open,CUST6733,2025-04-03 12:30:00,,2026-07-23 20:15:32,waiting since last month issue fixed,
76,76,It has been three weeks and my complaint is still not resolved.,Service Delay,Operations,Closed,CUST4266,2025-09-21 10:02:00,2025-09-26 06:27:35,2026-07-23 20:15:32,three weeks complaint still resolved,116.4263888888889
77,77,There is clear favoritism and under-the-table dealing happening.,Corruption/Bribery,Administration,Closed,CUST4571,2025-03-05 10:30:00,2025-03-11 22:38:27,2026-07-23 20:15:32,clear favoritism table dealing happening,156.14083333333335
78,78,The employee refused to help and was arguing instead of assisting.,Staff Behavior,Customer Support,Resolved,CUST2876,2025-09-06 13:38:00,2025-09-09 01:10:27,2026-07-23 20:15:32,employee refused help arguing instead assisting,59.54083333333333
79,79,No safety measures are in place despite previous warnings.,,Security,Open,CUST7149,2025-12-04 06:37:00,,2026-07-23 20:15:32,safety measures place despite previous warnings,
80,80,No technician has visited despite multiple requests.,,Operations,Resolved,CUST5941,2025-02-23 10:53:00,2025-02-28 01:39:00,2026-07-23 20:15:32,technician visited despite multiple requests,110.76666666666667
81,81,There is clear favoritism and under-the-table dealing happening.,,Administration,Closed,CUST8018,2025-10-26 08:36:00,2025-11-02 08:41:34,2026-07-23 20:15:32,clear favoritism table dealing happening,168.09277777777777
82,82,The road near the facility is damaged and causing accidents.,Infrastructure,Maintenance,Closed,CUST2729,2025-07-11 12:00:00,2025-07-23 15:25:32,2026-07-23 20:15:32,road near facility damaged causing accidents,291.42555555555555
83,83,The employee refused to help and was arguing instead of assisting.,Staff Behavior,Customer Support,Closed,CUST9548,2025-08-27 09:29:00,2025-08-31 07:08:20,2026-07-23 20:15:32,employee refused help arguing instead assisting,93.65555555555555
84,84,"The new online system has made things much easier, well done.",Appreciation,Customer Support,Resolved,CUST5397,2025-08-18 15:49:00,2025-08-20 05:17:00,2026-07-23 20:15:32,new online system made things much easier well done,37.46666666666667
85,85,No technician has visited despite multiple requests.,,Operations,Closed,CUST8613,2025-10-03 14:17:00,2025-10-05 18:59:40,2026-07-23 20:15:32,technician visited despite multiple requests,52.71111111111111
86,86,Very unprofessional behavior from the officer on duty.,Staff Behavior,Customer Support,In Progress,CUST6813,2025-05-16 13:54:00,,2026-07-23 20:15:32,unprofessional behavior officer duty,
87,87,I witnessed a near-accident due to lack of proper signage.,Safety Concern,Security,Closed,CUST9464,2025-05-20 07:44:00,2025-05-23 07:58:11,2026-07-23 20:15:32,witnessed near accident due lack proper signage,72.23638888888888
88,88,I want to thank the team for resolving my issue so quickly.,,Customer Support,Resolved,CUST8800,2025-04-14 09:31:00,2025-04-15 18:22:44,2026-07-23 20:15:32,want thank team resolving issue quickly,32.86222222222222
89,89,Poor maintenance of the facility is causing repeated problems.,Infrastructure,Maintenance,In Progress,CUST4986,2025-06-01 06:05:00,,2026-07-23 20:15:32,poor maintenance facility causing repeated problems,
90,90,Staff keep telling me to wait but nothing happens.,Service Delay,Operations,In Progress,CUST6419,2025-06-18 14:33:00,,2026-07-23 20:15:32,staff keep telling wait nothing happens,
91,91,I have been waiting since last month for this issue to be fixed.,,Operations,Open,CUST2958,2025-05-09 15:14:00,,2026-07-23 20:15:32,waiting since last month issue fixed,
92,92,No safety measures are in place despite previous warnings.,Safety Concern,Security,In Progress,CUST9595,2025-03-24 02:30:00,,2026-07-23 20:15:32,safety measures place despite previous warnings,
93,93,The road near the facility is damaged and causing accidents.,,Maintenance,Resolved,CUST9751,2025-10-10 13:14:00,2025-10-21 01:09:36,2026-07-23 20:15:32,road near facility damaged causing accidents,251.92666666666668
94,94,I was overcharged on my last bill and no one is responding.,,Billing,Closed,CUST9042,2025-12-18 09:18:00,2025-12-19 09:49:14,2026-07-23 20:15:32,overcharged last bill one responding,24.520555555555557
95,95,I was overcharged on my last bill and no one is responding.,,Billing,Resolved,CUST1841,2025-07-16 15:30:00,2025-07-19 03:24:52,2026-07-23 20:15:32,overcharged last bill one responding,59.91444444444444
96,96,I have been waiting since last month for this issue to be fixed.,Service Delay,Operations,Resolved,CUST1878,2025-02-03 08:25:00,2025-02-08 00:41:30,2026-07-23 20:15:32,waiting since last month issue fixed,112.275
97,97,The online payment portal charged me twice for the same bill.,Billing Issue,Billing,Open,CUST4697,2025-12-03 10:15:00,,2026-07-23 20:15:32,online payment portal charged twice bill,
98,98,Security personnel are not checking IDs properly at the gate.,Safety Concern,Security,Closed,CUST6003,2025-06-15 08:19:00,2025-06-20 07:36:11,2026-07-23 20:15:32,security personnel checking ids properly gate,119.2863888888889
99,99,The staff at the counter was extremely rude to me today.,,Customer Support,Closed,CUST4457,2025-08-24 16:06:00,2025-08-26 04:39:03,2026-07-23 20:15:32,staff counter extremely rude today,36.55083333333334
100,100,It has been three weeks and my complaint is still not resolved.,,Operations,Open,CUST8381,2025-03-06 13:35:00,,2026-07-23 20:15:32,three weeks complaint still resolved,
101,101,Poor maintenance of the facility is causing repeated problems.,Infrastructure,Maintenance,Closed,CUST8438,2025-05-08 13:18:00,2025-05-15 19:20:26,2026-07-23 20:15:32,poor maintenance facility causing repeated problems,174.04055555555556
102,102,My bill amount doubled this month without any explanation.,Billing Issue,Billing,Resolved,CUST4241,2025-12-26 18:50:00,2025-12-28 14:52:50,2026-07-23 20:15:32,bill amount doubled month without explanation,44.047222222222224
103,103,The staff member was polite and handled my issue very well.,,Customer Support,In Progress,CUST1977,2025-04-05 18:58:00,,2026-07-23 20:15:32,staff member polite handled issue well,
104,104,"There is a billing error, I already paid but it still shows unpaid.",Billing Issue,Billing,Closed,CUST8679,2025-08-27 14:36:00,2025-08-28 14:51:01,2026-07-23 20:15:32,billing error already paid still shows unpaid,24.25027777777778
105,105,Poor maintenance of the facility is causing repeated problems.,,Maintenance,Resolved,CUST1653,2025-12-17 15:34:00,2025-12-21 13:55:48,2026-07-23 20:15:32,poor maintenance facility causing repeated problems,94.36333333333333
106,106,There is clear favoritism and under-the-table dealing happening.,Corruption/Bribery,Administration,Open,CUST1339,2025-05-09 18:01:00,,2026-07-23 20:15:32,clear favoritism table dealing happening,
107,107,"The new online system has made things much easier, well done.",Appreciation,Customer Support,In Progress,CUST8245,2025-07-25 18:48:00,,2026-07-23 20:15:32,new online system made things much easier well done,
108,108,"Excellent service today, very satisfied with the response.",Appreciation,Customer Support,Closed,CUST8700,2025-12-14 16:40:00,2025-12-15 10:08:18,2026-07-23 20:15:32,excellent service today satisfied response,17.471666666666668
109,109,The response time for service requests is unacceptably slow.,Service Delay,Operations,In Progress,CUST9117,2025-05-04 08:54:00,,2026-07-23 20:15:32,response time service requests unacceptably slow,
110,110,I have been waiting since last month for this issue to be fixed.,,Operations,Resolved,CUST6296,2025-10-18 18:02:00,2025-10-24 05:10:53,2026-07-23 20:15:32,waiting since last month issue fixed,131.14805555555554
111,111,Why is the late fee applied when I paid on time?,Billing Issue,Billing,Closed,CUST7770,2025-11-27 14:00:00,2025-11-29 17:21:24,2026-07-23 20:15:32,late fee applied paid time,51.35666666666667
112,112,The online payment portal charged me twice for the same bill.,Billing Issue,Billing,Resolved,CUST4335,2025-06-25 15:31:00,2025-06-26 16:09:10,2026-07-23 20:15:32,online payment portal charged twice bill,24.636111111111113
113,113,No technician has visited despite multiple requests.,,Operations,Closed,CUST4920,2025-12-15 14:56:00,2025-12-22 02:11:21,2026-07-23 20:15:32,technician visited despite multiple requests,155.25583333333333
114,114,The equipment at the site is old and frequently malfunctions.,Infrastructure,Maintenance,Open,CUST2858,2025-07-18 09:26:00,,2026-07-23 20:15:32,equipment site old frequently malfunctions,
115,115,The staff at the counter was extremely rude to me today.,,Customer Support,Closed,CUST5479,2025-08-05 10:31:00,2025-08-07 07:01:37,2026-07-23 20:15:32,staff counter extremely rude today,44.51027777777778
116,116,I have been waiting since last month for this issue to be fixed.,Service Delay,Operations,Resolved,CUST9327,2025-12-08 16:29:00,2025-12-15 14:43:31,2026-07-23 20:15:32,waiting since last month issue fixed,166.24194444444444
117,117,No safety measures are in place despite previous warnings.,Safety Concern,Security,Closed,CUST9318,2025-11-09 14:49:00,2025-11-13 23:40:36,2026-07-23 20:15:32,safety measures place despite previous warnings,104.86
118,118,It has been three weeks and my complaint is still not resolved.,Service Delay,Operations,Resolved,CUST9022,2025-05-10 13:53:00,2025-05-15 02:06:16,2026-07-23 20:15:32,three weeks complaint still resolved,108.22111111111111
119,119,An official demanded a bribe before processing my documents.,Corruption/Bribery,Administration,Resolved,CUST8460,2025-07-12 10:21:00,2025-07-16 19:07:32,2026-07-23 20:15:32,official demanded bribe processing documents,104.77555555555556
120,120,"Excellent service today, very satisfied with the response.",Appreciation,Customer Support,Resolved,CUST7730,2025-12-08 09:36:00,2025-12-09 08:51:35,2026-07-23 20:15:32,excellent service today satisfied response,23.259722222222223
121,121,Why is the late fee applied when I paid on time?,Billing Issue,Billing,Resolved,CUST3492,2025-08-26 18:24:00,2025-08-29 00:57:00,2026-07-23 20:15:32,late fee applied paid time,54.55
122,122,The staff at the counter was extremely rude to me today.,Staff Behavior,Customer Support,Closed,CUST8213,2025-03-19 14:21:00,2025-03-22 14:43:28,2026-07-23 20:15:32,staff counter extremely rude today,72.37444444444445
123,123,Why is the late fee applied when I paid on time?,Billing Issue,Billing,Closed,CUST2225,2025-01-05 14:26:00,2025-01-08 18:20:28,2026-07-23 20:15:32,late fee applied paid time,75.90777777777778
124,124,The employee refused to help and was arguing instead of assisting.,Staff Behavior,Customer Support,Resolved,UNKNOWN,2025-05-23 12:25:00,2025-05-27 06:26:09,2026-07-23 20:15:32,employee refused help arguing instead assisting,90.01916666666666
125,125,The response time for service requests is unacceptably slow.,,Operations,Closed,CUST2121,2025-08-25 10:31:00,2025-08-28 17:22:23,2026-07-23 20:15:32,response time service requests unacceptably slow,78.85638888888889
126,126,The response time for service requests is unacceptably slow.,,Operations,Resolved,CUST2646,2025-12-24 03:05:00,2025-12-26 23:40:49,2026-07-23 20:15:32,response time service requests unacceptably slow,68.59694444444445
127,127,The employee refused to help and was arguing instead of assisting.,,Customer Support,Closed,CUST7141,2025-11-02 19:20:00,2025-11-06 09:13:42,2026-07-23 20:15:32,employee refused help arguing instead assisting,85.895
128,128,I was treated very disrespectfully by the customer support agent.,,Customer Support,Closed,CUST2293,2025-07-19 20:43:00,2025-07-22 14:16:51,2026-07-23 20:15:32,treated disrespectfully customer support agent,65.56416666666667
129,129,Poor maintenance of the facility is causing repeated problems.,,Maintenance,Closed,CUST8555,2025-08-08 02:31:00,2025-08-18 19:38:12,2026-07-23 20:15:32,poor maintenance facility causing repeated problems,257.12
130,130,Poor maintenance of the facility is causing repeated problems.,Infrastructure,Maintenance,Closed,CUST9955,2025-04-01 19:57:00,2025-04-11 17:48:32,2026-07-23 20:15:32,poor maintenance facility causing repeated problems,237.85888888888888
131,131,Why is the late fee applied when I paid on time?,Billing Issue,Billing,Resolved,CUST5097,2025-12-19 21:19:00,2025-12-21 19:55:06,2026-07-23 20:15:32,late fee applied paid time,46.60166666666667
132,132,The employee refused to help and was arguing instead of assisting.,,Customer Support,Resolved,CUST6881,2025-04-13 17:54:00,2025-04-15 17:30:44,2026-07-23 20:15:32,employee refused help arguing instead assisting,47.61222222222222
133,133,The equipment at the site is old and frequently malfunctions.,,Maintenance,Resolved,CUST1803,2025-01-27 17:42:00,2025-01-31 00:30:43,2026-07-23 20:15:32,equipment site old frequently malfunctions,78.81194444444445
134,134,"Great job by the support team, issue resolved within a day.",Appreciation,Customer Support,Closed,CUST6772,2025-10-10 10:49:00,2025-10-11 12:52:19,2026-07-23 20:15:32,great job support team issue resolved within day,26.05527777777778
135,135,My bill amount doubled this month without any explanation.,Billing Issue,Billing,Closed,CUST3240,2025-08-22 19:48:00,2025-08-23 19:52:54,2026-07-23 20:15:32,bill amount doubled month without explanation,24.081666666666667
136,136,The road near the facility is damaged and causing accidents.,Infrastructure,Maintenance,Resolved,CUST2476,2025-05-15 15:02:00,2025-05-21 00:19:29,2026-07-23 20:15:32,road near facility damaged causing accidents,129.2913888888889
137,137,"The new online system has made things much easier, well done.",Appreciation,Customer Support,Open,CUST6994,2025-09-06 14:12:00,,2026-07-23 20:15:32,new online system made things much easier well done,
138,138,The employee refused to help and was arguing instead of assisting.,Staff Behavior,Customer Support,Closed,CUST5835,2025-10-09 22:58:00,2025-10-13 03:23:38,2026-07-23 20:15:32,employee refused help arguing instead assisting,76.42722222222223
139,139,I witnessed a near-accident due to lack of proper signage.,Safety Concern,Security,Open,CUST7511,2025-10-15 08:04:00,,2026-07-23 20:15:32,witnessed near accident due lack proper signage,
140,140,"The new online system has made things much easier, well done.",,Customer Support,In Progress,CUST7038,2025-02-13 13:00:00,,2026-07-23 20:15:32,new online system made things much easier well done,
141,141,The equipment at the site is old and frequently malfunctions.,,Maintenance,Closed,CUST4830,2025-07-27 17:40:00,2025-08-07 23:27:44,2026-07-23 20:15:32,equipment site old frequently malfunctions,269.79555555555555
142,142,The staff member was polite and handled my issue very well.,,Customer Support,Closed,CUST2035,2025-11-18 15:20:00,2025-11-22 22:02:23,2026-07-23 20:15:32,staff member polite handled issue well,102.7063888888889
143,143,Poor maintenance of the facility is causing repeated problems.,,Maintenance,Resolved,CUST1609,2025-11-10 11:41:00,2025-11-21 20:05:35,2026-07-23 20:15:32,poor maintenance facility causing repeated problems,272.40972222222223
144,144,I have been waiting since last month for this issue to be fixed.,Service Delay,Operations,Resolved,CUST7078,2025-02-08 16:56:00,2025-02-12 11:56:45,2026-07-23 20:15:32,waiting since last month issue fixed,91.0125
145,145,The new infrastructure upgrade has improved things significantly.,Infrastructure,Maintenance,In Progress,CUST2622,2025-06-24 17:46:00,,2026-07-23 20:15:32,new infrastructure upgrade improved things significantly,
146,146,There is clear favoritism and under-the-table dealing happening.,,Administration,Closed,CUST8285,2025-06-09 18:02:00,2025-06-17 06:56:10,2026-07-23 20:15:32,clear favoritism table dealing happening,180.90277777777777
147,147,"The new online system has made things much easier, well done.",Appreciation,Customer Support,Resolved,CUST6876,2025-02-22 16:23:00,2025-02-25 05:22:10,2026-07-23 20:15:32,new online system made things much easier well done,60.986111111111114
148,148,"There is a billing error, I already paid but it still shows unpaid.",,Billing,Closed,CUST4475,2025-03-04 14:54:00,2025-03-07 09:13:00,2026-07-23 20:15:32,billing error already paid still shows unpaid,66.31666666666666
149,149,The new infrastructure upgrade has improved things significantly.,Infrastructure,Maintenance,In Progress,CUST4362,2025-12-02 18:50:00,,2026-07-23 20:15:32,new infrastructure upgrade improved things significantly,
150,150,The online payment portal charged me twice for the same bill.,,Billing,Closed,CUST3417,2025-04-07 10:52:00,2025-04-09 23:22:24,2026-07-23 20:15:32,online payment portal charged twice bill,60.50666666666667
151,151,Thank you for quickly fixing the safety issue I reported earlier.,Safety Concern,Security,Closed,CUST3858,2025-01-28 11:09:00,2025-02-01 11:05:26,2026-07-23 20:15:32,thank quickly fixing safety issue reported earlier,95.94055555555556
152,152,I was overcharged on my last bill and no one is responding.,Billing Issue,Billing,Closed,CUST1258,2025-03-12 05:50:00,2025-03-13 13:23:58,2026-07-23 20:15:32,overcharged last bill one responding,31.566111111111113
153,153,I was overcharged on my last bill and no one is responding.,,Billing,Open,CUST8344,2025-03-14 12:33:00,,2026-07-23 20:15:32,overcharged last bill one responding,
154,154,Thank you for quickly fixing the safety issue I reported earlier.,Safety Concern,Security,In Progress,CUST9543,2025-08-15 13:32:00,,2026-07-23 20:15:32,thank quickly fixing safety issue reported earlier,
155,155,It has been three weeks and my complaint is still not resolved.,Service Delay,Operations,Resolved,CUST9032,2025-01-16 10:54:00,2025-01-20 15:00:08,2026-07-23 20:15:32,three weeks complaint still resolved,100.10222222222222
156,156,Poor maintenance of the facility is causing repeated problems.,,Maintenance,Resolved,CUST5505,2025-02-03 05:20:00,2025-02-11 19:44:57,2026-07-23 20:15:32,poor maintenance facility causing repeated problems,206.41583333333332
157,157,The new infrastructure upgrade has improved things significantly.,Infrastructure,Maintenance,Closed,CUST8433,2025-07-11 17:24:00,2025-07-17 01:57:01,2026-07-23 20:15:32,new infrastructure upgrade improved things significantly,128.55027777777778
158,158,Very unprofessional behavior from the officer on duty.,Staff Behavior,Customer Support,Closed,CUST4522,2025-02-23 13:07:00,2025-02-26 03:28:26,2026-07-23 20:15:32,unprofessional behavior officer duty,62.35722222222222
159,159,I was treated very disrespectfully by the customer support agent.,Staff Behavior,Customer Support,Resolved,CUST6120,2025-06-27 16:29:00,2025-07-01 08:18:40,2026-07-23 20:15:32,treated disrespectfully customer support agent,87.82777777777778
160,160,The employee refused to help and was arguing instead of assisting.,,Customer Support,Closed,CUST2398,2025-06-05 07:43:00,2025-06-06 19:06:56,2026-07-23 20:15:32,employee refused help arguing instead assisting,35.39888888888889
161,161,I was overcharged on my last bill and no one is responding.,,Billing,Open,CUST6400,2025-09-12 06:51:00,,2026-07-23 20:15:32,overcharged last bill one responding,
162,162,Poor maintenance of the facility is causing repeated problems.,Infrastructure,Maintenance,Resolved,CUST1842,2025-05-22 13:48:00,2025-06-07 01:18:55,2026-07-23 20:15:32,poor maintenance facility causing repeated problems,371.5152777777778
163,163,"The new online system has made things much easier, well done.",Appreciation,Customer Support,In Progress,CUST4674,2025-05-19 15:32:00,,2026-07-23 20:15:32,new online system made things much easier well done,
164,164,An official demanded a bribe before processing my documents.,Corruption/Bribery,Administration,Closed,CUST8030,2025-10-12 22:07:00,2025-10-20 18:09:06,2026-07-23 20:15:32,official demanded bribe processing documents,188.035
165,165,There is clear favoritism and under-the-table dealing happening.,Corruption/Bribery,Administration,Open,CUST5381,2025-08-21 13:35:00,,2026-07-23 20:15:32,clear favoritism table dealing happening,
166,166,"There is a billing error, I already paid but it still shows unpaid.",,Billing,In Progress,CUST3347,2025-08-10 10:58:00,,2026-07-23 20:15:32,billing error already paid still shows unpaid,
167,167,Very unprofessional behavior from the officer on duty.,,Customer Support,Closed,CUST9691,2025-02-24 16:40:00,2025-02-27 03:51:54,2026-07-23 20:15:32,unprofessional behavior officer duty,59.19833333333333
168,168,Why is the late fee applied when I paid on time?,,Billing,In Progress,CUST2391,2025-06-06 07:23:00,,2026-07-23 20:15:32,late fee applied paid time,
169,169,I was asked to pay extra money to get my work done faster.,,Administration,Closed,CUST7947,2025-03-20 04:03:00,2025-03-22 05:54:07,2026-07-23 20:15:32,asked pay extra money get work done faster,49.85194444444444
170,170,Very unprofessional behavior from the officer on duty.,,Customer Support,Resolved,CUST2816,2025-06-07 21:48:00,2025-06-11 12:20:37,2026-07-23 20:15:32,unprofessional behavior officer duty,86.5436111111111
171,171,Staff keep telling me to wait but nothing happens.,Service Delay,Operations,Open,CUST1897,2025-07-22 11:19:00,,2026-07-23 20:15:32,staff keep telling wait nothing happens,
172,172,"There is a billing error, I already paid but it still shows unpaid.",,Billing,Closed,CUST2965,2025-12-25 09:08:00,2025-12-28 01:45:20,2026-07-23 20:15:32,billing error already paid still shows unpaid,64.62222222222222
173,173,Why is the late fee applied when I paid on time?,Billing Issue,Billing,Closed,CUST6802,2025-03-13 08:34:00,2025-03-15 14:40:04,2026-07-23 20:15:32,late fee applied paid time,54.10111111111111
174,174,I was overcharged on my last bill and no one is responding.,,Billing,Open,CUST8033,2025-06-15 15:58:00,,2026-07-23 20:15:32,overcharged last bill one responding,
175,175,Poor maintenance of the facility is causing repeated problems.,,Maintenance,Closed,CUST8538,2025-05-13 14:01:00,2025-05-16 13:02:18,2026-07-23 20:15:32,poor maintenance facility causing repeated problems,71.02166666666666
176,176,An official demanded a bribe before processing my documents.,Corruption/Bribery,Administration,In Progress,CUST9584,2025-02-28 10:06:00,,2026-07-23 20:15:32,official demanded bribe processing documents,
177,177,"There is a billing error, I already paid but it still shows unpaid.",,Billing,Closed,CUST2868,2025-09-08 20:21:00,2025-09-11 03:35:38,2026-07-23 20:15:32,billing error already paid still shows unpaid,55.24388888888889
178,178,I was treated very disrespectfully by the customer support agent.,Staff Behavior,Customer Support,Closed,CUST3419,2025-11-12 14:22:00,2025-11-17 13:55:32,2026-07-23 20:15:32,treated disrespectfully customer support agent,119.55888888888889
179,179,No technician has visited despite multiple requests.,Service Delay,Operations,In Progress,CUST2234,2025-04-06 11:38:00,,2026-07-23 20:15:32,technician visited despite multiple requests,
180,180,Why is the late fee applied when I paid on time?,Billing Issue,Billing,Resolved,CUST6295,2025-06-19 09:48:00,2025-06-22 10:07:28,2026-07-23 20:15:32,late fee applied paid time,72.32444444444444
181,181,There is clear favoritism and under-the-table dealing happening.,Corruption/Bribery,Administration,Resolved,CUST5500,2025-05-15 01:04:00,2025-05-19 12:36:23,2026-07-23 20:15:32,clear favoritism table dealing happening,107.53972222222222
182,182,The equipment at the site is old and frequently malfunctions.,,Maintenance,Resolved,CUST5703,2025-07-10 08:29:00,2025-07-20 03:59:19,2026-07-23 20:15:32,equipment site old frequently malfunctions,235.5052777777778
183,183,I was overcharged on my last bill and no one is responding.,Billing Issue,Billing,Resolved,CUST1672,2025-08-17 12:24:00,2025-08-20 03:16:22,2026-07-23 20:15:32,overcharged last bill one responding,62.87277777777778
184,184,The staff member was polite and handled my issue very well.,,Customer Support,Resolved,CUST2013,2025-08-11 08:38:00,2025-08-11 09:38:00,2026-07-23 20:15:32,staff member polite handled issue well,1.0
185,185,The employee refused to help and was arguing instead of assisting.,,Customer Support,Resolved,CUST8172,2025-12-03 09:32:00,2025-12-05 04:01:51,2026-07-23 20:15:32,employee refused help arguing instead assisting,42.4975
186,186,"Excellent service today, very satisfied with the response.",,Customer Support,Resolved,CUST1857,2025-06-10 11:24:00,2025-06-12 03:04:16,2026-07-23 20:15:32,excellent service today satisfied response,39.67111111111111
187,187,I witnessed a near-accident due to lack of proper signage.,,Security,Closed,CUST3463,2025-02-04 14:35:00,2025-02-06 05:05:53,2026-07-23 20:15:32,witnessed near accident due lack proper signage,38.514722222222225
188,188,Staff keep telling me to wait but nothing happens.,Service Delay,Operations,Closed,CUST7421,2025-08-12 06:19:00,2025-08-20 03:29:52,2026-07-23 20:15:32,staff keep telling wait nothing happens,189.1811111111111
189,189,I was overcharged on my last bill and no one is responding.,Billing Issue,Billing,Closed,CUST9624,2025-05-13 13:41:00,2025-05-14 10:06:53,2026-07-23 20:15:32,overcharged last bill one responding,20.43138888888889
190,190,Why is the late fee applied when I paid on time?,Billing Issue,Billing,In Progress,CUST6598,2025-07-01 17:23:00,,2026-07-23 20:15:32,late fee applied paid time,
191,191,"Great job by the support team, issue resolved within a day.",Appreciation,Customer Support,Open,CUST2657,2025-03-05 14:09:00,,2026-07-23 20:15:32,great job support team issue resolved within day,
192,192,The staff member was polite and handled my issue very well.,Staff Behavior,Customer Support,Closed,CUST3147,2025-10-17 08:02:00,2025-10-20 13:45:58,2026-07-23 20:15:32,staff member polite handled issue well,77.73277777777778
193,193,There is a major leakage that has not been fixed for weeks.,Infrastructure,Maintenance,Closed,CUST3712,2025-03-27 04:44:00,2025-04-02 12:42:57,2026-07-23 20:15:32,major leakage fixed weeks,151.9825
194,194,There are serious safety hazards at the site that need urgent attention.,Safety Concern,Security,In Progress,CUST5668,2025-06-22 14:46:00,,2026-07-23 20:15:32,serious safety hazards site need urgent attention,
195,195,Security personnel are not checking IDs properly at the gate.,Safety Concern,Security,Closed,CUST4178,2025-04-08 19:19:00,2025-04-09 17:00:39,2026-07-23 20:15:32,security personnel checking ids properly gate,21.694166666666668
196,196,Staff keep telling me to wait but nothing happens.,Service Delay,Operations,In Progress,CUST9641,2025-12-15 14:49:00,,2026-07-23 20:15:32,staff keep telling wait nothing happens,
197,197,No technician has visited despite multiple requests.,,Operations,Open,CUST8873,2025-10-26 12:38:00,,2026-07-23 20:15:32,technician visited despite multiple requests,
198,198,There is clear favoritism and under-the-table dealing happening.,,Administration,Resolved,CUST2374,2025-12-23 13:54:00,2026-01-02 00:43:56,2026-07-23 20:15:32,clear favoritism table dealing happening,226.8322222222222
199,199,I witnessed a near-accident due to lack of proper signage.,,Security,Closed,CUST4637,2025-06-17 20:09:00,2025-06-22 05:57:56,2026-07-23 20:15:32,witnessed near accident due lack proper signage,105.81555555555556
200,200,I witnessed a near-accident due to lack of proper signage.,Safety Concern,Security,Resolved,CUST7326,2025-12-14 18:03:00,2025-12-18 08:08:38,2026-07-23 20:15:32,witnessed near accident due lack proper signage,86.09388888888888
201,201,"The new online system has made things much easier, well done.",Appreciation,Customer Support,Open,CUST6493,2025-04-11 09:59:00,,2026-07-23 20:15:32,new online system made things much easier well done,
202,202,No safety measures are in place despite previous warnings.,,Security,Closed,CUST8685,2025-01-27 07:30:00,2025-01-31 11:36:56,2026-07-23 20:15:32,safety measures place despite previous warnings,100.11555555555556
203,203,The staff at the counter was extremely rude to me today.,,Customer Support,In Progress,CUST9647,2025-11-01 07:16:00,,2026-07-23 20:15:32,staff counter extremely rude today,
204,204,The employee refused to help and was arguing instead of assisting.,Staff Behavior,Customer Support,In Progress,CUST8489,2025-04-04 10:03:00,,2026-07-23 20:15:32,employee refused help arguing instead assisting,
205,205,Why is the late fee applied when I paid on time?,,Billing,Resolved,CUST3352,2025-08-01 17:40:00,2025-08-03 05:42:39,2026-07-23 20:15:32,late fee applied paid time,36.04416666666667
206,206,It has been three weeks and my complaint is still not resolved.,Service Delay,Operations,Resolved,CUST2402,2025-08-08 03:36:00,2025-08-11 23:18:37,2026-07-23 20:15:32,three weeks complaint still resolved,91.71027777777778
207,207,The employee refused to help and was arguing instead of assisting.,Staff Behavior,Customer Support,Resolved,CUST1333,2025-02-17 08:34:00,2025-02-21 09:02:06,2026-07-23 20:15:32,employee refused help arguing instead assisting,96.46833333333333
208,208,I have been waiting since last month for this issue to be fixed.,,Operations,In Progress,CUST2106,2025-01-13 15:23:00,,2026-07-23 20:15:32,waiting since last month issue fixed,
209,209,It has been three weeks and my complaint is still not resolved.,,Operations,In Progress,CUST9945,2025-09-24 14:48:00,,2026-07-23 20:15:32,three weeks complaint still resolved,
211,211,There are serious safety hazards at the site that need urgent attention.,,Security,In Progress,CUST4268,2025-09-15 10:02:00,,2026-07-23 20:15:32,serious safety hazards site need urgent attention,
212,212,An official demanded a bribe before processing my documents.,Corruption/Bribery,Administration,Closed,CUST5150,2025-12-17 09:25:00,2025-12-25 05:11:39,2026-07-23 20:15:32,official demanded bribe processing documents,187.7775
213,213,My bill amount doubled this month without any explanation.,Billing Issue,Billing,Open,CUST5476,2025-05-28 16:49:00,,2026-07-23 20:15:32,bill amount doubled month without explanation,
214,214,"There is a billing error, I already paid but it still shows unpaid.",Billing Issue,Billing,Resolved,CUST6554,2025-06-13 16:47:00,2025-06-15 16:22:55,2026-07-23 20:15:32,billing error already paid still shows unpaid,47.59861111111111
215,215,"Great job by the support team, issue resolved within a day.",,Customer Support,Closed,CUST2353,2025-08-12 11:59:00,2025-08-13 13:06:34,2026-07-23 20:15:32,great job support team issue resolved within day,25.12611111111111
216,216,There are serious safety hazards at the site that need urgent attention.,,Security,Resolved,CUST2311,2025-06-27 16:11:00,2025-07-02 05:52:43,2026-07-23 20:15:32,serious safety hazards site need urgent attention,109.69527777777778
217,217,The response time for service requests is unacceptably slow.,Service Delay,Operations,Resolved,CUST6759,2025-05-20 17:45:00,2025-05-25 08:02:41,2026-07-23 20:15:32,response time service requests unacceptably slow,110.29472222222222
218,218,The employee refused to help and was arguing instead of assisting.,Staff Behavior,Customer Support,Resolved,CUST1939,2025-08-14 11:17:00,2025-08-18 11:03:19,2026-07-23 20:15:32,employee refused help arguing instead assisting,95.77194444444444
219,219,Why is the late fee applied when I paid on time?,Billing Issue,Billing,Closed,CUST3339,2025-06-26 08:47:00,2025-06-29 00:24:09,2026-07-23 20:15:32,late fee applied paid time,63.619166666666665
220,220,There is clear favoritism and under-the-table dealing happening.,Corruption/Bribery,Administration,Open,CUST7001,2025-09-02 18:08:00,,2026-07-23 20:15:32,clear favoritism table dealing happening,
221,221,Staff keep telling me to wait but nothing happens.,Service Delay,Operations,Resolved,CUST8273,2025-01-05 13:43:00,2025-01-09 12:36:13,2026-07-23 20:15:32,staff keep telling wait nothing happens,94.88694444444444
222,222,Thank you for quickly fixing the safety issue I reported earlier.,,Security,In Progress,CUST2858,2025-03-12 18:25:00,,2026-07-23 20:15:32,thank quickly fixing safety issue reported earlier,
223,223,My bill amount doubled this month without any explanation.,,Billing,Resolved,CUST5264,2025-07-13 11:58:00,2025-07-16 06:11:24,2026-07-23 20:15:32,bill amount doubled month without explanation,66.22333333333333
224,224,There is a major leakage that has not been fixed for weeks.,Infrastructure,Maintenance,Closed,CUST3009,2025-12-10 01:44:00,2025-12-19 11:39:59,2026-07-23 20:15:32,major leakage fixed weeks,225.93305555555557
225,225,I was overcharged on my last bill and no one is responding.,Billing Issue,Billing,Closed,CUST6236,2025-06-23 20:28:00,2025-06-25 17:58:04,2026-07-23 20:15:32,overcharged last bill one responding,45.50111111111111
226,226,The road near the facility is damaged and causing accidents.,,Maintenance,In Progress,CUST3852,2025-07-10 13:57:00,,2026-07-23 20:15:32,road near facility damaged causing accidents,
227,227,Thank you for quickly fixing the safety issue I reported earlier.,Safety Concern,Security,Open,CUST1430,2025-04-07 14:50:00,,2026-07-23 20:15:32,thank quickly fixing safety issue reported earlier,
228,228,Staff keep telling me to wait but nothing happens.,Service Delay,Operations,Open,CUST2077,2025-06-26 12:35:00,,2026-07-23 20:15:32,staff keep telling wait nothing happens,
229,229,I have been waiting since last month for this issue to be fixed.,,Operations,Closed,CUST6194,2025-07-25 10:26:00,2025-08-01 20:16:10,2026-07-23 20:15:32,waiting since last month issue fixed,177.8361111111111
230,230,Poor maintenance of the facility is causing repeated problems.,Infrastructure,Maintenance,Open,CUST3981,2025-06-17 16:22:00,,2026-07-23 20:15:32,poor maintenance facility causing repeated problems,
231,231,No safety measures are in place despite previous warnings.,Safety Concern,Security,Closed,CUST5982,2025-06-28 16:03:00,2025-06-30 14:58:12,2026-07-23 20:15:32,safety measures place despite previous warnings,46.92
232,232,"There is a billing error, I already paid but it still shows unpaid.",Billing Issue,Billing,Closed,CUST5653,2025-12-08 16:22:00,2025-12-10 16:07:53,2026-07-23 20:15:32,billing error already paid still shows unpaid,47.764722222222225
233,233,An official demanded a bribe before processing my documents.,,Administration,Open,CUST9740,2025-04-18 06:17:00,,2026-07-23 20:15:32,official demanded bribe processing documents,
234,234,My bill amount doubled this month without any explanation.,Billing Issue,Billing,In Progress,CUST6531,2025-07-19 13:09:00,,2026-07-23 20:15:32,bill amount doubled month without explanation,
235,235,There is clear favoritism and under-the-table dealing happening.,Corruption/Bribery,Administration,Open,CUST5336,2025-01-28 12:01:00,,2026-07-23 20:15:32,clear favoritism table dealing happening,
236,236,The new infrastructure upgrade has improved things significantly.,Infrastructure,Maintenance,Resolved,CUST5745,2025-06-21 18:01:00,2025-06-27 02:14:10,2026-07-23 20:15:32,new infrastructure upgrade improved things significantly,128.21944444444443
238,238,There is a major leakage that has not been fixed for weeks.,Infrastructure,Maintenance,In Progress,CUST6121,2025-06-16 08:29:00,,2026-07-23 20:15:32,major leakage fixed weeks,
239,239,An official demanded a bribe before processing my documents.,,Administration,Closed,CUST7070,2025-09-28 07:22:00,2025-10-07 22:50:22,2026-07-23 20:15:32,official demanded bribe processing documents,231.47277777777776
240,240,The staff at the counter was extremely rude to me today.,,Customer Support,In Progress,CUST2586,2025-05-15 15:07:00,,2026-07-23 20:15:32,staff counter extremely rude today,
241,241,Why is the late fee applied when I paid on time?,Billing Issue,Billing,Closed,CUST6364,2025-11-14 07:15:00,2025-11-16 17:59:05,2026-07-23 20:15:32,late fee applied paid time,58.734722222222224
242,242,"The new online system has made things much easier, well done.",Appreciation,Customer Support,Closed,CUST6055,2025-03-06 07:31:00,2025-03-07 15:53:35,2026-07-23 20:15:32,new online system made things much easier well done,32.37638888888889
243,243,The staff at the counter was extremely rude to me today.,,Customer Support,Closed,CUST6781,2025-12-17 07:29:00,2025-12-21 16:43:43,2026-07-23 20:15:32,staff counter extremely rude today,105.24527777777777
244,244,"There is a billing error, I already paid but it still shows unpaid.",,Billing,Closed,CUST1133,2025-07-27 20:41:00,2025-07-29 11:31:03,2026-07-23 20:15:32,billing error already paid still shows unpaid,38.83416666666667
245,245,An official demanded a bribe before processing my documents.,Corruption/Bribery,Administration,Resolved,CUST1741,2025-03-09 22:46:00,2025-03-14 12:54:46,2026-07-23 20:15:32,official demanded bribe processing documents,110.14611111111111
246,246,Staff keep telling me to wait but nothing happens.,Service Delay,Operations,In Progress,CUST8378,2025-07-12 07:35:00,,2026-07-23 20:15:32,staff keep telling wait nothing happens,
247,247,I witnessed a near-accident due to lack of proper signage.,,Security,Resolved,CUST2584,2025-10-20 16:43:00,2025-10-26 11:40:50,2026-07-23 20:15:32,witnessed near accident due lack proper signage,138.9638888888889
248,248,The response time for service requests is unacceptably slow.,Service Delay,Operations,Open,CUST7576,2025-07-12 13:48:00,,2026-07-23 20:15:32,response time service requests unacceptably slow,
249,249,The staff at the counter was extremely rude to me today.,Staff Behavior,Customer Support,Closed,CUST3440,2025-01-23 11:21:00,2025-01-26 02:38:35,2026-07-23 20:15:32,staff counter extremely rude today,63.293055555555554
250,250,The new infrastructure upgrade has improved things significantly.,Infrastructure,Maintenance,In Progress,CUST5902,2025-03-20 12:20:00,,2026-07-23 20:15:32,new infrastructure upgrade improved things significantly,
251,251,The new infrastructure upgrade has improved things significantly.,,Maintenance,Closed,CUST1272,2025-10-18 06:31:00,2025-10-26 14:09:05,2026-07-23 20:15:32,new infrastructure upgrade improved things significantly,199.63472222222222
252,252,It has been three weeks and my complaint is still not resolved.,Service Delay,Operations,Closed,CUST1436,2025-12-19 08:19:00,2025-12-24 23:48:25,2026-07-23 20:15:32,three weeks complaint still resolved,135.49027777777778
253,253,The equipment at the site is old and frequently malfunctions.,,Maintenance,Resolved,CUST1841,2025-12-26 15:49:00,2026-01-01 05:38:17,2026-07-23 20:15:32,equipment site old frequently malfunctions,133.8213888888889
254,254,There is a major leakage that has not been fixed for weeks.,Infrastructure,Maintenance,Closed,CUST4968,2025-07-24 14:39:00,2025-08-01 13:56:57,2026-07-23 20:15:32,major leakage fixed weeks,191.29916666666668
255,255,I was overcharged on my last bill and no one is responding.,Billing Issue,Billing,Resolved,CUST4340,2025-03-15 10:20:00,2025-03-17 18:02:46,2026-07-23 20:15:32,overcharged last bill one responding,55.71277777777778
256,256,Staff keep telling me to wait but nothing happens.,,Operations,Closed,CUST3262,2025-11-28 17:54:00,2025-12-04 04:39:23,2026-07-23 20:15:32,staff keep telling wait nothing happens,130.7563888888889
257,257,The staff member was polite and handled my issue very well.,,Customer Support,Resolved,CUST3837,2025-05-22 07:30:00,2025-05-25 07:51:45,2026-07-23 20:15:32,staff member polite handled issue well,72.3625
258,258,The staff member was polite and handled my issue very well.,Staff Behavior,Customer Support,Closed,CUST5331,2025-05-12 13:43:00,2025-05-15 14:25:21,2026-07-23 20:15:32,staff member polite handled issue well,72.70583333333333
259,259,There is a major leakage that has not been fixed for weeks.,Infrastructure,Maintenance,In Progress,CUST5876,2025-12-09 14:35:00,,2026-07-23 20:15:32,major leakage fixed weeks,
260,260,No safety measures are in place despite previous warnings.,Safety Concern,Security,Resolved,CUST5480,2025-08-16 15:20:00,2025-08-21 03:15:40,2026-07-23 20:15:32,safety measures place despite previous warnings,107.92777777777778
261,261,Staff keep telling me to wait but nothing happens.,Service Delay,Operations,Closed,CUST3399,2025-08-13 12:57:00,2025-08-20 22:34:11,2026-07-23 20:15:32,staff keep telling wait nothing happens,177.6197222222222
262,262,The response time for service requests is unacceptably slow.,Service Delay,Operations,Closed,CUST8849,2025-12-03 18:22:00,2025-12-12 09:32:19,2026-07-23 20:15:32,response time service requests unacceptably slow,207.17194444444445
263,263,The online payment portal charged me twice for the same bill.,,Billing,In Progress,CUST4920,2025-05-18 06:44:00,,2026-07-23 20:15:32,online payment portal charged twice bill,
264,264,Staff keep telling me to wait but nothing happens.,,Operations,Open,CUST8739,2025-04-08 10:03:00,,2026-07-23 20:15:32,staff keep telling wait nothing happens,
265,265,My bill amount doubled this month without any explanation.,Billing Issue,Billing,In Progress,CUST8793,2025-01-18 20:59:00,,2026-07-23 20:15:32,bill amount doubled month without explanation,
266,266,I was treated very disrespectfully by the customer support agent.,,Customer Support,In Progress,CUST2465,2025-09-10 18:20:00,,2026-07-23 20:15:32,treated disrespectfully customer support agent,
267,267,There is a major leakage that has not been fixed for weeks.,Infrastructure,Maintenance,Closed,CUST3868,2025-07-24 12:54:00,2025-07-28 00:40:19,2026-07-23 20:15:32,major leakage fixed weeks,83.77194444444444
268,268,No technician has visited despite multiple requests.,Service Delay,Operations,Resolved,CUST5742,2025-12-02 09:53:00,2025-12-08 23:30:56,2026-07-23 20:15:32,technician visited despite multiple requests,157.63222222222223
269,269,I was asked to pay extra money to get my work done faster.,,Administration,Closed,CUST8444,2025-05-20 12:06:00,2025-05-29 08:03:21,2026-07-23 20:15:32,asked pay extra money get work done faster,211.95583333333335
270,270,"Great job by the support team, issue resolved within a day.",,Customer Support,Resolved,CUST2845,2025-11-05 07:54:00,2025-11-05 14:31:21,2026-07-23 20:15:32,great job support team issue resolved within day,6.6225
271,271,I have been waiting since last month for this issue to be fixed.,,Operations,Open,CUST5833,2025-08-23 21:11:00,,2026-07-23 20:15:32,waiting since last month issue fixed,
272,272,I was treated very disrespectfully by the customer support agent.,Staff Behavior,Customer Support,Closed,CUST9442,2025-03-28 22:40:00,2025-04-01 08:30:33,2026-07-23 20:15:32,treated disrespectfully customer support agent,81.8425
273,273,I have been waiting since last month for this issue to be fixed.,Service Delay,Operations,Resolved,CUST1111,2025-08-06 10:08:00,2025-08-15 04:11:22,2026-07-23 20:15:32,waiting since last month issue fixed,210.0561111111111
274,274,No technician has visited despite multiple requests.,Service Delay,Operations,In Progress,CUST1187,2025-06-09 16:21:00,,2026-07-23 20:15:32,technician visited despite multiple requests,
275,275,The response time for service requests is unacceptably slow.,,Operations,Open,CUST7642,2025-08-02 15:42:00,,2026-07-23 20:15:32,response time service requests unacceptably slow,
276,276,The equipment at the site is old and frequently malfunctions.,Infrastructure,Maintenance,Closed,CUST4618,2025-08-21 08:58:00,2025-08-25 07:20:52,2026-07-23 20:15:32,equipment site old frequently malfunctions,94.38111111111111
277,277,My bill amount doubled this month without any explanation.,Billing Issue,Billing,Closed,CUST9998,2025-07-15 19:47:00,2025-07-19 06:56:50,2026-07-23 20:15:32,bill amount doubled month without explanation,83.16388888888889
278,278,"Excellent service today, very satisfied with the response.",Appreciation,Customer Support,Resolved,CUST9609,2025-09-22 17:48:00,2025-09-24 05:07:21,2026-07-23 20:15:32,excellent service today satisfied response,35.3225
279,279,The employee refused to help and was arguing instead of assisting.,Staff Behavior,Customer Support,Open,CUST9281,2025-02-19 22:07:00,,2026-07-23 20:15:32,employee refused help arguing instead assisting,
280,280,The online payment portal charged me twice for the same bill.,,Billing,Resolved,CUST4365,2025-03-11 08:54:00,2025-03-12 23:53:30,2026-07-23 20:15:32,online payment portal charged twice bill,38.99166666666667
281,281,Poor maintenance of the facility is causing repeated problems.,Infrastructure,Maintenance,Closed,CUST9409,2025-02-17 14:28:00,2025-02-27 01:44:25,2026-07-23 20:15:32,poor maintenance facility causing repeated problems,227.2736111111111
282,282,Staff keep telling me to wait but nothing happens.,Service Delay,Operations,Closed,CUST7487,2025-01-15 17:43:00,2025-01-20 13:34:07,2026-07-23 20:15:32,staff keep telling wait nothing happens,115.85194444444444
283,283,It has been three weeks and my complaint is still not resolved.,,Operations,Open,CUST2044,2025-09-19 17:04:00,,2026-07-23 20:15:32,three weeks complaint still resolved,
284,284,The staff at the counter was extremely rude to me today.,,Customer Support,Resolved,CUST3948,2025-12-03 12:59:00,2025-12-04 15:03:49,2026-07-23 20:15:32,staff counter extremely rude today,26.080277777777777
285,285,Security personnel are not checking IDs properly at the gate.,Safety Concern,Security,Closed,CUST7154,2025-06-13 06:28:00,2025-06-16 02:53:20,2026-07-23 20:15:32,security personnel checking ids properly gate,68.42222222222222
286,286,The online payment portal charged me twice for the same bill.,Billing Issue,Billing,Open,CUST7439,2025-03-28 17:22:00,,2026-07-23 20:15:32,online payment portal charged twice bill,
287,287,I was treated very disrespectfully by the customer support agent.,Staff Behavior,Customer Support,Closed,CUST9920,2025-10-25 16:01:00,2025-10-30 11:41:03,2026-07-23 20:15:32,treated disrespectfully customer support agent,115.6675
288,288,Very unprofessional behavior from the officer on duty.,,Customer Support,In Progress,CUST2848,2025-10-08 20:29:00,,2026-07-23 20:15:32,unprofessional behavior officer duty,
289,289,Why is the late fee applied when I paid on time?,,Billing,In Progress,CUST1550,2025-08-01 17:15:00,,2026-07-23 20:15:32,late fee applied paid time,
290,290,The staff at the counter was extremely rude to me today.,Staff Behavior,Customer Support,Resolved,CUST1924,2025-04-02 09:25:00,2025-04-05 18:24:55,2026-07-23 20:15:32,staff counter extremely rude today,80.99861111111112
291,291,"There is a billing error, I already paid but it still shows unpaid.",Billing Issue,Billing,In Progress,CUST6253,2025-04-24 12:36:00,,2026-07-23 20:15:32,billing error already paid still shows unpaid,
292,292,No technician has visited despite multiple requests.,,Operations,Resolved,CUST3869,2025-12-17 08:14:00,2025-12-22 14:00:27,2026-07-23 20:15:32,technician visited despite multiple requests,125.77416666666667
293,293,Poor maintenance of the facility is causing repeated problems.,Infrastructure,Maintenance,Closed,CUST9592,2025-07-02 09:22:00,2025-07-12 10:31:18,2026-07-23 20:15:32,poor maintenance facility causing repeated problems,241.155
294,294,I have been waiting since last month for this issue to be fixed.,Service Delay,Operations,In Progress,CUST4948,2025-06-10 15:24:00,,2026-07-23 20:15:32,waiting since last month issue fixed,
295,295,An official demanded a bribe before processing my documents.,,Administration,Resolved,CUST7761,2025-10-05 14:51:00,2025-10-09 19:10:35,2026-07-23 20:15:32,official demanded bribe processing documents,100.32638888888889
296,296,"Excellent service today, very satisfied with the response.",,Customer Support,In Progress,CUST8369,2025-06-09 15:13:00,,2026-07-23 20:15:32,excellent service today satisfied response,
297,297,I was asked to pay extra money to get my work done faster.,Corruption/Bribery,Administration,Open,CUST1647,2025-07-27 13:12:00,,2026-07-23 20:15:32,asked pay extra money get work done faster,
298,298,I was asked to pay extra money to get my work done faster.,,Administration,Closed,CUST4422,2025-10-19 16:46:00,2025-10-25 04:32:05,2026-07-23 20:15:32,asked pay extra money get work done faster,131.76805555555555
299,299,An official demanded a bribe before processing my documents.,Corruption/Bribery,Administration,Closed,CUST2922,2025-05-01 13:13:00,2025-05-08 05:24:54,2026-07-23 20:15:32,official demanded bribe processing documents,160.19833333333332
300,300,Security personnel are not checking IDs properly at the gate.,Safety Concern,Security,Closed,CUST4921,2025-11-23 13:38:00,2025-11-29 01:09:00,2026-07-23 20:15:32,security personnel checking ids properly gate,131.51666666666668
301,301,The employee refused to help and was arguing instead of assisting.,,Customer Support,Resolved,CUST9401,2025-06-18 17:41:00,2025-06-20 12:17:46,2026-07-23 20:15:32,employee refused help arguing instead assisting,42.61277777777778
302,302,An official demanded a bribe before processing my documents.,,Administration,Closed,CUST4328,2025-02-24 04:30:00,2025-03-01 18:21:15,2026-07-23 20:15:32,official demanded bribe processing documents,133.85416666666666
303,303,I have been waiting since last month for this issue to be fixed.,,Operations,Closed,CUST7841,2025-01-28 16:14:00,2025-02-05 15:42:27,2026-07-23 20:15:32,waiting since last month issue fixed,191.47416666666666
304,304,No technician has visited despite multiple requests.,Service Delay,Operations,Closed,CUST6530,2025-05-13 09:36:00,2025-05-20 03:44:08,2026-07-23 20:15:32,technician visited despite multiple requests,162.13555555555556
305,305,I have been waiting since last month for this issue to be fixed.,,Operations,Resolved,CUST6770,2025-12-21 08:47:00,2025-12-22 21:42:05,2026-07-23 20:15:32,waiting since last month issue fixed,36.918055555555554
306,306,The online payment portal charged me twice for the same bill.,Billing Issue,Billing,Closed,CUST2217,2025-07-18 12:41:00,2025-07-21 16:24:52,2026-07-23 20:15:32,online payment portal charged twice bill,75.7311111111111
307,307,I want to thank the team for resolving my issue so quickly.,,Customer Support,Closed,CUST3474,2025-09-14 18:08:00,2025-09-15 20:03:16,2026-07-23 20:15:32,want thank team resolving issue quickly,25.92111111111111
308,308,The online payment portal charged me twice for the same bill.,Billing Issue,Billing,Resolved,CUST8916,2025-06-02 16:39:00,2025-06-02 22:58:09,2026-07-23 20:15:32,online payment portal charged twice bill,6.319166666666667
309,309,The road near the facility is damaged and causing accidents.,Infrastructure,Maintenance,Open,CUST5501,2025-01-18 11:26:00,,2026-07-23 20:15:32,road near facility damaged causing accidents,
310,310,The employee refused to help and was arguing instead of assisting.,Staff Behavior,Customer Support,Closed,CUST3937,2025-01-27 14:44:00,2025-01-28 13:40:33,2026-07-23 20:15:32,employee refused help arguing instead assisting,22.9425
311,311,I was overcharged on my last bill and no one is responding.,,Billing,Resolved,CUST6807,2025-07-08 12:12:00,2025-07-10 11:08:00,2026-07-23 20:15:32,overcharged last bill one responding,46.93333333333333
312,312,I have been waiting since last month for this issue to be fixed.,Service Delay,Operations,Resolved,CUST4700,2025-02-13 22:29:00,2025-02-14 19:14:46,2026-07-23 20:15:32,waiting since last month issue fixed,20.762777777777778
313,313,It has been three weeks and my complaint is still not resolved.,,Operations,Closed,UNKNOWN,2025-08-28 14:41:00,2025-09-02 10:24:20,2026-07-23 20:15:32,three weeks complaint still resolved,115.72222222222223
314,314,I have been waiting since last month for this issue to be fixed.,Service Delay,Operations,In Progress,CUST8109,2025-01-01 09:44:00,,2026-07-23 20:15:32,waiting since last month issue fixed,
315,315,The equipment at the site is old and frequently malfunctions.,Infrastructure,Maintenance,Closed,CUST4764,2025-07-28 07:06:00,2025-08-01 22:59:59,2026-07-23 20:15:32,equipment site old frequently malfunctions,111.89972222222222
316,316,The online payment portal charged me twice for the same bill.,Billing Issue,Billing,Open,CUST9897,2025-07-02 10:59:00,,2026-07-23 20:15:32,online payment portal charged twice bill,
317,317,The staff at the counter was extremely rude to me today.,,Customer Support,Open,CUST3362,2025-03-28 18:20:00,,2026-07-23 20:15:32,staff counter extremely rude today,
318,318,Security personnel are not checking IDs properly at the gate.,Safety Concern,Security,Resolved,CUST7375,2025-12-10 12:10:00,2025-12-14 23:43:22,2026-07-23 20:15:32,security personnel checking ids properly gate,107.55611111111111
319,319,The new infrastructure upgrade has improved things significantly.,Infrastructure,Maintenance,Open,CUST2284,2025-05-25 15:47:00,,2026-07-23 20:15:32,new infrastructure upgrade improved things significantly,
320,320,The employee refused to help and was arguing instead of assisting.,,Customer Support,Closed,CUST7499,2025-01-14 09:14:00,2025-01-16 17:57:42,2026-07-23 20:15:32,employee refused help arguing instead assisting,56.72833333333333
321,321,"The new online system has made things much easier, well done.",Appreciation,Customer Support,Closed,CUST6829,2025-01-09 09:50:00,2025-01-10 02:13:18,2026-07-23 20:15:32,new online system made things much easier well done,16.388333333333332
322,322,Very unprofessional behavior from the officer on duty.,,Customer Support,Closed,CUST5839,2025-06-22 07:37:00,2025-06-25 04:32:03,2026-07-23 20:15:32,unprofessional behavior officer duty,68.9175
323,323,There are serious safety hazards at the site that need urgent attention.,Safety Concern,Security,Closed,CUST7383,2025-02-05 09:24:00,2025-02-07 14:07:52,2026-07-23 20:15:32,serious safety hazards site need urgent attention,52.73111111111111
324,324,It has been three weeks and my complaint is still not resolved.,,Operations,Resolved,CUST3170,2025-02-10 11:28:00,2025-02-19 09:46:24,2026-07-23 20:15:32,three weeks complaint still resolved,214.30666666666667
325,325,Why is the late fee applied when I paid on time?,,Billing,Resolved,CUST6798,2025-06-18 06:32:00,2025-06-20 07:12:37,2026-07-23 20:15:32,late fee applied paid time,48.676944444444445
326,326,The staff member was polite and handled my issue very well.,,Customer Support,Resolved,CUST7353,2025-08-11 16:55:00,2025-08-13 20:45:52,2026-07-23 20:15:32,staff member polite handled issue well,51.84777777777778
327,327,Thank you for quickly fixing the safety issue I reported earlier.,Safety Concern,Security,Resolved,CUST3777,2025-11-08 17:36:00,2025-11-12 19:18:11,2026-07-23 20:15:32,thank quickly fixing safety issue reported earlier,97.70305555555555
328,328,"There is a billing error, I already paid but it still shows unpaid.",,Billing,In Progress,CUST5911,2025-04-05 19:04:00,,2026-07-23 20:15:32,billing error already paid still shows unpaid,
329,329,The staff at the counter was extremely rude to me today.,Staff Behavior,Customer Support,Resolved,CUST4203,2025-05-08 07:46:00,2025-05-12 08:17:08,2026-07-23 20:15:32,staff counter extremely rude today,96.5188888888889
330,330,I was treated very disrespectfully by the customer support agent.,Staff Behavior,Customer Support,Closed,CUST6399,2025-05-13 16:21:00,2025-05-15 22:29:00,2026-07-23 20:15:32,treated disrespectfully customer support agent,54.13333333333333
331,331,Very unprofessional behavior from the officer on duty.,,Customer Support,Closed,CUST6253,2025-10-28 09:41:00,2025-10-30 17:55:18,2026-07-23 20:15:32,unprofessional behavior officer duty,56.23833333333334
332,332,There is a major leakage that has not been fixed for weeks.,,Maintenance,Closed,CUST9044,2025-07-06 12:25:00,2025-07-10 18:10:20,2026-07-23 20:15:32,major leakage fixed weeks,101.75555555555556
333,333,"Excellent service today, very satisfied with the response.",Appreciation,Customer Support,Closed,CUST4273,2025-05-09 14:52:00,2025-05-10 08:51:07,2026-07-23 20:15:32,excellent service today satisfied response,17.985277777777778
334,334,The new infrastructure upgrade has improved things significantly.,Infrastructure,Maintenance,Open,CUST4434,2025-03-25 16:35:00,,2026-07-23 20:15:32,new infrastructure upgrade improved things significantly,
335,335,The employee refused to help and was arguing instead of assisting.,Staff Behavior,Customer Support,Closed,CUST9180,2025-10-03 05:52:00,2025-10-03 14:43:59,2026-07-23 20:15:32,employee refused help arguing instead assisting,8.866388888888888
336,336,"There is a billing error, I already paid but it still shows unpaid.",Billing Issue,Billing,Closed,CUST2211,2025-04-22 09:09:00,2025-04-24 20:13:11,2026-07-23 20:15:32,billing error already paid still shows unpaid,59.069722222222225
337,337,The staff member was polite and handled my issue very well.,Staff Behavior,Customer Support,Resolved,CUST7853,2025-07-13 13:34:00,2025-07-16 22:31:50,2026-07-23 20:15:32,staff member polite handled issue well,80.96388888888889
338,338,The employee refused to help and was arguing instead of assisting.,Staff Behavior,Customer Support,Resolved,CUST2791,2025-08-26 13:34:00,2025-08-29 09:52:57,2026-07-23 20:15:32,employee refused help arguing instead assisting,68.31583333333333
339,339,I witnessed a near-accident due to lack of proper signage.,Safety Concern,Security,Resolved,CUST7547,2025-03-20 13:02:00,2025-03-22 20:38:01,2026-07-23 20:15:32,witnessed near accident due lack proper signage,55.60027777777778
340,340,"The new online system has made things much easier, well done.",,Customer Support,Open,CUST9366,2025-12-14 09:06:00,,2026-07-23 20:15:32,new online system made things much easier well done,
341,341,Thank you for quickly fixing the safety issue I reported earlier.,Safety Concern,Security,Resolved,CUST9199,2025-07-19 10:14:00,2025-07-22 21:30:17,2026-07-23 20:15:32,thank quickly fixing safety issue reported earlier,83.2713888888889
342,342,I was overcharged on my last bill and no one is responding.,,Billing,Closed,CUST3321,2025-07-10 10:26:00,2025-07-12 09:30:56,2026-07-23 20:15:32,overcharged last bill one responding,47.08222222222222
343,343,The response time for service requests is unacceptably slow.,Service Delay,Operations,Resolved,CUST8178,2025-06-07 09:33:00,2025-06-10 20:26:06,2026-07-23 20:15:32,response time service requests unacceptably slow,82.885
344,344,Security personnel are not checking IDs properly at the gate.,,Security,Closed,CUST6620,2025-05-10 18:02:00,2025-05-13 23:24:17,2026-07-23 20:15:32,security personnel checking ids properly gate,77.37138888888889
345,345,There is a major leakage that has not been fixed for weeks.,Infrastructure,Maintenance,Resolved,CUST6422,2025-12-24 14:15:00,2026-01-05 10:40:35,2026-07-23 20:15:32,major leakage fixed weeks,284.4263888888889
346,346,Very unprofessional behavior from the officer on duty.,Staff Behavior,Customer Support,In Progress,CUST8080,2025-04-13 13:40:00,,2026-07-23 20:15:32,unprofessional behavior officer duty,
347,347,Staff keep telling me to wait but nothing happens.,,Operations,Resolved,CUST4519,2025-11-15 07:37:00,2025-11-21 14:59:28,2026-07-23 20:15:32,staff keep telling wait nothing happens,151.37444444444444
348,348,I was overcharged on my last bill and no one is responding.,Billing Issue,Billing,Resolved,CUST4228,2025-07-26 13:55:00,2025-07-29 19:09:38,2026-07-23 20:15:32,overcharged last bill one responding,77.24388888888889
349,349,The employee refused to help and was arguing instead of assisting.,,Customer Support,Closed,CUST7367,2025-08-16 11:33:00,2025-08-20 03:04:14,2026-07-23 20:15:32,employee refused help arguing instead assisting,87.52055555555556
350,350,The new infrastructure upgrade has improved things significantly.,,Maintenance,Resolved,CUST5873,2025-02-12 08:54:00,2025-02-17 18:51:01,2026-07-23 20:15:32,new infrastructure upgrade improved things significantly,129.95027777777779
351,351,I want to thank the team for resolving my issue so quickly.,,Customer Support,In Progress,CUST7116,2025-08-11 14:07:00,,2026-07-23 20:15:32,want thank team resolving issue quickly,
352,352,The new infrastructure upgrade has improved things significantly.,Infrastructure,Maintenance,Resolved,CUST8973,2025-06-20 13:08:00,2025-06-24 06:30:33,2026-07-23 20:15:32,new infrastructure upgrade improved things significantly,89.37583333333333
353,353,There is a major leakage that has not been fixed for weeks.,,Maintenance,Open,CUST8389,2025-07-16 11:18:00,,2026-07-23 20:15:32,major leakage fixed weeks,
354,354,The equipment at the site is old and frequently malfunctions.,Infrastructure,Maintenance,In Progress,CUST9281,2025-12-16 22:08:00,,2026-07-23 20:15:32,equipment site old frequently malfunctions,
355,355,Poor maintenance of the facility is causing repeated problems.,Infrastructure,Maintenance,Closed,CUST2354,2025-08-14 14:45:00,2025-08-21 17:50:10,2026-07-23 20:15:32,poor maintenance facility causing repeated problems,171.0861111111111
356,356,I was treated very disrespectfully by the customer support agent.,,Customer Support,Resolved,CUST8492,2025-05-09 08:14:00,2025-05-12 01:21:53,2026-07-23 20:15:32,treated disrespectfully customer support agent,65.13138888888889
357,357,Very unprofessional behavior from the officer on duty.,Staff Behavior,Customer Support,Open,CUST7010,2025-07-04 09:36:00,,2026-07-23 20:15:32,unprofessional behavior officer duty,
358,358,The staff at the counter was extremely rude to me today.,Staff Behavior,Customer Support,In Progress,CUST5055,2025-09-15 08:34:00,,2026-07-23 20:15:32,staff counter extremely rude today,
359,359,It has been three weeks and my complaint is still not resolved.,Service Delay,Operations,Closed,CUST2923,2025-06-12 09:55:00,2025-06-15 18:08:40,2026-07-23 20:15:32,three weeks complaint still resolved,80.22777777777777
360,360,No safety measures are in place despite previous warnings.,Safety Concern,Security,Closed,CUST8015,2025-04-24 18:37:00,2025-04-27 16:59:26,2026-07-23 20:15:32,safety measures place despite previous warnings,70.37388888888889
361,361,My bill amount doubled this month without any explanation.,Billing Issue,Billing,Closed,CUST9720,2025-09-27 07:13:00,2025-09-27 08:13:00,2026-07-23 20:15:32,bill amount doubled month without explanation,1.0
362,362,Staff keep telling me to wait but nothing happens.,,Operations,In Progress,CUST9428,2025-03-23 22:18:00,,2026-07-23 20:15:32,staff keep telling wait nothing happens,
363,363,I want to thank the team for resolving my issue so quickly.,,Customer Support,Resolved,CUST5543,2025-03-25 08:50:00,2025-03-26 15:24:21,2026-07-23 20:15:32,want thank team resolving issue quickly,30.5725
364,364,I was asked to pay extra money to get my work done faster.,,Administration,Open,CUST5055,2025-08-05 11:15:00,,2026-07-23 20:15:32,asked pay extra money get work done faster,
365,365,Security personnel are not checking IDs properly at the gate.,Safety Concern,Security,In Progress,CUST8405,2025-07-19 21:40:00,,2026-07-23 20:15:32,security personnel checking ids properly gate,
366,366,I was overcharged on my last bill and no one is responding.,Billing Issue,Billing,Closed,CUST8449,2025-06-24 17:17:00,2025-06-26 06:12:33,2026-07-23 20:15:32,overcharged last bill one responding,36.92583333333334
367,367,"The new online system has made things much easier, well done.",,Customer Support,Closed,CUST8511,2025-07-28 09:49:00,2025-07-29 17:04:06,2026-07-23 20:15:32,new online system made things much easier well done,31.251666666666665
368,368,The equipment at the site is old and frequently malfunctions.,Infrastructure,Maintenance,Resolved,CUST4470,2025-10-26 15:34:00,2025-11-04 07:30:47,2026-07-23 20:15:32,equipment site old frequently malfunctions,207.9463888888889
369,369,The employee refused to help and was arguing instead of assisting.,Staff Behavior,Customer Support,Resolved,CUST8951,2025-10-11 13:35:00,2025-10-15 11:13:23,2026-07-23 20:15:32,employee refused help arguing instead assisting,93.63972222222222
370,370,There are serious safety hazards at the site that need urgent attention.,,Security,Closed,CUST3588,2025-01-21 10:50:00,2025-01-24 04:58:43,2026-07-23 20:15:32,serious safety hazards site need urgent attention,66.14527777777778
371,371,The staff at the counter was extremely rude to me today.,Staff Behavior,Customer Support,Closed,CUST5945,2025-12-14 10:12:00,2025-12-18 02:37:59,2026-07-23 20:15:32,staff counter extremely rude today,88.43305555555555
372,372,"There is a billing error, I already paid but it still shows unpaid.",Billing Issue,Billing,Open,CUST3711,2025-02-12 11:16:00,,2026-07-23 20:15:32,billing error already paid still shows unpaid,
373,373,"There is a billing error, I already paid but it still shows unpaid.",,Billing,Resolved,CUST2559,2025-09-25 13:14:00,2025-09-27 04:25:40,2026-07-23 20:15:32,billing error already paid still shows unpaid,39.19444444444444
374,374,Why is the late fee applied when I paid on time?,Billing Issue,Billing,Resolved,CUST1132,2025-02-19 14:14:00,2025-02-21 08:20:39,2026-07-23 20:15:32,late fee applied paid time,42.11083333333333
375,375,The road near the facility is damaged and causing accidents.,,Maintenance,Open,CUST7276,2025-12-14 10:44:00,,2026-07-23 20:15:32,road near facility damaged causing accidents,
376,376,I was overcharged on my last bill and no one is responding.,Billing Issue,Billing,In Progress,CUST3181,2025-02-12 14:56:00,,2026-07-23 20:15:32,overcharged last bill one responding,
377,377,There is a major leakage that has not been fixed for weeks.,,Maintenance,Resolved,CUST6753,2025-02-19 08:00:00,2025-03-08 22:42:07,2026-07-23 20:15:32,major leakage fixed weeks,422.70194444444445
378,378,No safety measures are in place despite previous warnings.,,Security,Resolved,CUST2646,2025-11-20 06:43:00,2025-11-21 14:43:13,2026-07-23 20:15:32,safety measures place despite previous warnings,32.00361111111111
379,379,I was overcharged on my last bill and no one is responding.,,Billing,Closed,CUST3290,2025-07-13 10:22:00,2025-07-14 22:48:31,2026-07-23 20:15:32,overcharged last bill one responding,36.441944444444445
380,380,It has been three weeks and my complaint is still not resolved.,,Operations,Closed,CUST1439,2025-04-20 15:38:00,2025-04-27 04:07:31,2026-07-23 20:15:32,three weeks complaint still resolved,156.49194444444444
381,381,There is clear favoritism and under-the-table dealing happening.,,Administration,Resolved,CUST7418,2025-11-07 16:33:00,2025-11-12 03:08:58,2026-07-23 20:15:32,clear favoritism table dealing happening,106.59944444444444
382,382,It has been three weeks and my complaint is still not resolved.,,Operations,Resolved,CUST9185,2025-09-26 11:15:00,2025-10-06 08:04:28,2026-07-23 20:15:32,three weeks complaint still resolved,236.82444444444445
383,383,The road near the facility is damaged and causing accidents.,,Maintenance,Closed,CUST7895,2025-07-01 10:23:00,2025-07-10 07:57:42,2026-07-23 20:15:32,road near facility damaged causing accidents,213.57833333333335
384,384,No technician has visited despite multiple requests.,,Operations,Open,CUST5295,2025-09-25 09:04:00,,2026-07-23 20:15:32,technician visited despite multiple requests,
385,385,I was overcharged on my last bill and no one is responding.,Billing Issue,Billing,In Progress,CUST7806,2025-12-13 07:32:00,,2026-07-23 20:15:32,overcharged last bill one responding,
386,386,Very unprofessional behavior from the officer on duty.,,Customer Support,Resolved,CUST6077,2025-02-18 15:34:00,2025-02-21 18:08:28,2026-07-23 20:15:32,unprofessional behavior officer duty,74.57444444444444
387,387,My bill amount doubled this month without any explanation.,Billing Issue,Billing,In Progress,CUST2083,2025-12-05 13:34:00,,2026-07-23 20:15:32,bill amount doubled month without explanation,
388,388,I have been waiting since last month for this issue to be fixed.,,Operations,Open,CUST8118,2025-09-28 17:15:00,,2026-07-23 20:15:32,waiting since last month issue fixed,
389,389,The online payment portal charged me twice for the same bill.,Billing Issue,Billing,Closed,CUST2956,2025-08-10 08:42:00,2025-08-11 21:17:07,2026-07-23 20:15:32,online payment portal charged twice bill,36.585277777777776
390,390,My bill amount doubled this month without any explanation.,Billing Issue,Billing,Closed,CUST5247,2025-08-06 08:31:00,2025-08-08 19:48:45,2026-07-23 20:15:32,bill amount doubled month without explanation,59.295833333333334
391,391,My bill amount doubled this month without any explanation.,,Billing,Closed,CUST1480,2025-09-28 08:17:00,2025-09-30 18:43:05,2026-07-23 20:15:32,bill amount doubled month without explanation,58.43472222222222
392,392,I have been waiting since last month for this issue to be fixed.,Service Delay,Operations,Closed,CUST2262,2025-05-03 13:16:00,2025-05-10 14:56:34,2026-07-23 20:15:32,waiting since last month issue fixed,169.6761111111111
393,393,The staff member was polite and handled my issue very well.,Staff Behavior,Customer Support,Resolved,CUST5179,2025-05-16 11:54:00,2025-05-19 04:07:05,2026-07-23 20:15:32,staff member polite handled issue well,64.21805555555555
394,394,Thank you for quickly fixing the safety issue I reported earlier.,,Security,Closed,CUST1201,2025-08-04 16:14:00,2025-08-09 20:20:51,2026-07-23 20:15:32,thank quickly fixing safety issue reported earlier,124.11416666666666
395,395,I have been waiting since last month for this issue to be fixed.,Service Delay,Operations,Closed,CUST7870,2025-06-05 12:11:00,2025-06-09 03:42:55,2026-07-23 20:15:32,waiting since last month issue fixed,87.53194444444445
396,396,No technician has visited despite multiple requests.,,Operations,In Progress,CUST7108,2025-06-24 10:20:00,,2026-07-23 20:15:32,technician visited despite multiple requests,
397,397,I was overcharged on my last bill and no one is responding.,Billing Issue,Billing,Closed,CUST2129,2025-03-26 16:33:00,2025-03-26 21:43:39,2026-07-23 20:15:32,overcharged last bill one responding,5.1775
398,398,An official demanded a bribe before processing my documents.,Corruption/Bribery,Administration,Open,CUST7044,2025-09-10 13:20:00,,2026-07-23 20:15:32,official demanded bribe processing documents,
399,399,The online payment portal charged me twice for the same bill.,Billing Issue,Billing,In Progress,CUST9083,2025-09-24 09:39:00,,2026-07-23 20:15:32,online payment portal charged twice bill,
400,400,"Excellent service today, very satisfied with the response.",,Customer Support,Closed,CUST7718,2025-09-18 18:48:00,2025-09-20 02:45:44,2026-07-23 20:15:32,excellent service today satisfied response,31.962222222222223
401,401,The online payment portal charged me twice for the same bill.,Billing Issue,Billing,Closed,CUST1023,2025-05-27 18:44:00,2025-05-28 00:16:46,2026-07-23 20:15:32,online payment portal charged twice bill,5.546111111111111
402,402,Security personnel are not checking IDs properly at the gate.,Safety Concern,Security,Open,CUST4902,2025-10-24 14:19:00,,2026-07-23 20:15:32,security personnel checking ids properly gate,
403,403,It has been three weeks and my complaint is still not resolved.,,Operations,In Progress,CUST4792,2025-12-05 08:45:00,,2026-07-23 20:15:32,three weeks complaint still resolved,
404,404,There is clear favoritism and under-the-table dealing happening.,,Administration,Closed,CUST2565,2025-06-12 19:29:00,2025-06-15 08:46:05,2026-07-23 20:15:32,clear favoritism table dealing happening,61.28472222222222
405,405,Very unprofessional behavior from the officer on duty.,Staff Behavior,Customer Support,Resolved,CUST4879,2025-02-19 08:03:00,2025-02-23 16:59:24,2026-07-23 20:15:32,unprofessional behavior officer duty,104.94
406,406,The response time for service requests is unacceptably slow.,,Operations,Closed,CUST8417,2025-12-13 16:44:00,2025-12-19 23:06:24,2026-07-23 20:15:32,response time service requests unacceptably slow,150.37333333333333
407,407,It has been three weeks and my complaint is still not resolved.,,Operations,Closed,CUST2731,2025-12-05 18:49:00,2025-12-15 07:48:35,2026-07-23 20:15:32,three weeks complaint still resolved,228.99305555555554
408,408,Why is the late fee applied when I paid on time?,Billing Issue,Billing,Resolved,CUST8404,2025-05-04 16:34:00,2025-05-06 07:44:48,2026-07-23 20:15:32,late fee applied paid time,39.18
409,409,The response time for service requests is unacceptably slow.,,Operations,Closed,CUST1660,2025-10-03 09:10:00,2025-10-06 16:22:26,2026-07-23 20:15:32,response time service requests unacceptably slow,79.20722222222223
410,410,"There is a billing error, I already paid but it still shows unpaid.",Billing Issue,Billing,Closed,CUST1802,2025-03-23 15:15:00,2025-03-25 16:37:26,2026-07-23 20:15:32,billing error already paid still shows unpaid,49.37388888888889
411,411,The equipment at the site is old and frequently malfunctions.,Infrastructure,Maintenance,Closed,CUST5093,2025-10-06 16:01:00,2025-10-13 09:48:14,2026-07-23 20:15:32,equipment site old frequently malfunctions,161.78722222222223
412,412,I was overcharged on my last bill and no one is responding.,Billing Issue,Billing,Open,CUST4641,2025-10-05 17:07:00,,2026-07-23 20:15:32,overcharged last bill one responding,
413,413,Why is the late fee applied when I paid on time?,Billing Issue,Billing,Open,CUST2228,2025-06-21 10:41:00,,2026-07-23 20:15:32,late fee applied paid time,
414,414,I was overcharged on my last bill and no one is responding.,,Billing,Closed,CUST6432,2025-04-21 17:28:00,2025-04-23 12:17:06,2026-07-23 20:15:32,overcharged last bill one responding,42.818333333333335
415,415,Why is the late fee applied when I paid on time?,Billing Issue,Billing,Closed,CUST1483,2025-01-19 16:27:00,2025-01-20 21:39:27,2026-07-23 20:15:32,late fee applied paid time,29.2075
416,416,I have been waiting since last month for this issue to be fixed.,,Operations,In Progress,CUST3435,2025-03-07 08:58:00,,2026-07-23 20:15:32,waiting since last month issue fixed,
417,417,The online payment portal charged me twice for the same bill.,Billing Issue,Billing,Resolved,CUST8848,2025-08-21 09:18:00,2025-08-24 03:48:21,2026-07-23 20:15:32,online payment portal charged twice bill,66.50583333333333
418,418,"There is a billing error, I already paid but it still shows unpaid.",Billing Issue,Billing,Resolved,CUST5082,2025-06-14 14:12:00,2025-06-17 08:53:32,2026-07-23 20:15:32,billing error already paid still shows unpaid,66.69222222222223
419,419,The new infrastructure upgrade has improved things significantly.,Infrastructure,Maintenance,Closed,CUST8940,2025-10-13 15:50:00,2025-10-16 13:15:21,2026-07-23 20:15:32,new infrastructure upgrade improved things significantly,69.4225
420,420,Staff keep telling me to wait but nothing happens.,,Operations,In Progress,CUST4588,2025-07-13 10:17:00,,2026-07-23 20:15:32,staff keep telling wait nothing happens,
421,421,"There is a billing error, I already paid but it still shows unpaid.",Billing Issue,Billing,Resolved,CUST4813,2025-01-16 09:33:00,2025-01-18 14:56:40,2026-07-23 20:15:32,billing error already paid still shows unpaid,53.394444444444446
422,422,I want to thank the team for resolving my issue so quickly.,Appreciation,Customer Support,Resolved,CUST1916,2025-04-08 18:17:00,2025-04-09 01:12:27,2026-07-23 20:15:32,want thank team resolving issue quickly,6.924166666666666
423,423,No safety measures are in place despite previous warnings.,Safety Concern,Security,Resolved,CUST3846,2025-07-26 12:24:00,2025-08-01 12:15:27,2026-07-23 20:15:32,safety measures place despite previous warnings,143.8575
424,424,The online payment portal charged me twice for the same bill.,Billing Issue,Billing,Resolved,CUST6761,2025-05-24 20:44:00,2025-05-27 02:06:31,2026-07-23 20:15:32,online payment portal charged twice bill,53.375277777777775
425,425,"Excellent service today, very satisfied with the response.",Appreciation,Customer Support,Closed,CUST9064,2025-07-07 13:53:00,2025-07-08 03:04:43,2026-07-23 20:15:32,excellent service today satisfied response,13.195277777777777
426,426,I was treated very disrespectfully by the customer support agent.,,Customer Support,In Progress,CUST9625,2025-07-03 14:03:00,,2026-07-23 20:15:32,treated disrespectfully customer support agent,
427,427,The employee refused to help and was arguing instead of assisting.,Staff Behavior,Customer Support,Open,CUST6301,2025-11-07 02:51:00,,2026-07-23 20:15:32,employee refused help arguing instead assisting,
428,428,My bill amount doubled this month without any explanation.,Billing Issue,Billing,Open,CUST6978,2025-07-05 17:49:00,,2026-07-23 20:15:32,bill amount doubled month without explanation,
429,429,"The new online system has made things much easier, well done.",,Customer Support,Resolved,CUST6285,2025-08-22 19:25:00,2025-08-24 12:31:31,2026-07-23 20:15:32,new online system made things much easier well done,41.10861111111111
430,430,My bill amount doubled this month without any explanation.,Billing Issue,Billing,Resolved,CUST6198,2025-09-14 19:50:00,2025-09-17 07:09:59,2026-07-23 20:15:32,bill amount doubled month without explanation,59.33305555555555
431,431,The online payment portal charged me twice for the same bill.,Billing Issue,Billing,Resolved,CUST3872,2025-08-20 15:50:00,2025-08-22 20:38:16,2026-07-23 20:15:32,online payment portal charged twice bill,52.80444444444444
432,432,The response time for service requests is unacceptably slow.,Service Delay,Operations,Closed,CUST7415,2025-03-24 14:00:00,2025-03-27 07:17:30,2026-07-23 20:15:32,response time service requests unacceptably slow,65.29166666666667
433,433,There is clear favoritism and under-the-table dealing happening.,Corruption/Bribery,Administration,Closed,CUST4619,2025-01-20 11:20:00,2025-01-27 04:21:58,2026-07-23 20:15:32,clear favoritism table dealing happening,161.03277777777777
434,434,The road near the facility is damaged and causing accidents.,,Maintenance,Closed,CUST6234,2025-12-05 19:21:00,2025-12-14 11:21:27,2026-07-23 20:15:32,road near facility damaged causing accidents,208.0075
435,435,I was overcharged on my last bill and no one is responding.,,Billing,Closed,CUST1186,2025-10-22 12:40:00,2025-10-26 13:24:34,2026-07-23 20:15:32,overcharged last bill one responding,96.74277777777777
436,436,No technician has visited despite multiple requests.,Service Delay,Operations,Closed,CUST1788,2025-08-12 11:16:00,2025-08-18 12:24:59,2026-07-23 20:15:32,technician visited despite multiple requests,145.1497222222222
437,437,I have been waiting since last month for this issue to be fixed.,Service Delay,Operations,Closed,CUST7149,2025-12-14 06:31:00,2025-12-21 09:55:28,2026-07-23 20:15:32,waiting since last month issue fixed,171.40777777777777
438,438,Why is the late fee applied when I paid on time?,,Billing,Closed,CUST8393,2025-09-19 00:41:00,2025-09-20 13:29:36,2026-07-23 20:15:32,late fee applied paid time,36.81
439,439,I was overcharged on my last bill and no one is responding.,,Billing,Closed,CUST3787,2025-05-11 10:16:00,2025-05-14 02:37:47,2026-07-23 20:15:32,overcharged last bill one responding,64.36305555555556
440,440,I was asked to pay extra money to get my work done faster.,,Administration,Closed,CUST8909,2025-09-18 19:57:00,2025-09-19 06:42:20,2026-07-23 20:15:32,asked pay extra money get work done faster,10.755555555555556
441,441,Poor maintenance of the facility is causing repeated problems.,,Maintenance,Closed,CUST2659,2025-12-06 10:38:00,2025-12-19 00:14:36,2026-07-23 20:15:32,poor maintenance facility causing repeated problems,301.61
442,442,No technician has visited despite multiple requests.,Service Delay,Operations,Closed,CUST5612,2025-06-18 12:46:00,2025-06-21 21:28:47,2026-07-23 20:15:32,technician visited despite multiple requests,80.71305555555556
443,443,It has been three weeks and my complaint is still not resolved.,,Operations,Closed,CUST6911,2025-01-19 09:35:00,2025-01-22 03:33:47,2026-07-23 20:15:32,three weeks complaint still resolved,65.97972222222222
444,444,I was overcharged on my last bill and no one is responding.,,Billing,Resolved,CUST1421,2025-05-22 09:40:00,2025-05-24 06:48:18,2026-07-23 20:15:32,overcharged last bill one responding,45.138333333333335
445,445,"There is a billing error, I already paid but it still shows unpaid.",Billing Issue,Billing,Open,CUST8715,2025-12-16 13:54:00,,2026-07-23 20:15:32,billing error already paid still shows unpaid,
446,446,The employee refused to help and was arguing instead of assisting.,Staff Behavior,Customer Support,In Progress,CUST7052,2025-02-18 11:24:00,,2026-07-23 20:15:32,employee refused help arguing instead assisting,
447,447,I was overcharged on my last bill and no one is responding.,,Billing,In Progress,CUST2009,2025-04-15 18:16:00,,2026-07-23 20:15:32,overcharged last bill one responding,
448,448,I was overcharged on my last bill and no one is responding.,Billing Issue,Billing,Resolved,CUST4727,2025-02-12 11:51:00,2025-02-15 23:20:59,2026-07-23 20:15:32,overcharged last bill one responding,83.49972222222222
449,449,Very unprofessional behavior from the officer on duty.,Staff Behavior,Customer Support,Closed,CUST4860,2025-10-14 01:34:00,2025-10-18 10:00:42,2026-07-23 20:15:32,unprofessional behavior officer duty,104.445
450,450,The staff at the counter was extremely rude to me today.,Staff Behavior,Customer Support,Open,CUST9467,2025-06-28 15:45:00,,2026-07-23 20:15:32,staff counter extremely rude today,
451,451,Thank you for quickly fixing the safety issue I reported earlier.,Safety Concern,Security,In Progress,CUST4471,2025-03-25 09:28:00,,2026-07-23 20:15:32,thank quickly fixing safety issue reported earlier,
452,452,No safety measures are in place despite previous warnings.,Safety Concern,Security,Resolved,CUST3422,2025-01-03 21:43:00,2025-01-07 06:02:12,2026-07-23 20:15:32,safety measures place despite previous warnings,80.32
453,453,An official demanded a bribe before processing my documents.,,Administration,Closed,CUST7510,2025-05-24 07:58:00,2025-05-27 19:34:30,2026-07-23 20:15:32,official demanded bribe processing documents,83.60833333333333
454,454,The employee refused to help and was arguing instead of assisting.,Staff Behavior,Customer Support,Closed,CUST9561,2025-07-28 23:00:00,2025-08-04 01:06:45,2026-07-23 20:15:32,employee refused help arguing instead assisting,146.1125
455,455,There are serious safety hazards at the site that need urgent attention.,Safety Concern,Security,Resolved,CUST2641,2025-06-05 07:36:00,2025-06-09 03:43:54,2026-07-23 20:15:32,serious safety hazards site need urgent attention,92.13166666666666
456,456,I want to thank the team for resolving my issue so quickly.,Appreciation,Customer Support,Closed,CUST5327,2025-09-28 16:34:00,2025-09-29 18:28:05,2026-07-23 20:15:32,want thank team resolving issue quickly,25.90138888888889
457,457,I have been waiting since last month for this issue to be fixed.,Service Delay,Operations,In Progress,CUST7581,2025-07-16 09:02:00,,2026-07-23 20:15:32,waiting since last month issue fixed,
458,458,"There is a billing error, I already paid but it still shows unpaid.",,Billing,Resolved,CUST7102,2025-08-02 09:47:00,2025-08-04 07:00:41,2026-07-23 20:15:32,billing error already paid still shows unpaid,45.22805555555556
459,459,"There is a billing error, I already paid but it still shows unpaid.",Billing Issue,Billing,Closed,CUST4734,2025-05-27 05:31:00,2025-05-31 06:51:33,2026-07-23 20:15:32,billing error already paid still shows unpaid,97.3425
460,460,Why is the late fee applied when I paid on time?,Billing Issue,Billing,Closed,CUST2462,2025-09-11 07:17:00,2025-09-12 10:01:36,2026-07-23 20:15:32,late fee applied paid time,26.743333333333332
461,461,My bill amount doubled this month without any explanation.,Billing Issue,Billing,Resolved,CUST7126,2025-11-14 16:47:00,2025-11-17 19:26:38,2026-07-23 20:15:32,bill amount doubled month without explanation,74.66055555555556
462,462,There is clear favoritism and under-the-table dealing happening.,Corruption/Bribery,Administration,Closed,CUST9589,2025-09-03 12:19:00,2025-09-03 13:19:00,2026-07-23 20:15:32,clear favoritism table dealing happening,1.0
463,463,I was asked to pay extra money to get my work done faster.,,Administration,Closed,CUST8478,2025-03-27 11:12:00,2025-03-30 18:32:53,2026-07-23 20:15:32,asked pay extra money get work done faster,79.34805555555556
464,464,"There is a billing error, I already paid but it still shows unpaid.",Billing Issue,Billing,Closed,CUST3029,2025-08-09 09:23:00,2025-08-11 13:17:39,2026-07-23 20:15:32,billing error already paid still shows unpaid,51.910833333333336
465,465,There is a major leakage that has not been fixed for weeks.,Infrastructure,Maintenance,In Progress,CUST6730,2025-06-20 17:28:00,,2026-07-23 20:15:32,major leakage fixed weeks,
466,466,The response time for service requests is unacceptably slow.,Service Delay,Operations,In Progress,CUST3669,2025-09-23 20:05:00,,2026-07-23 20:15:32,response time service requests unacceptably slow,
467,467,I was asked to pay extra money to get my work done faster.,,Administration,Closed,CUST7709,2025-10-21 11:14:00,2025-10-29 19:13:36,2026-07-23 20:15:32,asked pay extra money get work done faster,199.99333333333334
468,468,The staff at the counter was extremely rude to me today.,Staff Behavior,Customer Support,In Progress,CUST4666,2025-07-05 11:41:00,,2026-07-23 20:15:32,staff counter extremely rude today,
469,469,The response time for service requests is unacceptably slow.,Service Delay,Operations,In Progress,CUST6713,2025-09-23 04:41:00,,2026-07-23 20:15:32,response time service requests unacceptably slow,
470,470,I was treated very disrespectfully by the customer support agent.,Staff Behavior,Customer Support,Closed,CUST2676,2025-06-22 08:33:00,2025-06-23 18:20:44,2026-07-23 20:15:32,treated disrespectfully customer support agent,33.79555555555555
471,471,"There is a billing error, I already paid but it still shows unpaid.",Billing Issue,Billing,In Progress,CUST8892,2025-07-20 15:38:00,,2026-07-23 20:15:32,billing error already paid still shows unpaid,
472,472,"There is a billing error, I already paid but it still shows unpaid.",Billing Issue,Billing,In Progress,CUST5895,2025-08-28 14:17:00,,2026-07-23 20:15:32,billing error already paid still shows unpaid,
473,473,The online payment portal charged me twice for the same bill.,Billing Issue,Billing,Closed,CUST7620,2025-09-02 04:51:00,2025-09-03 15:19:27,2026-07-23 20:15:32,online payment portal charged twice bill,34.47416666666667
474,474,There is a major leakage that has not been fixed for weeks.,,Maintenance,Closed,CUST7857,2025-09-21 15:31:00,2025-09-27 13:15:05,2026-07-23 20:15:32,major leakage fixed weeks,141.73472222222222
475,475,It has been three weeks and my complaint is still not resolved.,Service Delay,Operations,In Progress,CUST4643,2025-07-19 03:52:00,,2026-07-23 20:15:32,three weeks complaint still resolved,
476,476,Poor maintenance of the facility is causing repeated problems.,Infrastructure,Maintenance,Resolved,CUST3967,2025-11-22 08:22:00,2025-11-28 22:24:18,2026-07-23 20:15:32,poor maintenance facility causing repeated problems,158.03833333333333
477,477,I have been waiting since last month for this issue to be fixed.,Service Delay,Operations,Closed,CUST3999,2025-03-09 14:46:00,2025-03-15 14:15:23,2026-07-23 20:15:32,waiting since last month issue fixed,143.4897222222222
478,478,"The new online system has made things much easier, well done.",Appreciation,Customer Support,In Progress,CUST7889,2025-08-08 09:22:00,,2026-07-23 20:15:32,new online system made things much easier well done,
479,479,I witnessed a near-accident due to lack of proper signage.,,Security,Resolved,CUST1879,2025-06-19 08:18:00,2025-06-24 07:35:56,2026-07-23 20:15:32,witnessed near accident due lack proper signage,119.29888888888888
480,480,There is clear favoritism and under-the-table dealing happening.,,Administration,Resolved,CUST2963,2025-07-20 17:04:00,2025-07-24 14:38:30,2026-07-23 20:15:32,clear favoritism table dealing happening,93.575
481,481,An official demanded a bribe before processing my documents.,,Administration,Closed,CUST4281,2025-07-14 17:03:00,2025-07-25 01:50:01,2026-07-23 20:15:32,official demanded bribe processing documents,248.7836111111111
482,482,Staff keep telling me to wait but nothing happens.,Service Delay,Operations,In Progress,CUST2324,2025-11-15 09:09:00,,2026-07-23 20:15:32,staff keep telling wait nothing happens,
483,483,I was treated very disrespectfully by the customer support agent.,,Customer Support,Resolved,CUST3762,2025-05-02 10:00:00,2025-05-04 04:59:44,2026-07-23 20:15:32,treated disrespectfully customer support agent,42.995555555555555
484,484,There is a major leakage that has not been fixed for weeks.,Infrastructure,Maintenance,Open,CUST8035,2025-07-25 18:49:00,,2026-07-23 20:15:32,major leakage fixed weeks,
485,485,I have been waiting since last month for this issue to be fixed.,Service Delay,Operations,In Progress,CUST1230,2025-06-02 01:34:00,,2026-07-23 20:15:32,waiting since last month issue fixed,
486,486,There is clear favoritism and under-the-table dealing happening.,,Administration,Resolved,CUST6641,2025-03-22 07:00:00,2025-03-29 08:34:04,2026-07-23 20:15:32,clear favoritism table dealing happening,169.5677777777778
487,487,It has been three weeks and my complaint is still not resolved.,Service Delay,Operations,In Progress,CUST5885,2025-06-19 11:19:00,,2026-07-23 20:15:32,three weeks complaint still resolved,
488,488,"Great job by the support team, issue resolved within a day.",Appreciation,Customer Support,In Progress,CUST3192,2025-09-20 18:33:00,,2026-07-23 20:15:32,great job support team issue resolved within day,
489,489,I have been waiting since last month for this issue to be fixed.,Service Delay,Operations,Closed,CUST7609,2025-05-07 16:10:00,2025-05-10 04:06:47,2026-07-23 20:15:32,waiting since last month issue fixed,59.94638888888889
490,490,My bill amount doubled this month without any explanation.,Billing Issue,Billing,Closed,CUST3768,2025-09-05 10:13:00,2025-09-06 20:41:35,2026-07-23 20:15:32,bill amount doubled month without explanation,34.47638888888889
491,491,I was overcharged on my last bill and no one is responding.,Billing Issue,Billing,Closed,CUST1785,2025-06-21 14:16:00,2025-06-22 11:13:27,2026-07-23 20:15:32,overcharged last bill one responding,20.9575
492,492,The road near the facility is damaged and causing accidents.,,Maintenance,Resolved,CUST5140,2025-01-04 10:26:00,2025-01-08 11:59:56,2026-07-23 20:15:32,road near facility damaged causing accidents,97.56555555555556
493,493,I was treated very disrespectfully by the customer support agent.,Staff Behavior,Customer Support,Open,CUST2654,2025-04-22 13:40:00,,2026-07-23 20:15:32,treated disrespectfully customer support agent,
494,494,The equipment at the site is old and frequently malfunctions.,Infrastructure,Maintenance,Resolved,CUST9381,2025-08-23 12:08:00,2025-09-06 16:31:00,2026-07-23 20:15:32,equipment site old frequently malfunctions,340.3833333333333
495,495,The road near the facility is damaged and causing accidents.,Infrastructure,Maintenance,Resolved,CUST5308,2025-05-26 10:06:00,2025-06-06 23:50:44,2026-07-23 20:15:32,road near facility damaged causing accidents,277.74555555555554
496,496,I was asked to pay extra money to get my work done faster.,Corruption/Bribery,Administration,In Progress,CUST4402,2025-05-14 16:18:00,,2026-07-23 20:15:32,asked pay extra money get work done faster,
497,497,Poor maintenance of the facility is causing repeated problems.,Infrastructure,Maintenance,Closed,CUST9095,2025-05-01 11:00:00,2025-05-09 16:31:24,2026-07-23 20:15:32,poor maintenance facility causing repeated problems,197.52333333333334
498,498,I was overcharged on my last bill and no one is responding.,Billing Issue,Billing,Closed,CUST4787,2025-09-03 03:46:00,2025-09-05 09:40:35,2026-07-23 20:15:32,overcharged last bill one responding,53.90972222222222
499,499,The employee refused to help and was arguing instead of assisting.,Staff Behavior,Customer Support,Closed,CUST5760,2025-04-02 14:06:00,2025-04-03 12:50:49,2026-07-23 20:15:32,employee refused help arguing instead assisting,22.746944444444445
500,500,The response time for service requests is unacceptably slow.,Service Delay,Operations,Closed,CUST1158,2025-06-04 09:06:00,2025-06-09 17:18:05,2026-07-23 20:15:32,response time service requests unacceptably slow,128.20138888888889
501,501,There is clear favoritism and under-the-table dealing happening.,Corruption/Bribery,Administration,Closed,CUST5395,2025-08-11 22:22:00,2025-08-17 17:19:39,2026-07-23 20:15:32,clear favoritism table dealing happening,138.96083333333334
502,502,I was asked to pay extra money to get my work done faster.,Corruption/Bribery,Administration,Open,CUST8479,2025-06-11 13:11:00,,2026-07-23 20:15:32,asked pay extra money get work done faster,
503,503,I have been waiting since last month for this issue to be fixed.,Service Delay,Operations,Resolved,CUST3732,2025-08-16 09:51:00,2025-08-18 03:37:46,2026-07-23 20:15:32,waiting since last month issue fixed,41.779444444444444
504,504,I was overcharged on my last bill and no one is responding.,Billing Issue,Billing,Open,CUST8908,2025-12-28 13:10:00,,2026-07-23 20:15:32,overcharged last bill one responding,
505,505,Security personnel are not checking IDs properly at the gate.,,Security,Resolved,CUST3140,2025-03-13 14:49:00,2025-03-18 04:41:01,2026-07-23 20:15:32,security personnel checking ids properly gate,109.86694444444444
506,506,Very unprofessional behavior from the officer on duty.,,Customer Support,Open,CUST6148,2025-02-14 17:28:00,,2026-07-23 20:15:32,unprofessional behavior officer duty,
507,507,The online payment portal charged me twice for the same bill.,Billing Issue,Billing,Resolved,CUST6542,2025-09-19 09:46:00,2025-09-22 16:52:51,2026-07-23 20:15:32,online payment portal charged twice bill,79.11416666666666
508,508,The staff member was polite and handled my issue very well.,,Customer Support,In Progress,CUST7305,2025-02-22 15:46:00,,2026-07-23 20:15:32,staff member polite handled issue well,
509,509,The online payment portal charged me twice for the same bill.,Billing Issue,Billing,Open,CUST9283,2025-11-20 09:03:00,,2026-07-23 20:15:32,online payment portal charged twice bill,
510,510,An official demanded a bribe before processing my documents.,,Administration,Resolved,CUST5557,2025-11-03 18:48:00,2025-11-13 23:01:46,2026-07-23 20:15:32,official demanded bribe processing documents,244.22944444444445
511,511,My bill amount doubled this month without any explanation.,,Billing,Closed,CUST8277,2025-07-13 11:25:00,2025-07-15 18:46:55,2026-07-23 20:15:32,bill amount doubled month without explanation,55.36527777777778
512,512,Security personnel are not checking IDs properly at the gate.,Safety Concern,Security,In Progress,CUST1291,2025-02-16 06:28:00,,2026-07-23 20:15:32,security personnel checking ids properly gate,
513,513,Why is the late fee applied when I paid on time?,Billing Issue,Billing,Closed,CUST5990,2025-01-18 08:00:00,2025-01-18 10:30:04,2026-07-23 20:15:32,late fee applied paid time,2.5011111111111113
514,514,There is clear favoritism and under-the-table dealing happening.,Corruption/Bribery,Administration,Closed,CUST1889,2025-04-22 15:29:00,2025-04-29 08:41:21,2026-07-23 20:15:32,clear favoritism table dealing happening,161.20583333333335
515,515,Security personnel are not checking IDs properly at the gate.,Safety Concern,Security,Resolved,CUST6952,2025-05-25 09:39:00,2025-05-28 00:27:22,2026-07-23 20:15:32,security personnel checking ids properly gate,62.806111111111115
516,516,The road near the facility is damaged and causing accidents.,Infrastructure,Maintenance,Open,CUST5783,2025-02-22 11:14:00,,2026-07-23 20:15:32,road near facility damaged causing accidents,
517,517,The employee refused to help and was arguing instead of assisting.,,Customer Support,In Progress,CUST7704,2025-08-02 10:57:00,,2026-07-23 20:15:32,employee refused help arguing instead assisting,
518,518,The online payment portal charged me twice for the same bill.,,Billing,Closed,CUST4122,2025-04-04 11:59:00,2025-04-05 17:14:47,2026-07-23 20:15:32,online payment portal charged twice bill,29.263055555555557
519,519,The road near the facility is damaged and causing accidents.,Infrastructure,Maintenance,Resolved,CUST3018,2025-09-02 13:59:00,2025-09-14 10:16:28,2026-07-23 20:15:32,road near facility damaged causing accidents,284.2911111111111
520,520,Security personnel are not checking IDs properly at the gate.,Safety Concern,Security,Open,CUST9689,2025-06-19 12:32:00,,2026-07-23 20:15:32,security personnel checking ids properly gate,
521,521,Thank you for quickly fixing the safety issue I reported earlier.,Safety Concern,Security,Resolved,CUST3903,2025-12-27 15:37:00,2025-12-31 13:02:53,2026-07-23 20:15:32,thank quickly fixing safety issue reported earlier,93.43138888888889
522,522,There is a major leakage that has not been fixed for weeks.,Infrastructure,Maintenance,Resolved,CUST6273,2025-09-05 09:06:00,2025-09-14 07:25:22,2026-07-23 20:15:32,major leakage fixed weeks,214.3227777777778
523,523,Very unprofessional behavior from the officer on duty.,,Customer Support,Closed,CUST7518,2025-06-20 05:58:00,2025-06-23 23:27:52,2026-07-23 20:15:32,unprofessional behavior officer duty,89.49777777777778
524,524,"The new online system has made things much easier, well done.",Appreciation,Customer Support,Resolved,CUST9393,2025-06-05 06:08:00,2025-06-05 15:32:57,2026-07-23 20:15:32,new online system made things much easier well done,9.415833333333333
525,525,Staff keep telling me to wait but nothing happens.,Service Delay,Operations,Closed,CUST4291,2025-10-23 12:47:00,2025-10-25 03:41:04,2026-07-23 20:15:32,staff keep telling wait nothing happens,38.90111111111111
526,526,"There is a billing error, I already paid but it still shows unpaid.",Billing Issue,Billing,Closed,CUST3913,2025-08-22 16:08:00,2025-08-25 11:05:09,2026-07-23 20:15:32,billing error already paid still shows unpaid,66.9525
527,527,The employee refused to help and was arguing instead of assisting.,Staff Behavior,Customer Support,Resolved,CUST7839,2025-09-25 08:22:00,2025-09-28 13:32:46,2026-07-23 20:15:32,employee refused help arguing instead assisting,77.17944444444444
528,528,The new infrastructure upgrade has improved things significantly.,Infrastructure,Maintenance,Closed,CUST1414,2025-05-28 12:27:00,2025-06-04 17:39:42,2026-07-23 20:15:32,new infrastructure upgrade improved things significantly,173.21166666666667
529,529,It has been three weeks and my complaint is still not resolved.,,Operations,Closed,CUST5695,2025-08-07 15:17:00,2025-08-09 12:30:05,2026-07-23 20:15:32,three weeks complaint still resolved,45.21805555555556
530,530,There is a major leakage that has not been fixed for weeks.,Infrastructure,Maintenance,In Progress,CUST1529,2025-10-23 16:50:00,,2026-07-23 20:15:32,major leakage fixed weeks,
531,531,I have been waiting since last month for this issue to be fixed.,Service Delay,Operations,Closed,CUST7371,2025-02-28 16:43:00,2025-03-04 21:29:54,2026-07-23 20:15:32,waiting since last month issue fixed,100.78166666666667
532,532,The response time for service requests is unacceptably slow.,Service Delay,Operations,Resolved,CUST6122,2025-08-02 15:59:00,2025-08-08 21:49:48,2026-07-23 20:15:32,response time service requests unacceptably slow,149.84666666666666
533,533,I want to thank the team for resolving my issue so quickly.,Appreciation,Customer Support,Resolved,CUST8259,2025-01-09 11:12:00,2025-01-09 20:07:33,2026-07-23 20:15:32,want thank team resolving issue quickly,8.925833333333333
534,534,There is clear favoritism and under-the-table dealing happening.,Corruption/Bribery,Administration,Closed,CUST4218,2025-08-21 07:23:00,2025-08-27 08:55:02,2026-07-23 20:15:32,clear favoritism table dealing happening,145.5338888888889
535,535,No safety measures are in place despite previous warnings.,Safety Concern,Security,Open,CUST9418,2025-05-06 09:43:00,,2026-07-23 20:15:32,safety measures place despite previous warnings,
536,536,I was overcharged on my last bill and no one is responding.,Billing Issue,Billing,Open,CUST5178,2025-06-18 13:16:00,,2026-07-23 20:15:32,overcharged last bill one responding,
537,537,Why is the late fee applied when I paid on time?,,Billing,In Progress,CUST1833,2025-09-05 17:02:00,,2026-07-23 20:15:32,late fee applied paid time,
538,538,Thank you for quickly fixing the safety issue I reported earlier.,Safety Concern,Security,Closed,CUST2194,2025-10-10 15:31:00,2025-10-15 07:51:39,2026-07-23 20:15:32,thank quickly fixing safety issue reported earlier,112.34416666666667
539,539,I witnessed a near-accident due to lack of proper signage.,Safety Concern,Security,Open,CUST7814,2025-07-06 16:33:00,,2026-07-23 20:15:32,witnessed near accident due lack proper signage,
540,540,Very unprofessional behavior from the officer on duty.,,Customer Support,In Progress,CUST6911,2025-02-08 14:56:00,,2026-07-23 20:15:32,unprofessional behavior officer duty,
541,541,Staff keep telling me to wait but nothing happens.,Service Delay,Operations,Closed,CUST2879,2025-07-18 15:52:00,2025-07-22 18:05:12,2026-07-23 20:15:32,staff keep telling wait nothing happens,98.22
542,542,Poor maintenance of the facility is causing repeated problems.,,Maintenance,Closed,CUST1653,2025-04-21 12:39:00,2025-05-01 23:17:07,2026-07-23 20:15:32,poor maintenance facility causing repeated problems,250.6352777777778
543,543,The equipment at the site is old and frequently malfunctions.,Infrastructure,Maintenance,Resolved,CUST5633,2025-06-26 09:07:00,2025-07-07 10:35:43,2026-07-23 20:15:32,equipment site old frequently malfunctions,265.4786111111111
544,544,The online payment portal charged me twice for the same bill.,Billing Issue,Billing,Closed,CUST1718,2025-10-12 05:32:00,2025-10-14 08:06:11,2026-07-23 20:15:32,online payment portal charged twice bill,50.569722222222225
545,545,No technician has visited despite multiple requests.,Service Delay,Operations,In Progress,CUST9814,2025-05-03 15:06:00,,2026-07-23 20:15:32,technician visited despite multiple requests,
546,546,The staff at the counter was extremely rude to me today.,Staff Behavior,Customer Support,In Progress,CUST2702,2025-04-21 10:49:00,,2026-07-23 20:15:32,staff counter extremely rude today,
547,547,Why is the late fee applied when I paid on time?,,Billing,Closed,CUST6434,2025-08-03 19:47:00,2025-08-06 17:27:41,2026-07-23 20:15:32,late fee applied paid time,69.67805555555556
548,548,I was overcharged on my last bill and no one is responding.,Billing Issue,Billing,Resolved,CUST4729,2025-01-26 17:16:00,2025-01-28 15:43:21,2026-07-23 20:15:32,overcharged last bill one responding,46.45583333333333
549,549,"Great job by the support team, issue resolved within a day.",,Customer Support,Resolved,CUST2938,2025-06-21 10:25:00,2025-06-21 20:55:37,2026-07-23 20:15:32,great job support team issue resolved within day,10.510277777777778
550,550,The staff member was polite and handled my issue very well.,Staff Behavior,Customer Support,Open,CUST6860,2025-02-24 08:37:00,,2026-07-23 20:15:32,staff member polite handled issue well,
551,551,I want to thank the team for resolving my issue so quickly.,,Customer Support,Resolved,CUST8170,2025-05-22 07:19:00,2025-05-23 12:07:35,2026-07-23 20:15:32,want thank team resolving issue quickly,28.809722222222224
552,552,It has been three weeks and my complaint is still not resolved.,Service Delay,Operations,Open,CUST9941,2025-07-18 15:14:00,,2026-07-23 20:15:32,three weeks complaint still resolved,
553,553,No technician has visited despite multiple requests.,Service Delay,Operations,Closed,CUST1182,2025-05-26 10:55:00,2025-05-30 22:23:14,2026-07-23 20:15:32,technician visited despite multiple requests,107.47055555555555
554,554,The staff member was polite and handled my issue very well.,Staff Behavior,Customer Support,Resolved,CUST9970,2025-03-02 10:00:00,2025-03-05 13:53:15,2026-07-23 20:15:32,staff member polite handled issue well,75.8875
555,555,"The new online system has made things much easier, well done.",,Customer Support,Closed,CUST9397,2025-04-24 13:57:00,2025-04-25 07:42:15,2026-07-23 20:15:32,new online system made things much easier well done,17.754166666666666
556,556,My bill amount doubled this month without any explanation.,,Billing,In Progress,CUST1891,2025-04-27 14:16:00,,2026-07-23 20:15:32,bill amount doubled month without explanation,
557,557,There is clear favoritism and under-the-table dealing happening.,,Administration,In Progress,CUST2608,2025-06-18 18:04:00,,2026-07-23 20:15:32,clear favoritism table dealing happening,
558,558,The online payment portal charged me twice for the same bill.,Billing Issue,Billing,Open,CUST2639,2025-07-11 14:22:00,,2026-07-23 20:15:32,online payment portal charged twice bill,
559,559,It has been three weeks and my complaint is still not resolved.,Service Delay,Operations,Resolved,CUST6008,2025-11-11 09:31:00,2025-11-18 11:36:24,2026-07-23 20:15:32,three weeks complaint still resolved,170.09
560,560,There is a major leakage that has not been fixed for weeks.,Infrastructure,Maintenance,In Progress,CUST1079,2025-07-12 04:51:00,,2026-07-23 20:15:32,major leakage fixed weeks,
561,561,No technician has visited despite multiple requests.,Service Delay,Operations,In Progress,CUST6432,2025-09-21 17:27:00,,2026-07-23 20:15:32,technician visited despite multiple requests,
562,562,An official demanded a bribe before processing my documents.,,Administration,Resolved,CUST2343,2025-06-25 03:19:00,2025-07-01 14:15:13,2026-07-23 20:15:32,official demanded bribe processing documents,154.93694444444444
563,563,I was asked to pay extra money to get my work done faster.,Corruption/Bribery,Administration,Closed,CUST2235,2025-11-07 19:16:00,2025-11-16 17:11:43,2026-07-23 20:15:32,asked pay extra money get work done faster,213.9286111111111
564,564,There is clear favoritism and under-the-table dealing happening.,Corruption/Bribery,Administration,Resolved,CUST4485,2025-08-27 16:37:00,2025-09-01 15:34:45,2026-07-23 20:15:32,clear favoritism table dealing happening,118.9625
565,565,"The new online system has made things much easier, well done.",,Customer Support,Closed,CUST7430,2025-07-18 12:30:00,2025-07-20 02:01:47,2026-07-23 20:15:32,new online system made things much easier well done,37.52972222222222
566,566,Staff keep telling me to wait but nothing happens.,Service Delay,Operations,Resolved,CUST7500,2025-09-10 14:08:00,2025-09-14 16:44:57,2026-07-23 20:15:32,staff keep telling wait nothing happens,98.61583333333333
567,567,It has been three weeks and my complaint is still not resolved.,Service Delay,Operations,Closed,CUST9423,2025-08-28 11:51:00,2025-09-05 09:36:44,2026-07-23 20:15:32,three weeks complaint still resolved,189.76222222222222
568,568,My bill amount doubled this month without any explanation.,,Billing,Closed,CUST8921,2025-03-19 15:42:00,2025-03-21 07:37:56,2026-07-23 20:15:32,bill amount doubled month without explanation,39.93222222222222
569,569,I want to thank the team for resolving my issue so quickly.,Appreciation,Customer Support,Open,CUST1701,2025-04-16 11:14:00,,2026-07-23 20:15:32,want thank team resolving issue quickly,
570,570,The new infrastructure upgrade has improved things significantly.,Infrastructure,Maintenance,Resolved,CUST1760,2025-11-12 10:24:00,2025-11-19 19:51:26,2026-07-23 20:15:32,new infrastructure upgrade improved things significantly,177.4572222222222
571,571,"There is a billing error, I already paid but it still shows unpaid.",Billing Issue,Billing,Closed,CUST5314,2025-02-17 10:40:00,2025-02-17 21:32:24,2026-07-23 20:15:32,billing error already paid still shows unpaid,10.873333333333333
572,572,The new infrastructure upgrade has improved things significantly.,Infrastructure,Maintenance,Resolved,CUST2275,2025-03-21 15:24:00,2025-03-25 22:48:30,2026-07-23 20:15:32,new infrastructure upgrade improved things significantly,103.40833333333333
573,573,Very unprofessional behavior from the officer on duty.,Staff Behavior,Customer Support,Resolved,CUST6653,2025-12-08 09:33:00,2025-12-11 04:46:37,2026-07-23 20:15:32,unprofessional behavior officer duty,67.22694444444444
574,574,Very unprofessional behavior from the officer on duty.,Staff Behavior,Customer Support,Closed,CUST4768,2025-11-01 18:32:00,2025-11-03 18:45:23,2026-07-23 20:15:32,unprofessional behavior officer duty,48.223055555555554
575,575,"There is a billing error, I already paid but it still shows unpaid.",Billing Issue,Billing,Resolved,CUST2938,2025-04-06 20:10:00,2025-04-10 16:30:48,2026-07-23 20:15:32,billing error already paid still shows unpaid,92.34666666666666
576,576,Poor maintenance of the facility is causing repeated problems.,Infrastructure,Maintenance,Resolved,CUST4452,2025-10-24 08:07:00,2025-10-30 11:00:17,2026-07-23 20:15:32,poor maintenance facility causing repeated problems,146.88805555555555
577,577,Poor maintenance of the facility is causing repeated problems.,,Maintenance,Resolved,CUST9399,2025-01-02 23:08:00,2025-01-15 04:30:05,2026-07-23 20:15:32,poor maintenance facility causing repeated problems,293.36805555555554
578,578,The online payment portal charged me twice for the same bill.,Billing Issue,Billing,Closed,CUST7642,2025-03-06 13:16:00,2025-03-09 20:23:31,2026-07-23 20:15:32,online payment portal charged twice bill,79.12527777777778
579,579,The new infrastructure upgrade has improved things significantly.,,Maintenance,Closed,CUST2404,2025-08-24 09:46:00,2025-08-31 00:21:50,2026-07-23 20:15:32,new infrastructure upgrade improved things significantly,158.59722222222223
580,580,The online payment portal charged me twice for the same bill.,Billing Issue,Billing,In Progress,CUST3338,2025-12-28 09:30:00,,2026-07-23 20:15:32,online payment portal charged twice bill,
581,581,No safety measures are in place despite previous warnings.,Safety Concern,Security,In Progress,CUST8429,2025-08-17 16:16:00,,2026-07-23 20:15:32,safety measures place despite previous warnings,
582,582,The road near the facility is damaged and causing accidents.,,Maintenance,Open,CUST9263,2025-04-13 10:08:00,,2026-07-23 20:15:32,road near facility damaged causing accidents,
583,583,There is a major leakage that has not been fixed for weeks.,Infrastructure,Maintenance,Closed,CUST9706,2025-08-06 06:30:00,2025-08-12 14:35:09,2026-07-23 20:15:32,major leakage fixed weeks,152.08583333333334
584,584,The staff at the counter was extremely rude to me today.,Staff Behavior,Customer Support,Closed,CUST1019,2025-02-22 21:08:00,2025-02-27 14:02:37,2026-07-23 20:15:32,staff counter extremely rude today,112.91027777777778
585,585,There is clear favoritism and under-the-table dealing happening.,,Administration,Resolved,CUST9680,2025-08-17 15:26:00,2025-08-22 11:11:18,2026-07-23 20:15:32,clear favoritism table dealing happening,115.755
586,586,Very unprofessional behavior from the officer on duty.,Staff Behavior,Customer Support,Resolved,CUST2600,2025-09-13 08:22:00,2025-09-15 16:27:45,2026-07-23 20:15:32,unprofessional behavior officer duty,56.09583333333333
587,587,The employee refused to help and was arguing instead of assisting.,,Customer Support,Closed,CUST9908,2025-07-08 09:58:00,2025-07-12 04:11:42,2026-07-23 20:15:32,employee refused help arguing instead assisting,90.22833333333334
588,588,No technician has visited despite multiple requests.,Service Delay,Operations,Open,CUST9515,2025-01-24 13:50:00,,2026-07-23 20:15:32,technician visited despite multiple requests,
589,589,My bill amount doubled this month without any explanation.,,Billing,Resolved,CUST5155,2025-08-11 14:26:00,2025-08-12 22:18:11,2026-07-23 20:15:32,bill amount doubled month without explanation,31.869722222222222
590,590,Staff keep telling me to wait but nothing happens.,Service Delay,Operations,In Progress,CUST4337,2025-06-12 17:39:00,,2026-07-23 20:15:32,staff keep telling wait nothing happens,
591,591,Staff keep telling me to wait but nothing happens.,,Operations,Resolved,CUST6024,2025-07-12 10:35:00,2025-07-17 18:29:19,2026-07-23 20:15:32,staff keep telling wait nothing happens,127.90527777777778
592,592,Poor maintenance of the facility is causing repeated problems.,Infrastructure,Maintenance,Closed,CUST8317,2025-09-28 08:55:00,2025-10-07 15:47:09,2026-07-23 20:15:32,poor maintenance facility causing repeated problems,222.86916666666667
593,593,No safety measures are in place despite previous warnings.,Safety Concern,Security,Closed,CUST1852,2025-02-17 14:25:00,2025-02-21 20:27:25,2026-07-23 20:15:32,safety measures place despite previous warnings,102.04027777777777
594,594,I was overcharged on my last bill and no one is responding.,Billing Issue,Billing,Resolved,CUST2444,2025-10-27 13:09:00,2025-10-29 09:45:09,2026-07-23 20:15:32,overcharged last bill one responding,44.6025
595,595,My bill amount doubled this month without any explanation.,Billing Issue,Billing,Closed,CUST7564,2025-06-20 11:02:00,2025-06-21 19:42:21,2026-07-23 20:15:32,bill amount doubled month without explanation,32.6725
596,596,The new infrastructure upgrade has improved things significantly.,Infrastructure,Maintenance,Closed,CUST9099,2025-05-20 10:03:00,2025-05-28 15:23:59,2026-07-23 20:15:32,new infrastructure upgrade improved things significantly,197.34972222222223
597,597,I was treated very disrespectfully by the customer support agent.,,Customer Support,In Progress,CUST9364,2025-10-26 07:33:00,,2026-07-23 20:15:32,treated disrespectfully customer support agent,
598,598,I was treated very disrespectfully by the customer support agent.,Staff Behavior,Customer Support,Resolved,CUST3579,2025-08-22 09:02:00,2025-08-27 12:42:59,2026-07-23 20:15:32,treated disrespectfully customer support agent,123.68305555555555
599,599,"There is a billing error, I already paid but it still shows unpaid.",Billing Issue,Billing,Resolved,CUST9482,2025-09-12 15:42:00,2025-09-12 16:42:00,2026-07-23 20:15:32,billing error already paid still shows unpaid,1.0
600,600,I was overcharged on my last bill and no one is responding.,Billing Issue,Billing,Closed,CUST6703,2025-11-18 14:18:00,2025-11-19 21:35:30,2026-07-23 20:15:32,overcharged last bill one responding,31.291666666666668
601,601,The response time for service requests is unacceptably slow.,Service Delay,Operations,Closed,CUST5277,2025-04-07 17:29:00,2025-04-15 09:01:45,2026-07-23 20:15:32,response time service requests unacceptably slow,183.54583333333332
602,602,The online payment portal charged me twice for the same bill.,Billing Issue,Billing,In Progress,CUST9409,2025-02-03 13:32:00,,2026-07-23 20:15:32,online payment portal charged twice bill,
603,603,"The new online system has made things much easier, well done.",,Customer Support,Resolved,CUST6565,2025-08-13 10:36:00,2025-08-13 23:44:04,2026-07-23 20:15:32,new online system made things much easier well done,13.134444444444444
604,604,"Great job by the support team, issue resolved within a day.",,Customer Support,Open,CUST2106,2025-08-19 18:55:00,,2026-07-23 20:15:32,great job support team issue resolved within day,
605,605,No technician has visited despite multiple requests.,Service Delay,Operations,In Progress,CUST9462,2025-08-08 16:51:00,,2026-07-23 20:15:32,technician visited despite multiple requests,
606,606,The employee refused to help and was arguing instead of assisting.,Staff Behavior,Customer Support,Closed,CUST2245,2025-04-03 14:25:00,2025-04-07 14:02:47,2026-07-23 20:15:32,employee refused help arguing instead assisting,95.62972222222223
607,607,I was treated very disrespectfully by the customer support agent.,,Customer Support,Closed,CUST4115,2025-07-12 15:13:00,2025-07-16 05:49:34,2026-07-23 20:15:32,treated disrespectfully customer support agent,86.60944444444445
608,608,I was treated very disrespectfully by the customer support agent.,,Customer Support,In Progress,CUST5091,2025-04-08 15:55:00,,2026-07-23 20:15:32,treated disrespectfully customer support agent,
609,609,An official demanded a bribe before processing my documents.,Corruption/Bribery,Administration,Closed,CUST9071,2025-03-04 14:07:00,2025-03-09 05:09:54,2026-07-23 20:15:32,official demanded bribe processing documents,111.04833333333333
610,610,The new infrastructure upgrade has improved things significantly.,,Maintenance,Resolved,CUST5501,2025-12-28 18:30:00,2026-01-07 16:56:41,2026-07-23 20:15:32,new infrastructure upgrade improved things significantly,238.44472222222223
611,611,The staff member was polite and handled my issue very well.,,Customer Support,Resolved,CUST7933,2025-05-08 17:48:00,2025-05-11 07:08:04,2026-07-23 20:15:32,staff member polite handled issue well,61.33444444444444
612,612,The staff member was polite and handled my issue very well.,Staff Behavior,Customer Support,Closed,CUST8490,2025-01-12 15:25:00,2025-01-14 15:24:36,2026-07-23 20:15:32,staff member polite handled issue well,47.99333333333333
613,613,"Great job by the support team, issue resolved within a day.",Appreciation,Customer Support,Closed,CUST2650,2025-05-01 08:00:00,2025-05-02 12:00:54,2026-07-23 20:15:32,great job support team issue resolved within day,28.015
614,614,Staff keep telling me to wait but nothing happens.,,Operations,In Progress,CUST6621,2025-11-06 13:35:00,,2026-07-23 20:15:32,staff keep telling wait nothing happens,
615,615,I have been waiting since last month for this issue to be fixed.,Service Delay,Operations,Closed,CUST7563,2025-06-14 00:44:00,2025-06-19 19:57:11,2026-07-23 20:15:32,waiting since last month issue fixed,139.21972222222223
616,616,No technician has visited despite multiple requests.,,Operations,In Progress,CUST5422,2025-07-19 10:43:00,,2026-07-23 20:15:32,technician visited despite multiple requests,
617,617,Thank you for quickly fixing the safety issue I reported earlier.,Safety Concern,Security,Open,CUST3450,2025-06-13 14:12:00,,2026-07-23 20:15:32,thank quickly fixing safety issue reported earlier,
618,618,The staff at the counter was extremely rude to me today.,Staff Behavior,Customer Support,Closed,CUST9470,2025-03-16 22:08:00,2025-03-18 06:58:10,2026-07-23 20:15:32,staff counter extremely rude today,32.83611111111111
619,619,The employee refused to help and was arguing instead of assisting.,Staff Behavior,Customer Support,Resolved,CUST7527,2025-09-10 14:16:00,2025-09-14 11:45:31,2026-07-23 20:15:32,employee refused help arguing instead assisting,93.49194444444444
620,620,My bill amount doubled this month without any explanation.,Billing Issue,Billing,Resolved,CUST8370,2025-01-27 13:16:00,2025-01-29 07:21:26,2026-07-23 20:15:32,bill amount doubled month without explanation,42.090555555555554
621,621,I witnessed a near-accident due to lack of proper signage.,,Security,Closed,CUST1324,2025-05-18 16:35:00,2025-05-22 18:28:21,2026-07-23 20:15:32,witnessed near accident due lack proper signage,97.88916666666667
622,622,The response time for service requests is unacceptably slow.,Service Delay,Operations,Resolved,CUST9821,2025-11-20 13:12:00,2025-11-25 08:37:32,2026-07-23 20:15:32,response time service requests unacceptably slow,115.42555555555556
623,623,"There is a billing error, I already paid but it still shows unpaid.",Billing Issue,Billing,Resolved,CUST2284,2025-05-22 14:32:00,2025-05-24 19:53:25,2026-07-23 20:15:32,billing error already paid still shows unpaid,53.356944444444444
624,624,The response time for service requests is unacceptably slow.,Service Delay,Operations,In Progress,CUST6527,2025-06-05 19:55:00,,2026-07-23 20:15:32,response time service requests unacceptably slow,
625,625,The staff member was polite and handled my issue very well.,,Customer Support,Open,CUST4739,2025-07-28 08:58:00,,2026-07-23 20:15:32,staff member polite handled issue well,
626,626,The response time for service requests is unacceptably slow.,Service Delay,Operations,Resolved,CUST6950,2025-09-20 19:41:00,2025-09-24 22:15:16,2026-07-23 20:15:32,response time service requests unacceptably slow,98.57111111111111
627,627,Thank you for quickly fixing the safety issue I reported earlier.,,Security,In Progress,CUST4844,2025-12-14 10:10:00,,2026-07-23 20:15:32,thank quickly fixing safety issue reported earlier,
628,628,The road near the facility is damaged and causing accidents.,Infrastructure,Maintenance,Open,CUST8752,2025-04-13 15:06:00,,2026-07-23 20:15:32,road near facility damaged causing accidents,
629,629,The staff at the counter was extremely rude to me today.,,Customer Support,Closed,CUST3544,2025-09-17 07:48:00,2025-09-20 13:23:23,2026-07-23 20:15:32,staff counter extremely rude today,77.58972222222222
630,630,Why is the late fee applied when I paid on time?,Billing Issue,Billing,In Progress,CUST3150,2025-05-08 14:47:00,,2026-07-23 20:15:32,late fee applied paid time,
631,631,I was treated very disrespectfully by the customer support agent.,,Customer Support,Closed,CUST8801,2025-01-22 10:22:00,2025-01-24 20:32:19,2026-07-23 20:15:32,treated disrespectfully customer support agent,58.17194444444444
632,632,The staff member was polite and handled my issue very well.,Staff Behavior,Customer Support,Open,CUST9835,2025-12-18 17:28:00,,2026-07-23 20:15:32,staff member polite handled issue well,
633,633,The online payment portal charged me twice for the same bill.,Billing Issue,Billing,Closed,CUST9745,2025-06-24 21:40:00,2025-06-27 00:07:13,2026-07-23 20:15:32,online payment portal charged twice bill,50.45361111111111
634,634,The response time for service requests is unacceptably slow.,,Operations,Open,CUST7753,2025-07-08 21:51:00,,2026-07-23 20:15:32,response time service requests unacceptably slow,
635,635,The response time for service requests is unacceptably slow.,,Operations,Closed,CUST5698,2025-01-17 16:52:00,2025-01-23 10:29:15,2026-07-23 20:15:32,response time service requests unacceptably slow,137.62083333333334
636,636,The staff at the counter was extremely rude to me today.,,Customer Support,Resolved,CUST8052,2025-08-16 04:48:00,2025-08-18 13:39:24,2026-07-23 20:15:32,staff counter extremely rude today,56.85666666666667
637,637,Thank you for quickly fixing the safety issue I reported earlier.,Safety Concern,Security,Resolved,CUST8161,2025-04-01 03:35:00,2025-04-04 16:51:57,2026-07-23 20:15:32,thank quickly fixing safety issue reported earlier,85.2825
638,638,No technician has visited despite multiple requests.,,Operations,Closed,CUST2297,2025-09-21 16:24:00,2025-09-22 14:42:30,2026-07-23 20:15:32,technician visited despite multiple requests,22.308333333333334
639,639,I was treated very disrespectfully by the customer support agent.,Staff Behavior,Customer Support,Resolved,CUST5454,2025-07-26 15:58:00,2025-07-27 14:58:40,2026-07-23 20:15:32,treated disrespectfully customer support agent,23.011111111111113
640,640,Staff keep telling me to wait but nothing happens.,,Operations,Closed,CUST5744,2025-10-14 23:12:00,2025-10-19 03:41:18,2026-07-23 20:15:32,staff keep telling wait nothing happens,100.48833333333333
641,641,Why is the late fee applied when I paid on time?,,Billing,Resolved,CUST1317,2025-08-09 11:44:00,2025-08-10 12:07:11,2026-07-23 20:15:32,late fee applied paid time,24.386388888888888
642,642,The online payment portal charged me twice for the same bill.,Billing Issue,Billing,In Progress,CUST1134,2025-01-04 16:18:00,,2026-07-23 20:15:32,online payment portal charged twice bill,
643,643,No technician has visited despite multiple requests.,Service Delay,Operations,Resolved,CUST9165,2025-01-07 15:21:00,2025-01-12 06:49:06,2026-07-23 20:15:32,technician visited despite multiple requests,111.46833333333333
644,644,"Great job by the support team, issue resolved within a day.",Appreciation,Customer Support,Open,CUST3393,2025-08-02 09:21:00,,2026-07-23 20:15:32,great job support team issue resolved within day,
645,645,Why is the late fee applied when I paid on time?,Billing Issue,Billing,In Progress,CUST7251,2025-02-16 07:11:00,,2026-07-23 20:15:32,late fee applied paid time,
646,646,I was asked to pay extra money to get my work done faster.,Corruption/Bribery,Administration,Resolved,CUST5049,2025-12-23 15:15:00,2025-12-26 16:25:54,2026-07-23 20:15:32,asked pay extra money get work done faster,73.18166666666667
647,647,There are serious safety hazards at the site that need urgent attention.,Safety Concern,Security,Open,CUST4415,2025-04-24 20:49:00,,2026-07-23 20:15:32,serious safety hazards site need urgent attention,
648,648,The employee refused to help and was arguing instead of assisting.,Staff Behavior,Customer Support,Closed,CUST9534,2025-12-06 08:40:00,2025-12-10 09:47:36,2026-07-23 20:15:32,employee refused help arguing instead assisting,97.12666666666667
649,649,Why is the late fee applied when I paid on time?,Billing Issue,Billing,Closed,CUST4568,2025-08-07 11:23:00,2025-08-09 09:10:59,2026-07-23 20:15:32,late fee applied paid time,45.79972222222222
650,650,"Excellent service today, very satisfied with the response.",,Customer Support,In Progress,CUST2960,2025-08-11 14:00:00,,2026-07-23 20:15:32,excellent service today satisfied response,
651,651,No technician has visited despite multiple requests.,Service Delay,Operations,Closed,CUST3539,2025-01-02 11:37:00,2025-01-08 18:00:48,2026-07-23 20:15:32,technician visited despite multiple requests,150.39666666666668
652,652,It has been three weeks and my complaint is still not resolved.,,Operations,Closed,CUST1983,2025-04-16 10:05:00,2025-04-21 07:53:42,2026-07-23 20:15:32,three weeks complaint still resolved,117.81166666666667
653,653,My bill amount doubled this month without any explanation.,,Billing,Open,CUST6690,2025-08-26 18:06:00,,2026-07-23 20:15:32,bill amount doubled month without explanation,
654,654,Security personnel are not checking IDs properly at the gate.,Safety Concern,Security,Resolved,CUST5107,2025-09-01 09:44:00,2025-09-05 12:29:36,2026-07-23 20:15:32,security personnel checking ids properly gate,98.76
655,655,An official demanded a bribe before processing my documents.,Corruption/Bribery,Administration,Resolved,CUST4057,2025-08-18 09:18:00,2025-08-24 19:45:08,2026-07-23 20:15:32,official demanded bribe processing documents,154.45222222222222
656,656,The employee refused to help and was arguing instead of assisting.,Staff Behavior,Customer Support,Closed,CUST3627,2025-09-09 11:55:00,2025-09-12 05:18:35,2026-07-23 20:15:32,employee refused help arguing instead assisting,65.39305555555555
657,657,My bill amount doubled this month without any explanation.,Billing Issue,Billing,Resolved,CUST9289,2025-06-27 17:16:00,2025-06-30 02:58:20,2026-07-23 20:15:32,bill amount doubled month without explanation,57.705555555555556
658,658,No technician has visited despite multiple requests.,Service Delay,Operations,Resolved,CUST6254,2025-11-20 09:54:00,2025-11-25 08:30:41,2026-07-23 20:15:32,technician visited despite multiple requests,118.61138888888888
659,659,Thank you for quickly fixing the safety issue I reported earlier.,Safety Concern,Security,Closed,CUST3525,2025-10-07 17:33:00,2025-10-12 13:01:39,2026-07-23 20:15:32,thank quickly fixing safety issue reported earlier,115.4775
660,660,The equipment at the site is old and frequently malfunctions.,Infrastructure,Maintenance,Open,CUST1717,2025-06-11 17:07:00,,2026-07-23 20:15:32,equipment site old frequently malfunctions,
661,661,I was asked to pay extra money to get my work done faster.,,Administration,Open,CUST1521,2025-03-02 16:12:00,,2026-07-23 20:15:32,asked pay extra money get work done faster,
662,662,Poor maintenance of the facility is causing repeated problems.,,Maintenance,Closed,CUST7002,2025-08-17 14:39:00,2025-08-28 08:27:11,2026-07-23 20:15:32,poor maintenance facility causing repeated problems,257.80305555555555
663,663,It has been three weeks and my complaint is still not resolved.,Service Delay,Operations,Resolved,CUST2310,2025-01-07 08:41:00,2025-01-14 20:38:42,2026-07-23 20:15:32,three weeks complaint still resolved,179.96166666666667
664,664,The staff at the counter was extremely rude to me today.,Staff Behavior,Customer Support,Resolved,CUST1955,2025-05-24 12:56:00,2025-05-28 03:05:08,2026-07-23 20:15:32,staff counter extremely rude today,86.15222222222222
665,665,An official demanded a bribe before processing my documents.,,Administration,Closed,CUST4537,2025-07-24 08:04:00,2025-07-31 12:33:55,2026-07-23 20:15:32,official demanded bribe processing documents,172.4986111111111
666,666,I want to thank the team for resolving my issue so quickly.,,Customer Support,Resolved,CUST5075,2025-02-08 11:34:00,2025-02-09 04:17:44,2026-07-23 20:15:32,want thank team resolving issue quickly,16.72888888888889
667,667,There is a major leakage that has not been fixed for weeks.,Infrastructure,Maintenance,Closed,CUST6864,2025-07-18 09:26:00,2025-07-24 06:10:00,2026-07-23 20:15:32,major leakage fixed weeks,140.73333333333332
668,668,Poor maintenance of the facility is causing repeated problems.,Infrastructure,Maintenance,In Progress,CUST6529,2025-11-06 14:50:00,,2026-07-23 20:15:32,poor maintenance facility causing repeated problems,
669,669,The new infrastructure upgrade has improved things significantly.,,Maintenance,Resolved,CUST6319,2025-12-15 10:59:00,2025-12-23 17:50:24,2026-07-23 20:15:32,new infrastructure upgrade improved things significantly,198.85666666666665
670,670,An official demanded a bribe before processing my documents.,Corruption/Bribery,Administration,Closed,CUST9939,2025-09-14 16:52:00,2025-09-19 20:05:44,2026-07-23 20:15:32,official demanded bribe processing documents,123.22888888888889
671,671,The online payment portal charged me twice for the same bill.,Billing Issue,Billing,Closed,CUST7505,2025-12-09 01:23:00,2025-12-09 13:06:14,2026-07-23 20:15:32,online payment portal charged twice bill,11.720555555555556
672,672,I was overcharged on my last bill and no one is responding.,Billing Issue,Billing,Resolved,CUST5945,2025-12-20 07:01:00,2025-12-21 22:19:56,2026-07-23 20:15:32,overcharged last bill one responding,39.315555555555555
673,673,My bill amount doubled this month without any explanation.,Billing Issue,Billing,Closed,CUST5521,2025-04-11 14:01:00,2025-04-11 15:28:41,2026-07-23 20:15:32,bill amount doubled month without explanation,1.4613888888888888
674,674,"Excellent service today, very satisfied with the response.",,Customer Support,In Progress,CUST5093,2025-02-15 10:22:00,,2026-07-23 20:15:32,excellent service today satisfied response,
675,675,The response time for service requests is unacceptably slow.,Service Delay,Operations,Closed,CUST6319,2025-02-13 15:36:00,2025-02-19 09:27:44,2026-07-23 20:15:32,response time service requests unacceptably slow,137.86222222222221
676,676,No safety measures are in place despite previous warnings.,Safety Concern,Security,Resolved,CUST5921,2025-07-23 06:44:00,2025-07-27 17:58:21,2026-07-23 20:15:32,safety measures place despite previous warnings,107.23916666666666
677,677,The online payment portal charged me twice for the same bill.,,Billing,Closed,CUST8115,2025-06-25 12:03:00,2025-06-27 06:59:39,2026-07-23 20:15:32,online payment portal charged twice bill,42.94416666666667
678,678,It has been three weeks and my complaint is still not resolved.,Service Delay,Operations,Closed,CUST1187,2025-11-08 22:47:00,2025-11-13 03:25:31,2026-07-23 20:15:32,three weeks complaint still resolved,100.64194444444445
679,679,Poor maintenance of the facility is causing repeated problems.,Infrastructure,Maintenance,In Progress,CUST6354,2025-01-17 08:02:00,,2026-07-23 20:15:32,poor maintenance facility causing repeated problems,
680,680,I was treated very disrespectfully by the customer support agent.,Staff Behavior,Customer Support,Closed,CUST9269,2025-03-22 13:46:00,2025-03-27 09:03:52,2026-07-23 20:15:32,treated disrespectfully customer support agent,115.29777777777778
681,681,Why is the late fee applied when I paid on time?,,Billing,Open,CUST1807,2025-05-13 13:09:00,,2026-07-23 20:15:32,late fee applied paid time,
682,682,The employee refused to help and was arguing instead of assisting.,,Customer Support,Closed,CUST3209,2025-02-17 01:27:00,2025-02-21 02:43:04,2026-07-23 20:15:32,employee refused help arguing instead assisting,97.26777777777778
683,683,I was treated very disrespectfully by the customer support agent.,Staff Behavior,Customer Support,In Progress,CUST9589,2025-07-21 10:36:00,,2026-07-23 20:15:32,treated disrespectfully customer support agent,
684,684,It has been three weeks and my complaint is still not resolved.,Service Delay,Operations,Closed,CUST2843,2025-04-14 13:20:00,2025-04-19 01:28:07,2026-07-23 20:15:32,three weeks complaint still resolved,108.13527777777777
685,685,Poor maintenance of the facility is causing repeated problems.,Infrastructure,Maintenance,In Progress,CUST5994,2025-06-07 05:20:00,,2026-07-23 20:15:32,poor maintenance facility causing repeated problems,
686,686,"There is a billing error, I already paid but it still shows unpaid.",Billing Issue,Billing,Resolved,CUST4825,2025-08-26 07:28:00,2025-08-27 18:22:21,2026-07-23 20:15:32,billing error already paid still shows unpaid,34.905833333333334
687,687,"There is a billing error, I already paid but it still shows unpaid.",Billing Issue,Billing,Open,CUST4982,2025-03-24 11:54:00,,2026-07-23 20:15:32,billing error already paid still shows unpaid,
688,688,"Excellent service today, very satisfied with the response.",Appreciation,Customer Support,Open,CUST2823,2025-11-27 08:18:00,,2026-07-23 20:15:32,excellent service today satisfied response,
689,689,I have been waiting since last month for this issue to be fixed.,,Operations,Resolved,CUST9573,2025-01-07 13:47:00,2025-01-14 13:14:58,2026-07-23 20:15:32,waiting since last month issue fixed,167.4661111111111
690,690,Thank you for quickly fixing the safety issue I reported earlier.,Safety Concern,Security,Closed,CUST7170,2025-07-24 09:09:00,2025-07-29 01:35:20,2026-07-23 20:15:32,thank quickly fixing safety issue reported earlier,112.43888888888888
691,691,The new infrastructure upgrade has improved things significantly.,Infrastructure,Maintenance,In Progress,CUST5444,2025-01-06 08:03:00,,2026-07-23 20:15:32,new infrastructure upgrade improved things significantly,
692,692,I was overcharged on my last bill and no one is responding.,Billing Issue,Billing,Closed,CUST6901,2025-02-22 08:17:00,2025-02-25 11:09:03,2026-07-23 20:15:32,overcharged last bill one responding,74.8675
693,693,I was asked to pay extra money to get my work done faster.,Corruption/Bribery,Administration,In Progress,CUST2631,2025-05-21 05:24:00,,2026-07-23 20:15:32,asked pay extra money get work done faster,
694,694,"Great job by the support team, issue resolved within a day.",Appreciation,Customer Support,In Progress,CUST8503,2025-11-18 19:05:00,,2026-07-23 20:15:32,great job support team issue resolved within day,
695,695,The staff at the counter was extremely rude to me today.,Staff Behavior,Customer Support,In Progress,CUST3572,2025-01-17 06:19:00,,2026-07-23 20:15:32,staff counter extremely rude today,
696,696,"There is a billing error, I already paid but it still shows unpaid.",Billing Issue,Billing,Closed,CUST5519,2025-05-10 13:15:00,2025-05-13 07:00:10,2026-07-23 20:15:32,billing error already paid still shows unpaid,65.75277777777778
697,697,I witnessed a near-accident due to lack of proper signage.,Safety Concern,Security,Closed,CUST4695,2025-11-27 15:01:00,2025-12-01 23:10:26,2026-07-23 20:15:32,witnessed near accident due lack proper signage,104.15722222222222
698,698,Why is the late fee applied when I paid on time?,Billing Issue,Billing,Resolved,CUST4726,2025-08-03 16:46:00,2025-08-06 05:51:01,2026-07-23 20:15:32,late fee applied paid time,61.08361111111111
699,699,Staff keep telling me to wait but nothing happens.,Service Delay,Operations,Resolved,CUST3158,2025-03-10 10:58:00,2025-03-15 16:27:51,2026-07-23 20:15:32,staff keep telling wait nothing happens,125.4975
700,700,My bill amount doubled this month without any explanation.,,Billing,In Progress,CUST9582,2025-07-22 16:51:00,,2026-07-23 20:15:32,bill amount doubled month without explanation,
701,701,"Great job by the support team, issue resolved within a day.",Appreciation,Customer Support,Closed,CUST3589,2025-12-25 12:09:00,2025-12-26 21:16:17,2026-07-23 20:15:32,great job support team issue resolved within day,33.12138888888889
702,702,Staff keep telling me to wait but nothing happens.,Service Delay,Operations,In Progress,CUST3384,2025-07-24 14:07:00,,2026-07-23 20:15:32,staff keep telling wait nothing happens,
703,703,I witnessed a near-accident due to lack of proper signage.,Safety Concern,Security,In Progress,CUST5485,2025-11-14 13:26:00,,2026-07-23 20:15:32,witnessed near accident due lack proper signage,
704,704,My bill amount doubled this month without any explanation.,Billing Issue,Billing,Closed,CUST5372,2025-02-06 15:01:00,2025-02-08 02:30:33,2026-07-23 20:15:32,bill amount doubled month without explanation,35.4925
705,705,The new infrastructure upgrade has improved things significantly.,Infrastructure,Maintenance,Closed,CUST8808,2025-04-08 17:14:00,2025-04-15 10:31:20,2026-07-23 20:15:32,new infrastructure upgrade improved things significantly,161.2888888888889
706,706,The online payment portal charged me twice for the same bill.,Billing Issue,Billing,In Progress,CUST8763,2025-06-21 09:23:00,,2026-07-23 20:15:32,online payment portal charged twice bill,
707,707,My bill amount doubled this month without any explanation.,Billing Issue,Billing,Closed,CUST7767,2025-04-14 22:48:00,2025-04-16 02:59:37,2026-07-23 20:15:32,bill amount doubled month without explanation,28.19361111111111
708,708,No technician has visited despite multiple requests.,Service Delay,Operations,Closed,CUST9027,2025-09-03 16:11:00,2025-09-07 14:46:37,2026-07-23 20:15:32,technician visited despite multiple requests,94.59361111111112
709,709,Poor maintenance of the facility is causing repeated problems.,Infrastructure,Maintenance,Closed,CUST7232,2025-11-14 14:25:00,2025-12-02 19:37:02,2026-07-23 20:15:32,poor maintenance facility causing repeated problems,437.2005555555556
710,710,Security personnel are not checking IDs properly at the gate.,Safety Concern,Security,Resolved,CUST1630,2025-08-24 15:36:00,2025-08-28 06:07:16,2026-07-23 20:15:32,security personnel checking ids properly gate,86.52111111111111
711,711,Very unprofessional behavior from the officer on duty.,Staff Behavior,Customer Support,Closed,CUST7481,2025-06-02 09:56:00,2025-06-04 01:27:06,2026-07-23 20:15:32,unprofessional behavior officer duty,39.51833333333333
712,712,I want to thank the team for resolving my issue so quickly.,,Customer Support,Resolved,CUST5770,2025-07-17 15:48:00,2025-07-18 21:13:01,2026-07-23 20:15:32,want thank team resolving issue quickly,29.416944444444443
713,713,The employee refused to help and was arguing instead of assisting.,,Customer Support,In Progress,CUST1893,2025-09-10 07:29:00,,2026-07-23 20:15:32,employee refused help arguing instead assisting,
714,714,There is a major leakage that has not been fixed for weeks.,Infrastructure,Maintenance,Open,CUST3945,2025-06-21 05:28:00,,2026-07-23 20:15:32,major leakage fixed weeks,
715,715,Thank you for quickly fixing the safety issue I reported earlier.,,Security,Resolved,CUST4308,2025-03-14 09:20:00,2025-03-19 18:36:39,2026-07-23 20:15:32,thank quickly fixing safety issue reported earlier,129.2775
716,716,I was asked to pay extra money to get my work done faster.,Corruption/Bribery,Administration,Closed,CUST3024,2025-04-23 15:41:00,2025-04-29 15:02:21,2026-07-23 20:15:32,asked pay extra money get work done faster,143.35583333333332
717,717,Why is the late fee applied when I paid on time?,Billing Issue,Billing,Closed,CUST9383,2025-08-03 15:33:00,2025-08-04 03:45:17,2026-07-23 20:15:32,late fee applied paid time,12.204722222222221
718,718,There is a major leakage that has not been fixed for weeks.,Infrastructure,Maintenance,Closed,CUST3459,2025-06-13 11:02:00,2025-06-18 18:54:18,2026-07-23 20:15:32,major leakage fixed weeks,127.87166666666667
719,719,My bill amount doubled this month without any explanation.,,Billing,Resolved,CUST8311,2025-03-23 22:03:00,2025-03-24 16:03:47,2026-07-23 20:15:32,bill amount doubled month without explanation,18.013055555555557
720,720,No technician has visited despite multiple requests.,Service Delay,Operations,Open,CUST1200,2025-02-05 15:12:00,,2026-07-23 20:15:32,technician visited despite multiple requests,
721,721,Very unprofessional behavior from the officer on duty.,,Customer Support,Closed,CUST8794,2025-07-01 12:38:00,2025-07-06 22:17:00,2026-07-23 20:15:32,unprofessional behavior officer duty,129.65
722,722,Very unprofessional behavior from the officer on duty.,Staff Behavior,Customer Support,In Progress,CUST4401,2025-02-20 17:00:00,,2026-07-23 20:15:32,unprofessional behavior officer duty,
723,723,My bill amount doubled this month without any explanation.,,Billing,Open,CUST5889,2025-01-12 18:02:00,,2026-07-23 20:15:32,bill amount doubled month without explanation,
724,724,It has been three weeks and my complaint is still not resolved.,,Operations,In Progress,CUST3906,2025-01-14 11:11:00,,2026-07-23 20:15:32,three weeks complaint still resolved,
725,725,"The new online system has made things much easier, well done.",Appreciation,Customer Support,In Progress,CUST7208,2025-12-03 10:49:00,,2026-07-23 20:15:32,new online system made things much easier well done,
726,726,An official demanded a bribe before processing my documents.,,Administration,Resolved,CUST5496,2025-10-03 14:18:00,2025-10-13 12:53:32,2026-07-23 20:15:32,official demanded bribe processing documents,238.59222222222223
727,727,I have been waiting since last month for this issue to be fixed.,,Operations,Resolved,CUST9666,2025-07-23 15:13:00,2025-07-31 09:27:39,2026-07-23 20:15:32,waiting since last month issue fixed,186.24416666666667
728,728,"Great job by the support team, issue resolved within a day.",Appreciation,Customer Support,Closed,CUST7996,2025-09-20 08:59:00,2025-09-21 13:43:33,2026-07-23 20:15:32,great job support team issue resolved within day,28.7425
729,729,The equipment at the site is old and frequently malfunctions.,,Maintenance,Resolved,CUST9132,2025-04-19 09:39:00,2025-04-28 14:30:14,2026-07-23 20:15:32,equipment site old frequently malfunctions,220.8538888888889
730,730,Very unprofessional behavior from the officer on duty.,Staff Behavior,Customer Support,Resolved,CUST4171,2025-07-06 09:56:00,2025-07-09 09:11:50,2026-07-23 20:15:32,unprofessional behavior officer duty,71.26388888888889
731,731,I was overcharged on my last bill and no one is responding.,,Billing,Closed,CUST7793,2025-06-26 09:07:00,2025-06-29 07:37:59,2026-07-23 20:15:32,overcharged last bill one responding,70.51638888888888
732,732,The response time for service requests is unacceptably slow.,Service Delay,Operations,In Progress,CUST5614,2025-05-26 17:40:00,,2026-07-23 20:15:32,response time service requests unacceptably slow,
733,733,It has been three weeks and my complaint is still not resolved.,,Operations,In Progress,CUST6460,2025-05-17 12:35:00,,2026-07-23 20:15:32,three weeks complaint still resolved,
734,734,Staff keep telling me to wait but nothing happens.,,Operations,In Progress,CUST6536,2025-08-01 13:53:00,,2026-07-23 20:15:32,staff keep telling wait nothing happens,
735,735,"Great job by the support team, issue resolved within a day.",Appreciation,Customer Support,Resolved,CUST8546,2025-11-26 11:02:00,2025-11-26 23:56:23,2026-07-23 20:15:32,great job support team issue resolved within day,12.90638888888889
736,736,There is clear favoritism and under-the-table dealing happening.,Corruption/Bribery,Administration,Closed,CUST1917,2025-11-15 11:50:00,2025-11-22 12:59:12,2026-07-23 20:15:32,clear favoritism table dealing happening,169.15333333333334
737,737,An official demanded a bribe before processing my documents.,,Administration,Resolved,CUST6434,2025-07-22 21:20:00,2025-07-31 03:46:15,2026-07-23 20:15:32,official demanded bribe processing documents,198.4375
738,738,I witnessed a near-accident due to lack of proper signage.,,Security,Closed,CUST7147,2025-02-05 10:17:00,2025-02-07 07:26:08,2026-07-23 20:15:32,witnessed near accident due lack proper signage,45.15222222222222
739,739,There is a major leakage that has not been fixed for weeks.,Infrastructure,Maintenance,Resolved,CUST6050,2025-07-13 16:11:00,2025-07-16 19:42:41,2026-07-23 20:15:32,major leakage fixed weeks,75.52805555555555
740,740,The equipment at the site is old and frequently malfunctions.,Infrastructure,Maintenance,Open,CUST7088,2025-09-09 07:26:00,,2026-07-23 20:15:32,equipment site old frequently malfunctions,
741,741,The employee refused to help and was arguing instead of assisting.,Staff Behavior,Customer Support,Open,CUST4311,2025-04-10 08:11:00,,2026-07-23 20:15:32,employee refused help arguing instead assisting,
742,742,"Great job by the support team, issue resolved within a day.",,Customer Support,Closed,CUST6572,2025-07-26 13:30:00,2025-07-27 10:53:05,2026-07-23 20:15:32,great job support team issue resolved within day,21.384722222222223
743,743,"The new online system has made things much easier, well done.",Appreciation,Customer Support,Closed,CUST9456,2025-09-05 10:49:00,2025-09-06 08:19:40,2026-07-23 20:15:32,new online system made things much easier well done,21.511111111111113
744,744,There is a major leakage that has not been fixed for weeks.,Infrastructure,Maintenance,Resolved,CUST2897,2025-04-02 09:29:00,2025-04-14 20:10:41,2026-07-23 20:15:32,major leakage fixed weeks,298.6947222222222
745,745,I was overcharged on my last bill and no one is responding.,Billing Issue,Billing,Open,CUST1755,2025-08-20 14:55:00,,2026-07-23 20:15:32,overcharged last bill one responding,
746,746,"There is a billing error, I already paid but it still shows unpaid.",,Billing,Resolved,CUST4285,2025-01-25 15:19:00,2025-01-27 08:37:21,2026-07-23 20:15:32,billing error already paid still shows unpaid,41.30583333333333
747,747,"There is a billing error, I already paid but it still shows unpaid.",,Billing,Closed,CUST3580,2025-07-25 05:28:00,2025-07-26 22:45:39,2026-07-23 20:15:32,billing error already paid still shows unpaid,41.29416666666667
748,748,It has been three weeks and my complaint is still not resolved.,Service Delay,Operations,Open,CUST6218,2025-12-18 15:32:00,,2026-07-23 20:15:32,three weeks complaint still resolved,
749,749,The response time for service requests is unacceptably slow.,Service Delay,Operations,In Progress,CUST9856,2025-07-06 15:04:00,,2026-07-23 20:15:32,response time service requests unacceptably slow,
750,750,I was treated very disrespectfully by the customer support agent.,,Customer Support,Open,CUST7987,2025-01-22 12:03:00,,2026-07-23 20:15:32,treated disrespectfully customer support agent,
751,751,Staff keep telling me to wait but nothing happens.,Service Delay,Operations,Closed,CUST6826,2025-11-21 17:53:00,2025-11-27 11:17:26,2026-07-23 20:15:32,staff keep telling wait nothing happens,137.40722222222223
752,752,No technician has visited despite multiple requests.,Service Delay,Operations,Resolved,CUST8629,2025-09-22 17:51:00,2025-09-30 08:11:22,2026-07-23 20:15:32,technician visited despite multiple requests,182.33944444444444
753,753,The staff at the counter was extremely rude to me today.,,Customer Support,Open,CUST8625,2025-10-23 09:29:00,,2026-07-23 20:15:32,staff counter extremely rude today,
754,754,I was treated very disrespectfully by the customer support agent.,Staff Behavior,Customer Support,Closed,CUST6412,2025-03-20 08:16:00,2025-03-23 06:12:16,2026-07-23 20:15:32,treated disrespectfully customer support agent,69.93777777777778
755,755,I witnessed a near-accident due to lack of proper signage.,Safety Concern,Security,Resolved,CUST8556,2025-06-01 13:04:00,2025-06-05 05:43:35,2026-07-23 20:15:32,witnessed near accident due lack proper signage,88.65972222222223
756,756,An official demanded a bribe before processing my documents.,,Administration,Open,CUST2752,2025-09-20 19:36:00,,2026-07-23 20:15:32,official demanded bribe processing documents,
757,757,It has been three weeks and my complaint is still not resolved.,Service Delay,Operations,Resolved,CUST4992,2025-10-18 06:29:00,2025-10-23 00:11:57,2026-07-23 20:15:32,three weeks complaint still resolved,113.71583333333334
758,758,Very unprofessional behavior from the officer on duty.,Staff Behavior,Customer Support,Closed,CUST8132,2025-06-11 19:13:00,2025-06-13 13:24:35,2026-07-23 20:15:32,unprofessional behavior officer duty,42.19305555555555
759,759,The employee refused to help and was arguing instead of assisting.,,Customer Support,Closed,CUST8972,2025-07-08 10:11:00,2025-07-10 17:13:36,2026-07-23 20:15:32,employee refused help arguing instead assisting,55.04333333333334
760,760,The online payment portal charged me twice for the same bill.,,Billing,Closed,CUST7648,2025-06-18 08:06:00,2025-06-20 08:16:42,2026-07-23 20:15:32,online payment portal charged twice bill,48.178333333333335
761,761,I was overcharged on my last bill and no one is responding.,,Billing,Closed,CUST2007,2025-08-20 22:49:00,2025-08-23 01:29:31,2026-07-23 20:15:32,overcharged last bill one responding,50.67527777777778
762,762,My bill amount doubled this month without any explanation.,Billing Issue,Billing,Closed,CUST3444,2025-11-25 17:40:00,2025-11-28 02:21:19,2026-07-23 20:15:32,bill amount doubled month without explanation,56.68861111111111
763,763,The employee refused to help and was arguing instead of assisting.,Staff Behavior,Customer Support,In Progress,CUST6187,2025-06-19 12:28:00,,2026-07-23 20:15:32,employee refused help arguing instead assisting,
764,764,The response time for service requests is unacceptably slow.,,Operations,Closed,CUST2462,2025-11-14 13:45:00,2025-11-23 17:59:31,2026-07-23 20:15:32,response time service requests unacceptably slow,220.24194444444444
765,765,The new infrastructure upgrade has improved things significantly.,,Maintenance,Open,CUST7049,2025-12-13 08:54:00,,2026-07-23 20:15:32,new infrastructure upgrade improved things significantly,
767,767,I was asked to pay extra money to get my work done faster.,Corruption/Bribery,Administration,Resolved,CUST7652,2025-06-19 10:25:00,2025-06-23 08:06:30,2026-07-23 20:15:32,asked pay extra money get work done faster,93.69166666666666
768,768,Staff keep telling me to wait but nothing happens.,Service Delay,Operations,Open,CUST6902,2025-04-06 15:30:00,,2026-07-23 20:15:32,staff keep telling wait nothing happens,
769,769,I was asked to pay extra money to get my work done faster.,,Administration,Open,CUST1257,2025-05-28 21:42:00,,2026-07-23 20:15:32,asked pay extra money get work done faster,
770,770,Why is the late fee applied when I paid on time?,Billing Issue,Billing,Open,CUST8471,2025-08-05 07:05:00,,2026-07-23 20:15:32,late fee applied paid time,
771,771,There is clear favoritism and under-the-table dealing happening.,Corruption/Bribery,Administration,In Progress,CUST8373,2025-08-14 15:39:00,,2026-07-23 20:15:32,clear favoritism table dealing happening,
772,772,No technician has visited despite multiple requests.,Service Delay,Operations,Resolved,CUST4878,2025-03-20 12:00:00,2025-03-26 18:55:29,2026-07-23 20:15:32,technician visited despite multiple requests,150.92472222222221
773,773,The equipment at the site is old and frequently malfunctions.,Infrastructure,Maintenance,Resolved,CUST8917,2025-06-18 17:36:00,2025-06-28 21:22:38,2026-07-23 20:15:32,equipment site old frequently malfunctions,243.77722222222224
774,774,The road near the facility is damaged and causing accidents.,Infrastructure,Maintenance,Open,CUST5578,2025-07-23 17:05:00,,2026-07-23 20:15:32,road near facility damaged causing accidents,
775,775,The staff at the counter was extremely rude to me today.,Staff Behavior,Customer Support,In Progress,CUST2279,2025-07-20 20:05:00,,2026-07-23 20:15:32,staff counter extremely rude today,
776,776,The new infrastructure upgrade has improved things significantly.,,Maintenance,Open,CUST1176,2025-10-10 15:39:00,,2026-07-23 20:15:32,new infrastructure upgrade improved things significantly,
777,777,The staff member was polite and handled my issue very well.,Staff Behavior,Customer Support,In Progress,CUST5827,2025-11-19 12:46:00,,2026-07-23 20:15:32,staff member polite handled issue well,
778,778,It has been three weeks and my complaint is still not resolved.,Service Delay,Operations,In Progress,CUST5267,2025-08-20 14:47:00,,2026-07-23 20:15:32,three weeks complaint still resolved,
779,779,Why is the late fee applied when I paid on time?,,Billing,Closed,CUST1447,2025-07-19 17:03:00,2025-07-20 23:26:25,2026-07-23 20:15:32,late fee applied paid time,30.39027777777778
780,780,It has been three weeks and my complaint is still not resolved.,,Operations,Closed,CUST5603,2025-03-03 13:54:00,2025-03-10 18:57:54,2026-07-23 20:15:32,three weeks complaint still resolved,173.065
781,781,The response time for service requests is unacceptably slow.,Service Delay,Operations,In Progress,CUST3476,2025-01-04 09:38:00,,2026-07-23 20:15:32,response time service requests unacceptably slow,
782,782,The equipment at the site is old and frequently malfunctions.,Infrastructure,Maintenance,Closed,CUST9640,2025-10-09 14:50:00,2025-10-21 21:47:44,2026-07-23 20:15:32,equipment site old frequently malfunctions,294.96222222222224
783,783,An official demanded a bribe before processing my documents.,,Administration,Closed,CUST9125,2025-12-05 11:38:00,2025-12-09 19:20:08,2026-07-23 20:15:32,official demanded bribe processing documents,103.70222222222222
784,784,Security personnel are not checking IDs properly at the gate.,Safety Concern,Security,Resolved,CUST4454,2025-09-08 14:42:00,2025-09-12 19:22:43,2026-07-23 20:15:32,security personnel checking ids properly gate,100.67861111111111
785,785,The equipment at the site is old and frequently malfunctions.,,Maintenance,Closed,CUST8602,2025-01-09 23:48:00,2025-01-21 16:12:41,2026-07-23 20:15:32,equipment site old frequently malfunctions,280.4113888888889
786,786,The response time for service requests is unacceptably slow.,Service Delay,Operations,Resolved,CUST7390,2025-07-25 16:59:00,2025-07-30 04:52:08,2026-07-23 20:15:32,response time service requests unacceptably slow,107.88555555555556
787,787,I was treated very disrespectfully by the customer support agent.,Staff Behavior,Customer Support,In Progress,CUST7258,2025-07-14 13:00:00,,2026-07-23 20:15:32,treated disrespectfully customer support agent,
788,788,The new infrastructure upgrade has improved things significantly.,Infrastructure,Maintenance,Closed,CUST8074,2025-08-02 15:06:00,2025-08-10 03:34:02,2026-07-23 20:15:32,new infrastructure upgrade improved things significantly,180.46722222222223
789,789,The equipment at the site is old and frequently malfunctions.,Infrastructure,Maintenance,Open,CUST7408,2025-05-09 10:51:00,,2026-07-23 20:15:32,equipment site old frequently malfunctions,
790,790,I was treated very disrespectfully by the customer support agent.,,Customer Support,In Progress,CUST3947,2025-09-19 15:49:00,,2026-07-23 20:15:32,treated disrespectfully customer support agent,
792,792,The equipment at the site is old and frequently malfunctions.,,Maintenance,In Progress,CUST2506,2025-04-10 16:16:00,,2026-07-23 20:15:32,equipment site old frequently malfunctions,
793,793,The online payment portal charged me twice for the same bill.,Billing Issue,Billing,Closed,CUST2965,2025-08-27 16:13:00,2025-08-30 10:43:37,2026-07-23 20:15:32,online payment portal charged twice bill,66.51027777777777
794,794,The online payment portal charged me twice for the same bill.,Billing Issue,Billing,Closed,CUST4027,2025-03-22 12:48:00,2025-03-24 09:55:08,2026-07-23 20:15:32,online payment portal charged twice bill,45.11888888888889
795,795,There is clear favoritism and under-the-table dealing happening.,,Administration,Closed,CUST8429,2025-03-10 13:29:00,2025-03-17 03:01:04,2026-07-23 20:15:32,clear favoritism table dealing happening,157.53444444444443
796,796,"The new online system has made things much easier, well done.",Appreciation,Customer Support,Closed,CUST5216,2025-09-23 00:57:00,2025-09-23 14:25:32,2026-07-23 20:15:32,new online system made things much easier well done,13.475555555555555
797,797,I was overcharged on my last bill and no one is responding.,Billing Issue,Billing,Resolved,CUST5230,2025-05-02 11:24:00,2025-05-03 07:45:03,2026-07-23 20:15:32,overcharged last bill one responding,20.350833333333334
798,798,"The new online system has made things much easier, well done.",,Customer Support,Closed,CUST7432,2025-03-03 15:31:00,2025-03-04 05:59:57,2026-07-23 20:15:32,new online system made things much easier well done,14.4825
799,799,Why is the late fee applied when I paid on time?,Billing Issue,Billing,Resolved,CUST2740,2025-02-18 09:49:00,2025-02-18 16:28:17,2026-07-23 20:15:32,late fee applied paid time,6.654722222222222
800,800,"The new online system has made things much easier, well done.",,Customer Support,Resolved,CUST8305,2025-02-03 11:04:00,2025-02-05 02:49:48,2026-07-23 20:15:32,new online system made things much easier well done,39.763333333333335
801,801,Why is the late fee applied when I paid on time?,Billing Issue,Billing,Closed,CUST5365,2025-03-21 14:00:00,2025-03-24 09:23:18,2026-07-23 20:15:32,late fee applied paid time,67.38833333333334
802,802,"There is a billing error, I already paid but it still shows unpaid.",Billing Issue,Billing,Resolved,CUST9039,2025-11-19 12:00:00,2025-11-22 06:50:59,2026-07-23 20:15:32,billing error already paid still shows unpaid,66.84972222222223
803,803,Very unprofessional behavior from the officer on duty.,Staff Behavior,Customer Support,Closed,CUST1054,2025-10-25 13:51:00,2025-10-28 04:29:41,2026-07-23 20:15:32,unprofessional behavior officer duty,62.64472222222222
804,804,I have been waiting since last month for this issue to be fixed.,,Operations,Closed,CUST5961,2025-02-18 12:59:00,2025-02-20 18:17:01,2026-07-23 20:15:32,waiting since last month issue fixed,53.30027777777778
805,805,It has been three weeks and my complaint is still not resolved.,Service Delay,Operations,Open,CUST5750,2025-06-28 14:21:00,,2026-07-23 20:15:32,three weeks complaint still resolved,
806,806,There is a major leakage that has not been fixed for weeks.,Infrastructure,Maintenance,In Progress,CUST2749,2025-07-13 13:42:00,,2026-07-23 20:15:32,major leakage fixed weeks,
807,807,The equipment at the site is old and frequently malfunctions.,,Maintenance,Closed,CUST4163,2025-07-21 14:28:00,2025-07-24 10:50:05,2026-07-23 20:15:32,equipment site old frequently malfunctions,68.36805555555556
808,808,The online payment portal charged me twice for the same bill.,Billing Issue,Billing,Closed,CUST9186,2025-04-13 16:04:00,2025-04-16 03:29:09,2026-07-23 20:15:32,online payment portal charged twice bill,59.41916666666667
809,809,Very unprofessional behavior from the officer on duty.,,Customer Support,In Progress,CUST1701,2025-12-01 20:02:00,,2026-07-23 20:15:32,unprofessional behavior officer duty,
810,810,No technician has visited despite multiple requests.,Service Delay,Operations,Resolved,CUST9791,2025-10-22 02:33:00,2025-10-28 19:30:50,2026-07-23 20:15:32,technician visited despite multiple requests,160.9638888888889
811,811,The online payment portal charged me twice for the same bill.,Billing Issue,Billing,Closed,CUST1312,2025-04-03 09:02:00,2025-04-05 04:10:54,2026-07-23 20:15:32,online payment portal charged twice bill,43.14833333333333
812,812,The staff member was polite and handled my issue very well.,,Customer Support,Open,CUST1818,2025-01-23 19:41:00,,2026-07-23 20:15:32,staff member polite handled issue well,
813,813,I want to thank the team for resolving my issue so quickly.,Appreciation,Customer Support,Resolved,CUST2742,2025-06-06 07:53:00,2025-06-07 11:38:50,2026-07-23 20:15:32,want thank team resolving issue quickly,27.76388888888889
814,814,The online payment portal charged me twice for the same bill.,Billing Issue,Billing,Closed,CUST7586,2025-10-08 19:04:00,2025-10-10 04:35:25,2026-07-23 20:15:32,online payment portal charged twice bill,33.52361111111111
815,815,Staff keep telling me to wait but nothing happens.,,Operations,Closed,CUST1746,2025-07-11 12:53:00,2025-07-15 23:24:39,2026-07-23 20:15:32,staff keep telling wait nothing happens,106.5275
816,816,The equipment at the site is old and frequently malfunctions.,,Maintenance,Closed,CUST7060,2025-02-09 09:09:00,2025-02-14 10:03:45,2026-07-23 20:15:32,equipment site old frequently malfunctions,120.9125
817,817,Very unprofessional behavior from the officer on duty.,Staff Behavior,Customer Support,Open,CUST7162,2025-04-19 16:02:00,,2026-07-23 20:15:32,unprofessional behavior officer duty,
818,818,There are serious safety hazards at the site that need urgent attention.,Safety Concern,Security,Open,CUST5648,2025-11-03 13:00:00,,2026-07-23 20:15:32,serious safety hazards site need urgent attention,
819,819,I have been waiting since last month for this issue to be fixed.,Service Delay,Operations,Resolved,CUST7750,2025-08-07 10:09:00,2025-08-10 05:10:39,2026-07-23 20:15:32,waiting since last month issue fixed,67.0275
820,820,No technician has visited despite multiple requests.,Service Delay,Operations,In Progress,CUST2442,2025-08-02 14:38:00,,2026-07-23 20:15:32,technician visited despite multiple requests,
821,821,The equipment at the site is old and frequently malfunctions.,,Maintenance,In Progress,CUST9686,2025-05-01 15:35:00,,2026-07-23 20:15:32,equipment site old frequently malfunctions,
822,822,"The new online system has made things much easier, well done.",Appreciation,Customer Support,In Progress,CUST4409,2025-11-18 10:32:00,,2026-07-23 20:15:32,new online system made things much easier well done,
823,823,No technician has visited despite multiple requests.,Service Delay,Operations,Closed,CUST9151,2025-02-05 11:43:00,2025-02-10 05:16:18,2026-07-23 20:15:32,technician visited despite multiple requests,113.555
824,824,I was overcharged on my last bill and no one is responding.,,Billing,In Progress,CUST8424,2025-01-12 15:18:00,,2026-07-23 20:15:32,overcharged last bill one responding,
825,825,I was overcharged on my last bill and no one is responding.,Billing Issue,Billing,Closed,CUST2901,2025-12-06 09:10:00,2025-12-08 06:06:34,2026-07-23 20:15:32,overcharged last bill one responding,44.94277777777778
826,826,My bill amount doubled this month without any explanation.,,Billing,In Progress,CUST6336,2025-09-19 13:37:00,,2026-07-23 20:15:32,bill amount doubled month without explanation,
827,827,It has been three weeks and my complaint is still not resolved.,Service Delay,Operations,Closed,CUST7152,2025-05-04 15:15:00,2025-05-09 22:57:10,2026-07-23 20:15:32,three weeks complaint still resolved,127.70277777777778
828,828,I was asked to pay extra money to get my work done faster.,,Administration,Closed,CUST8454,2025-07-16 09:03:00,2025-07-20 06:48:58,2026-07-23 20:15:32,asked pay extra money get work done faster,93.76611111111112
829,829,"There is a billing error, I already paid but it still shows unpaid.",Billing Issue,Billing,Resolved,CUST4313,2025-03-24 21:12:00,2025-03-28 00:01:49,2026-07-23 20:15:32,billing error already paid still shows unpaid,74.83027777777778
830,830,It has been three weeks and my complaint is still not resolved.,Service Delay,Operations,Open,CUST8513,2025-08-02 13:17:00,,2026-07-23 20:15:32,three weeks complaint still resolved,
831,831,The response time for service requests is unacceptably slow.,Service Delay,Operations,In Progress,CUST3784,2025-04-10 06:38:00,,2026-07-23 20:15:32,response time service requests unacceptably slow,
832,832,The new infrastructure upgrade has improved things significantly.,Infrastructure,Maintenance,Closed,CUST4546,2025-10-03 14:26:00,2025-10-11 16:25:18,2026-07-23 20:15:32,new infrastructure upgrade improved things significantly,193.98833333333334
833,833,Poor maintenance of the facility is causing repeated problems.,,Maintenance,Closed,CUST6362,2025-05-24 20:27:00,2025-06-06 04:56:32,2026-07-23 20:15:32,poor maintenance facility causing repeated problems,296.4922222222222
834,834,I was treated very disrespectfully by the customer support agent.,Staff Behavior,Customer Support,Closed,CUST7844,2025-11-19 18:09:00,2025-11-23 05:12:30,2026-07-23 20:15:32,treated disrespectfully customer support agent,83.05833333333334
835,835,I want to thank the team for resolving my issue so quickly.,Appreciation,Customer Support,Resolved,CUST7460,2025-12-24 09:49:00,2025-12-25 14:36:47,2026-07-23 20:15:32,want thank team resolving issue quickly,28.796388888888888
836,836,The staff at the counter was extremely rude to me today.,,Customer Support,Resolved,CUST7662,2025-06-08 11:05:00,2025-06-09 21:44:51,2026-07-23 20:15:32,staff counter extremely rude today,34.66416666666667
837,837,"Excellent service today, very satisfied with the response.",,Customer Support,Closed,CUST5994,2025-05-08 17:41:00,2025-05-09 15:02:24,2026-07-23 20:15:32,excellent service today satisfied response,21.356666666666666
838,838,Why is the late fee applied when I paid on time?,Billing Issue,Billing,Open,CUST3271,2025-10-24 09:37:00,,2026-07-23 20:15:32,late fee applied paid time,
839,839,An official demanded a bribe before processing my documents.,Corruption/Bribery,Administration,Resolved,CUST1022,2025-03-28 16:23:00,2025-04-05 19:27:57,2026-07-23 20:15:32,official demanded bribe processing documents,195.0825
840,840,I was asked to pay extra money to get my work done faster.,,Administration,Resolved,CUST5420,2025-06-23 10:21:00,2025-06-28 22:39:10,2026-07-23 20:15:32,asked pay extra money get work done faster,132.30277777777778
841,841,The new infrastructure upgrade has improved things significantly.,,Maintenance,Closed,CUST6500,2025-07-26 15:13:00,2025-08-08 03:02:09,2026-07-23 20:15:32,new infrastructure upgrade improved things significantly,299.81916666666666
842,842,There are serious safety hazards at the site that need urgent attention.,,Security,Closed,CUST6989,2025-07-22 07:23:00,2025-07-24 19:18:39,2026-07-23 20:15:32,serious safety hazards site need urgent attention,59.9275
843,843,The staff at the counter was extremely rude to me today.,,Customer Support,Resolved,CUST4354,2025-06-06 14:41:00,2025-06-12 04:27:49,2026-07-23 20:15:32,staff counter extremely rude today,133.78027777777777
844,844,"There is a billing error, I already paid but it still shows unpaid.",Billing Issue,Billing,Resolved,CUST4437,2025-04-04 08:41:00,2025-04-06 20:51:06,2026-07-23 20:15:32,billing error already paid still shows unpaid,60.16833333333334
845,845,No safety measures are in place despite previous warnings.,,Security,Closed,CUST2038,2025-05-09 09:32:00,2025-05-13 18:25:48,2026-07-23 20:15:32,safety measures place despite previous warnings,104.89666666666666
846,846,I have been waiting since last month for this issue to be fixed.,Service Delay,Operations,Open,CUST9730,2025-07-17 07:53:00,,2026-07-23 20:15:32,waiting since last month issue fixed,
847,847,An official demanded a bribe before processing my documents.,Corruption/Bribery,Administration,Closed,CUST2075,2025-08-26 03:43:00,2025-09-04 11:11:30,2026-07-23 20:15:32,official demanded bribe processing documents,223.475
848,848,Why is the late fee applied when I paid on time?,Billing Issue,Billing,In Progress,CUST2260,2025-02-13 13:57:00,,2026-07-23 20:15:32,late fee applied paid time,
849,849,"There is a billing error, I already paid but it still shows unpaid.",,Billing,In Progress,CUST1371,2025-02-05 09:31:00,,2026-07-23 20:15:32,billing error already paid still shows unpaid,
850,850,Staff keep telling me to wait but nothing happens.,Service Delay,Operations,Resolved,CUST1351,2025-12-16 11:22:00,2025-12-24 17:17:22,2026-07-23 20:15:32,staff keep telling wait nothing happens,197.92277777777778
851,851,It has been three weeks and my complaint is still not resolved.,Service Delay,Operations,Closed,CUST6503,2025-01-26 14:14:00,2025-02-01 05:19:25,2026-07-23 20:15:32,three weeks complaint still resolved,135.09027777777777
852,852,The response time for service requests is unacceptably slow.,Service Delay,Operations,Resolved,CUST9686,2025-08-26 08:20:00,2025-08-31 08:13:59,2026-07-23 20:15:32,response time service requests unacceptably slow,119.89972222222222
853,853,An official demanded a bribe before processing my documents.,,Administration,Closed,CUST5259,2025-06-19 15:08:00,2025-06-22 06:59:46,2026-07-23 20:15:32,official demanded bribe processing documents,63.86277777777778
854,854,The response time for service requests is unacceptably slow.,Service Delay,Operations,Open,CUST8469,2025-12-25 15:54:00,,2026-07-23 20:15:32,response time service requests unacceptably slow,
855,855,"Excellent service today, very satisfied with the response.",Appreciation,Customer Support,Closed,CUST3514,2025-09-10 15:11:00,2025-09-10 20:49:03,2026-07-23 20:15:32,excellent service today satisfied response,5.634166666666666
856,856,I was overcharged on my last bill and no one is responding.,,Billing,Open,CUST4022,2025-01-11 23:36:00,,2026-07-23 20:15:32,overcharged last bill one responding,
857,857,I was overcharged on my last bill and no one is responding.,Billing Issue,Billing,Resolved,CUST3663,2025-08-12 08:09:00,2025-08-14 13:57:41,2026-07-23 20:15:32,overcharged last bill one responding,53.81138888888889
858,858,The staff at the counter was extremely rude to me today.,,Customer Support,Resolved,CUST8504,2025-11-13 14:59:00,2025-11-15 23:35:59,2026-07-23 20:15:32,staff counter extremely rude today,56.61638888888889
859,859,"Excellent service today, very satisfied with the response.",,Customer Support,Closed,CUST5842,2025-01-24 10:34:00,2025-01-24 23:59:57,2026-07-23 20:15:32,excellent service today satisfied response,13.4325
860,860,The employee refused to help and was arguing instead of assisting.,Staff Behavior,Customer Support,Closed,CUST8243,2025-12-25 11:36:00,2025-12-27 15:06:52,2026-07-23 20:15:32,employee refused help arguing instead assisting,51.51444444444444
861,861,It has been three weeks and my complaint is still not resolved.,,Operations,Closed,CUST1406,2025-09-02 07:08:00,2025-09-05 18:41:57,2026-07-23 20:15:32,three weeks complaint still resolved,83.56583333333333
862,862,No technician has visited despite multiple requests.,Service Delay,Operations,Open,CUST9625,2025-06-03 16:20:00,,2026-07-23 20:15:32,technician visited despite multiple requests,
863,863,The response time for service requests is unacceptably slow.,Service Delay,Operations,Closed,CUST2431,2025-04-03 09:34:00,2025-04-08 11:10:21,2026-07-23 20:15:32,response time service requests unacceptably slow,121.60583333333334
864,864,"Great job by the support team, issue resolved within a day.",Appreciation,Customer Support,Resolved,CUST6915,2025-04-11 13:38:00,2025-04-12 16:48:35,2026-07-23 20:15:32,great job support team issue resolved within day,27.176388888888887
865,865,I have been waiting since last month for this issue to be fixed.,Service Delay,Operations,In Progress,CUST8300,2025-06-12 13:00:00,,2026-07-23 20:15:32,waiting since last month issue fixed,
866,866,I was asked to pay extra money to get my work done faster.,Corruption/Bribery,Administration,Closed,CUST5728,2025-04-15 10:47:00,2025-04-23 18:47:42,2026-07-23 20:15:32,asked pay extra money get work done faster,200.01166666666666
867,867,Why is the late fee applied when I paid on time?,Billing Issue,Billing,Closed,CUST3353,2025-09-14 10:08:00,2025-09-16 23:28:38,2026-07-23 20:15:32,late fee applied paid time,61.34388888888889
868,868,Why is the late fee applied when I paid on time?,Billing Issue,Billing,Open,CUST7156,2025-12-17 15:21:00,,2026-07-23 20:15:32,late fee applied paid time,
869,869,Why is the late fee applied when I paid on time?,Billing Issue,Billing,In Progress,CUST3243,2025-08-09 12:26:00,,2026-07-23 20:15:32,late fee applied paid time,
870,870,Why is the late fee applied when I paid on time?,,Billing,Closed,CUST5979,2025-05-16 07:02:00,2025-05-19 20:24:25,2026-07-23 20:15:32,late fee applied paid time,85.37361111111112
871,871,Very unprofessional behavior from the officer on duty.,,Customer Support,In Progress,CUST8742,2025-04-26 13:00:00,,2026-07-23 20:15:32,unprofessional behavior officer duty,
872,872,"There is a billing error, I already paid but it still shows unpaid.",,Billing,Closed,CUST2955,2025-06-16 20:58:00,2025-06-19 07:18:38,2026-07-23 20:15:32,billing error already paid still shows unpaid,58.34388888888889
873,873,Security personnel are not checking IDs properly at the gate.,Safety Concern,Security,Closed,CUST8144,2025-12-03 09:38:00,2025-12-05 18:29:20,2026-07-23 20:15:32,security personnel checking ids properly gate,56.855555555555554
874,874,There is clear favoritism and under-the-table dealing happening.,Corruption/Bribery,Administration,Open,CUST1287,2025-08-23 13:52:00,,2026-07-23 20:15:32,clear favoritism table dealing happening,
875,875,I was asked to pay extra money to get my work done faster.,Corruption/Bribery,Administration,Resolved,CUST6855,2025-07-05 07:20:00,2025-07-15 12:20:28,2026-07-23 20:15:32,asked pay extra money get work done faster,245.0077777777778
876,876,"There is a billing error, I already paid but it still shows unpaid.",,Billing,Closed,CUST5778,2025-05-21 10:58:00,2025-05-23 05:04:35,2026-07-23 20:15:32,billing error already paid still shows unpaid,42.109722222222224
877,877,The staff at the counter was extremely rude to me today.,,Customer Support,In Progress,CUST3738,2025-07-25 15:40:00,,2026-07-23 20:15:32,staff counter extremely rude today,
878,878,The employee refused to help and was arguing instead of assisting.,Staff Behavior,Customer Support,In Progress,CUST6939,2025-10-22 16:51:00,,2026-07-23 20:15:32,employee refused help arguing instead assisting,
879,879,The online payment portal charged me twice for the same bill.,,Billing,Open,CUST8944,2025-05-05 19:00:00,,2026-07-23 20:15:32,online payment portal charged twice bill,
880,880,No technician has visited despite multiple requests.,,Operations,In Progress,CUST9612,2025-02-05 09:32:00,,2026-07-23 20:15:32,technician visited despite multiple requests,
881,881,There is clear favoritism and under-the-table dealing happening.,Corruption/Bribery,Administration,Open,CUST2251,2025-07-25 11:51:00,,2026-07-23 20:15:32,clear favoritism table dealing happening,
882,882,My bill amount doubled this month without any explanation.,Billing Issue,Billing,In Progress,CUST8240,2025-12-16 08:22:00,,2026-07-23 20:15:32,bill amount doubled month without explanation,
883,883,There is clear favoritism and under-the-table dealing happening.,,Administration,Closed,CUST2943,2025-07-11 23:11:00,2025-07-18 09:33:47,2026-07-23 20:15:32,clear favoritism table dealing happening,154.37972222222223
884,884,No technician has visited despite multiple requests.,Service Delay,Operations,In Progress,CUST7960,2025-08-10 17:08:00,,2026-07-23 20:15:32,technician visited despite multiple requests,
885,885,The road near the facility is damaged and causing accidents.,,Maintenance,Closed,CUST2766,2025-02-25 13:30:00,2025-03-08 11:54:22,2026-07-23 20:15:32,road near facility damaged causing accidents,262.4061111111111
886,886,The online payment portal charged me twice for the same bill.,,Billing,Closed,CUST5942,2025-08-16 14:07:00,2025-08-18 17:48:14,2026-07-23 20:15:32,online payment portal charged twice bill,51.687222222222225
887,887,The road near the facility is damaged and causing accidents.,,Maintenance,Resolved,CUST6759,2025-09-20 08:13:00,2025-09-27 15:29:14,2026-07-23 20:15:32,road near facility damaged causing accidents,175.27055555555555
888,888,My bill amount doubled this month without any explanation.,,Billing,In Progress,CUST9202,2025-10-09 17:37:00,,2026-07-23 20:15:32,bill amount doubled month without explanation,
889,889,Thank you for quickly fixing the safety issue I reported earlier.,Safety Concern,Security,Open,CUST1229,2025-04-19 16:04:00,,2026-07-23 20:15:32,thank quickly fixing safety issue reported earlier,
890,890,I was treated very disrespectfully by the customer support agent.,,Customer Support,Closed,CUST2616,2025-12-06 15:57:00,2025-12-08 17:18:48,2026-07-23 20:15:32,treated disrespectfully customer support agent,49.36333333333334
891,891,"Great job by the support team, issue resolved within a day.",Appreciation,Customer Support,Resolved,CUST3963,2025-06-19 07:11:00,2025-06-19 18:24:12,2026-07-23 20:15:32,great job support team issue resolved within day,11.22
892,892,An official demanded a bribe before processing my documents.,Corruption/Bribery,Administration,Resolved,CUST6149,2025-06-17 19:14:00,2025-06-19 11:03:39,2026-07-23 20:15:32,official demanded bribe processing documents,39.8275
893,893,I was overcharged on my last bill and no one is responding.,,Billing,Resolved,CUST1665,2025-07-16 11:48:00,2025-07-18 21:33:12,2026-07-23 20:15:32,overcharged last bill one responding,57.75333333333333
894,894,Why is the late fee applied when I paid on time?,,Billing,Resolved,CUST8273,2025-02-10 12:29:00,2025-02-12 19:56:38,2026-07-23 20:15:32,late fee applied paid time,55.46055555555556
895,895,I have been waiting since last month for this issue to be fixed.,,Operations,In Progress,CUST8793,2025-05-28 19:27:00,,2026-07-23 20:15:32,waiting since last month issue fixed,
896,896,"The new online system has made things much easier, well done.",Appreciation,Customer Support,Closed,CUST9563,2025-03-22 12:31:00,2025-03-24 12:26:58,2026-07-23 20:15:32,new online system made things much easier well done,47.93277777777778
897,897,The road near the facility is damaged and causing accidents.,Infrastructure,Maintenance,Closed,CUST3764,2025-02-13 23:25:00,2025-02-21 00:37:45,2026-07-23 20:15:32,road near facility damaged causing accidents,169.2125
898,898,My bill amount doubled this month without any explanation.,,Billing,Closed,CUST7958,2025-05-20 19:54:00,2025-05-23 04:48:29,2026-07-23 20:15:32,bill amount doubled month without explanation,56.908055555555556
899,899,I witnessed a near-accident due to lack of proper signage.,Safety Concern,Security,Resolved,CUST7557,2025-09-25 08:37:00,2025-09-28 10:49:39,2026-07-23 20:15:32,witnessed near accident due lack proper signage,74.21083333333333
900,900,Staff keep telling me to wait but nothing happens.,Service Delay,Operations,In Progress,CUST2770,2025-12-16 17:32:00,,2026-07-23 20:15:32,staff keep telling wait nothing happens,
901,901,Why is the late fee applied when I paid on time?,Billing Issue,Billing,Open,CUST2117,2025-07-21 17:08:00,,2026-07-23 20:15:32,late fee applied paid time,
902,902,The staff at the counter was extremely rude to me today.,,Customer Support,Closed,CUST2578,2025-12-13 16:38:00,2025-12-18 02:13:22,2026-07-23 20:15:32,staff counter extremely rude today,105.58944444444444
903,903,Thank you for quickly fixing the safety issue I reported earlier.,Safety Concern,Security,In Progress,CUST9032,2025-09-26 16:29:00,,2026-07-23 20:15:32,thank quickly fixing safety issue reported earlier,
904,904,The staff member was polite and handled my issue very well.,Staff Behavior,Customer Support,Resolved,CUST1517,2025-05-28 10:34:00,2025-05-31 05:31:40,2026-07-23 20:15:32,staff member polite handled issue well,66.96111111111111
905,905,I want to thank the team for resolving my issue so quickly.,Appreciation,Customer Support,Resolved,CUST1538,2025-06-11 09:54:00,2025-06-12 02:38:41,2026-07-23 20:15:32,want thank team resolving issue quickly,16.744722222222222
906,906,"There is a billing error, I already paid but it still shows unpaid.",,Billing,Resolved,CUST7374,2025-11-06 15:31:00,2025-11-08 16:03:27,2026-07-23 20:15:32,billing error already paid still shows unpaid,48.54083333333333
907,907,The staff at the counter was extremely rude to me today.,Staff Behavior,Customer Support,Resolved,CUST8697,2025-07-16 14:42:00,2025-07-19 14:26:14,2026-07-23 20:15:32,staff counter extremely rude today,71.73722222222223
908,908,I was treated very disrespectfully by the customer support agent.,Staff Behavior,Customer Support,Resolved,CUST6779,2025-07-13 17:16:00,2025-07-16 16:32:45,2026-07-23 20:15:32,treated disrespectfully customer support agent,71.27916666666667
909,909,I witnessed a near-accident due to lack of proper signage.,Safety Concern,Security,Open,CUST6715,2025-05-01 14:37:00,,2026-07-23 20:15:32,witnessed near accident due lack proper signage,
910,910,Thank you for quickly fixing the safety issue I reported earlier.,Safety Concern,Security,Resolved,CUST6855,2025-01-21 16:21:00,2025-01-26 15:47:22,2026-07-23 20:15:32,thank quickly fixing safety issue reported earlier,119.43944444444445
911,911,It has been three weeks and my complaint is still not resolved.,Service Delay,Operations,Resolved,CUST2073,2025-08-08 09:15:00,2025-08-08 10:15:00,2026-07-23 20:15:32,three weeks complaint still resolved,1.0
912,912,I was asked to pay extra money to get my work done faster.,Corruption/Bribery,Administration,In Progress,CUST7921,2025-05-01 08:34:00,,2026-07-23 20:15:32,asked pay extra money get work done faster,
913,913,Very unprofessional behavior from the officer on duty.,Staff Behavior,Customer Support,Resolved,CUST7188,2025-04-23 11:30:00,2025-04-26 13:20:31,2026-07-23 20:15:32,unprofessional behavior officer duty,73.84194444444445
914,914,The equipment at the site is old and frequently malfunctions.,Infrastructure,Maintenance,Open,CUST6504,2025-07-26 07:31:00,,2026-07-23 20:15:32,equipment site old frequently malfunctions,
915,915,The employee refused to help and was arguing instead of assisting.,,Customer Support,Closed,CUST2234,2025-03-10 04:23:00,2025-03-13 19:00:24,2026-07-23 20:15:32,employee refused help arguing instead assisting,86.62333333333333
916,916,There is clear favoritism and under-the-table dealing happening.,Corruption/Bribery,Administration,In Progress,CUST4700,2025-04-09 11:03:00,,2026-07-23 20:15:32,clear favoritism table dealing happening,
917,917,The road near the facility is damaged and causing accidents.,,Maintenance,Resolved,CUST9700,2025-09-19 10:06:00,2025-09-27 22:25:08,2026-07-23 20:15:32,road near facility damaged causing accidents,204.3188888888889
918,918,I was treated very disrespectfully by the customer support agent.,Staff Behavior,Customer Support,Closed,CUST5913,2025-05-03 13:41:00,2025-05-05 10:37:49,2026-07-23 20:15:32,treated disrespectfully customer support agent,44.94694444444445
919,919,The staff member was polite and handled my issue very well.,Staff Behavior,Customer Support,In Progress,CUST9971,2025-05-14 14:25:00,,2026-07-23 20:15:32,staff member polite handled issue well,
920,920,I was overcharged on my last bill and no one is responding.,Billing Issue,Billing,In Progress,CUST8656,2025-08-17 09:55:00,,2026-07-23 20:15:32,overcharged last bill one responding,
921,921,Staff keep telling me to wait but nothing happens.,Service Delay,Operations,Closed,CUST1981,2025-10-28 14:49:00,2025-11-02 07:54:01,2026-07-23 20:15:32,staff keep telling wait nothing happens,113.08361111111111
922,922,The employee refused to help and was arguing instead of assisting.,Staff Behavior,Customer Support,Closed,CUST8133,2025-06-08 14:09:00,2025-06-11 08:00:10,2026-07-23 20:15:32,employee refused help arguing instead assisting,65.85277777777777
923,923,It has been three weeks and my complaint is still not resolved.,,Operations,In Progress,CUST3631,2025-08-28 06:26:00,,2026-07-23 20:15:32,three weeks complaint still resolved,
924,924,Staff keep telling me to wait but nothing happens.,,Operations,Open,CUST6087,2025-04-08 23:07:00,,2026-07-23 20:15:32,staff keep telling wait nothing happens,
925,925,The staff member was polite and handled my issue very well.,,Customer Support,Closed,CUST5468,2025-12-14 06:41:00,2025-12-19 01:36:58,2026-07-23 20:15:32,staff member polite handled issue well,114.93277777777777
926,926,"There is a billing error, I already paid but it still shows unpaid.",Billing Issue,Billing,Resolved,CUST1691,2025-09-09 15:42:00,2025-09-11 03:55:21,2026-07-23 20:15:32,billing error already paid still shows unpaid,36.2225
927,927,"Great job by the support team, issue resolved within a day.",,Customer Support,Closed,CUST5882,2025-09-02 15:55:00,2025-09-03 13:00:46,2026-07-23 20:15:32,great job support team issue resolved within day,21.09611111111111
928,928,An official demanded a bribe before processing my documents.,Corruption/Bribery,Administration,Closed,UNKNOWN,2025-11-22 07:42:00,2025-11-28 23:20:03,2026-07-23 20:15:32,official demanded bribe processing documents,159.63416666666666
929,929,Staff keep telling me to wait but nothing happens.,Service Delay,Operations,Closed,CUST9605,2025-09-04 16:33:00,2025-09-09 16:41:46,2026-07-23 20:15:32,staff keep telling wait nothing happens,120.14611111111111
930,930,It has been three weeks and my complaint is still not resolved.,,Operations,Closed,CUST7388,2025-04-04 14:49:00,2025-04-11 12:23:42,2026-07-23 20:15:32,three weeks complaint still resolved,165.57833333333335
931,931,No safety measures are in place despite previous warnings.,,Security,Open,CUST5498,2025-12-07 13:09:00,,2026-07-23 20:15:32,safety measures place despite previous warnings,
932,932,The employee refused to help and was arguing instead of assisting.,Staff Behavior,Customer Support,Resolved,CUST2850,2025-11-02 11:31:00,2025-11-03 16:45:05,2026-07-23 20:15:32,employee refused help arguing instead assisting,29.23472222222222
933,933,I have been waiting since last month for this issue to be fixed.,Service Delay,Operations,Closed,CUST6947,2025-07-08 08:17:00,2025-07-13 02:06:53,2026-07-23 20:15:32,waiting since last month issue fixed,113.8313888888889
934,934,The employee refused to help and was arguing instead of assisting.,Staff Behavior,Customer Support,Closed,CUST1895,2025-10-01 09:41:00,2025-10-05 14:10:37,2026-07-23 20:15:32,employee refused help arguing instead assisting,100.49361111111111
935,935,There is a major leakage that has not been fixed for weeks.,Infrastructure,Maintenance,Resolved,CUST2999,2025-04-13 11:19:00,2025-04-25 19:56:29,2026-07-23 20:15:32,major leakage fixed weeks,296.6247222222222
936,936,I was treated very disrespectfully by the customer support agent.,Staff Behavior,Customer Support,Closed,CUST5186,2025-10-13 15:00:00,2025-10-16 05:52:49,2026-07-23 20:15:32,treated disrespectfully customer support agent,62.88027777777778
937,937,No technician has visited despite multiple requests.,Service Delay,Operations,In Progress,CUST6196,2025-05-28 16:56:00,,2026-07-23 20:15:32,technician visited despite multiple requests,
938,938,There is clear favoritism and under-the-table dealing happening.,Corruption/Bribery,Administration,Closed,CUST9055,2025-06-02 01:17:00,2025-06-06 20:41:33,2026-07-23 20:15:32,clear favoritism table dealing happening,115.40916666666666
939,939,Very unprofessional behavior from the officer on duty.,Staff Behavior,Customer Support,Resolved,CUST2644,2025-12-11 02:45:00,2025-12-11 03:45:00,2026-07-23 20:15:32,unprofessional behavior officer duty,1.0
940,940,There is clear favoritism and under-the-table dealing happening.,Corruption/Bribery,Administration,Resolved,CUST9973,2025-04-03 10:22:00,2025-04-08 07:35:31,2026-07-23 20:15:32,clear favoritism table dealing happening,117.22527777777778
941,941,Security personnel are not checking IDs properly at the gate.,,Security,Resolved,CUST8264,2025-08-25 13:03:00,2025-08-29 21:09:17,2026-07-23 20:15:32,security personnel checking ids properly gate,104.10472222222222
942,942,No safety measures are in place despite previous warnings.,Safety Concern,Security,In Progress,CUST2815,2025-01-07 09:40:00,,2026-07-23 20:15:32,safety measures place despite previous warnings,
943,943,The online payment portal charged me twice for the same bill.,,Billing,Resolved,CUST7722,2025-09-25 01:53:00,2025-09-26 06:47:47,2026-07-23 20:15:32,online payment portal charged twice bill,28.913055555555555
944,944,I witnessed a near-accident due to lack of proper signage.,,Security,Open,CUST6367,2025-06-28 13:47:00,,2026-07-23 20:15:32,witnessed near accident due lack proper signage,
945,945,No safety measures are in place despite previous warnings.,Safety Concern,Security,Resolved,CUST4677,2025-02-12 12:11:00,2025-02-16 05:04:10,2026-07-23 20:15:32,safety measures place despite previous warnings,88.8861111111111
946,946,I was overcharged on my last bill and no one is responding.,Billing Issue,Billing,Resolved,CUST8576,2025-12-21 17:39:00,2025-12-23 17:07:32,2026-07-23 20:15:32,overcharged last bill one responding,47.47555555555556
947,947,My bill amount doubled this month without any explanation.,,Billing,Resolved,CUST7028,2025-01-20 08:27:00,2025-01-21 14:31:52,2026-07-23 20:15:32,bill amount doubled month without explanation,30.08111111111111
948,948,The online payment portal charged me twice for the same bill.,Billing Issue,Billing,Resolved,CUST8433,2025-02-23 10:33:00,2025-02-25 07:13:45,2026-07-23 20:15:32,online payment portal charged twice bill,44.67916666666667
949,949,An official demanded a bribe before processing my documents.,Corruption/Bribery,Administration,In Progress,CUST5361,2025-02-23 11:13:00,,2026-07-23 20:15:32,official demanded bribe processing documents,
950,950,I have been waiting since last month for this issue to be fixed.,,Operations,In Progress,CUST5636,2025-06-14 11:54:00,,2026-07-23 20:15:32,waiting since last month issue fixed,
951,951,No safety measures are in place despite previous warnings.,,Security,Open,CUST5289,2025-06-14 12:50:00,,2026-07-23 20:15:32,safety measures place despite previous warnings,
952,952,I have been waiting since last month for this issue to be fixed.,Service Delay,Operations,Closed,CUST1169,2025-11-12 16:37:00,2025-11-21 02:46:43,2026-07-23 20:15:32,waiting since last month issue fixed,202.16194444444446
953,953,The employee refused to help and was arguing instead of assisting.,Staff Behavior,Customer Support,In Progress,CUST7935,2025-12-13 18:43:00,,2026-07-23 20:15:32,employee refused help arguing instead assisting,
954,954,I witnessed a near-accident due to lack of proper signage.,Safety Concern,Security,Open,CUST8715,2025-02-18 20:03:00,,2026-07-23 20:15:32,witnessed near accident due lack proper signage,
955,955,I want to thank the team for resolving my issue so quickly.,Appreciation,Customer Support,Resolved,CUST7076,2025-01-17 16:39:00,2025-01-19 03:36:58,2026-07-23 20:15:32,want thank team resolving issue quickly,34.96611111111111
956,956,The online payment portal charged me twice for the same bill.,Billing Issue,Billing,In Progress,CUST6557,2025-01-06 12:16:00,,2026-07-23 20:15:32,online payment portal charged twice bill,
957,957,I was asked to pay extra money to get my work done faster.,,Administration,Resolved,CUST6132,2025-02-23 09:33:00,2025-02-26 20:18:02,2026-07-23 20:15:32,asked pay extra money get work done faster,82.75055555555555
958,958,My bill amount doubled this month without any explanation.,Billing Issue,Billing,Closed,CUST5635,2025-07-27 17:17:00,2025-07-31 10:42:13,2026-07-23 20:15:32,bill amount doubled month without explanation,89.42027777777778
959,959,"The new online system has made things much easier, well done.",,Customer Support,In Progress,CUST3703,2025-08-25 14:59:00,,2026-07-23 20:15:32,new online system made things much easier well done,
960,960,I have been waiting since last month for this issue to be fixed.,Service Delay,Operations,Closed,CUST8208,2025-09-05 18:35:00,2025-09-09 13:30:32,2026-07-23 20:15:32,waiting since last month issue fixed,90.92555555555556
961,961,My bill amount doubled this month without any explanation.,,Billing,Resolved,CUST8653,2025-01-06 14:02:00,2025-01-08 01:44:09,2026-07-23 20:15:32,bill amount doubled month without explanation,35.7025
962,962,Very unprofessional behavior from the officer on duty.,Staff Behavior,Customer Support,Resolved,CUST2843,2025-01-12 13:45:00,2025-01-15 18:35:59,2026-07-23 20:15:32,unprofessional behavior officer duty,76.84972222222223
963,963,I was asked to pay extra money to get my work done faster.,,Administration,Closed,CUST3757,2025-03-03 08:13:00,2025-03-09 19:32:07,2026-07-23 20:15:32,asked pay extra money get work done faster,155.31861111111112
964,964,I witnessed a near-accident due to lack of proper signage.,Safety Concern,Security,In Progress,CUST1067,2025-07-22 15:37:00,,2026-07-23 20:15:32,witnessed near accident due lack proper signage,
965,965,The staff member was polite and handled my issue very well.,Staff Behavior,Customer Support,Closed,CUST6384,2025-03-03 06:15:00,2025-03-08 07:50:50,2026-07-23 20:15:32,staff member polite handled issue well,121.59722222222223
966,966,I was overcharged on my last bill and no one is responding.,Billing Issue,Billing,Closed,CUST3519,2025-06-19 07:59:00,2025-06-21 00:58:08,2026-07-23 20:15:32,overcharged last bill one responding,40.98555555555556
967,967,Why is the late fee applied when I paid on time?,Billing Issue,Billing,Resolved,CUST1095,2025-10-22 07:30:00,2025-10-24 11:02:45,2026-07-23 20:15:32,late fee applied paid time,51.545833333333334
968,968,It has been three weeks and my complaint is still not resolved.,Service Delay,Operations,Closed,CUST3118,2025-08-15 01:20:00,2025-08-17 08:40:16,2026-07-23 20:15:32,three weeks complaint still resolved,55.33777777777778
969,969,I was overcharged on my last bill and no one is responding.,Billing Issue,Billing,Closed,CUST9964,2025-10-10 10:20:00,2025-10-11 15:40:42,2026-07-23 20:15:32,overcharged last bill one responding,29.345
970,970,"Great job by the support team, issue resolved within a day.",Appreciation,Customer Support,In Progress,CUST7535,2025-02-09 16:11:00,,2026-07-23 20:15:32,great job support team issue resolved within day,
971,971,My bill amount doubled this month without any explanation.,Billing Issue,Billing,In Progress,CUST3525,2025-03-25 14:25:00,,2026-07-23 20:15:32,bill amount doubled month without explanation,
972,972,Why is the late fee applied when I paid on time?,Billing Issue,Billing,Closed,CUST3151,2025-10-24 09:51:00,2025-10-27 08:36:55,2026-07-23 20:15:32,late fee applied paid time,70.76527777777778
973,973,It has been three weeks and my complaint is still not resolved.,Service Delay,Operations,Resolved,CUST8805,2025-10-17 10:12:00,2025-10-23 20:42:35,2026-07-23 20:15:32,three weeks complaint still resolved,154.50972222222222
974,974,Staff keep telling me to wait but nothing happens.,Service Delay,Operations,Closed,CUST8112,2025-06-25 03:27:00,2025-07-02 03:15:37,2026-07-23 20:15:32,staff keep telling wait nothing happens,167.81027777777777
975,975,The road near the facility is damaged and causing accidents.,Infrastructure,Maintenance,Closed,CUST3540,2025-01-11 14:29:00,2025-01-17 09:56:23,2026-07-23 20:15:32,road near facility damaged causing accidents,139.45638888888888
976,976,I want to thank the team for resolving my issue so quickly.,Appreciation,Customer Support,Closed,CUST3434,2025-05-14 11:05:00,2025-05-15 07:59:08,2026-07-23 20:15:32,want thank team resolving issue quickly,20.90222222222222
977,977,"The new online system has made things much easier, well done.",,Customer Support,In Progress,CUST2253,2025-10-17 14:27:00,,2026-07-23 20:15:32,new online system made things much easier well done,
978,978,I want to thank the team for resolving my issue so quickly.,Appreciation,Customer Support,Resolved,CUST5151,2025-07-14 16:06:00,2025-07-15 13:41:31,2026-07-23 20:15:32,want thank team resolving issue quickly,21.591944444444444
979,979,Staff keep telling me to wait but nothing happens.,Service Delay,Operations,Open,CUST3941,2025-02-17 14:01:00,,2026-07-23 20:15:32,staff keep telling wait nothing happens,
980,980,Security personnel are not checking IDs properly at the gate.,,Security,Closed,CUST8454,2025-01-14 13:56:00,2025-01-17 08:46:00,2026-07-23 20:15:32,security personnel checking ids properly gate,66.83333333333333
981,981,Security personnel are not checking IDs properly at the gate.,Safety Concern,Security,Closed,CUST4066,2025-08-09 22:21:00,2025-08-15 01:45:08,2026-07-23 20:15:32,security personnel checking ids properly gate,123.40222222222222
982,982,I was overcharged on my last bill and no one is responding.,,Billing,Closed,CUST9755,2025-09-20 14:16:00,2025-09-23 19:36:47,2026-07-23 20:15:32,overcharged last bill one responding,77.3463888888889
983,983,Why is the late fee applied when I paid on time?,Billing Issue,Billing,Resolved,CUST8974,2025-02-06 16:41:00,2025-02-09 02:26:01,2026-07-23 20:15:32,late fee applied paid time,57.750277777777775
984,984,Staff keep telling me to wait but nothing happens.,Service Delay,Operations,Closed,CUST2435,2025-05-22 14:44:00,2025-05-26 21:12:56,2026-07-23 20:15:32,staff keep telling wait nothing happens,102.48222222222222
985,985,I was overcharged on my last bill and no one is responding.,,Billing,Closed,CUST1439,2025-03-27 19:01:00,2025-03-29 02:54:13,2026-07-23 20:15:32,overcharged last bill one responding,31.886944444444445
986,986,My bill amount doubled this month without any explanation.,Billing Issue,Billing,Resolved,CUST4127,2025-08-14 09:53:00,2025-08-15 13:49:22,2026-07-23 20:15:32,bill amount doubled month without explanation,27.939444444444444
987,987,Why is the late fee applied when I paid on time?,Billing Issue,Billing,Open,CUST8295,2025-03-14 12:01:00,,2026-07-23 20:15:32,late fee applied paid time,
988,988,"Great job by the support team, issue resolved within a day.",,Customer Support,In Progress,CUST7418,2025-01-15 14:37:00,,2026-07-23 20:15:32,great job support team issue resolved within day,
989,989,I was overcharged on my last bill and no one is responding.,Billing Issue,Billing,Resolved,CUST9121,2025-02-28 20:45:00,2025-03-01 06:59:45,2026-07-23 20:15:32,overcharged last bill one responding,10.245833333333334
990,990,Thank you for quickly fixing the safety issue I reported earlier.,Safety Concern,Security,Resolved,CUST8993,2025-09-10 09:02:00,2025-09-13 19:04:05,2026-07-23 20:15:32,thank quickly fixing safety issue reported earlier,82.03472222222223
991,991,It has been three weeks and my complaint is still not resolved.,,Operations,In Progress,CUST7834,2025-07-14 18:36:00,,2026-07-23 20:15:32,three weeks complaint still resolved,
992,992,I was asked to pay extra money to get my work done faster.,Corruption/Bribery,Administration,Resolved,CUST3643,2025-07-21 14:22:00,2025-07-27 03:45:28,2026-07-23 20:15:32,asked pay extra money get work done faster,133.39111111111112
993,993,No technician has visited despite multiple requests.,Service Delay,Operations,Resolved,CUST6556,2025-07-15 10:14:00,2025-07-21 00:49:53,2026-07-23 20:15:32,technician visited despite multiple requests,134.59805555555556
994,994,"Great job by the support team, issue resolved within a day.",Appreciation,Customer Support,Closed,CUST6902,2025-03-10 17:46:00,2025-03-11 20:19:09,2026-07-23 20:15:32,great job support team issue resolved within day,26.5525
995,995,No safety measures are in place despite previous warnings.,Safety Concern,Security,Closed,CUST3115,2025-08-10 19:44:00,2025-08-15 19:53:08,2026-07-23 20:15:32,safety measures place despite previous warnings,120.15222222222222
996,996,My bill amount doubled this month without any explanation.,Billing Issue,Billing,Resolved,CUST5975,2025-08-04 12:50:00,2025-08-05 21:12:40,2026-07-23 20:15:32,bill amount doubled month without explanation,32.37777777777778
997,997,Staff keep telling me to wait but nothing happens.,Service Delay,Operations,Closed,CUST3598,2025-01-01 17:22:00,2025-01-08 12:01:09,2026-07-23 20:15:32,staff keep telling wait nothing happens,162.6525
998,998,The online payment portal charged me twice for the same bill.,Billing Issue,Billing,Resolved,CUST2977,2025-01-03 14:21:00,2025-01-06 04:27:05,2026-07-23 20:15:32,online payment portal charged twice bill,62.10138888888889
999,999,Very unprofessional behavior from the officer on duty.,,Customer Support,Resolved,CUST5382,2025-04-11 09:50:00,2025-04-14 19:13:48,2026-07-23 20:15:32,unprofessional behavior officer duty,81.39666666666666
1000,1000,There is clear favoritism and under-the-table dealing happening.,,Administration,Open,CUST8173,2025-11-20 19:42:00,,2026-07-23 20:15:32,clear favoritism table dealing happening,
1001,1001,There are serious safety hazards at the site that need urgent attention.,Safety Concern,Security,Resolved,CUST2669,2025-12-26 06:39:00,2025-12-30 01:44:28,2026-07-23 20:15:32,serious safety hazards site need urgent attention,91.0911111111111
1002,1002,I was asked to pay extra money to get my work done faster.,,Administration,Open,CUST6925,2025-07-06 08:40:00,,2026-07-23 20:15:32,asked pay extra money get work done faster,
1003,1003,"There is a billing error, I already paid but it still shows unpaid.",Billing Issue,Billing,Resolved,CUST3527,2025-09-25 08:32:00,2025-09-28 00:08:13,2026-07-23 20:15:32,billing error already paid still shows unpaid,63.603611111111114
1004,1004,The equipment at the site is old and frequently malfunctions.,Infrastructure,Maintenance,In Progress,CUST1107,2025-10-04 09:54:00,,2026-07-23 20:15:32,equipment site old frequently malfunctions,
1005,1005,I have been waiting since last month for this issue to be fixed.,Service Delay,Operations,Open,CUST7799,2025-05-17 13:10:00,,2026-07-23 20:15:32,waiting since last month issue fixed,
1006,1006,No technician has visited despite multiple requests.,,Operations,Resolved,CUST8025,2025-03-25 17:33:00,2025-03-31 21:17:22,2026-07-23 20:15:32,technician visited despite multiple requests,147.73944444444444
1007,1007,I have been waiting since last month for this issue to be fixed.,Service Delay,Operations,Closed,CUST1487,2025-11-28 15:33:00,2025-12-08 05:58:10,2026-07-23 20:15:32,waiting since last month issue fixed,230.41944444444445
1008,1008,The staff at the counter was extremely rude to me today.,,Customer Support,Open,CUST3692,2025-09-17 13:04:00,,2026-07-23 20:15:32,staff counter extremely rude today,
1009,1009,Very unprofessional behavior from the officer on duty.,Staff Behavior,Customer Support,Resolved,CUST1947,2025-09-22 10:59:00,2025-09-26 17:57:20,2026-07-23 20:15:32,unprofessional behavior officer duty,102.97222222222223
1010,1010,"The new online system has made things much easier, well done.",,Customer Support,Resolved,CUST6139,2025-06-22 13:44:00,2025-06-23 20:57:55,2026-07-23 20:15:32,new online system made things much easier well done,31.231944444444444
1011,1011,I want to thank the team for resolving my issue so quickly.,Appreciation,Customer Support,Closed,CUST8310,2025-10-17 14:39:00,2025-10-18 18:18:32,2026-07-23 20:15:32,want thank team resolving issue quickly,27.65888888888889
1012,1012,The new infrastructure upgrade has improved things significantly.,,Maintenance,Resolved,CUST7627,2025-08-20 16:41:00,2025-08-28 13:36:24,2026-07-23 20:15:32,new infrastructure upgrade improved things significantly,188.92333333333335
1013,1013,I witnessed a near-accident due to lack of proper signage.,Safety Concern,Security,Resolved,CUST3064,2025-02-18 00:21:00,2025-02-19 22:16:30,2026-07-23 20:15:32,witnessed near accident due lack proper signage,45.925
1014,1014,The staff member was polite and handled my issue very well.,Staff Behavior,Customer Support,Resolved,CUST3621,2025-05-03 09:32:00,2025-05-06 03:30:48,2026-07-23 20:15:32,staff member polite handled issue well,65.98
1015,1015,The online payment portal charged me twice for the same bill.,Billing Issue,Billing,Closed,CUST9278,2025-08-08 16:53:00,2025-08-10 00:33:12,2026-07-23 20:15:32,online payment portal charged twice bill,31.67
1016,1016,I was overcharged on my last bill and no one is responding.,,Billing,Resolved,CUST3043,2025-10-09 09:40:00,2025-10-12 17:43:43,2026-07-23 20:15:32,overcharged last bill one responding,80.06194444444445
1017,1017,The staff member was polite and handled my issue very well.,Staff Behavior,Customer Support,Closed,CUST9737,2025-09-15 14:21:00,2025-09-19 01:42:59,2026-07-23 20:15:32,staff member polite handled issue well,83.36638888888889
1018,1018,I was asked to pay extra money to get my work done faster.,Corruption/Bribery,Administration,Closed,CUST3293,2025-05-10 09:42:00,2025-05-19 15:29:52,2026-07-23 20:15:32,asked pay extra money get work done faster,221.79777777777778
1019,1019,The new infrastructure upgrade has improved things significantly.,,Maintenance,Resolved,CUST6919,2025-09-04 13:20:00,2025-09-10 20:33:02,2026-07-23 20:15:32,new infrastructure upgrade improved things significantly,151.21722222222223
1020,1020,I was treated very disrespectfully by the customer support agent.,,Customer Support,Open,CUST3130,2025-09-27 00:26:00,,2026-07-23 20:15:32,treated disrespectfully customer support agent,
1021,1021,Very unprofessional behavior from the officer on duty.,Staff Behavior,Customer Support,Resolved,CUST7468,2025-02-22 16:33:00,2025-02-23 22:47:38,2026-07-23 20:15:32,unprofessional behavior officer duty,30.24388888888889
1022,1022,There is clear favoritism and under-the-table dealing happening.,Corruption/Bribery,Administration,Closed,CUST7830,2025-07-14 08:28:00,2025-07-17 20:05:17,2026-07-23 20:15:32,clear favoritism table dealing happening,83.62138888888889
1023,1023,I was asked to pay extra money to get my work done faster.,Corruption/Bribery,Administration,Resolved,CUST9408,2025-07-16 10:45:00,2025-07-20 15:43:07,2026-07-23 20:15:32,asked pay extra money get work done faster,100.96861111111112
1024,1024,I was asked to pay extra money to get my work done faster.,,Administration,Open,CUST7051,2025-08-15 15:30:00,,2026-07-23 20:15:32,asked pay extra money get work done faster,
1025,1025,I want to thank the team for resolving my issue so quickly.,Appreciation,Customer Support,Open,CUST1659,2025-08-14 18:07:00,,2026-07-23 20:15:32,want thank team resolving issue quickly,
1026,1026,The staff at the counter was extremely rude to me today.,,Customer Support,In Progress,CUST3340,2025-06-12 14:19:00,,2026-07-23 20:15:32,staff counter extremely rude today,
1027,1027,The online payment portal charged me twice for the same bill.,,Billing,In Progress,CUST9008,2025-06-10 11:56:00,,2026-07-23 20:15:32,online payment portal charged twice bill,
1028,1028,The online payment portal charged me twice for the same bill.,Billing Issue,Billing,Resolved,CUST8411,2025-05-28 11:02:00,2025-05-28 18:49:34,2026-07-23 20:15:32,online payment portal charged twice bill,7.792777777777777
1029,1029,"Great job by the support team, issue resolved within a day.",Appreciation,Customer Support,Resolved,CUST9270,2025-07-24 15:53:00,2025-07-26 03:04:55,2026-07-23 20:15:32,great job support team issue resolved within day,35.19861111111111
1030,1030,Poor maintenance of the facility is causing repeated problems.,,Maintenance,Closed,CUST7711,2025-08-05 07:55:00,2025-08-11 18:04:36,2026-07-23 20:15:32,poor maintenance facility causing repeated problems,154.16
1031,1031,I have been waiting since last month for this issue to be fixed.,Service Delay,Operations,Closed,CUST2450,2025-05-02 14:42:00,2025-05-12 00:59:02,2026-07-23 20:15:32,waiting since last month issue fixed,226.2838888888889
1032,1032,There is clear favoritism and under-the-table dealing happening.,,Administration,Closed,CUST3028,2025-01-21 07:50:00,2025-01-26 20:04:20,2026-07-23 20:15:32,clear favoritism table dealing happening,132.23888888888888
1033,1033,The road near the facility is damaged and causing accidents.,,Maintenance,Resolved,CUST9548,2025-04-20 14:34:00,2025-05-05 03:28:18,2026-07-23 20:15:32,road near facility damaged causing accidents,348.905
1034,1034,Why is the late fee applied when I paid on time?,Billing Issue,Billing,Closed,CUST1310,2025-07-01 14:07:00,2025-07-05 02:20:22,2026-07-23 20:15:32,late fee applied paid time,84.22277777777778
1035,1035,No technician has visited despite multiple requests.,Service Delay,Operations,Closed,CUST9741,2025-04-23 15:53:00,2025-04-27 09:53:36,2026-07-23 20:15:32,technician visited despite multiple requests,90.01
1036,1036,Poor maintenance of the facility is causing repeated problems.,,Maintenance,Closed,CUST3957,2025-07-16 17:55:00,2025-07-27 20:08:40,2026-07-23 20:15:32,poor maintenance facility causing repeated problems,266.22777777777776
1037,1037,Staff keep telling me to wait but nothing happens.,,Operations,Open,CUST3755,2025-05-09 13:05:00,,2026-07-23 20:15:32,staff keep telling wait nothing happens,
1038,1038,No technician has visited despite multiple requests.,Service Delay,Operations,In Progress,CUST3772,2025-04-03 07:09:00,,2026-07-23 20:15:32,technician visited despite multiple requests,
1039,1039,"There is a billing error, I already paid but it still shows unpaid.",,Billing,In Progress,CUST3334,2025-03-23 07:03:00,,2026-07-23 20:15:32,billing error already paid still shows unpaid,
1040,1040,The response time for service requests is unacceptably slow.,,Operations,Open,CUST4874,2025-04-27 10:57:00,,2026-07-23 20:15:32,response time service requests unacceptably slow,
1041,1041,The staff member was polite and handled my issue very well.,Staff Behavior,Customer Support,Open,CUST7669,2025-06-04 16:17:00,,2026-07-23 20:15:32,staff member polite handled issue well,
1042,1042,I was overcharged on my last bill and no one is responding.,,Billing,Closed,CUST2663,2025-06-08 15:58:00,2025-06-10 17:39:50,2026-07-23 20:15:32,overcharged last bill one responding,49.69722222222222
1043,1043,Staff keep telling me to wait but nothing happens.,Service Delay,Operations,Resolved,CUST9199,2025-08-05 12:19:00,2025-08-13 11:14:17,2026-07-23 20:15:32,staff keep telling wait nothing happens,190.92138888888888
1044,1044,My bill amount doubled this month without any explanation.,Billing Issue,Billing,In Progress,CUST8401,2025-06-06 08:50:00,,2026-07-23 20:15:32,bill amount doubled month without explanation,
1045,1045,Why is the late fee applied when I paid on time?,,Billing,Closed,CUST1985,2025-12-20 10:18:00,2025-12-21 18:06:33,2026-07-23 20:15:32,late fee applied paid time,31.809166666666666
1046,1046,"Great job by the support team, issue resolved within a day.",Appreciation,Customer Support,Closed,CUST4485,2025-05-09 09:53:00,2025-05-10 08:35:06,2026-07-23 20:15:32,great job support team issue resolved within day,22.701666666666668
1047,1047,The new infrastructure upgrade has improved things significantly.,,Maintenance,Resolved,CUST2469,2025-05-06 14:47:00,2025-05-15 13:58:16,2026-07-23 20:15:32,new infrastructure upgrade improved things significantly,215.18777777777777
1048,1048,It has been three weeks and my complaint is still not resolved.,Service Delay,Operations,Closed,CUST4454,2025-10-24 11:35:00,2025-10-30 15:16:03,2026-07-23 20:15:32,three weeks complaint still resolved,147.68416666666667
1049,1049,The equipment at the site is old and frequently malfunctions.,Infrastructure,Maintenance,In Progress,CUST8417,2025-11-11 14:40:00,,2026-07-23 20:15:32,equipment site old frequently malfunctions,
1050,1050,The response time for service requests is unacceptably slow.,Service Delay,Operations,In Progress,CUST3190,2025-05-15 16:38:00,,2026-07-23 20:15:32,response time service requests unacceptably slow,
1051,1051,The road near the facility is damaged and causing accidents.,,Maintenance,Open,CUST9011,2025-08-01 08:57:00,,2026-07-23 20:15:32,road near facility damaged causing accidents,
1052,1052,Thank you for quickly fixing the safety issue I reported earlier.,,Security,Open,CUST8293,2025-02-21 11:41:00,,2026-07-23 20:15:32,thank quickly fixing safety issue reported earlier,
1053,1053,The equipment at the site is old and frequently malfunctions.,Infrastructure,Maintenance,Resolved,CUST1138,2025-12-13 17:52:00,2025-12-26 01:45:28,2026-07-23 20:15:32,equipment site old frequently malfunctions,295.8911111111111
1054,1054,"There is a billing error, I already paid but it still shows unpaid.",,Billing,In Progress,CUST5606,2025-12-15 14:00:00,,2026-07-23 20:15:32,billing error already paid still shows unpaid,
1055,1055,The equipment at the site is old and frequently malfunctions.,Infrastructure,Maintenance,Resolved,CUST4623,2025-03-27 09:39:00,2025-03-29 06:39:39,2026-07-23 20:15:32,equipment site old frequently malfunctions,45.01083333333333
1056,1056,I have been waiting since last month for this issue to be fixed.,Service Delay,Operations,Resolved,CUST4425,2025-12-02 11:17:00,2025-12-07 18:02:45,2026-07-23 20:15:32,waiting since last month issue fixed,126.7625
1057,1057,Why is the late fee applied when I paid on time?,,Billing,Resolved,CUST4174,2025-02-09 10:36:00,2025-02-10 00:38:45,2026-07-23 20:15:32,late fee applied paid time,14.045833333333333
1058,1058,The new infrastructure upgrade has improved things significantly.,Infrastructure,Maintenance,In Progress,CUST2065,2025-08-20 19:36:00,,2026-07-23 20:15:32,new infrastructure upgrade improved things significantly,
1059,1059,The online payment portal charged me twice for the same bill.,,Billing,Closed,CUST1378,2025-10-17 10:46:00,2025-10-20 06:35:58,2026-07-23 20:15:32,online payment portal charged twice bill,67.83277777777778
1060,1060,"The new online system has made things much easier, well done.",Appreciation,Customer Support,Closed,CUST1849,2025-08-15 17:00:00,2025-08-16 15:07:42,2026-07-23 20:15:32,new online system made things much easier well done,22.128333333333334
1061,1061,An official demanded a bribe before processing my documents.,Corruption/Bribery,Administration,Open,UNKNOWN,2025-06-14 09:17:00,,2026-07-23 20:15:32,official demanded bribe processing documents,
1062,1062,It has been three weeks and my complaint is still not resolved.,Service Delay,Operations,In Progress,CUST8354,2025-11-08 16:03:00,,2026-07-23 20:15:32,three weeks complaint still resolved,
1063,1063,I have been waiting since last month for this issue to be fixed.,,Operations,Resolved,CUST4696,2025-04-03 12:56:00,2025-04-06 07:35:07,2026-07-23 20:15:32,waiting since last month issue fixed,66.65194444444444
1064,1064,"Great job by the support team, issue resolved within a day.",,Customer Support,In Progress,CUST2584,2025-12-08 07:12:00,,2026-07-23 20:15:32,great job support team issue resolved within day,
1065,1065,Why is the late fee applied when I paid on time?,,Billing,Resolved,CUST5102,2025-10-19 15:51:00,2025-10-21 14:51:30,2026-07-23 20:15:32,late fee applied paid time,47.00833333333333
1066,1066,I have been waiting since last month for this issue to be fixed.,,Operations,Open,CUST4878,2025-04-11 12:53:00,,2026-07-23 20:15:32,waiting since last month issue fixed,
1067,1067,"Great job by the support team, issue resolved within a day.",,Customer Support,Resolved,CUST1994,2025-09-21 12:28:00,2025-09-22 21:06:30,2026-07-23 20:15:32,great job support team issue resolved within day,32.641666666666666
1068,1068,"Great job by the support team, issue resolved within a day.",,Customer Support,Open,CUST8240,2025-05-28 08:44:00,,2026-07-23 20:15:32,great job support team issue resolved within day,
1069,1069,The online payment portal charged me twice for the same bill.,Billing Issue,Billing,Closed,CUST5831,2025-08-03 14:06:00,2025-08-06 05:02:22,2026-07-23 20:15:32,online payment portal charged twice bill,62.93944444444445
1070,1070,An official demanded a bribe before processing my documents.,Corruption/Bribery,Administration,In Progress,CUST1173,2025-02-25 08:26:00,,2026-07-23 20:15:32,official demanded bribe processing documents,
1071,1071,Very unprofessional behavior from the officer on duty.,Staff Behavior,Customer Support,Open,CUST1425,2025-10-20 16:39:00,,2026-07-23 20:15:32,unprofessional behavior officer duty,
1072,1072,The employee refused to help and was arguing instead of assisting.,Staff Behavior,Customer Support,Open,CUST4172,2025-07-04 14:06:00,,2026-07-23 20:15:32,employee refused help arguing instead assisting,
1073,1073,"Excellent service today, very satisfied with the response.",Appreciation,Customer Support,Resolved,CUST8284,2025-08-09 20:22:00,2025-08-10 10:59:36,2026-07-23 20:15:32,excellent service today satisfied response,14.626666666666667
1074,1074,My bill amount doubled this month without any explanation.,Billing Issue,Billing,In Progress,CUST6861,2025-10-02 09:08:00,,2026-07-23 20:15:32,bill amount doubled month without explanation,
1075,1075,Staff keep telling me to wait but nothing happens.,,Operations,In Progress,CUST7042,2025-09-05 18:30:00,,2026-07-23 20:15:32,staff keep telling wait nothing happens,
1076,1076,"Excellent service today, very satisfied with the response.",Appreciation,Customer Support,Closed,CUST7915,2025-01-17 09:52:00,2025-01-18 01:17:56,2026-07-23 20:15:32,excellent service today satisfied response,15.432222222222222
1077,1077,No technician has visited despite multiple requests.,,Operations,Open,CUST8794,2025-08-07 10:50:00,,2026-07-23 20:15:32,technician visited despite multiple requests,
1078,1078,Poor maintenance of the facility is causing repeated problems.,Infrastructure,Maintenance,Resolved,CUST5909,2025-08-11 16:54:00,2025-08-25 00:18:54,2026-07-23 20:15:32,poor maintenance facility causing repeated problems,319.415
1079,1079,No technician has visited despite multiple requests.,,Operations,Open,CUST1060,2025-02-26 07:58:00,,2026-07-23 20:15:32,technician visited despite multiple requests,
1080,1080,There is a major leakage that has not been fixed for weeks.,Infrastructure,Maintenance,Resolved,CUST6431,2025-06-07 12:15:00,2025-06-14 22:33:36,2026-07-23 20:15:32,major leakage fixed weeks,178.31
1081,1081,Security personnel are not checking IDs properly at the gate.,Safety Concern,Security,Closed,CUST2208,2025-04-06 05:52:00,2025-04-10 03:31:33,2026-07-23 20:15:32,security personnel checking ids properly gate,93.65916666666666
1082,1082,Staff keep telling me to wait but nothing happens.,Service Delay,Operations,In Progress,CUST6896,2025-02-10 11:28:00,,2026-07-23 20:15:32,staff keep telling wait nothing happens,
1083,1083,I was overcharged on my last bill and no one is responding.,,Billing,In Progress,CUST3855,2025-04-10 10:11:00,,2026-07-23 20:15:32,overcharged last bill one responding,
1084,1084,Staff keep telling me to wait but nothing happens.,,Operations,In Progress,CUST2657,2025-04-07 18:01:00,,2026-07-23 20:15:32,staff keep telling wait nothing happens,
1085,1085,My bill amount doubled this month without any explanation.,Billing Issue,Billing,Open,CUST5998,2025-06-26 03:56:00,,2026-07-23 20:15:32,bill amount doubled month without explanation,
1086,1086,The employee refused to help and was arguing instead of assisting.,Staff Behavior,Customer Support,Closed,CUST8106,2025-10-22 15:10:00,2025-10-24 06:35:35,2026-07-23 20:15:32,employee refused help arguing instead assisting,39.42638888888889
1087,1087,I was asked to pay extra money to get my work done faster.,Corruption/Bribery,Administration,In Progress,CUST7131,2025-02-05 21:50:00,,2026-07-23 20:15:32,asked pay extra money get work done faster,
1088,1088,I have been waiting since last month for this issue to be fixed.,Service Delay,Operations,Open,CUST4098,2025-12-08 13:58:00,,2026-07-23 20:15:32,waiting since last month issue fixed,
1089,1089,An official demanded a bribe before processing my documents.,Corruption/Bribery,Administration,Open,CUST3071,2025-09-11 19:15:00,,2026-07-23 20:15:32,official demanded bribe processing documents,
1090,1090,There is clear favoritism and under-the-table dealing happening.,Corruption/Bribery,Administration,Open,CUST2062,2025-11-07 06:46:00,,2026-07-23 20:15:32,clear favoritism table dealing happening,
1091,1091,Why is the late fee applied when I paid on time?,Billing Issue,Billing,Resolved,CUST8606,2025-09-21 11:48:00,2025-09-24 04:47:04,2026-07-23 20:15:32,late fee applied paid time,64.98444444444445
1092,1092,"There is a billing error, I already paid but it still shows unpaid.",Billing Issue,Billing,Closed,CUST7569,2025-07-16 22:45:00,2025-07-18 05:06:06,2026-07-23 20:15:32,billing error already paid still shows unpaid,30.351666666666667
1093,1093,The new infrastructure upgrade has improved things significantly.,Infrastructure,Maintenance,Closed,CUST4840,2025-08-07 09:14:00,2025-08-12 00:24:04,2026-07-23 20:15:32,new infrastructure upgrade improved things significantly,111.16777777777777
1094,1094,The response time for service requests is unacceptably slow.,Service Delay,Operations,In Progress,CUST5170,2025-06-13 13:36:00,,2026-07-23 20:15:32,response time service requests unacceptably slow,
1095,1095,I was treated very disrespectfully by the customer support agent.,,Customer Support,Resolved,CUST1674,2025-09-10 12:28:00,2025-09-14 04:47:52,2026-07-23 20:15:32,treated disrespectfully customer support agent,88.33111111111111
1096,1096,The staff member was polite and handled my issue very well.,Staff Behavior,Customer Support,Resolved,CUST9151,2025-05-15 21:29:00,2025-05-16 22:58:03,2026-07-23 20:15:32,staff member polite handled issue well,25.484166666666667
1097,1097,I have been waiting since last month for this issue to be fixed.,,Operations,In Progress,CUST2350,2025-01-15 08:14:00,,2026-07-23 20:15:32,waiting since last month issue fixed,
1098,1098,Staff keep telling me to wait but nothing happens.,Service Delay,Operations,Closed,CUST2612,2025-07-21 08:05:00,2025-07-28 15:59:26,2026-07-23 20:15:32,staff keep telling wait nothing happens,175.90722222222223
1099,1099,"There is a billing error, I already paid but it still shows unpaid.",,Billing,In Progress,CUST5959,2025-01-07 09:21:00,,2026-07-23 20:15:32,billing error already paid still shows unpaid,
1100,1100,I witnessed a near-accident due to lack of proper signage.,Safety Concern,Security,Closed,CUST9898,2025-03-20 09:08:00,2025-03-24 10:21:13,2026-07-23 20:15:32,witnessed near accident due lack proper signage,97.22027777777778
1101,1101,I want to thank the team for resolving my issue so quickly.,Appreciation,Customer Support,In Progress,CUST7647,2025-09-10 13:52:00,,2026-07-23 20:15:32,want thank team resolving issue quickly,
1102,1102,There is clear favoritism and under-the-table dealing happening.,Corruption/Bribery,Administration,Closed,CUST7512,2025-01-21 08:32:00,2025-01-30 11:27:05,2026-07-23 20:15:32,clear favoritism table dealing happening,218.91805555555555
1103,1103,No technician has visited despite multiple requests.,Service Delay,Operations,Closed,CUST8559,2025-07-17 17:37:00,2025-07-22 03:25:50,2026-07-23 20:15:32,technician visited despite multiple requests,105.81388888888888
1104,1104,It has been three weeks and my complaint is still not resolved.,Service Delay,Operations,Closed,CUST4433,2025-05-07 15:27:00,2025-05-12 22:45:40,2026-07-23 20:15:32,three weeks complaint still resolved,127.31111111111112
1105,1105,The staff member was polite and handled my issue very well.,,Customer Support,Closed,CUST1158,2025-01-05 13:36:00,2025-01-08 11:13:11,2026-07-23 20:15:32,staff member polite handled issue well,69.61972222222222
1106,1106,The employee refused to help and was arguing instead of assisting.,Staff Behavior,Customer Support,Closed,CUST9808,2025-05-14 12:27:00,2025-05-16 12:34:27,2026-07-23 20:15:32,employee refused help arguing instead assisting,48.12416666666667
1107,1107,Staff keep telling me to wait but nothing happens.,,Operations,Closed,CUST6410,2025-01-26 08:02:00,2025-01-30 10:30:39,2026-07-23 20:15:32,staff keep telling wait nothing happens,98.4775
1108,1108,The staff member was polite and handled my issue very well.,Staff Behavior,Customer Support,Resolved,CUST7400,2025-11-19 11:55:00,2025-11-24 21:48:17,2026-07-23 20:15:32,staff member polite handled issue well,129.88805555555555
1109,1109,Why is the late fee applied when I paid on time?,Billing Issue,Billing,Resolved,CUST5991,2025-03-04 14:21:00,2025-03-06 00:42:12,2026-07-23 20:15:32,late fee applied paid time,34.35333333333333
1110,1110,I was overcharged on my last bill and no one is responding.,Billing Issue,Billing,Closed,CUST1439,2025-08-06 13:02:00,2025-08-08 14:26:58,2026-07-23 20:15:32,overcharged last bill one responding,49.416111111111114
1111,1111,I was overcharged on my last bill and no one is responding.,,Billing,In Progress,CUST9591,2025-11-13 16:18:00,,2026-07-23 20:15:32,overcharged last bill one responding,
1112,1112,I was overcharged on my last bill and no one is responding.,Billing Issue,Billing,In Progress,CUST7407,2025-06-01 12:10:00,,2026-07-23 20:15:32,overcharged last bill one responding,
1113,1113,I was overcharged on my last bill and no one is responding.,Billing Issue,Billing,Closed,CUST4382,2025-03-14 06:30:00,2025-03-15 18:25:59,2026-07-23 20:15:32,overcharged last bill one responding,35.933055555555555
1114,1114,My bill amount doubled this month without any explanation.,,Billing,Closed,CUST6084,2025-05-27 10:45:00,2025-05-29 22:19:03,2026-07-23 20:15:32,bill amount doubled month without explanation,59.5675
1115,1115,The new infrastructure upgrade has improved things significantly.,Infrastructure,Maintenance,In Progress,CUST8302,2025-09-15 08:17:00,,2026-07-23 20:15:32,new infrastructure upgrade improved things significantly,
1116,1116,Why is the late fee applied when I paid on time?,Billing Issue,Billing,In Progress,CUST9043,2025-08-08 10:33:00,,2026-07-23 20:15:32,late fee applied paid time,
1117,1117,The staff member was polite and handled my issue very well.,Staff Behavior,Customer Support,Resolved,CUST6681,2025-01-03 16:18:00,2025-01-04 22:39:05,2026-07-23 20:15:32,staff member polite handled issue well,30.351388888888888
1118,1118,The equipment at the site is old and frequently malfunctions.,Infrastructure,Maintenance,Closed,CUST3942,2025-06-27 17:51:00,2025-07-06 09:26:58,2026-07-23 20:15:32,equipment site old frequently malfunctions,207.59944444444446
1119,1119,There is clear favoritism and under-the-table dealing happening.,Corruption/Bribery,Administration,Closed,CUST2565,2025-06-13 18:58:00,2025-06-19 03:20:17,2026-07-23 20:15:32,clear favoritism table dealing happening,128.3713888888889
1120,1120,It has been three weeks and my complaint is still not resolved.,Service Delay,Operations,In Progress,CUST5782,2025-04-28 12:10:00,,2026-07-23 20:15:32,three weeks complaint still resolved,
1121,1121,The road near the facility is damaged and causing accidents.,Infrastructure,Maintenance,In Progress,CUST2986,2025-08-24 22:57:00,,2026-07-23 20:15:32,road near facility damaged causing accidents,
1122,1122,I want to thank the team for resolving my issue so quickly.,Appreciation,Customer Support,Closed,CUST3700,2025-09-17 16:49:00,2025-09-18 21:43:34,2026-07-23 20:15:32,want thank team resolving issue quickly,28.909444444444443
1123,1123,Staff keep telling me to wait but nothing happens.,Service Delay,Operations,Resolved,CUST8567,2025-01-01 04:04:00,2025-01-06 01:08:11,2026-07-23 20:15:32,staff keep telling wait nothing happens,117.06972222222223
1124,1124,I have been waiting since last month for this issue to be fixed.,,Operations,Open,CUST3236,2025-10-13 18:02:00,,2026-07-23 20:15:32,waiting since last month issue fixed,
1125,1125,I have been waiting since last month for this issue to be fixed.,,Operations,Resolved,CUST8171,2025-07-03 13:05:00,2025-07-07 01:45:43,2026-07-23 20:15:32,waiting since last month issue fixed,84.67861111111111
1126,1126,"There is a billing error, I already paid but it still shows unpaid.",,Billing,Open,CUST5819,2025-10-06 13:53:00,,2026-07-23 20:15:32,billing error already paid still shows unpaid,
1127,1127,Why is the late fee applied when I paid on time?,,Billing,Open,CUST8219,2025-03-22 08:48:00,,2026-07-23 20:15:32,late fee applied paid time,
1128,1128,No technician has visited despite multiple requests.,Service Delay,Operations,In Progress,CUST9566,2025-09-22 14:34:00,,2026-07-23 20:15:32,technician visited despite multiple requests,
1129,1129,The road near the facility is damaged and causing accidents.,,Maintenance,Open,CUST7183,2025-06-10 17:28:00,,2026-07-23 20:15:32,road near facility damaged causing accidents,
1130,1130,No safety measures are in place despite previous warnings.,Safety Concern,Security,Open,CUST1238,2025-06-08 11:12:00,,2026-07-23 20:15:32,safety measures place despite previous warnings,
1131,1131,No technician has visited despite multiple requests.,,Operations,Closed,CUST3750,2025-08-03 16:14:00,2025-08-05 00:21:23,2026-07-23 20:15:32,technician visited despite multiple requests,32.12305555555555
1132,1132,There are serious safety hazards at the site that need urgent attention.,Safety Concern,Security,In Progress,CUST4105,2025-06-04 16:52:00,,2026-07-23 20:15:32,serious safety hazards site need urgent attention,
1133,1133,The new infrastructure upgrade has improved things significantly.,,Maintenance,In Progress,CUST6298,2025-06-14 14:07:00,,2026-07-23 20:15:32,new infrastructure upgrade improved things significantly,
1134,1134,Why is the late fee applied when I paid on time?,,Billing,In Progress,CUST5562,2025-08-01 14:24:00,,2026-07-23 20:15:32,late fee applied paid time,
1135,1135,The equipment at the site is old and frequently malfunctions.,Infrastructure,Maintenance,In Progress,CUST2668,2025-01-07 16:26:00,,2026-07-23 20:15:32,equipment site old frequently malfunctions,
1136,1136,The new infrastructure upgrade has improved things significantly.,Infrastructure,Maintenance,In Progress,CUST7366,2025-03-04 11:38:00,,2026-07-23 20:15:32,new infrastructure upgrade improved things significantly,
1137,1137,There is a major leakage that has not been fixed for weeks.,,Maintenance,Closed,CUST8899,2025-05-21 18:48:00,2025-05-30 18:51:07,2026-07-23 20:15:32,major leakage fixed weeks,216.05194444444444
1138,1138,I was overcharged on my last bill and no one is responding.,Billing Issue,Billing,Resolved,CUST4808,2025-08-19 13:28:00,2025-08-21 22:46:24,2026-07-23 20:15:32,overcharged last bill one responding,57.306666666666665
1139,1139,The staff at the counter was extremely rude to me today.,,Customer Support,Closed,CUST8020,2025-04-20 16:48:00,2025-04-22 16:25:29,2026-07-23 20:15:32,staff counter extremely rude today,47.624722222222225
1140,1140,Thank you for quickly fixing the safety issue I reported earlier.,,Security,Resolved,CUST7156,2025-02-05 10:23:00,2025-02-08 16:19:53,2026-07-23 20:15:32,thank quickly fixing safety issue reported earlier,77.94805555555556
1141,1141,I was overcharged on my last bill and no one is responding.,Billing Issue,Billing,Closed,CUST6385,2025-04-24 09:38:00,2025-04-26 01:52:59,2026-07-23 20:15:32,overcharged last bill one responding,40.249722222222225
1142,1142,"There is a billing error, I already paid but it still shows unpaid.",Billing Issue,Billing,Resolved,CUST5726,2025-08-25 18:02:00,2025-08-26 23:41:41,2026-07-23 20:15:32,billing error already paid still shows unpaid,29.66138888888889
1143,1143,No safety measures are in place despite previous warnings.,Safety Concern,Security,In Progress,CUST5068,2025-10-11 12:21:00,,2026-07-23 20:15:32,safety measures place despite previous warnings,
1144,1144,No safety measures are in place despite previous warnings.,Safety Concern,Security,In Progress,CUST1099,2025-08-13 14:33:00,,2026-07-23 20:15:32,safety measures place despite previous warnings,
1145,1145,Why is the late fee applied when I paid on time?,,Billing,Resolved,CUST4345,2025-02-07 07:03:00,2025-02-09 15:10:59,2026-07-23 20:15:32,late fee applied paid time,56.13305555555556
1146,1146,My bill amount doubled this month without any explanation.,,Billing,Closed,CUST2280,2025-08-27 18:50:00,2025-08-29 19:17:54,2026-07-23 20:15:32,bill amount doubled month without explanation,48.465
1147,1147,Very unprofessional behavior from the officer on duty.,,Customer Support,In Progress,CUST5079,2025-05-24 21:12:00,,2026-07-23 20:15:32,unprofessional behavior officer duty,
1148,1148,Staff keep telling me to wait but nothing happens.,Service Delay,Operations,In Progress,CUST2310,2025-06-21 11:12:00,,2026-07-23 20:15:32,staff keep telling wait nothing happens,
1149,1149,"The new online system has made things much easier, well done.",Appreciation,Customer Support,Resolved,CUST8101,2025-06-06 22:30:00,2025-06-08 12:03:26,2026-07-23 20:15:32,new online system made things much easier well done,37.55722222222222
1150,1150,Security personnel are not checking IDs properly at the gate.,Safety Concern,Security,Closed,CUST5918,2025-01-13 15:27:00,2025-01-15 19:12:13,2026-07-23 20:15:32,security personnel checking ids properly gate,51.75361111111111
1151,1151,There is a major leakage that has not been fixed for weeks.,,Maintenance,Resolved,CUST5640,2025-07-06 18:16:00,2025-07-16 12:31:52,2026-07-23 20:15:32,major leakage fixed weeks,234.26444444444445
1152,1152,Staff keep telling me to wait but nothing happens.,,Operations,Closed,CUST4106,2025-07-11 11:08:00,2025-07-18 20:07:40,2026-07-23 20:15:32,staff keep telling wait nothing happens,176.99444444444444
1153,1153,The online payment portal charged me twice for the same bill.,Billing Issue,Billing,Resolved,CUST7465,2025-09-12 15:31:00,2025-09-16 17:14:10,2026-07-23 20:15:32,online payment portal charged twice bill,97.71944444444445
1154,1154,"The new online system has made things much easier, well done.",,Customer Support,Closed,CUST1636,2025-06-10 18:41:00,2025-06-11 20:32:57,2026-07-23 20:15:32,new online system made things much easier well done,25.865833333333335
1155,1155,I want to thank the team for resolving my issue so quickly.,Appreciation,Customer Support,In Progress,CUST5182,2025-06-19 09:10:00,,2026-07-23 20:15:32,want thank team resolving issue quickly,
1156,1156,I witnessed a near-accident due to lack of proper signage.,Safety Concern,Security,Closed,CUST7313,2025-07-16 17:40:00,2025-07-19 22:57:09,2026-07-23 20:15:32,witnessed near accident due lack proper signage,77.28583333333333
1157,1157,"Excellent service today, very satisfied with the response.",Appreciation,Customer Support,Closed,CUST1462,2025-04-02 16:58:00,2025-04-04 10:19:20,2026-07-23 20:15:32,excellent service today satisfied response,41.355555555555554
1158,1158,There is a major leakage that has not been fixed for weeks.,,Maintenance,Open,CUST3644,2025-04-15 10:43:00,,2026-07-23 20:15:32,major leakage fixed weeks,
1159,1159,I was overcharged on my last bill and no one is responding.,Billing Issue,Billing,Closed,CUST2316,2025-08-13 12:25:00,2025-08-15 19:09:06,2026-07-23 20:15:32,overcharged last bill one responding,54.735
1160,1160,I was treated very disrespectfully by the customer support agent.,Staff Behavior,Customer Support,Resolved,CUST9202,2025-11-06 17:53:00,2025-11-07 04:46:26,2026-07-23 20:15:32,treated disrespectfully customer support agent,10.890555555555556
1161,1161,"Great job by the support team, issue resolved within a day.",Appreciation,Customer Support,Closed,CUST2456,2025-07-24 12:26:00,2025-07-25 06:35:53,2026-07-23 20:15:32,great job support team issue resolved within day,18.164722222222224
1162,1162,The online payment portal charged me twice for the same bill.,Billing Issue,Billing,Open,CUST7520,2025-09-12 17:52:00,,2026-07-23 20:15:32,online payment portal charged twice bill,
1163,1163,The road near the facility is damaged and causing accidents.,,Maintenance,Open,CUST7845,2025-12-27 10:31:00,,2026-07-23 20:15:32,road near facility damaged causing accidents,
1164,1164,The employee refused to help and was arguing instead of assisting.,Staff Behavior,Customer Support,Resolved,CUST4244,2025-09-06 09:11:00,2025-09-10 09:23:35,2026-07-23 20:15:32,employee refused help arguing instead assisting,96.20972222222223
1165,1165,The staff member was polite and handled my issue very well.,,Customer Support,Closed,CUST1966,2025-12-15 08:36:00,2025-12-19 00:20:45,2026-07-23 20:15:32,staff member polite handled issue well,87.74583333333334
1166,1166,No safety measures are in place despite previous warnings.,Safety Concern,Security,Resolved,CUST2789,2025-04-28 09:26:00,2025-05-01 13:19:48,2026-07-23 20:15:32,safety measures place despite previous warnings,75.89666666666666
1167,1167,I was asked to pay extra money to get my work done faster.,,Administration,Open,CUST1486,2025-02-03 12:24:00,,2026-07-23 20:15:32,asked pay extra money get work done faster,
1168,1168,Poor maintenance of the facility is causing repeated problems.,,Maintenance,Open,CUST1118,2025-07-25 16:06:00,,2026-07-23 20:15:32,poor maintenance facility causing repeated problems,
1169,1169,The road near the facility is damaged and causing accidents.,Infrastructure,Maintenance,Open,CUST5355,2025-02-17 14:50:00,,2026-07-23 20:15:32,road near facility damaged causing accidents,
1170,1170,"Great job by the support team, issue resolved within a day.",Appreciation,Customer Support,In Progress,CUST6620,2025-09-20 14:27:00,,2026-07-23 20:15:32,great job support team issue resolved within day,
1172,1172,I was asked to pay extra money to get my work done faster.,Corruption/Bribery,Administration,Resolved,CUST3275,2025-01-28 17:44:00,2025-02-04 23:57:25,2026-07-23 20:15:32,asked pay extra money get work done faster,174.2236111111111
1173,1173,I was overcharged on my last bill and no one is responding.,,Billing,Closed,CUST8404,2025-11-09 14:44:00,2025-11-11 14:16:07,2026-07-23 20:15:32,overcharged last bill one responding,47.53527777777778
1174,1174,Poor maintenance of the facility is causing repeated problems.,Infrastructure,Maintenance,Open,CUST6278,2025-07-22 08:12:00,,2026-07-23 20:15:32,poor maintenance facility causing repeated problems,
1175,1175,"There is a billing error, I already paid but it still shows unpaid.",Billing Issue,Billing,In Progress,CUST8938,2025-11-26 15:47:00,,2026-07-23 20:15:32,billing error already paid still shows unpaid,
1176,1176,Staff keep telling me to wait but nothing happens.,Service Delay,Operations,Closed,CUST8800,2025-10-12 10:27:00,2025-10-16 12:08:54,2026-07-23 20:15:32,staff keep telling wait nothing happens,97.69833333333334
1177,1177,I want to thank the team for resolving my issue so quickly.,,Customer Support,In Progress,CUST9520,2025-09-10 09:38:00,,2026-07-23 20:15:32,want thank team resolving issue quickly,
1178,1178,There is clear favoritism and under-the-table dealing happening.,,Administration,Closed,CUST9990,2025-07-05 17:31:00,2025-07-12 11:35:10,2026-07-23 20:15:32,clear favoritism table dealing happening,162.06944444444446
1179,1179,"Great job by the support team, issue resolved within a day.",Appreciation,Customer Support,Resolved,CUST4987,2025-03-15 09:07:00,2025-03-16 04:13:42,2026-07-23 20:15:32,great job support team issue resolved within day,19.111666666666668
1180,1180,I was overcharged on my last bill and no one is responding.,Billing Issue,Billing,In Progress,CUST7283,2025-02-23 14:01:00,,2026-07-23 20:15:32,overcharged last bill one responding,
1181,1181,No safety measures are in place despite previous warnings.,Safety Concern,Security,Closed,CUST3224,2025-09-22 15:30:00,2025-09-27 13:29:28,2026-07-23 20:15:32,safety measures place despite previous warnings,117.99111111111111
1182,1182,"Great job by the support team, issue resolved within a day.",Appreciation,Customer Support,Closed,CUST2059,2025-02-23 13:21:00,2025-02-24 03:44:48,2026-07-23 20:15:32,great job support team issue resolved within day,14.396666666666667
1183,1183,Poor maintenance of the facility is causing repeated problems.,Infrastructure,Maintenance,Closed,CUST8159,2025-11-24 05:47:00,2025-11-30 07:33:49,2026-07-23 20:15:32,poor maintenance facility causing repeated problems,145.78027777777777
1184,1184,No safety measures are in place despite previous warnings.,,Security,Open,CUST4082,2025-04-10 10:05:00,,2026-07-23 20:15:32,safety measures place despite previous warnings,
1185,1185,There are serious safety hazards at the site that need urgent attention.,Safety Concern,Security,In Progress,CUST1027,2025-07-05 14:54:00,,2026-07-23 20:15:32,serious safety hazards site need urgent attention,
1186,1186,Staff keep telling me to wait but nothing happens.,,Operations,Closed,CUST6980,2025-07-28 19:24:00,2025-08-03 12:13:48,2026-07-23 20:15:32,staff keep telling wait nothing happens,136.83
1187,1187,No safety measures are in place despite previous warnings.,Safety Concern,Security,In Progress,CUST9819,2025-07-20 16:37:00,,2026-07-23 20:15:32,safety measures place despite previous warnings,
1188,1188,An official demanded a bribe before processing my documents.,Corruption/Bribery,Administration,In Progress,CUST3415,2025-03-10 15:53:00,,2026-07-23 20:15:32,official demanded bribe processing documents,
1189,1189,There is a major leakage that has not been fixed for weeks.,,Maintenance,Closed,CUST6245,2025-09-28 10:51:00,2025-10-08 09:59:05,2026-07-23 20:15:32,major leakage fixed weeks,239.13472222222222
1190,1190,It has been three weeks and my complaint is still not resolved.,Service Delay,Operations,Resolved,CUST4534,2025-05-28 18:45:00,2025-06-04 03:02:00,2026-07-23 20:15:32,three weeks complaint still resolved,152.28333333333333
1191,1191,Very unprofessional behavior from the officer on duty.,Staff Behavior,Customer Support,In Progress,CUST4687,2025-01-26 08:21:00,,2026-07-23 20:15:32,unprofessional behavior officer duty,
1192,1192,The road near the facility is damaged and causing accidents.,Infrastructure,Maintenance,Closed,CUST5900,2025-12-25 12:11:00,2026-01-09 04:10:25,2026-07-23 20:15:32,road near facility damaged causing accidents,351.9902777777778
1193,1193,"Excellent service today, very satisfied with the response.",Appreciation,Customer Support,In Progress,CUST6706,2025-12-18 12:25:00,,2026-07-23 20:15:32,excellent service today satisfied response,
1194,1194,Security personnel are not checking IDs properly at the gate.,Safety Concern,Security,In Progress,CUST9978,2025-02-24 17:18:00,,2026-07-23 20:15:32,security personnel checking ids properly gate,
1195,1195,No technician has visited despite multiple requests.,,Operations,Closed,CUST5981,2025-05-26 13:37:00,2025-06-01 01:45:27,2026-07-23 20:15:32,technician visited despite multiple requests,132.14083333333335
1196,1196,I was treated very disrespectfully by the customer support agent.,Staff Behavior,Customer Support,Resolved,CUST4436,2025-07-15 08:44:00,2025-07-18 06:54:21,2026-07-23 20:15:32,treated disrespectfully customer support agent,70.1725
1197,1197,My bill amount doubled this month without any explanation.,Billing Issue,Billing,Closed,CUST3418,2025-09-01 11:23:00,2025-09-03 07:07:24,2026-07-23 20:15:32,bill amount doubled month without explanation,43.74
1198,1198,I have been waiting since last month for this issue to be fixed.,Service Delay,Operations,Open,CUST8763,2025-08-06 17:59:00,,2026-07-23 20:15:32,waiting since last month issue fixed,
1199,1199,I was overcharged on my last bill and no one is responding.,Billing Issue,Billing,In Progress,CUST3434,2025-02-17 10:41:00,,2026-07-23 20:15:32,overcharged last bill one responding,
1200,1200,Poor maintenance of the facility is causing repeated problems.,,Maintenance,Resolved,CUST3826,2025-04-04 18:15:00,2025-04-14 11:59:05,2026-07-23 20:15:32,poor maintenance facility causing repeated problems,233.73472222222222
1201,1201,Poor maintenance of the facility is causing repeated problems.,Infrastructure,Maintenance,Closed,CUST7260,2025-09-26 16:42:00,2025-10-07 23:47:34,2026-07-23 20:15:32,poor maintenance facility causing repeated problems,271.09277777777777
1202,1202,I have been waiting since last month for this issue to be fixed.,Service Delay,Operations,Open,CUST9351,2025-06-04 10:07:00,,2026-07-23 20:15:32,waiting since last month issue fixed,
1203,1203,Staff keep telling me to wait but nothing happens.,Service Delay,Operations,In Progress,CUST3967,2025-07-19 17:30:00,,2026-07-23 20:15:32,staff keep telling wait nothing happens,
1204,1204,I have been waiting since last month for this issue to be fixed.,Service Delay,Operations,In Progress,CUST9806,2025-05-05 08:06:00,,2026-07-23 20:15:32,waiting since last month issue fixed,
1205,1205,I was overcharged on my last bill and no one is responding.,Billing Issue,Billing,Closed,CUST2047,2025-06-27 15:34:00,2025-06-29 05:27:10,2026-07-23 20:15:32,overcharged last bill one responding,37.88611111111111
1206,1206,The staff member was polite and handled my issue very well.,Staff Behavior,Customer Support,Closed,CUST4399,2025-07-27 13:50:00,2025-07-30 07:23:51,2026-07-23 20:15:32,staff member polite handled issue well,65.56416666666667
1207,1207,I want to thank the team for resolving my issue so quickly.,Appreciation,Customer Support,In Progress,CUST6149,2025-03-20 01:44:00,,2026-07-23 20:15:32,want thank team resolving issue quickly,
1208,1208,My bill amount doubled this month without any explanation.,,Billing,Open,CUST1573,2025-07-21 12:10:00,,2026-07-23 20:15:32,bill amount doubled month without explanation,
1209,1209,I was overcharged on my last bill and no one is responding.,Billing Issue,Billing,In Progress,CUST1001,2025-07-12 10:34:00,,2026-07-23 20:15:32,overcharged last bill one responding,
1210,1210,It has been three weeks and my complaint is still not resolved.,Service Delay,Operations,Closed,CUST8289,2025-12-17 14:57:00,2025-12-21 22:10:58,2026-07-23 20:15:32,three weeks complaint still resolved,103.23277777777778
1211,1211,Why is the late fee applied when I paid on time?,Billing Issue,Billing,Closed,CUST9818,2025-08-17 10:58:00,2025-08-20 07:07:43,2026-07-23 20:15:32,late fee applied paid time,68.16194444444444
1212,1212,The staff at the counter was extremely rude to me today.,,Customer Support,Open,CUST4526,2025-08-02 06:15:00,,2026-07-23 20:15:32,staff counter extremely rude today,
1213,1213,"Excellent service today, very satisfied with the response.",Appreciation,Customer Support,Closed,CUST5177,2025-07-09 18:08:00,2025-07-10 09:50:21,2026-07-23 20:15:32,excellent service today satisfied response,15.705833333333333
1214,1214,No technician has visited despite multiple requests.,Service Delay,Operations,Closed,CUST3346,2025-06-03 17:16:00,2025-06-10 14:52:53,2026-07-23 20:15:32,technician visited despite multiple requests,165.6147222222222
1215,1215,The staff at the counter was extremely rude to me today.,,Customer Support,Closed,CUST7097,2025-08-09 18:40:00,2025-08-14 19:55:56,2026-07-23 20:15:32,staff counter extremely rude today,121.26555555555555
1216,1216,The staff member was polite and handled my issue very well.,Staff Behavior,Customer Support,In Progress,CUST8104,2025-08-14 09:52:00,,2026-07-23 20:15:32,staff member polite handled issue well,
1217,1217,Staff keep telling me to wait but nothing happens.,Service Delay,Operations,Resolved,CUST7664,2025-04-09 07:07:00,2025-04-15 18:21:47,2026-07-23 20:15:32,staff keep telling wait nothing happens,155.2463888888889
1218,1218,I was overcharged on my last bill and no one is responding.,Billing Issue,Billing,In Progress,CUST4698,2025-06-11 05:49:00,,2026-07-23 20:15:32,overcharged last bill one responding,
1219,1219,It has been three weeks and my complaint is still not resolved.,Service Delay,Operations,Closed,CUST3023,2025-06-08 14:24:00,2025-06-12 07:13:55,2026-07-23 20:15:32,three weeks complaint still resolved,88.83194444444445
1220,1220,"There is a billing error, I already paid but it still shows unpaid.",,Billing,Open,CUST5620,2025-07-26 23:31:00,,2026-07-23 20:15:32,billing error already paid still shows unpaid,
1221,1221,The staff member was polite and handled my issue very well.,Staff Behavior,Customer Support,In Progress,CUST3960,2025-02-02 17:10:00,,2026-07-23 20:15:32,staff member polite handled issue well,
1222,1222,Staff keep telling me to wait but nothing happens.,,Operations,Resolved,CUST1155,2025-07-28 13:25:00,2025-07-31 16:54:13,2026-07-23 20:15:32,staff keep telling wait nothing happens,75.48694444444445
1223,1223,There is a major leakage that has not been fixed for weeks.,,Maintenance,Resolved,UNKNOWN,2025-08-05 07:24:00,2025-08-14 10:28:10,2026-07-23 20:15:32,major leakage fixed weeks,219.06944444444446
1224,1224,There is a major leakage that has not been fixed for weeks.,Infrastructure,Maintenance,Resolved,CUST6799,2025-08-14 18:45:00,2025-08-26 08:45:56,2026-07-23 20:15:32,major leakage fixed weeks,278.0155555555556
1225,1225,Thank you for quickly fixing the safety issue I reported earlier.,Safety Concern,Security,Closed,CUST4748,2025-05-14 18:33:00,2025-05-19 06:35:21,2026-07-23 20:15:32,thank quickly fixing safety issue reported earlier,108.03916666666667
1226,1226,It has been three weeks and my complaint is still not resolved.,,Operations,In Progress,CUST2302,2025-12-14 13:49:00,,2026-07-23 20:15:32,three weeks complaint still resolved,
1227,1227,My bill amount doubled this month without any explanation.,Billing Issue,Billing,Open,CUST9074,2025-12-06 13:36:00,,2026-07-23 20:15:32,bill amount doubled month without explanation,
1228,1228,There are serious safety hazards at the site that need urgent attention.,Safety Concern,Security,Resolved,CUST8858,2025-12-14 11:43:00,2025-12-17 06:10:11,2026-07-23 20:15:32,serious safety hazards site need urgent attention,66.45305555555555
1229,1229,The staff member was polite and handled my issue very well.,Staff Behavior,Customer Support,Resolved,CUST1119,2025-08-13 16:00:00,2025-08-14 11:16:39,2026-07-23 20:15:32,staff member polite handled issue well,19.2775
1230,1230,The new infrastructure upgrade has improved things significantly.,Infrastructure,Maintenance,Closed,CUST9652,2025-09-08 14:47:00,2025-09-16 11:47:14,2026-07-23 20:15:32,new infrastructure upgrade improved things significantly,189.0038888888889
1231,1231,The road near the facility is damaged and causing accidents.,Infrastructure,Maintenance,Closed,CUST4687,2025-08-06 14:43:00,2025-08-18 02:56:47,2026-07-23 20:15:32,road near facility damaged causing accidents,276.2297222222222
1232,1232,"There is a billing error, I already paid but it still shows unpaid.",Billing Issue,Billing,Closed,CUST7211,2025-10-17 14:22:00,2025-10-20 21:51:14,2026-07-23 20:15:32,billing error already paid still shows unpaid,79.48722222222223
1233,1233,I was overcharged on my last bill and no one is responding.,Billing Issue,Billing,Closed,CUST2931,2025-05-22 09:15:00,2025-05-24 23:29:55,2026-07-23 20:15:32,overcharged last bill one responding,62.24861111111111
1234,1234,I have been waiting since last month for this issue to be fixed.,Service Delay,Operations,Closed,CUST4562,2025-05-07 13:00:00,2025-05-12 01:11:20,2026-07-23 20:15:32,waiting since last month issue fixed,108.18888888888888
1235,1235,I want to thank the team for resolving my issue so quickly.,Appreciation,Customer Support,Resolved,CUST8542,2025-12-20 12:54:00,2025-12-21 04:48:17,2026-07-23 20:15:32,want thank team resolving issue quickly,15.904722222222222
1236,1236,The response time for service requests is unacceptably slow.,Service Delay,Operations,Closed,CUST1145,2025-02-12 14:56:00,2025-02-17 20:50:49,2026-07-23 20:15:32,response time service requests unacceptably slow,125.91361111111111
1237,1237,Why is the late fee applied when I paid on time?,Billing Issue,Billing,Closed,CUST8985,2025-04-17 15:32:00,2025-04-20 02:07:18,2026-07-23 20:15:32,late fee applied paid time,58.58833333333333
1238,1238,"There is a billing error, I already paid but it still shows unpaid.",Billing Issue,Billing,In Progress,CUST3984,2025-04-13 13:23:00,,2026-07-23 20:15:32,billing error already paid still shows unpaid,
1239,1239,The employee refused to help and was arguing instead of assisting.,,Customer Support,Closed,CUST6795,2025-02-15 14:42:00,2025-02-18 11:39:38,2026-07-23 20:15:32,employee refused help arguing instead assisting,68.96055555555556
1240,1240,There are serious safety hazards at the site that need urgent attention.,,Security,In Progress,CUST1659,2025-05-28 11:45:00,,2026-07-23 20:15:32,serious safety hazards site need urgent attention,
1241,1241,Why is the late fee applied when I paid on time?,Billing Issue,Billing,Closed,CUST5354,2025-09-02 12:10:00,2025-09-04 08:37:37,2026-07-23 20:15:32,late fee applied paid time,44.460277777777776
1242,1242,Why is the late fee applied when I paid on time?,,Billing,Closed,CUST7551,2025-07-26 06:43:00,2025-07-27 22:28:26,2026-07-23 20:15:32,late fee applied paid time,39.757222222222225
1243,1243,Very unprofessional behavior from the officer on duty.,,Customer Support,Open,CUST9192,2025-03-04 21:50:00,,2026-07-23 20:15:32,unprofessional behavior officer duty,
1244,1244,My bill amount doubled this month without any explanation.,Billing Issue,Billing,Resolved,CUST1131,2025-01-27 10:21:00,2025-01-28 21:03:19,2026-07-23 20:15:32,bill amount doubled month without explanation,34.70527777777778
1245,1245,The employee refused to help and was arguing instead of assisting.,Staff Behavior,Customer Support,Resolved,CUST9376,2025-05-03 12:48:00,2025-05-07 01:49:06,2026-07-23 20:15:32,employee refused help arguing instead assisting,85.01833333333333
1246,1246,"There is a billing error, I already paid but it still shows unpaid.",,Billing,Closed,CUST8031,2025-09-28 10:16:00,2025-09-29 10:27:27,2026-07-23 20:15:32,billing error already paid still shows unpaid,24.190833333333334
1247,1247,I was overcharged on my last bill and no one is responding.,Billing Issue,Billing,In Progress,CUST3436,2025-08-17 09:39:00,,2026-07-23 20:15:32,overcharged last bill one responding,
1248,1248,No technician has visited despite multiple requests.,Service Delay,Operations,Closed,CUST4270,2025-06-09 13:12:00,2025-06-13 22:21:28,2026-07-23 20:15:32,technician visited despite multiple requests,105.15777777777778
1249,1249,I was overcharged on my last bill and no one is responding.,Billing Issue,Billing,Closed,CUST4633,2025-06-17 16:19:00,2025-06-19 01:52:30,2026-07-23 20:15:32,overcharged last bill one responding,33.55833333333333
1250,1250,I have been waiting since last month for this issue to be fixed.,,Operations,Open,CUST6956,2025-01-14 13:41:00,,2026-07-23 20:15:32,waiting since last month issue fixed,
1251,1251,The response time for service requests is unacceptably slow.,,Operations,Closed,CUST1008,2025-09-08 13:20:00,2025-09-14 07:26:46,2026-07-23 20:15:32,response time service requests unacceptably slow,138.11277777777778
1252,1252,"There is a billing error, I already paid but it still shows unpaid.",,Billing,Closed,CUST4028,2025-04-16 11:17:00,2025-04-18 07:49:04,2026-07-23 20:15:32,billing error already paid still shows unpaid,44.534444444444446
1253,1253,I have been waiting since last month for this issue to be fixed.,,Operations,Open,CUST3134,2025-06-10 07:07:00,,2026-07-23 20:15:32,waiting since last month issue fixed,
1254,1254,The response time for service requests is unacceptably slow.,,Operations,Resolved,CUST5521,2025-09-19 14:33:00,2025-09-23 23:14:07,2026-07-23 20:15:32,response time service requests unacceptably slow,104.68527777777778
1255,1255,Why is the late fee applied when I paid on time?,Billing Issue,Billing,Resolved,CUST1672,2025-02-04 13:08:00,2025-02-05 21:50:58,2026-07-23 20:15:32,late fee applied paid time,32.71611111111111
1256,1256,There is a major leakage that has not been fixed for weeks.,Infrastructure,Maintenance,Open,CUST6618,2025-04-15 17:59:00,,2026-07-23 20:15:32,major leakage fixed weeks,
1257,1257,I have been waiting since last month for this issue to be fixed.,,Operations,Closed,CUST4140,2025-12-07 12:34:00,2025-12-11 17:24:33,2026-07-23 20:15:32,waiting since last month issue fixed,100.8425
1258,1258,The response time for service requests is unacceptably slow.,Service Delay,Operations,Closed,CUST6690,2025-11-25 11:54:00,2025-11-29 04:33:39,2026-07-23 20:15:32,response time service requests unacceptably slow,88.66083333333333
1259,1259,An official demanded a bribe before processing my documents.,Corruption/Bribery,Administration,Resolved,CUST9581,2025-08-04 11:58:00,2025-08-12 19:50:51,2026-07-23 20:15:32,official demanded bribe processing documents,199.88083333333333
1260,1260,I want to thank the team for resolving my issue so quickly.,,Customer Support,Closed,CUST1996,2025-03-09 15:44:00,2025-03-10 13:59:28,2026-07-23 20:15:32,want thank team resolving issue quickly,22.25777777777778
1261,1261,No safety measures are in place despite previous warnings.,Safety Concern,Security,Closed,CUST2228,2025-09-13 14:31:00,2025-09-18 17:40:53,2026-07-23 20:15:32,safety measures place despite previous warnings,123.16472222222222
1262,1262,The online payment portal charged me twice for the same bill.,,Billing,Resolved,CUST4015,2025-06-25 20:24:00,2025-06-27 09:59:11,2026-07-23 20:15:32,online payment portal charged twice bill,37.58638888888889
1263,1263,The online payment portal charged me twice for the same bill.,Billing Issue,Billing,Closed,CUST8461,2025-04-23 17:00:00,2025-04-25 19:46:53,2026-07-23 20:15:32,online payment portal charged twice bill,50.78138888888889
1264,1264,The staff member was polite and handled my issue very well.,,Customer Support,In Progress,CUST2951,2025-04-28 15:14:00,,2026-07-23 20:15:32,staff member polite handled issue well,
1265,1265,I was overcharged on my last bill and no one is responding.,Billing Issue,Billing,Resolved,CUST5550,2025-07-10 08:02:00,2025-07-11 20:13:46,2026-07-23 20:15:32,overcharged last bill one responding,36.19611111111111
1266,1266,"The new online system has made things much easier, well done.",Appreciation,Customer Support,Closed,CUST4440,2025-11-02 11:41:00,2025-11-02 15:01:33,2026-07-23 20:15:32,new online system made things much easier well done,3.3425
1267,1267,The staff at the counter was extremely rude to me today.,,Customer Support,Closed,CUST9999,2025-08-21 08:38:00,2025-08-23 11:55:18,2026-07-23 20:15:32,staff counter extremely rude today,51.288333333333334
1268,1268,No technician has visited despite multiple requests.,,Operations,In Progress,CUST1170,2025-06-20 11:18:00,,2026-07-23 20:15:32,technician visited despite multiple requests,
1269,1269,I was asked to pay extra money to get my work done faster.,,Administration,In Progress,CUST2743,2025-09-09 16:11:00,,2026-07-23 20:15:32,asked pay extra money get work done faster,
1270,1270,Security personnel are not checking IDs properly at the gate.,Safety Concern,Security,Resolved,CUST4377,2025-12-09 07:55:00,2025-12-12 17:49:18,2026-07-23 20:15:32,security personnel checking ids properly gate,81.905
1271,1271,No safety measures are in place despite previous warnings.,Safety Concern,Security,Resolved,CUST7479,2025-05-07 20:37:00,2025-05-10 15:12:59,2026-07-23 20:15:32,safety measures place despite previous warnings,66.59972222222223
1272,1272,My bill amount doubled this month without any explanation.,Billing Issue,Billing,Open,CUST9125,2025-09-14 15:23:00,,2026-07-23 20:15:32,bill amount doubled month without explanation,
1273,1273,My bill amount doubled this month without any explanation.,Billing Issue,Billing,Resolved,CUST3955,2025-10-06 15:12:00,2025-10-09 13:46:57,2026-07-23 20:15:32,bill amount doubled month without explanation,70.5825
1274,1274,The road near the facility is damaged and causing accidents.,Infrastructure,Maintenance,Resolved,CUST2137,2025-05-06 01:52:00,2025-05-08 15:08:52,2026-07-23 20:15:32,road near facility damaged causing accidents,61.28111111111111
1275,1275,Why is the late fee applied when I paid on time?,Billing Issue,Billing,Open,CUST1193,2025-04-21 14:25:00,,2026-07-23 20:15:32,late fee applied paid time,
1276,1276,Poor maintenance of the facility is causing repeated problems.,Infrastructure,Maintenance,Open,CUST1716,2025-06-04 18:52:00,,2026-07-23 20:15:32,poor maintenance facility causing repeated problems,
1277,1277,I was overcharged on my last bill and no one is responding.,Billing Issue,Billing,Open,CUST2742,2025-04-21 14:38:00,,2026-07-23 20:15:32,overcharged last bill one responding,
1278,1278,The employee refused to help and was arguing instead of assisting.,Staff Behavior,Customer Support,Open,CUST8279,2025-10-03 17:12:00,,2026-07-23 20:15:32,employee refused help arguing instead assisting,
1279,1279,I witnessed a near-accident due to lack of proper signage.,Safety Concern,Security,Open,CUST9906,2025-05-05 15:15:00,,2026-07-23 20:15:32,witnessed near accident due lack proper signage,
1280,1280,I was overcharged on my last bill and no one is responding.,Billing Issue,Billing,Resolved,CUST3323,2025-02-10 08:06:00,2025-02-11 10:08:25,2026-07-23 20:15:32,overcharged last bill one responding,26.040277777777778
1281,1281,My bill amount doubled this month without any explanation.,Billing Issue,Billing,Open,CUST4700,2025-01-14 01:24:00,,2026-07-23 20:15:32,bill amount doubled month without explanation,
1282,1282,"Great job by the support team, issue resolved within a day.",Appreciation,Customer Support,Closed,CUST2804,2025-08-23 11:52:00,2025-08-24 12:54:31,2026-07-23 20:15:32,great job support team issue resolved within day,25.041944444444443
1283,1283,The response time for service requests is unacceptably slow.,Service Delay,Operations,Open,CUST2389,2025-05-20 10:21:00,,2026-07-23 20:15:32,response time service requests unacceptably slow,
1284,1284,There is clear favoritism and under-the-table dealing happening.,,Administration,In Progress,CUST7967,2025-03-14 12:33:00,,2026-07-23 20:15:32,clear favoritism table dealing happening,
1285,1285,"There is a billing error, I already paid but it still shows unpaid.",,Billing,Closed,CUST9179,2025-08-10 14:22:00,2025-08-11 00:44:46,2026-07-23 20:15:32,billing error already paid still shows unpaid,10.379444444444445
1286,1286,The equipment at the site is old and frequently malfunctions.,,Maintenance,Open,CUST3435,2025-10-23 15:51:00,,2026-07-23 20:15:32,equipment site old frequently malfunctions,
1287,1287,No safety measures are in place despite previous warnings.,Safety Concern,Security,Closed,CUST8838,2025-05-13 14:28:00,2025-05-18 10:50:31,2026-07-23 20:15:32,safety measures place despite previous warnings,116.37527777777778
1289,1289,Why is the late fee applied when I paid on time?,Billing Issue,Billing,Resolved,CUST6463,2025-05-16 15:27:00,2025-05-20 02:46:55,2026-07-23 20:15:32,late fee applied paid time,83.33194444444445
1290,1290,My bill amount doubled this month without any explanation.,Billing Issue,Billing,Resolved,CUST9785,2025-06-18 10:31:00,2025-06-19 20:12:12,2026-07-23 20:15:32,bill amount doubled month without explanation,33.68666666666667
1291,1291,An official demanded a bribe before processing my documents.,Corruption/Bribery,Administration,Resolved,CUST4593,2025-02-23 10:26:00,2025-03-01 00:29:13,2026-07-23 20:15:32,official demanded bribe processing documents,134.0536111111111
1292,1292,There is a major leakage that has not been fixed for weeks.,Infrastructure,Maintenance,Open,CUST3188,2025-06-07 16:54:00,,2026-07-23 20:15:32,major leakage fixed weeks,
1293,1293,I want to thank the team for resolving my issue so quickly.,Appreciation,Customer Support,Closed,CUST3283,2025-11-12 17:54:00,2025-11-14 07:39:39,2026-07-23 20:15:32,want thank team resolving issue quickly,37.76083333333333
1294,1294,No technician has visited despite multiple requests.,,Operations,Closed,CUST4679,2025-10-18 17:59:00,2025-10-23 11:32:11,2026-07-23 20:15:32,technician visited despite multiple requests,113.55305555555556
1295,1295,My bill amount doubled this month without any explanation.,Billing Issue,Billing,Open,CUST7958,2025-02-23 10:45:00,,2026-07-23 20:15:32,bill amount doubled month without explanation,
1296,1296,It has been three weeks and my complaint is still not resolved.,Service Delay,Operations,Closed,CUST1494,2025-08-03 14:30:00,2025-08-10 05:25:07,2026-07-23 20:15:32,three weeks complaint still resolved,158.91861111111112
1297,1297,My bill amount doubled this month without any explanation.,Billing Issue,Billing,Resolved,CUST3452,2025-02-03 11:00:00,2025-02-06 17:26:39,2026-07-23 20:15:32,bill amount doubled month without explanation,78.44416666666666
1298,1298,Security personnel are not checking IDs properly at the gate.,,Security,Closed,CUST7742,2025-09-24 15:33:00,2025-09-29 13:36:51,2026-07-23 20:15:32,security personnel checking ids properly gate,118.06416666666667
1299,1299,Security personnel are not checking IDs properly at the gate.,,Security,In Progress,CUST1526,2025-09-23 11:00:00,,2026-07-23 20:15:32,security personnel checking ids properly gate,
1300,1300,There is a major leakage that has not been fixed for weeks.,Infrastructure,Maintenance,Closed,CUST8443,2025-07-01 08:25:00,2025-07-05 23:57:37,2026-07-23 20:15:32,major leakage fixed weeks,111.5436111111111
1301,1301,The employee refused to help and was arguing instead of assisting.,Staff Behavior,Customer Support,Closed,CUST3569,2025-11-17 18:19:00,2025-11-20 12:07:36,2026-07-23 20:15:32,employee refused help arguing instead assisting,65.81
1302,1302,It has been three weeks and my complaint is still not resolved.,Service Delay,Operations,In Progress,CUST4586,2025-07-05 10:47:00,,2026-07-23 20:15:32,three weeks complaint still resolved,
1303,1303,Staff keep telling me to wait but nothing happens.,Service Delay,Operations,Closed,CUST7637,2025-08-03 08:52:00,2025-08-08 11:14:47,2026-07-23 20:15:32,staff keep telling wait nothing happens,122.37972222222223
1304,1304,I was asked to pay extra money to get my work done faster.,,Administration,Resolved,CUST2710,2025-01-12 14:41:00,2025-01-18 11:00:09,2026-07-23 20:15:32,asked pay extra money get work done faster,140.31916666666666
1305,1305,The online payment portal charged me twice for the same bill.,,Billing,In Progress,CUST2744,2025-09-11 10:01:00,,2026-07-23 20:15:32,online payment portal charged twice bill,
1306,1306,The online payment portal charged me twice for the same bill.,Billing Issue,Billing,Resolved,CUST1530,2025-01-10 07:12:00,2025-01-10 22:52:40,2026-07-23 20:15:32,online payment portal charged twice bill,15.677777777777777
1307,1307,It has been three weeks and my complaint is still not resolved.,Service Delay,Operations,Resolved,CUST1748,2025-12-19 15:02:00,2025-12-23 00:21:05,2026-07-23 20:15:32,three weeks complaint still resolved,81.31805555555556
1308,1308,I was overcharged on my last bill and no one is responding.,Billing Issue,Billing,Closed,CUST9195,2025-12-01 14:22:00,2025-12-02 14:40:01,2026-07-23 20:15:32,overcharged last bill one responding,24.30027777777778
1309,1309,Why is the late fee applied when I paid on time?,,Billing,Closed,CUST9250,2025-09-05 22:44:00,2025-09-07 11:21:28,2026-07-23 20:15:32,late fee applied paid time,36.62444444444444
1310,1310,My bill amount doubled this month without any explanation.,Billing Issue,Billing,Resolved,CUST1612,2025-01-26 12:24:00,2025-01-27 20:51:20,2026-07-23 20:15:32,bill amount doubled month without explanation,32.455555555555556
1311,1311,No technician has visited despite multiple requests.,Service Delay,Operations,Resolved,CUST4794,2025-08-03 12:56:00,2025-08-09 09:17:17,2026-07-23 20:15:32,technician visited despite multiple requests,140.35472222222222
1312,1312,There is clear favoritism and under-the-table dealing happening.,Corruption/Bribery,Administration,In Progress,CUST9459,2025-08-25 04:45:00,,2026-07-23 20:15:32,clear favoritism table dealing happening,
1313,1313,"The new online system has made things much easier, well done.",Appreciation,Customer Support,In Progress,CUST8059,2025-06-05 13:21:00,,2026-07-23 20:15:32,new online system made things much easier well done,
1314,1314,Why is the late fee applied when I paid on time?,,Billing,Open,CUST9151,2025-04-20 21:38:00,,2026-07-23 20:15:32,late fee applied paid time,
1315,1315,I was overcharged on my last bill and no one is responding.,Billing Issue,Billing,Resolved,CUST2428,2025-03-28 11:19:00,2025-03-29 14:13:56,2026-07-23 20:15:32,overcharged last bill one responding,26.915555555555557
1316,1316,Very unprofessional behavior from the officer on duty.,Staff Behavior,Customer Support,Open,CUST6789,2025-05-10 03:10:00,,2026-07-23 20:15:32,unprofessional behavior officer duty,
1317,1317,My bill amount doubled this month without any explanation.,Billing Issue,Billing,Closed,CUST8242,2025-09-15 16:16:00,2025-09-17 09:19:11,2026-07-23 20:15:32,bill amount doubled month without explanation,41.05305555555555
1318,1318,There is a major leakage that has not been fixed for weeks.,Infrastructure,Maintenance,Open,CUST7568,2025-12-19 12:31:00,,2026-07-23 20:15:32,major leakage fixed weeks,
1319,1319,Staff keep telling me to wait but nothing happens.,Service Delay,Operations,Resolved,CUST6138,2025-11-05 10:28:00,2025-11-10 05:58:54,2026-07-23 20:15:32,staff keep telling wait nothing happens,115.515
1320,1320,I have been waiting since last month for this issue to be fixed.,Service Delay,Operations,Closed,CUST1934,2025-07-09 18:56:00,2025-07-15 05:55:28,2026-07-23 20:15:32,waiting since last month issue fixed,130.9911111111111
1321,1321,No safety measures are in place despite previous warnings.,,Security,In Progress,CUST7157,2025-08-18 14:00:00,,2026-07-23 20:15:32,safety measures place despite previous warnings,
1322,1322,Why is the late fee applied when I paid on time?,Billing Issue,Billing,Closed,CUST6716,2025-10-08 17:24:00,2025-10-10 15:20:23,2026-07-23 20:15:32,late fee applied paid time,45.93972222222222
1323,1323,The staff member was polite and handled my issue very well.,Staff Behavior,Customer Support,Open,CUST7503,2025-11-15 11:06:00,,2026-07-23 20:15:32,staff member polite handled issue well,
1324,1324,No safety measures are in place despite previous warnings.,Safety Concern,Security,In Progress,CUST4483,2025-06-03 10:20:00,,2026-07-23 20:15:32,safety measures place despite previous warnings,
1325,1325,Poor maintenance of the facility is causing repeated problems.,Infrastructure,Maintenance,Resolved,CUST3384,2025-02-15 13:02:00,2025-02-25 08:51:02,2026-07-23 20:15:32,poor maintenance facility causing repeated problems,235.81722222222223
1326,1326,The equipment at the site is old and frequently malfunctions.,Infrastructure,Maintenance,Resolved,CUST6922,2025-07-20 08:49:00,2025-08-03 11:25:04,2026-07-23 20:15:32,equipment site old frequently malfunctions,338.6011111111111
1327,1327,Security personnel are not checking IDs properly at the gate.,Safety Concern,Security,Open,CUST7929,2025-04-07 16:55:00,,2026-07-23 20:15:32,security personnel checking ids properly gate,
1328,1328,No technician has visited despite multiple requests.,,Operations,Resolved,CUST8396,2025-02-03 17:17:00,2025-02-13 04:23:08,2026-07-23 20:15:32,technician visited despite multiple requests,227.10222222222222
1329,1329,There is clear favoritism and under-the-table dealing happening.,,Administration,Closed,CUST8021,2025-04-09 12:11:00,2025-04-13 02:22:45,2026-07-23 20:15:32,clear favoritism table dealing happening,86.19583333333334
1330,1330,The response time for service requests is unacceptably slow.,Service Delay,Operations,Resolved,CUST3632,2025-03-12 09:26:00,2025-03-15 15:30:34,2026-07-23 20:15:32,response time service requests unacceptably slow,78.07611111111112
1331,1331,"Great job by the support team, issue resolved within a day.",,Customer Support,Resolved,CUST4253,2025-05-23 06:36:00,2025-05-23 18:29:24,2026-07-23 20:15:32,great job support team issue resolved within day,11.89
1332,1332,The online payment portal charged me twice for the same bill.,Billing Issue,Billing,Closed,CUST6185,2025-08-11 21:42:00,2025-08-13 05:05:28,2026-07-23 20:15:32,online payment portal charged twice bill,31.391111111111112
1333,1333,Why is the late fee applied when I paid on time?,Billing Issue,Billing,In Progress,CUST7658,2025-12-16 13:55:00,,2026-07-23 20:15:32,late fee applied paid time,
1334,1334,It has been three weeks and my complaint is still not resolved.,Service Delay,Operations,Open,CUST2596,2025-12-27 10:54:00,,2026-07-23 20:15:32,three weeks complaint still resolved,
1335,1335,My bill amount doubled this month without any explanation.,Billing Issue,Billing,In Progress,CUST6703,2025-06-18 14:49:00,,2026-07-23 20:15:32,bill amount doubled month without explanation,
1336,1336,My bill amount doubled this month without any explanation.,Billing Issue,Billing,Resolved,CUST5947,2025-12-19 08:00:00,2025-12-22 23:49:20,2026-07-23 20:15:32,bill amount doubled month without explanation,87.82222222222222
1337,1337,There is clear favoritism and under-the-table dealing happening.,Corruption/Bribery,Administration,Resolved,CUST7783,2025-10-04 12:44:00,2025-10-08 11:34:12,2026-07-23 20:15:32,clear favoritism table dealing happening,94.83666666666667
1338,1338,The response time for service requests is unacceptably slow.,,Operations,Closed,CUST3880,2025-10-14 11:33:00,2025-10-21 16:23:45,2026-07-23 20:15:32,response time service requests unacceptably slow,172.84583333333333
1339,1339,The employee refused to help and was arguing instead of assisting.,Staff Behavior,Customer Support,Resolved,CUST8167,2025-03-20 14:10:00,2025-03-25 22:34:01,2026-07-23 20:15:32,employee refused help arguing instead assisting,128.40027777777777
1340,1340,The new infrastructure upgrade has improved things significantly.,Infrastructure,Maintenance,Closed,CUST2700,2025-12-28 09:06:00,2026-01-04 03:52:30,2026-07-23 20:15:32,new infrastructure upgrade improved things significantly,162.775
1341,1341,I was overcharged on my last bill and no one is responding.,Billing Issue,Billing,Resolved,CUST9924,2025-08-14 12:06:00,2025-08-16 10:03:56,2026-07-23 20:15:32,overcharged last bill one responding,45.965555555555554
1342,1342,Why is the late fee applied when I paid on time?,Billing Issue,Billing,Closed,CUST4471,2025-07-26 13:02:00,2025-07-28 17:54:18,2026-07-23 20:15:32,late fee applied paid time,52.87166666666667
1343,1343,I have been waiting since last month for this issue to be fixed.,Service Delay,Operations,Closed,CUST6744,2025-07-04 13:12:00,2025-07-10 11:38:57,2026-07-23 20:15:32,waiting since last month issue fixed,142.44916666666666
1344,1344,"Great job by the support team, issue resolved within a day.",Appreciation,Customer Support,Closed,CUST1124,2025-06-27 17:41:00,2025-06-28 20:38:26,2026-07-23 20:15:32,great job support team issue resolved within day,26.95722222222222
1345,1345,"Excellent service today, very satisfied with the response.",,Customer Support,Closed,CUST7794,2025-07-09 08:56:00,2025-07-10 05:10:24,2026-07-23 20:15:32,excellent service today satisfied response,20.24
1346,1346,The road near the facility is damaged and causing accidents.,,Maintenance,Open,CUST7134,2025-11-14 16:02:00,,2026-07-23 20:15:32,road near facility damaged causing accidents,
1347,1347,There is clear favoritism and under-the-table dealing happening.,Corruption/Bribery,Administration,In Progress,CUST8045,2025-10-20 10:20:00,,2026-07-23 20:15:32,clear favoritism table dealing happening,
1348,1348,I have been waiting since last month for this issue to be fixed.,Service Delay,Operations,Closed,CUST8030,2025-04-21 17:25:00,2025-04-27 11:31:02,2026-07-23 20:15:32,waiting since last month issue fixed,138.10055555555556
1349,1349,Why is the late fee applied when I paid on time?,Billing Issue,Billing,Closed,CUST8166,2025-12-06 12:25:00,2025-12-08 11:51:17,2026-07-23 20:15:32,late fee applied paid time,47.43805555555556
1350,1350,No technician has visited despite multiple requests.,Service Delay,Operations,Closed,CUST5263,2025-07-21 17:36:00,2025-07-23 04:29:39,2026-07-23 20:15:32,technician visited despite multiple requests,34.89416666666666
1351,1351,I was asked to pay extra money to get my work done faster.,Corruption/Bribery,Administration,Open,CUST3507,2025-12-07 10:05:00,,2026-07-23 20:15:32,asked pay extra money get work done faster,
1352,1352,The online payment portal charged me twice for the same bill.,Billing Issue,Billing,Resolved,CUST3138,2025-11-03 09:36:00,2025-11-06 09:49:44,2026-07-23 20:15:32,online payment portal charged twice bill,72.22888888888889
1353,1353,"The new online system has made things much easier, well done.",,Customer Support,In Progress,CUST5018,2025-03-21 16:57:00,,2026-07-23 20:15:32,new online system made things much easier well done,
1354,1354,Security personnel are not checking IDs properly at the gate.,Safety Concern,Security,In Progress,CUST1379,2025-09-22 11:03:00,,2026-07-23 20:15:32,security personnel checking ids properly gate,
1355,1355,The new infrastructure upgrade has improved things significantly.,,Maintenance,Closed,CUST3323,2025-11-04 13:29:00,2025-11-21 22:45:32,2026-07-23 20:15:32,new infrastructure upgrade improved things significantly,417.27555555555557
1356,1356,No technician has visited despite multiple requests.,Service Delay,Operations,Resolved,CUST7402,2025-02-16 17:54:00,2025-02-21 04:57:12,2026-07-23 20:15:32,technician visited despite multiple requests,107.05333333333333
1357,1357,I was overcharged on my last bill and no one is responding.,Billing Issue,Billing,Open,CUST7148,2025-06-16 22:40:00,,2026-07-23 20:15:32,overcharged last bill one responding,
1358,1358,There is clear favoritism and under-the-table dealing happening.,,Administration,In Progress,CUST3927,2025-11-26 11:10:00,,2026-07-23 20:15:32,clear favoritism table dealing happening,
1359,1359,The new infrastructure upgrade has improved things significantly.,Infrastructure,Maintenance,Closed,CUST9953,2025-10-04 17:21:00,2025-10-14 10:31:33,2026-07-23 20:15:32,new infrastructure upgrade improved things significantly,233.17583333333334
1360,1360,The online payment portal charged me twice for the same bill.,Billing Issue,Billing,Resolved,CUST9486,2025-09-04 20:12:00,2025-09-08 00:50:41,2026-07-23 20:15:32,online payment portal charged twice bill,76.64472222222223
1361,1361,I was treated very disrespectfully by the customer support agent.,,Customer Support,Closed,CUST3270,2025-04-12 09:07:00,2025-04-16 18:41:30,2026-07-23 20:15:32,treated disrespectfully customer support agent,105.575
1362,1362,My bill amount doubled this month without any explanation.,,Billing,Closed,CUST5822,2025-04-16 18:12:00,2025-04-18 14:16:28,2026-07-23 20:15:32,bill amount doubled month without explanation,44.074444444444445
1363,1363,Very unprofessional behavior from the officer on duty.,,Customer Support,In Progress,CUST5605,2025-06-13 07:59:00,,2026-07-23 20:15:32,unprofessional behavior officer duty,
1364,1364,I want to thank the team for resolving my issue so quickly.,Appreciation,Customer Support,In Progress,CUST8992,2025-07-25 18:37:00,,2026-07-23 20:15:32,want thank team resolving issue quickly,
1365,1365,Very unprofessional behavior from the officer on duty.,Staff Behavior,Customer Support,Closed,CUST7275,2025-06-24 12:17:00,2025-06-30 07:28:50,2026-07-23 20:15:32,unprofessional behavior officer duty,139.19722222222222
1366,1366,The staff member was polite and handled my issue very well.,,Customer Support,Open,CUST1553,2025-05-21 19:52:00,,2026-07-23 20:15:32,staff member polite handled issue well,
1367,1367,"The new online system has made things much easier, well done.",Appreciation,Customer Support,Closed,CUST9691,2025-07-10 02:38:00,2025-07-11 04:28:45,2026-07-23 20:15:32,new online system made things much easier well done,25.845833333333335
1368,1368,It has been three weeks and my complaint is still not resolved.,,Operations,Resolved,CUST5019,2025-02-26 12:20:00,2025-03-05 18:17:26,2026-07-23 20:15:32,three weeks complaint still resolved,173.9572222222222
1369,1369,"There is a billing error, I already paid but it still shows unpaid.",,Billing,Open,CUST1178,2025-06-25 15:20:00,,2026-07-23 20:15:32,billing error already paid still shows unpaid,
1370,1370,There is a major leakage that has not been fixed for weeks.,Infrastructure,Maintenance,Closed,CUST7317,2025-06-26 08:20:00,2025-07-07 20:08:07,2026-07-23 20:15:32,major leakage fixed weeks,275.8019444444444
1371,1371,No technician has visited despite multiple requests.,Service Delay,Operations,In Progress,CUST2225,2025-07-04 10:35:00,,2026-07-23 20:15:32,technician visited despite multiple requests,
1372,1372,Poor maintenance of the facility is causing repeated problems.,,Maintenance,Closed,CUST1813,2025-08-14 11:20:00,2025-08-20 17:11:45,2026-07-23 20:15:32,poor maintenance facility causing repeated problems,149.8625
1373,1373,Security personnel are not checking IDs properly at the gate.,Safety Concern,Security,Open,CUST6355,2025-01-09 09:26:00,,2026-07-23 20:15:32,security personnel checking ids properly gate,
1374,1374,There is a major leakage that has not been fixed for weeks.,Infrastructure,Maintenance,Resolved,CUST1076,2025-07-10 20:01:00,2025-07-22 01:00:29,2026-07-23 20:15:32,major leakage fixed weeks,268.9913888888889
1375,1375,"The new online system has made things much easier, well done.",Appreciation,Customer Support,Closed,CUST1640,2025-03-13 00:02:00,2025-03-13 18:53:29,2026-07-23 20:15:32,new online system made things much easier well done,18.858055555555556
1376,1376,It has been three weeks and my complaint is still not resolved.,Service Delay,Operations,Closed,CUST5500,2025-02-04 01:53:00,2025-02-10 19:00:03,2026-07-23 20:15:32,three weeks complaint still resolved,161.1175
1377,1377,The response time for service requests is unacceptably slow.,Service Delay,Operations,In Progress,CUST7444,2025-06-18 15:49:00,,2026-07-23 20:15:32,response time service requests unacceptably slow,
1378,1378,I have been waiting since last month for this issue to be fixed.,Service Delay,Operations,Open,CUST2683,2025-07-21 17:58:00,,2026-07-23 20:15:32,waiting since last month issue fixed,
1379,1379,I was overcharged on my last bill and no one is responding.,Billing Issue,Billing,Closed,CUST8138,2025-10-05 15:06:00,2025-10-07 23:11:25,2026-07-23 20:15:32,overcharged last bill one responding,56.09027777777778
1380,1380,It has been three weeks and my complaint is still not resolved.,Service Delay,Operations,Closed,CUST1080,2025-03-26 16:23:00,2025-03-30 11:52:44,2026-07-23 20:15:32,three weeks complaint still resolved,91.49555555555555
1381,1381,I want to thank the team for resolving my issue so quickly.,Appreciation,Customer Support,Open,CUST2229,2025-04-26 14:02:00,,2026-07-23 20:15:32,want thank team resolving issue quickly,
1382,1382,Staff keep telling me to wait but nothing happens.,Service Delay,Operations,Closed,CUST8548,2025-09-13 16:17:00,2025-09-19 09:09:10,2026-07-23 20:15:32,staff keep telling wait nothing happens,136.86944444444444
1383,1383,"There is a billing error, I already paid but it still shows unpaid.",Billing Issue,Billing,Closed,CUST7771,2025-11-25 07:37:00,2025-11-28 04:09:48,2026-07-23 20:15:32,billing error already paid still shows unpaid,68.54666666666667
1384,1384,The road near the facility is damaged and causing accidents.,Infrastructure,Maintenance,Resolved,CUST5596,2025-07-08 12:36:00,2025-07-16 07:33:16,2026-07-23 20:15:32,road near facility damaged causing accidents,186.95444444444445
1385,1385,I have been waiting since last month for this issue to be fixed.,,Operations,In Progress,CUST4971,2025-04-09 11:49:00,,2026-07-23 20:15:32,waiting since last month issue fixed,
1386,1386,There is a major leakage that has not been fixed for weeks.,,Maintenance,Open,CUST4541,2025-08-03 07:31:00,,2026-07-23 20:15:32,major leakage fixed weeks,
1387,1387,Very unprofessional behavior from the officer on duty.,Staff Behavior,Customer Support,In Progress,CUST9644,2025-03-04 10:21:00,,2026-07-23 20:15:32,unprofessional behavior officer duty,
1388,1388,The employee refused to help and was arguing instead of assisting.,,Customer Support,Resolved,CUST9265,2025-09-10 08:45:00,2025-09-12 11:17:48,2026-07-23 20:15:32,employee refused help arguing instead assisting,50.54666666666667
1389,1389,My bill amount doubled this month without any explanation.,Billing Issue,Billing,Closed,CUST9412,2025-04-12 16:24:00,2025-04-14 16:58:46,2026-07-23 20:15:32,bill amount doubled month without explanation,48.57944444444445
1390,1390,Why is the late fee applied when I paid on time?,,Billing,In Progress,CUST2672,2025-03-09 10:27:00,,2026-07-23 20:15:32,late fee applied paid time,
1391,1391,I was overcharged on my last bill and no one is responding.,,Billing,Closed,CUST1468,2025-09-08 07:01:00,2025-09-10 18:42:06,2026-07-23 20:15:32,overcharged last bill one responding,59.685
1392,1392,The staff member was polite and handled my issue very well.,,Customer Support,Closed,CUST8069,2025-06-09 13:07:00,2025-06-13 08:06:10,2026-07-23 20:15:32,staff member polite handled issue well,90.98611111111111
1393,1393,Why is the late fee applied when I paid on time?,,Billing,Open,CUST2602,2025-07-17 06:21:00,,2026-07-23 20:15:32,late fee applied paid time,
1394,1394,Why is the late fee applied when I paid on time?,Billing Issue,Billing,In Progress,CUST5520,2025-09-14 07:12:00,,2026-07-23 20:15:32,late fee applied paid time,
1395,1395,Very unprofessional behavior from the officer on duty.,,Customer Support,Open,CUST2819,2025-07-04 11:43:00,,2026-07-23 20:15:32,unprofessional behavior officer duty,
1396,1396,I was overcharged on my last bill and no one is responding.,Billing Issue,Billing,In Progress,CUST5513,2025-11-19 10:17:00,,2026-07-23 20:15:32,overcharged last bill one responding,
1397,1397,Staff keep telling me to wait but nothing happens.,,Operations,Resolved,CUST5395,2025-08-13 09:25:00,2025-08-20 06:25:12,2026-07-23 20:15:32,staff keep telling wait nothing happens,165.00333333333333
1398,1398,I was treated very disrespectfully by the customer support agent.,Staff Behavior,Customer Support,In Progress,CUST1050,2025-09-12 10:40:00,,2026-07-23 20:15:32,treated disrespectfully customer support agent,
1399,1399,The online payment portal charged me twice for the same bill.,Billing Issue,Billing,Closed,CUST4909,2025-11-20 16:30:00,2025-11-22 13:31:31,2026-07-23 20:15:32,online payment portal charged twice bill,45.02527777777778
1400,1400,I was overcharged on my last bill and no one is responding.,Billing Issue,Billing,Resolved,CUST8775,2025-03-11 18:57:00,2025-03-14 08:24:14,2026-07-23 20:15:32,overcharged last bill one responding,61.45388888888889
1401,1401,The staff at the counter was extremely rude to me today.,Staff Behavior,Customer Support,Open,CUST1159,2025-03-09 10:56:00,,2026-07-23 20:15:32,staff counter extremely rude today,
1402,1402,Poor maintenance of the facility is causing repeated problems.,,Maintenance,In Progress,CUST1284,2025-07-16 12:55:00,,2026-07-23 20:15:32,poor maintenance facility causing repeated problems,
1403,1403,The employee refused to help and was arguing instead of assisting.,,Customer Support,In Progress,CUST2538,2025-10-17 09:32:00,,2026-07-23 20:15:32,employee refused help arguing instead assisting,
1404,1404,"There is a billing error, I already paid but it still shows unpaid.",,Billing,Closed,CUST8970,2025-06-24 14:22:00,2025-06-26 15:31:02,2026-07-23 20:15:32,billing error already paid still shows unpaid,49.150555555555556
1405,1405,I have been waiting since last month for this issue to be fixed.,Service Delay,Operations,Closed,CUST8935,2025-01-12 11:19:00,2025-01-18 00:37:50,2026-07-23 20:15:32,waiting since last month issue fixed,133.3138888888889
1406,1406,The online payment portal charged me twice for the same bill.,Billing Issue,Billing,Closed,CUST3320,2025-09-01 14:09:00,2025-09-01 15:09:00,2026-07-23 20:15:32,online payment portal charged twice bill,1.0
1407,1407,It has been three weeks and my complaint is still not resolved.,Service Delay,Operations,Closed,CUST2462,2025-04-24 14:44:00,2025-04-29 23:33:29,2026-07-23 20:15:32,three weeks complaint still resolved,128.82472222222222
1408,1408,Why is the late fee applied when I paid on time?,Billing Issue,Billing,Resolved,CUST8360,2025-08-09 14:56:00,2025-08-11 18:57:31,2026-07-23 20:15:32,late fee applied paid time,52.02527777777778
1409,1409,"Excellent service today, very satisfied with the response.",Appreciation,Customer Support,Closed,CUST7836,2025-04-22 09:22:00,2025-04-23 04:38:49,2026-07-23 20:15:32,excellent service today satisfied response,19.280277777777776
1410,1410,"The new online system has made things much easier, well done.",,Customer Support,Resolved,CUST3014,2025-05-02 15:37:00,2025-05-03 20:11:22,2026-07-23 20:15:32,new online system made things much easier well done,28.572777777777777
1411,1411,Very unprofessional behavior from the officer on duty.,,Customer Support,In Progress,CUST1136,2025-07-26 13:50:00,,2026-07-23 20:15:32,unprofessional behavior officer duty,
1412,1412,I was treated very disrespectfully by the customer support agent.,Staff Behavior,Customer Support,Closed,CUST3664,2025-06-05 13:33:00,2025-06-09 04:06:27,2026-07-23 20:15:32,treated disrespectfully customer support agent,86.5575
1413,1413,The response time for service requests is unacceptably slow.,,Operations,Resolved,CUST3022,2025-02-10 08:00:00,2025-02-13 20:32:14,2026-07-23 20:15:32,response time service requests unacceptably slow,84.53722222222223
1414,1414,"There is a billing error, I already paid but it still shows unpaid.",,Billing,Closed,CUST3256,2025-01-12 12:42:00,2025-01-15 05:47:11,2026-07-23 20:15:32,billing error already paid still shows unpaid,65.08638888888889
1415,1415,The response time for service requests is unacceptably slow.,Service Delay,Operations,Closed,CUST2409,2025-09-17 10:42:00,2025-09-23 02:47:29,2026-07-23 20:15:32,response time service requests unacceptably slow,136.0913888888889
1416,1416,There is a major leakage that has not been fixed for weeks.,,Maintenance,Resolved,CUST4585,2025-12-07 06:27:00,2025-12-12 10:39:02,2026-07-23 20:15:32,major leakage fixed weeks,124.20055555555555
1417,1417,"There is a billing error, I already paid but it still shows unpaid.",Billing Issue,Billing,Resolved,CUST2607,2025-04-22 16:40:00,2025-04-24 04:38:37,2026-07-23 20:15:32,billing error already paid still shows unpaid,35.97694444444444
1418,1418,An official demanded a bribe before processing my documents.,Corruption/Bribery,Administration,Resolved,CUST3280,2025-08-06 10:36:00,2025-08-12 17:31:21,2026-07-23 20:15:32,official demanded bribe processing documents,150.9225
1419,1419,There is a major leakage that has not been fixed for weeks.,,Maintenance,In Progress,CUST5871,2025-04-14 15:35:00,,2026-07-23 20:15:32,major leakage fixed weeks,
1421,1421,The employee refused to help and was arguing instead of assisting.,Staff Behavior,Customer Support,Resolved,CUST8643,2025-07-22 10:45:00,2025-07-24 09:46:35,2026-07-23 20:15:32,employee refused help arguing instead assisting,47.02638888888889
1422,1422,Very unprofessional behavior from the officer on duty.,Staff Behavior,Customer Support,Closed,CUST3303,2025-06-18 08:01:00,2025-06-19 17:15:20,2026-07-23 20:15:32,unprofessional behavior officer duty,33.23888888888889
1423,1423,The equipment at the site is old and frequently malfunctions.,Infrastructure,Maintenance,Resolved,CUST5806,2025-09-19 17:32:00,2025-09-25 07:59:33,2026-07-23 20:15:32,equipment site old frequently malfunctions,134.45916666666668
1424,1424,Why is the late fee applied when I paid on time?,Billing Issue,Billing,Resolved,CUST9487,2025-03-22 10:00:00,2025-03-24 15:02:28,2026-07-23 20:15:32,late fee applied paid time,53.041111111111114
1425,1425,The staff at the counter was extremely rude to me today.,,Customer Support,Closed,CUST2595,2025-02-09 11:53:00,2025-02-12 17:27:31,2026-07-23 20:15:32,staff counter extremely rude today,77.57527777777777
1426,1426,There is clear favoritism and under-the-table dealing happening.,Corruption/Bribery,Administration,Open,CUST9369,2025-07-11 18:55:00,,2026-07-23 20:15:32,clear favoritism table dealing happening,
1427,1427,There are serious safety hazards at the site that need urgent attention.,Safety Concern,Security,Resolved,CUST3234,2025-08-17 11:09:00,2025-08-21 02:47:25,2026-07-23 20:15:32,serious safety hazards site need urgent attention,87.64027777777778
1428,1428,No technician has visited despite multiple requests.,,Operations,Closed,CUST8945,2025-05-10 11:46:00,2025-05-19 10:53:16,2026-07-23 20:15:32,technician visited despite multiple requests,215.1211111111111
1429,1429,There is a major leakage that has not been fixed for weeks.,,Maintenance,Resolved,CUST2587,2025-02-01 14:09:00,2025-02-11 15:55:46,2026-07-23 20:15:32,major leakage fixed weeks,241.77944444444444
1430,1430,It has been three weeks and my complaint is still not resolved.,,Operations,Resolved,CUST2995,2025-07-27 15:32:00,2025-07-31 00:20:45,2026-07-23 20:15:32,three weeks complaint still resolved,80.8125
1431,1431,I have been waiting since last month for this issue to be fixed.,Service Delay,Operations,Closed,CUST8194,2025-12-27 21:15:00,2025-12-30 18:35:29,2026-07-23 20:15:32,waiting since last month issue fixed,69.34138888888889
1432,1432,There is clear favoritism and under-the-table dealing happening.,,Administration,Open,CUST4943,2025-03-05 08:40:00,,2026-07-23 20:15:32,clear favoritism table dealing happening,
1433,1433,The online payment portal charged me twice for the same bill.,,Billing,In Progress,CUST9076,2025-04-16 16:18:00,,2026-07-23 20:15:32,online payment portal charged twice bill,
1434,1434,The response time for service requests is unacceptably slow.,Service Delay,Operations,Open,CUST7960,2025-06-23 14:51:00,,2026-07-23 20:15:32,response time service requests unacceptably slow,
1435,1435,"There is a billing error, I already paid but it still shows unpaid.",,Billing,Open,CUST8282,2025-06-19 06:24:00,,2026-07-23 20:15:32,billing error already paid still shows unpaid,
1436,1436,"There is a billing error, I already paid but it still shows unpaid.",,Billing,Closed,CUST3593,2025-12-15 11:56:00,2025-12-18 08:15:22,2026-07-23 20:15:32,billing error already paid still shows unpaid,68.32277777777777
1437,1437,Staff keep telling me to wait but nothing happens.,,Operations,Resolved,CUST3480,2025-04-23 20:33:00,2025-04-23 21:33:00,2026-07-23 20:15:32,staff keep telling wait nothing happens,1.0
1438,1438,Staff keep telling me to wait but nothing happens.,,Operations,Closed,CUST5963,2025-05-23 12:54:00,2025-05-28 13:42:38,2026-07-23 20:15:32,staff keep telling wait nothing happens,120.81055555555555
1439,1439,I want to thank the team for resolving my issue so quickly.,Appreciation,Customer Support,Resolved,CUST3955,2025-11-21 09:30:00,2025-11-21 20:00:58,2026-07-23 20:15:32,want thank team resolving issue quickly,10.516111111111112
1440,1440,The new infrastructure upgrade has improved things significantly.,,Maintenance,Open,CUST6703,2025-09-17 06:16:00,,2026-07-23 20:15:32,new infrastructure upgrade improved things significantly,
1441,1441,Poor maintenance of the facility is causing repeated problems.,,Maintenance,Closed,CUST2740,2025-02-01 16:54:00,2025-02-05 07:34:48,2026-07-23 20:15:32,poor maintenance facility causing repeated problems,86.68
1442,1442,Very unprofessional behavior from the officer on duty.,Staff Behavior,Customer Support,Closed,CUST4876,2025-05-08 11:49:00,2025-05-11 21:13:36,2026-07-23 20:15:32,unprofessional behavior officer duty,81.41
1443,1443,My bill amount doubled this month without any explanation.,Billing Issue,Billing,Closed,CUST2014,2025-09-13 09:48:00,2025-09-15 15:34:08,2026-07-23 20:15:32,bill amount doubled month without explanation,53.76888888888889
1444,1444,The road near the facility is damaged and causing accidents.,Infrastructure,Maintenance,Resolved,CUST1482,2025-01-24 14:04:00,2025-02-05 09:11:44,2026-07-23 20:15:32,road near facility damaged causing accidents,283.12888888888887
1445,1445,"The new online system has made things much easier, well done.",Appreciation,Customer Support,Open,CUST4272,2025-02-15 09:24:00,,2026-07-23 20:15:32,new online system made things much easier well done,
1446,1446,Why is the late fee applied when I paid on time?,,Billing,In Progress,CUST9659,2025-06-10 15:14:00,,2026-07-23 20:15:32,late fee applied paid time,
1447,1447,No safety measures are in place despite previous warnings.,,Security,Closed,CUST1544,2025-02-01 14:40:00,2025-02-05 05:56:20,2026-07-23 20:15:32,safety measures place despite previous warnings,87.27222222222223
1448,1448,There are serious safety hazards at the site that need urgent attention.,,Security,Resolved,CUST4036,2025-05-14 10:36:00,2025-05-18 18:09:02,2026-07-23 20:15:32,serious safety hazards site need urgent attention,103.55055555555556
1449,1449,The new infrastructure upgrade has improved things significantly.,Infrastructure,Maintenance,Resolved,CUST6768,2025-07-27 15:13:00,2025-08-01 23:03:09,2026-07-23 20:15:32,new infrastructure upgrade improved things significantly,127.83583333333333
1450,1450,Staff keep telling me to wait but nothing happens.,Service Delay,Operations,Resolved,CUST2161,2025-10-26 10:04:00,2025-10-29 00:58:29,2026-07-23 20:15:32,staff keep telling wait nothing happens,62.908055555555556
1451,1451,I was treated very disrespectfully by the customer support agent.,,Customer Support,Open,CUST9856,2025-09-10 15:06:00,,2026-07-23 20:15:32,treated disrespectfully customer support agent,
1452,1452,No technician has visited despite multiple requests.,Service Delay,Operations,Closed,CUST6863,2025-10-10 09:59:00,2025-10-18 16:49:53,2026-07-23 20:15:32,technician visited despite multiple requests,198.84805555555556
1453,1453,My bill amount doubled this month without any explanation.,Billing Issue,Billing,Resolved,CUST9192,2025-12-03 18:34:00,2025-12-05 01:41:59,2026-07-23 20:15:32,bill amount doubled month without explanation,31.133055555555554
1454,1454,Staff keep telling me to wait but nothing happens.,Service Delay,Operations,Open,CUST5309,2025-01-23 06:57:00,,2026-07-23 20:15:32,staff keep telling wait nothing happens,
1455,1455,The road near the facility is damaged and causing accidents.,Infrastructure,Maintenance,In Progress,CUST3282,2025-05-09 08:12:00,,2026-07-23 20:15:32,road near facility damaged causing accidents,
1456,1456,"There is a billing error, I already paid but it still shows unpaid.",,Billing,Closed,CUST2194,2025-12-22 13:58:00,2025-12-23 10:50:45,2026-07-23 20:15:32,billing error already paid still shows unpaid,20.879166666666666
1457,1457,Thank you for quickly fixing the safety issue I reported earlier.,,Security,Closed,CUST2159,2025-11-23 10:53:00,2025-11-24 21:58:18,2026-07-23 20:15:32,thank quickly fixing safety issue reported earlier,35.08833333333333
1458,1458,I want to thank the team for resolving my issue so quickly.,,Customer Support,In Progress,CUST1583,2025-11-16 02:08:00,,2026-07-23 20:15:32,want thank team resolving issue quickly,
1459,1459,I was treated very disrespectfully by the customer support agent.,Staff Behavior,Customer Support,In Progress,CUST4731,2025-08-14 08:30:00,,2026-07-23 20:15:32,treated disrespectfully customer support agent,
1460,1460,I was overcharged on my last bill and no one is responding.,Billing Issue,Billing,In Progress,CUST7215,2025-01-26 11:51:00,,2026-07-23 20:15:32,overcharged last bill one responding,
1461,1461,The road near the facility is damaged and causing accidents.,Infrastructure,Maintenance,Closed,CUST8040,2025-07-02 12:24:00,2025-07-07 01:41:41,2026-07-23 20:15:32,road near facility damaged causing accidents,109.29472222222222
1462,1462,The new infrastructure upgrade has improved things significantly.,Infrastructure,Maintenance,Closed,CUST7024,2025-03-15 11:07:00,2025-03-31 20:07:33,2026-07-23 20:15:32,new infrastructure upgrade improved things significantly,393.00916666666666
1463,1463,The response time for service requests is unacceptably slow.,Service Delay,Operations,In Progress,CUST4721,2025-06-02 01:15:00,,2026-07-23 20:15:32,response time service requests unacceptably slow,
1464,1464,Staff keep telling me to wait but nothing happens.,,Operations,Closed,CUST1931,2025-07-26 12:00:00,2025-08-02 01:39:39,2026-07-23 20:15:32,staff keep telling wait nothing happens,157.66083333333333
1465,1465,My bill amount doubled this month without any explanation.,Billing Issue,Billing,In Progress,CUST5001,2025-06-10 21:02:00,,2026-07-23 20:15:32,bill amount doubled month without explanation,
1466,1466,"Excellent service today, very satisfied with the response.",,Customer Support,Open,CUST5099,2025-08-16 13:42:00,,2026-07-23 20:15:32,excellent service today satisfied response,
1467,1467,"Excellent service today, very satisfied with the response.",Appreciation,Customer Support,Resolved,CUST4609,2025-07-24 15:52:00,2025-07-26 01:58:52,2026-07-23 20:15:32,excellent service today satisfied response,34.114444444444445
1468,1468,The employee refused to help and was arguing instead of assisting.,Staff Behavior,Customer Support,In Progress,CUST9631,2025-12-25 16:35:00,,2026-07-23 20:15:32,employee refused help arguing instead assisting,
1469,1469,An official demanded a bribe before processing my documents.,Corruption/Bribery,Administration,Open,CUST8966,2025-08-17 13:06:00,,2026-07-23 20:15:32,official demanded bribe processing documents,
1470,1470,No technician has visited despite multiple requests.,Service Delay,Operations,In Progress,CUST4453,2025-11-27 22:33:00,,2026-07-23 20:15:32,technician visited despite multiple requests,
1471,1471,My bill amount doubled this month without any explanation.,Billing Issue,Billing,Resolved,CUST2871,2025-01-08 08:44:00,2025-01-09 18:50:34,2026-07-23 20:15:32,bill amount doubled month without explanation,34.10944444444444
1472,1472,I was overcharged on my last bill and no one is responding.,Billing Issue,Billing,In Progress,CUST1978,2025-05-19 02:24:00,,2026-07-23 20:15:32,overcharged last bill one responding,
1473,1473,Staff keep telling me to wait but nothing happens.,Service Delay,Operations,Resolved,CUST4677,2025-06-01 16:55:00,2025-06-06 05:30:26,2026-07-23 20:15:32,staff keep telling wait nothing happens,108.59055555555555
1474,1474,My bill amount doubled this month without any explanation.,,Billing,Closed,CUST6698,2025-08-18 10:03:00,2025-08-20 13:44:27,2026-07-23 20:15:32,bill amount doubled month without explanation,51.69083333333333
1475,1475,"The new online system has made things much easier, well done.",,Customer Support,Closed,CUST1448,2025-11-09 02:51:00,2025-11-10 12:15:58,2026-07-23 20:15:32,new online system made things much easier well done,33.416111111111114
1476,1476,Staff keep telling me to wait but nothing happens.,Service Delay,Operations,Closed,CUST1935,2025-06-14 13:50:00,2025-06-18 02:12:22,2026-07-23 20:15:32,staff keep telling wait nothing happens,84.37277777777778
1477,1477,Thank you for quickly fixing the safety issue I reported earlier.,Safety Concern,Security,Closed,CUST9761,2025-06-24 10:59:00,2025-06-29 16:34:31,2026-07-23 20:15:32,thank quickly fixing safety issue reported earlier,125.59194444444445
1478,1478,The staff member was polite and handled my issue very well.,Staff Behavior,Customer Support,In Progress,CUST8656,2025-09-25 21:33:00,,2026-07-23 20:15:32,staff member polite handled issue well,
1479,1479,No safety measures are in place despite previous warnings.,Safety Concern,Security,Closed,CUST2401,2025-03-01 17:17:00,2025-03-03 10:37:52,2026-07-23 20:15:32,safety measures place despite previous warnings,41.34777777777778
1480,1480,"The new online system has made things much easier, well done.",Appreciation,Customer Support,Resolved,CUST5104,2025-05-13 03:02:00,2025-05-14 04:41:50,2026-07-23 20:15:32,new online system made things much easier well done,25.663888888888888
1481,1481,Thank you for quickly fixing the safety issue I reported earlier.,Safety Concern,Security,Closed,CUST3929,2025-01-10 16:36:00,2025-01-14 19:22:56,2026-07-23 20:15:32,thank quickly fixing safety issue reported earlier,98.78222222222222
1482,1482,The staff at the counter was extremely rude to me today.,Staff Behavior,Customer Support,Closed,CUST4569,2025-06-15 12:02:00,2025-06-16 13:55:38,2026-07-23 20:15:32,staff counter extremely rude today,25.89388888888889
1483,1483,Staff keep telling me to wait but nothing happens.,,Operations,Resolved,CUST2049,2025-12-09 07:57:00,2025-12-12 16:10:55,2026-07-23 20:15:32,staff keep telling wait nothing happens,80.23194444444445
1484,1484,The employee refused to help and was arguing instead of assisting.,,Customer Support,Closed,CUST3858,2025-09-09 09:16:00,2025-09-12 06:17:34,2026-07-23 20:15:32,employee refused help arguing instead assisting,69.0261111111111
1485,1485,The online payment portal charged me twice for the same bill.,,Billing,Closed,CUST9302,2025-08-08 16:07:00,2025-08-09 08:34:02,2026-07-23 20:15:32,online payment portal charged twice bill,16.450555555555557
1486,1486,There is clear favoritism and under-the-table dealing happening.,Corruption/Bribery,Administration,In Progress,CUST5244,2025-05-18 12:45:00,,2026-07-23 20:15:32,clear favoritism table dealing happening,
1487,1487,I want to thank the team for resolving my issue so quickly.,Appreciation,Customer Support,Resolved,CUST4845,2025-08-28 06:54:00,2025-08-29 12:03:21,2026-07-23 20:15:32,want thank team resolving issue quickly,29.155833333333334
1488,1488,It has been three weeks and my complaint is still not resolved.,,Operations,Open,CUST7084,2025-07-04 07:32:00,,2026-07-23 20:15:32,three weeks complaint still resolved,
1489,1489,There is clear favoritism and under-the-table dealing happening.,,Administration,Closed,CUST6350,2025-06-21 11:27:00,2025-06-27 20:32:51,2026-07-23 20:15:32,clear favoritism table dealing happening,153.0975
1490,1490,The equipment at the site is old and frequently malfunctions.,Infrastructure,Maintenance,Closed,CUST5817,2025-05-14 09:57:00,2025-05-21 11:56:03,2026-07-23 20:15:32,equipment site old frequently malfunctions,169.98416666666665
1491,1491,There is a major leakage that has not been fixed for weeks.,Infrastructure,Maintenance,In Progress,CUST2740,2025-06-10 14:59:00,,2026-07-23 20:15:32,major leakage fixed weeks,
1492,1492,The equipment at the site is old and frequently malfunctions.,Infrastructure,Maintenance,Resolved,CUST6636,2025-07-25 16:47:00,2025-08-01 23:21:58,2026-07-23 20:15:32,equipment site old frequently malfunctions,174.58277777777778
1493,1493,"Great job by the support team, issue resolved within a day.",Appreciation,Customer Support,Closed,CUST2285,2025-10-02 14:42:00,2025-10-03 17:49:36,2026-07-23 20:15:32,great job support team issue resolved within day,27.126666666666665
1494,1494,"Excellent service today, very satisfied with the response.",Appreciation,Customer Support,Resolved,CUST2986,2025-07-19 14:40:00,2025-07-20 11:07:07,2026-07-23 20:15:32,excellent service today satisfied response,20.451944444444443
1495,1495,There is clear favoritism and under-the-table dealing happening.,Corruption/Bribery,Administration,Closed,CUST6192,2025-10-20 11:30:00,2025-10-23 19:17:56,2026-07-23 20:15:32,clear favoritism table dealing happening,79.79888888888888
1496,1496,Staff keep telling me to wait but nothing happens.,Service Delay,Operations,In Progress,CUST6930,2025-05-08 10:21:00,,2026-07-23 20:15:32,staff keep telling wait nothing happens,
1497,1497,The response time for service requests is unacceptably slow.,Service Delay,Operations,In Progress,CUST7716,2025-09-04 19:44:00,,2026-07-23 20:15:32,response time service requests unacceptably slow,
1498,1498,The response time for service requests is unacceptably slow.,Service Delay,Operations,Resolved,CUST4774,2025-07-03 10:58:00,2025-07-10 03:41:51,2026-07-23 20:15:32,response time service requests unacceptably slow,160.73083333333332
1499,1499,Very unprofessional behavior from the officer on duty.,Staff Behavior,Customer Support,Closed,CUST5013,2025-04-27 12:52:00,2025-04-30 22:22:21,2026-07-23 20:15:32,unprofessional behavior officer duty,81.50583333333333
1500,1500,Security personnel are not checking IDs properly at the gate.,Safety Concern,Security,Resolved,CUST6596,2025-08-22 07:08:00,2025-08-26 23:27:02,2026-07-23 20:15:32,security personnel checking ids properly gate,112.31722222222223
1501,1501,It has been three weeks and my complaint is still not resolved.,Service Delay,Operations,Resolved,CUST4245,2025-06-17 08:09:00,2025-06-20 03:52:26,2026-07-23 20:15:32,three weeks complaint still resolved,67.7238888888889
1502,1502,An official demanded a bribe before processing my documents.,Corruption/Bribery,Administration,In Progress,CUST8698,2025-01-04 20:26:00,,2026-07-23 20:15:32,official demanded bribe processing documents,
1503,1503,No safety measures are in place despite previous warnings.,,Security,Open,CUST2196,2025-11-27 13:27:00,,2026-07-23 20:15:32,safety measures place despite previous warnings,
1504,1504,The online payment portal charged me twice for the same bill.,Billing Issue,Billing,Open,CUST4955,2025-11-14 09:22:00,,2026-07-23 20:15:32,online payment portal charged twice bill,
1505,1505,The road near the facility is damaged and causing accidents.,Infrastructure,Maintenance,In Progress,CUST2765,2025-05-27 13:57:00,,2026-07-23 20:15:32,road near facility damaged causing accidents,
1506,1506,I want to thank the team for resolving my issue so quickly.,Appreciation,Customer Support,Closed,CUST8138,2025-02-12 15:28:00,2025-02-13 13:58:14,2026-07-23 20:15:32,want thank team resolving issue quickly,22.503888888888888
1507,1507,I have been waiting since last month for this issue to be fixed.,Service Delay,Operations,Closed,CUST9345,2025-08-24 07:11:00,2025-08-30 23:34:36,2026-07-23 20:15:32,waiting since last month issue fixed,160.39333333333335
1508,1508,I was overcharged on my last bill and no one is responding.,Billing Issue,Billing,Resolved,CUST8185,2025-08-12 12:43:00,2025-08-14 00:51:28,2026-07-23 20:15:32,overcharged last bill one responding,36.14111111111111
1509,1509,The online payment portal charged me twice for the same bill.,Billing Issue,Billing,In Progress,CUST1791,2025-05-25 13:06:00,,2026-07-23 20:15:32,online payment portal charged twice bill,
1510,1510,The staff member was polite and handled my issue very well.,,Customer Support,Resolved,CUST6219,2025-07-28 11:59:00,2025-07-29 18:58:24,2026-07-23 20:15:32,staff member polite handled issue well,30.99
1511,1511,No safety measures are in place despite previous warnings.,,Security,Closed,CUST9505,2025-01-24 06:56:00,2025-01-27 15:20:01,2026-07-23 20:15:32,safety measures place despite previous warnings,80.40027777777777
1512,1512,Staff keep telling me to wait but nothing happens.,,Operations,In Progress,CUST8973,2025-05-12 17:18:00,,2026-07-23 20:15:32,staff keep telling wait nothing happens,
1513,1513,I was treated very disrespectfully by the customer support agent.,Staff Behavior,Customer Support,Closed,CUST5565,2025-05-09 22:38:00,2025-05-13 11:31:54,2026-07-23 20:15:32,treated disrespectfully customer support agent,84.89833333333333
1514,1514,My bill amount doubled this month without any explanation.,Billing Issue,Billing,In Progress,CUST1651,2025-07-17 09:48:00,,2026-07-23 20:15:32,bill amount doubled month without explanation,
1515,1515,"Excellent service today, very satisfied with the response.",,Customer Support,Open,CUST7987,2025-01-27 20:52:00,,2026-07-23 20:15:32,excellent service today satisfied response,
1516,1516,Thank you for quickly fixing the safety issue I reported earlier.,Safety Concern,Security,Closed,CUST2965,2025-03-15 09:18:00,2025-03-19 16:39:33,2026-07-23 20:15:32,thank quickly fixing safety issue reported earlier,103.35916666666667
1517,1517,Very unprofessional behavior from the officer on duty.,,Customer Support,Open,CUST2908,2025-07-03 20:55:00,,2026-07-23 20:15:32,unprofessional behavior officer duty,
1518,1518,I want to thank the team for resolving my issue so quickly.,,Customer Support,Open,CUST6494,2025-09-08 23:46:00,,2026-07-23 20:15:32,want thank team resolving issue quickly,
1519,1519,Staff keep telling me to wait but nothing happens.,Service Delay,Operations,Closed,CUST1628,2025-08-03 15:45:00,2025-08-08 18:03:07,2026-07-23 20:15:32,staff keep telling wait nothing happens,122.30194444444444
1521,1521,I want to thank the team for resolving my issue so quickly.,,Customer Support,Closed,CUST4205,2025-04-19 12:24:00,2025-04-20 05:31:12,2026-07-23 20:15:32,want thank team resolving issue quickly,17.12
1522,1522,No technician has visited despite multiple requests.,,Operations,Resolved,CUST2453,2025-07-06 14:46:00,2025-07-11 22:18:19,2026-07-23 20:15:32,technician visited despite multiple requests,127.53861111111111
1523,1523,"Excellent service today, very satisfied with the response.",,Customer Support,Resolved,CUST3918,2025-01-03 22:31:00,2025-01-05 03:47:03,2026-07-23 20:15:32,excellent service today satisfied response,29.2675
1524,1524,"There is a billing error, I already paid but it still shows unpaid.",,Billing,In Progress,CUST9691,2025-08-21 18:37:00,,2026-07-23 20:15:32,billing error already paid still shows unpaid,
1525,1525,There is a major leakage that has not been fixed for weeks.,Infrastructure,Maintenance,Closed,CUST9031,2025-11-27 20:14:00,2025-12-04 05:44:29,2026-07-23 20:15:32,major leakage fixed weeks,153.50805555555556
1526,1526,Security personnel are not checking IDs properly at the gate.,,Security,In Progress,CUST5706,2025-08-18 20:30:00,,2026-07-23 20:15:32,security personnel checking ids properly gate,
1527,1527,I have been waiting since last month for this issue to be fixed.,Service Delay,Operations,Open,CUST6224,2025-05-22 13:27:00,,2026-07-23 20:15:32,waiting since last month issue fixed,
1528,1528,The equipment at the site is old and frequently malfunctions.,Infrastructure,Maintenance,Closed,CUST9014,2025-08-23 22:08:00,2025-08-30 02:48:51,2026-07-23 20:15:32,equipment site old frequently malfunctions,148.68083333333334
1529,1529,There is a major leakage that has not been fixed for weeks.,Infrastructure,Maintenance,In Progress,CUST7701,2025-01-09 12:32:00,,2026-07-23 20:15:32,major leakage fixed weeks,
1530,1530,"There is a billing error, I already paid but it still shows unpaid.",Billing Issue,Billing,Resolved,CUST7531,2025-04-11 15:26:00,2025-04-14 00:48:01,2026-07-23 20:15:32,billing error already paid still shows unpaid,57.36694444444444
1531,1531,It has been three weeks and my complaint is still not resolved.,Service Delay,Operations,In Progress,CUST6054,2025-04-24 09:14:00,,2026-07-23 20:15:32,three weeks complaint still resolved,
1532,1532,I was treated very disrespectfully by the customer support agent.,Staff Behavior,Customer Support,In Progress,CUST6401,2025-07-06 14:34:00,,2026-07-23 20:15:32,treated disrespectfully customer support agent,
1533,1533,The online payment portal charged me twice for the same bill.,,Billing,Closed,CUST6460,2025-01-24 15:01:00,2025-01-26 19:28:26,2026-07-23 20:15:32,online payment portal charged twice bill,52.45722222222222
1534,1534,I want to thank the team for resolving my issue so quickly.,,Customer Support,Resolved,CUST3572,2025-08-17 16:13:00,2025-08-18 04:39:59,2026-07-23 20:15:32,want thank team resolving issue quickly,12.449722222222222
1535,1535,An official demanded a bribe before processing my documents.,Corruption/Bribery,Administration,Closed,CUST6431,2025-10-08 13:18:00,2025-10-16 08:24:33,2026-07-23 20:15:32,official demanded bribe processing documents,187.10916666666665
1536,1536,Staff keep telling me to wait but nothing happens.,Service Delay,Operations,Closed,CUST9627,2025-09-01 09:02:00,2025-09-05 23:04:27,2026-07-23 20:15:32,staff keep telling wait nothing happens,110.04083333333334
1537,1537,Why is the late fee applied when I paid on time?,,Billing,In Progress,CUST5051,2025-09-02 14:10:00,,2026-07-23 20:15:32,late fee applied paid time,
1538,1538,I was overcharged on my last bill and no one is responding.,Billing Issue,Billing,Resolved,CUST5423,2025-10-13 09:41:00,2025-10-16 02:37:26,2026-07-23 20:15:32,overcharged last bill one responding,64.94055555555556
1539,1539,I was asked to pay extra money to get my work done faster.,Corruption/Bribery,Administration,Closed,CUST1241,2025-02-24 15:45:00,2025-03-01 18:37:28,2026-07-23 20:15:32,asked pay extra money get work done faster,122.87444444444445
1540,1540,Thank you for quickly fixing the safety issue I reported earlier.,Safety Concern,Security,Closed,CUST4183,2025-08-05 07:06:00,2025-08-08 09:22:41,2026-07-23 20:15:32,thank quickly fixing safety issue reported earlier,74.27805555555555
1541,1541,An official demanded a bribe before processing my documents.,,Administration,Closed,CUST8518,2025-09-14 12:32:00,2025-09-20 14:33:55,2026-07-23 20:15:32,official demanded bribe processing documents,146.03194444444443
1542,1542,"There is a billing error, I already paid but it still shows unpaid.",Billing Issue,Billing,Resolved,CUST4641,2025-12-19 14:30:00,2025-12-21 07:37:11,2026-07-23 20:15:32,billing error already paid still shows unpaid,41.11972222222222
1543,1543,"The new online system has made things much easier, well done.",Appreciation,Customer Support,Resolved,CUST9143,2025-07-23 11:34:00,2025-07-24 05:21:00,2026-07-23 20:15:32,new online system made things much easier well done,17.783333333333335
1544,1544,I witnessed a near-accident due to lack of proper signage.,Safety Concern,Security,Resolved,CUST1407,2025-09-23 19:06:00,2025-09-26 13:43:21,2026-07-23 20:15:32,witnessed near accident due lack proper signage,66.6225
1545,1545,No technician has visited despite multiple requests.,,Operations,Open,CUST3355,2025-06-16 11:36:00,,2026-07-23 20:15:32,technician visited despite multiple requests,
1546,1546,There are serious safety hazards at the site that need urgent attention.,Safety Concern,Security,Closed,CUST5095,2025-02-06 16:13:00,2025-02-12 09:47:01,2026-07-23 20:15:32,serious safety hazards site need urgent attention,137.56694444444443
1547,1547,Why is the late fee applied when I paid on time?,Billing Issue,Billing,Closed,CUST4808,2025-08-16 19:33:00,2025-08-18 21:28:47,2026-07-23 20:15:32,late fee applied paid time,49.929722222222225
1548,1548,Why is the late fee applied when I paid on time?,,Billing,In Progress,CUST6266,2025-04-10 11:47:00,,2026-07-23 20:15:32,late fee applied paid time,
1549,1549,The new infrastructure upgrade has improved things significantly.,Infrastructure,Maintenance,Closed,CUST9007,2025-06-01 16:17:00,2025-06-11 23:18:06,2026-07-23 20:15:32,new infrastructure upgrade improved things significantly,247.01833333333335
1550,1550,The employee refused to help and was arguing instead of assisting.,Staff Behavior,Customer Support,Resolved,CUST2334,2025-12-08 09:20:00,2025-12-09 00:35:39,2026-07-23 20:15:32,employee refused help arguing instead assisting,15.260833333333334
1551,1551,"Great job by the support team, issue resolved within a day.",,Customer Support,Closed,CUST2990,2025-08-13 14:08:00,2025-08-14 22:42:08,2026-07-23 20:15:32,great job support team issue resolved within day,32.568888888888885
1552,1552,Why is the late fee applied when I paid on time?,Billing Issue,Billing,Closed,CUST9594,2025-11-04 09:02:00,2025-11-06 09:18:26,2026-07-23 20:15:32,late fee applied paid time,48.27388888888889
1553,1553,The staff member was polite and handled my issue very well.,Staff Behavior,Customer Support,Open,CUST5441,2025-06-01 09:18:00,,2026-07-23 20:15:32,staff member polite handled issue well,
1554,1554,The staff member was polite and handled my issue very well.,,Customer Support,In Progress,CUST4349,2025-11-19 05:41:00,,2026-07-23 20:15:32,staff member polite handled issue well,
1555,1555,I witnessed a near-accident due to lack of proper signage.,Safety Concern,Security,Resolved,CUST3217,2025-07-09 05:30:00,2025-07-11 13:09:29,2026-07-23 20:15:32,witnessed near accident due lack proper signage,55.658055555555556
1556,1556,Why is the late fee applied when I paid on time?,,Billing,In Progress,CUST1091,2025-01-14 09:11:00,,2026-07-23 20:15:32,late fee applied paid time,
1557,1557,No technician has visited despite multiple requests.,,Operations,Resolved,CUST8679,2025-04-04 17:34:00,2025-04-06 15:38:05,2026-07-23 20:15:32,technician visited despite multiple requests,46.06805555555555
1558,1558,The road near the facility is damaged and causing accidents.,Infrastructure,Maintenance,In Progress,CUST4156,2025-05-18 14:56:00,,2026-07-23 20:15:32,road near facility damaged causing accidents,
1559,1559,I have been waiting since last month for this issue to be fixed.,Service Delay,Operations,Resolved,CUST5173,2025-07-10 13:23:00,2025-07-19 12:35:09,2026-07-23 20:15:32,waiting since last month issue fixed,215.2025
1560,1560,I was treated very disrespectfully by the customer support agent.,,Customer Support,Closed,CUST5307,2025-02-05 16:06:00,2025-02-07 14:12:54,2026-07-23 20:15:32,treated disrespectfully customer support agent,46.115
1561,1561,I was treated very disrespectfully by the customer support agent.,,Customer Support,Closed,CUST5542,2025-10-19 18:41:00,2025-10-21 04:22:13,2026-07-23 20:15:32,treated disrespectfully customer support agent,33.68694444444444
1562,1562,"Great job by the support team, issue resolved within a day.",,Customer Support,In Progress,CUST3400,2025-04-01 20:50:00,,2026-07-23 20:15:32,great job support team issue resolved within day,
1563,1563,Why is the late fee applied when I paid on time?,,Billing,Closed,CUST9383,2025-11-11 18:04:00,2025-11-14 21:09:31,2026-07-23 20:15:32,late fee applied paid time,75.09194444444445
1564,1564,Security personnel are not checking IDs properly at the gate.,,Security,Resolved,CUST7442,2025-08-11 12:19:00,2025-08-14 15:43:18,2026-07-23 20:15:32,security personnel checking ids properly gate,75.405
1565,1565,I have been waiting since last month for this issue to be fixed.,,Operations,Closed,CUST2281,2025-08-12 12:19:00,2025-08-18 07:57:00,2026-07-23 20:15:32,waiting since last month issue fixed,139.63333333333333
1566,1566,I was asked to pay extra money to get my work done faster.,,Administration,In Progress,CUST8163,2025-12-21 09:53:00,,2026-07-23 20:15:32,asked pay extra money get work done faster,
1567,1567,Very unprofessional behavior from the officer on duty.,Staff Behavior,Customer Support,Open,CUST6704,2025-08-09 10:43:00,,2026-07-23 20:15:32,unprofessional behavior officer duty,
1568,1568,"There is a billing error, I already paid but it still shows unpaid.",Billing Issue,Billing,In Progress,CUST4129,2025-10-25 17:42:00,,2026-07-23 20:15:32,billing error already paid still shows unpaid,
1569,1569,No technician has visited despite multiple requests.,Service Delay,Operations,Resolved,CUST1091,2025-12-01 09:12:00,2025-12-03 17:34:31,2026-07-23 20:15:32,technician visited despite multiple requests,56.375277777777775
1570,1570,The equipment at the site is old and frequently malfunctions.,Infrastructure,Maintenance,In Progress,CUST5473,2025-02-12 07:58:00,,2026-07-23 20:15:32,equipment site old frequently malfunctions,
1571,1571,"There is a billing error, I already paid but it still shows unpaid.",Billing Issue,Billing,Closed,CUST5492,2025-08-13 07:02:00,2025-08-15 07:14:50,2026-07-23 20:15:32,billing error already paid still shows unpaid,48.21388888888889
1572,1572,The new infrastructure upgrade has improved things significantly.,Infrastructure,Maintenance,Closed,CUST8446,2025-10-28 11:45:00,2025-11-08 04:31:16,2026-07-23 20:15:32,new infrastructure upgrade improved things significantly,256.7711111111111
1573,1573,Very unprofessional behavior from the officer on duty.,,Customer Support,Resolved,CUST7054,2025-09-21 16:48:00,2025-09-24 03:01:02,2026-07-23 20:15:32,unprofessional behavior officer duty,58.21722222222222
1574,1574,My bill amount doubled this month without any explanation.,,Billing,Closed,CUST2956,2025-08-06 15:55:00,2025-08-09 10:18:18,2026-07-23 20:15:32,bill amount doubled month without explanation,66.38833333333334
1575,1575,I was overcharged on my last bill and no one is responding.,Billing Issue,Billing,In Progress,CUST1273,2025-05-28 16:34:00,,2026-07-23 20:15:32,overcharged last bill one responding,
1576,1576,The response time for service requests is unacceptably slow.,Service Delay,Operations,Closed,CUST7000,2025-11-06 14:57:00,2025-11-08 01:34:40,2026-07-23 20:15:32,response time service requests unacceptably slow,34.62777777777778
1577,1577,Very unprofessional behavior from the officer on duty.,,Customer Support,Open,CUST9216,2025-06-22 11:42:00,,2026-07-23 20:15:32,unprofessional behavior officer duty,
1578,1578,"There is a billing error, I already paid but it still shows unpaid.",,Billing,In Progress,CUST9281,2025-02-15 05:02:00,,2026-07-23 20:15:32,billing error already paid still shows unpaid,
1579,1579,It has been three weeks and my complaint is still not resolved.,Service Delay,Operations,Open,CUST2410,2025-05-18 08:22:00,,2026-07-23 20:15:32,three weeks complaint still resolved,
1580,1580,Very unprofessional behavior from the officer on duty.,,Customer Support,Closed,CUST1329,2025-02-03 16:11:00,2025-02-07 01:23:21,2026-07-23 20:15:32,unprofessional behavior officer duty,81.20583333333333
1581,1581,There are serious safety hazards at the site that need urgent attention.,Safety Concern,Security,Open,CUST5042,2025-04-12 00:29:00,,2026-07-23 20:15:32,serious safety hazards site need urgent attention,
1582,1582,No technician has visited despite multiple requests.,Service Delay,Operations,In Progress,CUST5703,2025-09-24 11:08:00,,2026-07-23 20:15:32,technician visited despite multiple requests,
1583,1583,My bill amount doubled this month without any explanation.,,Billing,Closed,CUST4264,2025-07-14 13:14:00,2025-07-15 23:11:17,2026-07-23 20:15:32,bill amount doubled month without explanation,33.95472222222222
1584,1584,"There is a billing error, I already paid but it still shows unpaid.",Billing Issue,Billing,Open,CUST6957,2025-04-15 10:16:00,,2026-07-23 20:15:32,billing error already paid still shows unpaid,
1585,1585,Staff keep telling me to wait but nothing happens.,,Operations,Closed,CUST7318,2025-06-21 09:43:00,2025-06-24 08:36:11,2026-07-23 20:15:32,staff keep telling wait nothing happens,70.88638888888889
1586,1586,The online payment portal charged me twice for the same bill.,Billing Issue,Billing,In Progress,CUST5729,2025-04-23 00:27:00,,2026-07-23 20:15:32,online payment portal charged twice bill,
1587,1587,The online payment portal charged me twice for the same bill.,Billing Issue,Billing,In Progress,CUST4452,2025-07-24 15:50:00,,2026-07-23 20:15:32,online payment portal charged twice bill,
1588,1588,I have been waiting since last month for this issue to be fixed.,,Operations,Closed,CUST3290,2025-04-04 21:33:00,2025-04-11 06:09:35,2026-07-23 20:15:32,waiting since last month issue fixed,152.60972222222222
1589,1589,The employee refused to help and was arguing instead of assisting.,,Customer Support,Resolved,CUST2713,2025-06-13 15:42:00,2025-06-15 06:36:53,2026-07-23 20:15:32,employee refused help arguing instead assisting,38.914722222222224
1590,1590,The road near the facility is damaged and causing accidents.,Infrastructure,Maintenance,In Progress,CUST4065,2025-03-16 17:21:00,,2026-07-23 20:15:32,road near facility damaged causing accidents,
1591,1591,"The new online system has made things much easier, well done.",Appreciation,Customer Support,Closed,CUST8478,2025-03-18 11:11:00,2025-03-19 00:59:07,2026-07-23 20:15:32,new online system made things much easier well done,13.801944444444445
1592,1592,Poor maintenance of the facility is causing repeated problems.,Infrastructure,Maintenance,In Progress,CUST6535,2025-09-16 15:53:00,,2026-07-23 20:15:32,poor maintenance facility causing repeated problems,
1593,1593,Very unprofessional behavior from the officer on duty.,Staff Behavior,Customer Support,Closed,CUST2767,2025-05-08 16:48:00,2025-05-10 06:17:21,2026-07-23 20:15:32,unprofessional behavior officer duty,37.48916666666667
1594,1594,The employee refused to help and was arguing instead of assisting.,Staff Behavior,Customer Support,Open,CUST5924,2025-12-13 09:37:00,,2026-07-23 20:15:32,employee refused help arguing instead assisting,
1595,1595,There is clear favoritism and under-the-table dealing happening.,,Administration,Closed,CUST6458,2025-12-07 11:36:00,2025-12-17 09:11:02,2026-07-23 20:15:32,clear favoritism table dealing happening,237.58388888888888
1596,1596,There are serious safety hazards at the site that need urgent attention.,Safety Concern,Security,Closed,CUST8515,2025-12-10 14:50:00,2025-12-11 18:54:34,2026-07-23 20:15:32,serious safety hazards site need urgent attention,28.07611111111111
1597,1597,I have been waiting since last month for this issue to be fixed.,,Operations,Closed,CUST2316,2025-01-05 07:12:00,2025-01-13 21:42:14,2026-07-23 20:15:32,waiting since last month issue fixed,206.5038888888889
1599,1599,My bill amount doubled this month without any explanation.,Billing Issue,Billing,Closed,CUST8738,2025-05-16 16:35:00,2025-05-18 23:56:19,2026-07-23 20:15:32,bill amount doubled month without explanation,55.35527777777778
1600,1600,Poor maintenance of the facility is causing repeated problems.,,Maintenance,Open,CUST3187,2025-08-25 14:58:00,,2026-07-23 20:15:32,poor maintenance facility causing repeated problems,
1601,1601,The response time for service requests is unacceptably slow.,Service Delay,Operations,Closed,CUST7452,2025-11-27 20:43:00,2025-11-29 16:28:13,2026-07-23 20:15:32,response time service requests unacceptably slow,43.75361111111111
1602,1602,The employee refused to help and was arguing instead of assisting.,Staff Behavior,Customer Support,Open,CUST3918,2025-07-24 15:37:00,,2026-07-23 20:15:32,employee refused help arguing instead assisting,
1603,1603,I witnessed a near-accident due to lack of proper signage.,Safety Concern,Security,Open,CUST7523,2025-06-17 16:52:00,,2026-07-23 20:15:32,witnessed near accident due lack proper signage,
1604,1604,"Excellent service today, very satisfied with the response.",Appreciation,Customer Support,In Progress,CUST6563,2025-03-07 08:02:00,,2026-07-23 20:15:32,excellent service today satisfied response,
1605,1605,No technician has visited despite multiple requests.,Service Delay,Operations,Resolved,CUST1570,2025-06-10 13:19:00,2025-06-17 03:22:39,2026-07-23 20:15:32,technician visited despite multiple requests,158.06083333333333
1606,1606,I have been waiting since last month for this issue to be fixed.,,Operations,Resolved,CUST2353,2025-03-13 13:43:00,2025-03-19 18:50:21,2026-07-23 20:15:32,waiting since last month issue fixed,149.1225
1607,1607,It has been three weeks and my complaint is still not resolved.,,Operations,Closed,CUST3109,2025-08-13 17:51:00,2025-08-18 09:03:23,2026-07-23 20:15:32,three weeks complaint still resolved,111.2063888888889
1608,1608,Poor maintenance of the facility is causing repeated problems.,Infrastructure,Maintenance,Closed,CUST7921,2025-08-01 15:31:00,2025-08-08 21:51:47,2026-07-23 20:15:32,poor maintenance facility causing repeated problems,174.3463888888889
1609,1609,I witnessed a near-accident due to lack of proper signage.,Safety Concern,Security,Open,CUST8377,2025-06-24 19:40:00,,2026-07-23 20:15:32,witnessed near accident due lack proper signage,
1610,1610,Very unprofessional behavior from the officer on duty.,,Customer Support,Closed,CUST3930,2025-09-28 15:34:00,2025-10-03 19:16:07,2026-07-23 20:15:32,unprofessional behavior officer duty,123.70194444444445
1611,1611,"Great job by the support team, issue resolved within a day.",Appreciation,Customer Support,Open,CUST5224,2025-11-03 15:09:00,,2026-07-23 20:15:32,great job support team issue resolved within day,
1612,1612,The online payment portal charged me twice for the same bill.,,Billing,Open,CUST2991,2025-09-15 17:27:00,,2026-07-23 20:15:32,online payment portal charged twice bill,
1613,1613,An official demanded a bribe before processing my documents.,Corruption/Bribery,Administration,Resolved,CUST5852,2025-06-20 10:43:00,2025-06-25 08:33:32,2026-07-23 20:15:32,official demanded bribe processing documents,117.84222222222222
1614,1614,There are serious safety hazards at the site that need urgent attention.,,Security,Resolved,CUST6318,2025-07-06 10:18:00,2025-07-10 23:44:27,2026-07-23 20:15:32,serious safety hazards site need urgent attention,109.44083333333333
1615,1615,It has been three weeks and my complaint is still not resolved.,Service Delay,Operations,Open,CUST5073,2025-08-12 10:46:00,,2026-07-23 20:15:32,three weeks complaint still resolved,
1616,1616,The online payment portal charged me twice for the same bill.,Billing Issue,Billing,Resolved,CUST5500,2025-02-24 22:09:00,2025-02-27 06:35:18,2026-07-23 20:15:32,online payment portal charged twice bill,56.43833333333333
1617,1617,I have been waiting since last month for this issue to be fixed.,Service Delay,Operations,Closed,CUST9577,2025-08-08 15:58:00,2025-08-15 05:21:20,2026-07-23 20:15:32,waiting since last month issue fixed,157.38888888888889
1618,1618,The staff at the counter was extremely rude to me today.,Staff Behavior,Customer Support,Open,CUST2656,2025-02-12 13:02:00,,2026-07-23 20:15:32,staff counter extremely rude today,
1619,1619,It has been three weeks and my complaint is still not resolved.,Service Delay,Operations,In Progress,CUST4013,2025-05-21 20:47:00,,2026-07-23 20:15:32,three weeks complaint still resolved,
1620,1620,"The new online system has made things much easier, well done.",Appreciation,Customer Support,Open,CUST2907,2025-09-24 12:56:00,,2026-07-23 20:15:32,new online system made things much easier well done,
1621,1621,Thank you for quickly fixing the safety issue I reported earlier.,Safety Concern,Security,Resolved,CUST4993,2025-04-10 11:39:00,2025-04-14 22:00:02,2026-07-23 20:15:32,thank quickly fixing safety issue reported earlier,106.35055555555556
1622,1622,The road near the facility is damaged and causing accidents.,Infrastructure,Maintenance,Closed,CUST4042,2025-06-16 15:13:00,2025-06-23 04:26:16,2026-07-23 20:15:32,road near facility damaged causing accidents,157.2211111111111
1623,1623,It has been three weeks and my complaint is still not resolved.,,Operations,In Progress,CUST4393,2025-08-06 11:43:00,,2026-07-23 20:15:32,three weeks complaint still resolved,
1624,1624,Why is the late fee applied when I paid on time?,Billing Issue,Billing,Resolved,CUST6212,2025-08-09 04:17:00,2025-08-09 23:08:24,2026-07-23 20:15:32,late fee applied paid time,18.856666666666666
1625,1625,My bill amount doubled this month without any explanation.,,Billing,Open,CUST8547,2025-01-11 15:14:00,,2026-07-23 20:15:32,bill amount doubled month without explanation,
1626,1626,The new infrastructure upgrade has improved things significantly.,,Maintenance,Closed,CUST6580,2025-05-13 16:30:00,2025-05-20 19:56:15,2026-07-23 20:15:32,new infrastructure upgrade improved things significantly,171.4375
1627,1627,I have been waiting since last month for this issue to be fixed.,Service Delay,Operations,Resolved,CUST3785,2025-03-28 13:47:00,2025-04-06 05:06:21,2026-07-23 20:15:32,waiting since last month issue fixed,207.3225
1628,1628,The equipment at the site is old and frequently malfunctions.,,Maintenance,Resolved,CUST8971,2025-06-22 17:54:00,2025-07-01 05:05:41,2026-07-23 20:15:32,equipment site old frequently malfunctions,203.19472222222223
1629,1629,The employee refused to help and was arguing instead of assisting.,,Customer Support,Resolved,CUST6166,2025-02-24 09:33:00,2025-02-27 16:34:00,2026-07-23 20:15:32,employee refused help arguing instead assisting,79.01666666666667
1630,1630,Very unprofessional behavior from the officer on duty.,Staff Behavior,Customer Support,In Progress,CUST8070,2025-01-20 11:37:00,,2026-07-23 20:15:32,unprofessional behavior officer duty,
1631,1631,It has been three weeks and my complaint is still not resolved.,Service Delay,Operations,Closed,CUST7148,2025-09-10 08:35:00,2025-09-18 03:08:51,2026-07-23 20:15:32,three weeks complaint still resolved,186.56416666666667
1632,1632,"Excellent service today, very satisfied with the response.",,Customer Support,Open,CUST2812,2025-06-28 17:07:00,,2026-07-23 20:15:32,excellent service today satisfied response,
1633,1633,There is a major leakage that has not been fixed for weeks.,Infrastructure,Maintenance,Closed,CUST7693,2025-11-25 08:49:00,2025-11-29 23:26:43,2026-07-23 20:15:32,major leakage fixed weeks,110.62861111111111
1634,1634,No technician has visited despite multiple requests.,Service Delay,Operations,In Progress,CUST2730,2025-06-20 17:17:00,,2026-07-23 20:15:32,technician visited despite multiple requests,
1635,1635,The equipment at the site is old and frequently malfunctions.,Infrastructure,Maintenance,In Progress,CUST8600,2025-07-18 15:25:00,,2026-07-23 20:15:32,equipment site old frequently malfunctions,
1636,1636,I have been waiting since last month for this issue to be fixed.,,Operations,Resolved,CUST6473,2025-03-28 16:11:00,2025-03-31 15:36:10,2026-07-23 20:15:32,waiting since last month issue fixed,71.41944444444445
1637,1637,No safety measures are in place despite previous warnings.,Safety Concern,Security,Resolved,CUST7852,2025-08-04 09:24:00,2025-08-09 19:25:00,2026-07-23 20:15:32,safety measures place despite previous warnings,130.01666666666668
1638,1638,It has been three weeks and my complaint is still not resolved.,Service Delay,Operations,Resolved,CUST7697,2025-08-05 17:39:00,2025-08-14 14:30:57,2026-07-23 20:15:32,three weeks complaint still resolved,212.86583333333334
1639,1639,"The new online system has made things much easier, well done.",Appreciation,Customer Support,Resolved,CUST7066,2025-08-06 18:36:00,2025-08-07 19:16:10,2026-07-23 20:15:32,new online system made things much easier well done,24.669444444444444
1640,1640,The online payment portal charged me twice for the same bill.,Billing Issue,Billing,Resolved,CUST3644,2025-11-21 10:24:00,2025-11-22 22:06:59,2026-07-23 20:15:32,online payment portal charged twice bill,35.716388888888886
1641,1641,I was treated very disrespectfully by the customer support agent.,,Customer Support,In Progress,CUST2061,2025-03-23 10:58:00,,2026-07-23 20:15:32,treated disrespectfully customer support agent,
1642,1642,I was asked to pay extra money to get my work done faster.,Corruption/Bribery,Administration,Closed,CUST4963,2025-07-15 11:15:00,2025-07-17 21:54:30,2026-07-23 20:15:32,asked pay extra money get work done faster,58.65833333333333
1643,1643,Security personnel are not checking IDs properly at the gate.,,Security,Resolved,CUST3609,2025-07-04 15:51:00,2025-07-10 01:54:24,2026-07-23 20:15:32,security personnel checking ids properly gate,130.05666666666667
1644,1644,It has been three weeks and my complaint is still not resolved.,Service Delay,Operations,Closed,CUST8703,2025-01-02 11:43:00,2025-01-06 09:59:53,2026-07-23 20:15:32,three weeks complaint still resolved,94.28138888888888
1645,1645,I was asked to pay extra money to get my work done faster.,,Administration,Closed,CUST9751,2025-09-09 15:56:00,2025-09-11 15:29:30,2026-07-23 20:15:32,asked pay extra money get work done faster,47.55833333333333
1646,1646,Poor maintenance of the facility is causing repeated problems.,Infrastructure,Maintenance,In Progress,CUST1653,2025-07-24 10:03:00,,2026-07-23 20:15:32,poor maintenance facility causing repeated problems,
1647,1647,Staff keep telling me to wait but nothing happens.,,Operations,Closed,CUST5300,2025-08-15 06:27:00,2025-08-21 08:25:14,2026-07-23 20:15:32,staff keep telling wait nothing happens,145.97055555555556
1648,1648,Thank you for quickly fixing the safety issue I reported earlier.,Safety Concern,Security,In Progress,CUST6567,2025-09-04 14:46:00,,2026-07-23 20:15:32,thank quickly fixing safety issue reported earlier,
1649,1649,My bill amount doubled this month without any explanation.,Billing Issue,Billing,Open,CUST2213,2025-10-07 15:16:00,,2026-07-23 20:15:32,bill amount doubled month without explanation,
1650,1650,Very unprofessional behavior from the officer on duty.,Staff Behavior,Customer Support,In Progress,CUST6417,2025-09-25 14:16:00,,2026-07-23 20:15:32,unprofessional behavior officer duty,
1651,1651,I witnessed a near-accident due to lack of proper signage.,,Security,Closed,CUST5725,2025-07-20 09:02:00,2025-07-23 21:30:28,2026-07-23 20:15:32,witnessed near accident due lack proper signage,84.47444444444444
1652,1652,"There is a billing error, I already paid but it still shows unpaid.",Billing Issue,Billing,In Progress,CUST5992,2025-07-23 11:18:00,,2026-07-23 20:15:32,billing error already paid still shows unpaid,
1653,1653,Very unprofessional behavior from the officer on duty.,,Customer Support,Closed,CUST5789,2025-08-05 16:47:00,2025-08-08 08:18:30,2026-07-23 20:15:32,unprofessional behavior officer duty,63.525
1654,1654,An official demanded a bribe before processing my documents.,,Administration,In Progress,CUST1197,2025-08-01 10:54:00,,2026-07-23 20:15:32,official demanded bribe processing documents,
1655,1655,Staff keep telling me to wait but nothing happens.,Service Delay,Operations,Resolved,CUST6639,2025-09-17 11:25:00,2025-09-21 10:04:15,2026-07-23 20:15:32,staff keep telling wait nothing happens,94.65416666666667
1656,1656,The new infrastructure upgrade has improved things significantly.,Infrastructure,Maintenance,Resolved,CUST8950,2025-10-11 22:33:00,2025-10-20 09:10:25,2026-07-23 20:15:32,new infrastructure upgrade improved things significantly,202.6236111111111
1657,1657,The new infrastructure upgrade has improved things significantly.,Infrastructure,Maintenance,Resolved,CUST2060,2025-07-16 09:57:00,2025-07-22 05:16:13,2026-07-23 20:15:32,new infrastructure upgrade improved things significantly,139.3202777777778
1658,1658,The response time for service requests is unacceptably slow.,Service Delay,Operations,Resolved,CUST2959,2025-04-05 21:17:00,2025-04-10 10:13:26,2026-07-23 20:15:32,response time service requests unacceptably slow,108.94055555555556
1659,1659,The equipment at the site is old and frequently malfunctions.,,Maintenance,Resolved,CUST9587,2025-07-19 15:58:00,2025-07-24 22:01:40,2026-07-23 20:15:32,equipment site old frequently malfunctions,126.06111111111112
1660,1660,There is clear favoritism and under-the-table dealing happening.,,Administration,Resolved,UNKNOWN,2025-04-22 15:02:00,2025-04-24 06:15:43,2026-07-23 20:15:32,clear favoritism table dealing happening,39.228611111111114
1661,1661,The employee refused to help and was arguing instead of assisting.,Staff Behavior,Customer Support,Closed,CUST1917,2025-07-18 11:54:00,2025-07-20 09:07:48,2026-07-23 20:15:32,employee refused help arguing instead assisting,45.23
1662,1662,The staff member was polite and handled my issue very well.,Staff Behavior,Customer Support,Closed,CUST5015,2025-04-09 10:51:00,2025-04-12 08:26:49,2026-07-23 20:15:32,staff member polite handled issue well,69.59694444444445
1663,1663,I have been waiting since last month for this issue to be fixed.,,Operations,Resolved,CUST4113,2025-03-20 10:17:00,2025-03-22 12:42:01,2026-07-23 20:15:32,waiting since last month issue fixed,50.41694444444445
1664,1664,There are serious safety hazards at the site that need urgent attention.,,Security,In Progress,CUST4996,2025-11-05 10:33:00,,2026-07-23 20:15:32,serious safety hazards site need urgent attention,
1665,1665,The new infrastructure upgrade has improved things significantly.,,Maintenance,Closed,CUST2196,2025-07-04 14:34:00,2025-07-13 05:34:22,2026-07-23 20:15:32,new infrastructure upgrade improved things significantly,207.00611111111112
1666,1666,I was overcharged on my last bill and no one is responding.,Billing Issue,Billing,Open,CUST8982,2025-06-16 07:12:00,,2026-07-23 20:15:32,overcharged last bill one responding,
1667,1667,It has been three weeks and my complaint is still not resolved.,Service Delay,Operations,Open,CUST4191,2025-07-28 07:57:00,,2026-07-23 20:15:32,three weeks complaint still resolved,
1668,1668,The new infrastructure upgrade has improved things significantly.,Infrastructure,Maintenance,Closed,CUST9070,2025-09-01 20:16:00,2025-09-11 11:56:29,2026-07-23 20:15:32,new infrastructure upgrade improved things significantly,231.67472222222221
1669,1669,The equipment at the site is old and frequently malfunctions.,,Maintenance,Closed,CUST9719,2025-07-17 10:18:00,2025-07-26 10:05:10,2026-07-23 20:15:32,equipment site old frequently malfunctions,215.7861111111111
1670,1670,The response time for service requests is unacceptably slow.,,Operations,Resolved,CUST3984,2025-08-17 14:19:00,2025-08-20 23:18:20,2026-07-23 20:15:32,response time service requests unacceptably slow,80.9888888888889
1671,1671,The employee refused to help and was arguing instead of assisting.,,Customer Support,Resolved,CUST8078,2025-11-17 14:30:00,2025-11-22 00:46:10,2026-07-23 20:15:32,employee refused help arguing instead assisting,106.26944444444445
1672,1672,The road near the facility is damaged and causing accidents.,Infrastructure,Maintenance,Resolved,CUST3992,2025-12-15 14:21:00,2025-12-27 07:26:38,2026-07-23 20:15:32,road near facility damaged causing accidents,281.0938888888889
1673,1673,I was overcharged on my last bill and no one is responding.,,Billing,Resolved,CUST9690,2025-09-07 10:19:00,2025-09-09 22:54:15,2026-07-23 20:15:32,overcharged last bill one responding,60.5875
1674,1674,The employee refused to help and was arguing instead of assisting.,,Customer Support,Closed,CUST4144,2025-12-07 17:36:00,2025-12-08 21:20:53,2026-07-23 20:15:32,employee refused help arguing instead assisting,27.748055555555556
1675,1675,No safety measures are in place despite previous warnings.,Safety Concern,Security,In Progress,CUST8762,2025-10-20 20:42:00,,2026-07-23 20:15:32,safety measures place despite previous warnings,
1676,1676,Poor maintenance of the facility is causing repeated problems.,Infrastructure,Maintenance,Closed,CUST5974,2025-09-09 08:14:00,2025-09-19 12:21:05,2026-07-23 20:15:32,poor maintenance facility causing repeated problems,244.11805555555554
1677,1677,The response time for service requests is unacceptably slow.,Service Delay,Operations,Closed,CUST7968,2025-05-12 09:53:00,2025-05-18 02:13:53,2026-07-23 20:15:32,response time service requests unacceptably slow,136.34805555555556
1678,1678,Very unprofessional behavior from the officer on duty.,Staff Behavior,Customer Support,Closed,CUST3292,2025-01-13 14:03:00,2025-01-17 20:12:45,2026-07-23 20:15:32,unprofessional behavior officer duty,102.1625
1679,1679,"The new online system has made things much easier, well done.",Appreciation,Customer Support,In Progress,CUST5829,2025-01-23 11:12:00,,2026-07-23 20:15:32,new online system made things much easier well done,
1680,1680,I was asked to pay extra money to get my work done faster.,Corruption/Bribery,Administration,In Progress,CUST4267,2025-05-26 02:24:00,,2026-07-23 20:15:32,asked pay extra money get work done faster,
1681,1681,Thank you for quickly fixing the safety issue I reported earlier.,,Security,Open,CUST6332,2025-07-28 14:17:00,,2026-07-23 20:15:32,thank quickly fixing safety issue reported earlier,
1682,1682,Thank you for quickly fixing the safety issue I reported earlier.,Safety Concern,Security,Closed,CUST8979,2025-07-02 09:49:00,2025-07-07 21:55:18,2026-07-23 20:15:32,thank quickly fixing safety issue reported earlier,132.105
1683,1683,Staff keep telling me to wait but nothing happens.,,Operations,Open,CUST9812,2025-07-02 12:06:00,,2026-07-23 20:15:32,staff keep telling wait nothing happens,
1684,1684,The response time for service requests is unacceptably slow.,,Operations,Closed,CUST7779,2025-02-05 20:56:00,2025-02-13 02:54:08,2026-07-23 20:15:32,response time service requests unacceptably slow,173.9688888888889
1685,1685,I was asked to pay extra money to get my work done faster.,Corruption/Bribery,Administration,Resolved,CUST6371,2025-07-19 09:12:00,2025-07-24 19:09:19,2026-07-23 20:15:32,asked pay extra money get work done faster,129.95527777777778
1686,1686,The equipment at the site is old and frequently malfunctions.,,Maintenance,Closed,CUST2114,2025-07-27 15:18:00,2025-08-04 21:24:56,2026-07-23 20:15:32,equipment site old frequently malfunctions,198.11555555555555
1687,1687,There is clear favoritism and under-the-table dealing happening.,Corruption/Bribery,Administration,Resolved,CUST4519,2025-09-11 07:54:00,2025-09-17 03:26:19,2026-07-23 20:15:32,clear favoritism table dealing happening,139.53861111111112
1688,1688,Why is the late fee applied when I paid on time?,Billing Issue,Billing,In Progress,CUST5243,2025-04-12 16:21:00,,2026-07-23 20:15:32,late fee applied paid time,
1689,1689,It has been three weeks and my complaint is still not resolved.,Service Delay,Operations,Resolved,CUST1786,2025-03-21 18:26:00,2025-03-23 13:22:15,2026-07-23 20:15:32,three weeks complaint still resolved,42.9375
1690,1690,I was asked to pay extra money to get my work done faster.,Corruption/Bribery,Administration,Open,CUST1525,2025-11-17 12:23:00,,2026-07-23 20:15:32,asked pay extra money get work done faster,
1691,1691,"The new online system has made things much easier, well done.",Appreciation,Customer Support,Resolved,CUST2237,2025-09-16 15:18:00,2025-09-17 11:05:07,2026-07-23 20:15:32,new online system made things much easier well done,19.78527777777778
1692,1692,The staff member was polite and handled my issue very well.,Staff Behavior,Customer Support,Closed,CUST2437,2025-09-18 00:10:00,2025-09-23 02:33:16,2026-07-23 20:15:32,staff member polite handled issue well,122.38777777777777
1693,1693,Poor maintenance of the facility is causing repeated problems.,Infrastructure,Maintenance,Open,CUST5536,2025-08-07 14:48:00,,2026-07-23 20:15:32,poor maintenance facility causing repeated problems,
1694,1694,I was treated very disrespectfully by the customer support agent.,,Customer Support,Resolved,CUST9646,2025-08-03 09:11:00,2025-08-08 00:58:09,2026-07-23 20:15:32,treated disrespectfully customer support agent,111.78583333333333
1695,1695,Security personnel are not checking IDs properly at the gate.,Safety Concern,Security,In Progress,CUST7388,2025-11-13 15:36:00,,2026-07-23 20:15:32,security personnel checking ids properly gate,
1696,1696,My bill amount doubled this month without any explanation.,Billing Issue,Billing,Closed,CUST6351,2025-05-05 07:16:00,2025-05-07 12:54:56,2026-07-23 20:15:32,bill amount doubled month without explanation,53.64888888888889
1697,1697,I was treated very disrespectfully by the customer support agent.,Staff Behavior,Customer Support,Resolved,CUST3500,2025-09-19 15:59:00,2025-09-22 09:13:56,2026-07-23 20:15:32,treated disrespectfully customer support agent,65.24888888888889
1698,1698,My bill amount doubled this month without any explanation.,Billing Issue,Billing,Open,CUST1646,2025-04-06 01:06:00,,2026-07-23 20:15:32,bill amount doubled month without explanation,
1699,1699,Thank you for quickly fixing the safety issue I reported earlier.,Safety Concern,Security,Closed,CUST4421,2025-05-03 09:20:00,2025-05-06 02:11:00,2026-07-23 20:15:32,thank quickly fixing safety issue reported earlier,64.85
1700,1700,My bill amount doubled this month without any explanation.,,Billing,Closed,CUST6821,2025-06-09 09:14:00,2025-06-10 16:31:09,2026-07-23 20:15:32,bill amount doubled month without explanation,31.285833333333333
1701,1701,Why is the late fee applied when I paid on time?,Billing Issue,Billing,Resolved,CUST4417,2025-03-13 07:01:00,2025-03-16 15:45:10,2026-07-23 20:15:32,late fee applied paid time,80.73611111111111
1702,1702,I have been waiting since last month for this issue to be fixed.,Service Delay,Operations,Closed,CUST3042,2025-06-07 14:13:00,2025-06-11 23:46:41,2026-07-23 20:15:32,waiting since last month issue fixed,105.56138888888889
1703,1703,My bill amount doubled this month without any explanation.,,Billing,Resolved,CUST4434,2025-07-19 15:46:00,2025-07-21 23:35:52,2026-07-23 20:15:32,bill amount doubled month without explanation,55.83111111111111
1704,1704,Why is the late fee applied when I paid on time?,Billing Issue,Billing,Closed,CUST4446,2025-09-12 17:47:00,2025-09-15 02:28:18,2026-07-23 20:15:32,late fee applied paid time,56.68833333333333
1705,1705,"The new online system has made things much easier, well done.",,Customer Support,Closed,CUST7226,2025-07-17 19:07:00,2025-07-18 05:40:21,2026-07-23 20:15:32,new online system made things much easier well done,10.555833333333334
1706,1706,Security personnel are not checking IDs properly at the gate.,,Security,Resolved,CUST2069,2025-12-04 14:22:00,2025-12-08 15:48:38,2026-07-23 20:15:32,security personnel checking ids properly gate,97.44388888888889
1707,1707,The employee refused to help and was arguing instead of assisting.,Staff Behavior,Customer Support,Closed,CUST8722,2025-04-23 15:05:00,2025-04-26 19:31:41,2026-07-23 20:15:32,employee refused help arguing instead assisting,76.44472222222223
1708,1708,"There is a billing error, I already paid but it still shows unpaid.",,Billing,Open,CUST1151,2025-09-11 07:02:00,,2026-07-23 20:15:32,billing error already paid still shows unpaid,
1709,1709,My bill amount doubled this month without any explanation.,Billing Issue,Billing,Open,CUST4437,2025-03-16 11:48:00,,2026-07-23 20:15:32,bill amount doubled month without explanation,
1710,1710,There is clear favoritism and under-the-table dealing happening.,Corruption/Bribery,Administration,Closed,CUST3861,2025-05-20 19:26:00,2025-05-31 08:08:58,2026-07-23 20:15:32,clear favoritism table dealing happening,252.7161111111111
1711,1711,"Excellent service today, very satisfied with the response.",Appreciation,Customer Support,In Progress,CUST2792,2025-09-26 14:42:00,,2026-07-23 20:15:32,excellent service today satisfied response,
1712,1712,There are serious safety hazards at the site that need urgent attention.,Safety Concern,Security,Resolved,CUST5344,2025-07-10 13:25:00,2025-07-13 03:07:16,2026-07-23 20:15:32,serious safety hazards site need urgent attention,61.70444444444445
1713,1713,The road near the facility is damaged and causing accidents.,,Maintenance,Closed,CUST3364,2025-09-11 18:01:00,2025-09-15 11:31:59,2026-07-23 20:15:32,road near facility damaged causing accidents,89.51638888888888
1715,1715,My bill amount doubled this month without any explanation.,Billing Issue,Billing,Closed,CUST7800,2025-02-03 14:07:00,2025-02-06 18:01:09,2026-07-23 20:15:32,bill amount doubled month without explanation,75.9025
1716,1716,There is clear favoritism and under-the-table dealing happening.,,Administration,Closed,CUST8802,2025-06-28 09:38:00,2025-07-03 03:16:54,2026-07-23 20:15:32,clear favoritism table dealing happening,113.64833333333333
1717,1717,The employee refused to help and was arguing instead of assisting.,Staff Behavior,Customer Support,Resolved,CUST2579,2025-03-22 12:34:00,2025-03-27 14:05:05,2026-07-23 20:15:32,employee refused help arguing instead assisting,121.51805555555555
1718,1718,The staff member was polite and handled my issue very well.,Staff Behavior,Customer Support,Open,CUST4695,2025-04-08 14:32:00,,2026-07-23 20:15:32,staff member polite handled issue well,
1719,1719,The road near the facility is damaged and causing accidents.,,Maintenance,Resolved,CUST5106,2025-09-10 19:56:00,2025-09-17 13:36:33,2026-07-23 20:15:32,road near facility damaged causing accidents,161.67583333333334
1720,1720,"There is a billing error, I already paid but it still shows unpaid.",Billing Issue,Billing,Resolved,CUST5370,2025-05-15 03:42:00,2025-05-15 17:38:55,2026-07-23 20:15:32,billing error already paid still shows unpaid,13.948611111111111
1721,1721,No safety measures are in place despite previous warnings.,Safety Concern,Security,Open,CUST1560,2025-05-12 10:42:00,,2026-07-23 20:15:32,safety measures place despite previous warnings,
1722,1722,Security personnel are not checking IDs properly at the gate.,,Security,Closed,CUST1558,2025-08-26 13:12:00,2025-08-30 06:42:06,2026-07-23 20:15:32,security personnel checking ids properly gate,89.50166666666667
1723,1723,I was asked to pay extra money to get my work done faster.,Corruption/Bribery,Administration,Resolved,CUST6634,2025-03-11 19:00:00,2025-03-16 07:36:58,2026-07-23 20:15:32,asked pay extra money get work done faster,108.61611111111111
1724,1724,The online payment portal charged me twice for the same bill.,Billing Issue,Billing,Resolved,CUST2930,2025-06-07 08:29:00,2025-06-08 23:00:55,2026-07-23 20:15:32,online payment portal charged twice bill,38.53194444444444
1725,1725,Thank you for quickly fixing the safety issue I reported earlier.,,Security,In Progress,CUST8984,2025-12-11 14:57:00,,2026-07-23 20:15:32,thank quickly fixing safety issue reported earlier,
1727,1727,Security personnel are not checking IDs properly at the gate.,Safety Concern,Security,Open,CUST2820,2025-08-18 08:08:00,,2026-07-23 20:15:32,security personnel checking ids properly gate,
1728,1728,"There is a billing error, I already paid but it still shows unpaid.",Billing Issue,Billing,Resolved,CUST2359,2025-03-12 08:19:00,2025-03-15 12:02:03,2026-07-23 20:15:32,billing error already paid still shows unpaid,75.7175
1729,1729,"Excellent service today, very satisfied with the response.",Appreciation,Customer Support,Open,CUST1273,2025-06-17 07:12:00,,2026-07-23 20:15:32,excellent service today satisfied response,
1730,1730,"There is a billing error, I already paid but it still shows unpaid.",Billing Issue,Billing,Resolved,CUST1769,2025-07-25 09:09:00,2025-07-28 00:19:30,2026-07-23 20:15:32,billing error already paid still shows unpaid,63.175
1731,1731,I witnessed a near-accident due to lack of proper signage.,,Security,In Progress,CUST3713,2025-07-23 16:33:00,,2026-07-23 20:15:32,witnessed near accident due lack proper signage,
1732,1732,The new infrastructure upgrade has improved things significantly.,Infrastructure,Maintenance,In Progress,CUST7947,2025-04-25 15:45:00,,2026-07-23 20:15:32,new infrastructure upgrade improved things significantly,
1733,1733,An official demanded a bribe before processing my documents.,Corruption/Bribery,Administration,Resolved,CUST7901,2025-01-13 08:18:00,2025-01-20 10:42:11,2026-07-23 20:15:32,official demanded bribe processing documents,170.40305555555557
1734,1734,An official demanded a bribe before processing my documents.,,Administration,Open,CUST6105,2025-05-24 10:19:00,,2026-07-23 20:15:32,official demanded bribe processing documents,
1735,1735,The online payment portal charged me twice for the same bill.,,Billing,Closed,CUST8879,2025-08-03 10:03:00,2025-08-05 11:57:44,2026-07-23 20:15:32,online payment portal charged twice bill,49.91222222222222
1736,1736,I was asked to pay extra money to get my work done faster.,Corruption/Bribery,Administration,Resolved,CUST5072,2025-06-06 13:41:00,2025-06-08 16:05:52,2026-07-23 20:15:32,asked pay extra money get work done faster,50.41444444444444
1737,1737,I was asked to pay extra money to get my work done faster.,,Administration,Closed,CUST3487,2025-04-09 11:08:00,2025-04-18 08:04:17,2026-07-23 20:15:32,asked pay extra money get work done faster,212.93805555555556
1738,1738,My bill amount doubled this month without any explanation.,,Billing,Open,CUST6098,2025-08-25 16:20:00,,2026-07-23 20:15:32,bill amount doubled month without explanation,
1739,1739,The staff member was polite and handled my issue very well.,,Customer Support,In Progress,CUST8444,2025-07-22 10:28:00,,2026-07-23 20:15:32,staff member polite handled issue well,
1740,1740,"There is a billing error, I already paid but it still shows unpaid.",,Billing,Closed,CUST8643,2025-11-02 18:24:00,2025-11-04 09:26:14,2026-07-23 20:15:32,billing error already paid still shows unpaid,39.03722222222222
1741,1741,I was treated very disrespectfully by the customer support agent.,Staff Behavior,Customer Support,Closed,CUST4680,2025-11-23 20:55:00,2025-11-25 11:55:30,2026-07-23 20:15:32,treated disrespectfully customer support agent,39.00833333333333
1742,1742,The staff at the counter was extremely rude to me today.,,Customer Support,Closed,CUST9102,2025-12-20 13:38:00,2025-12-21 22:22:05,2026-07-23 20:15:32,staff counter extremely rude today,32.734722222222224
1743,1743,An official demanded a bribe before processing my documents.,,Administration,Closed,CUST5519,2025-06-21 19:06:00,2025-06-30 16:59:33,2026-07-23 20:15:32,official demanded bribe processing documents,213.8925
1744,1744,"The new online system has made things much easier, well done.",,Customer Support,Closed,CUST2656,2025-06-27 13:16:00,2025-06-27 16:43:12,2026-07-23 20:15:32,new online system made things much easier well done,3.453333333333333
1745,1745,Poor maintenance of the facility is causing repeated problems.,Infrastructure,Maintenance,Resolved,CUST2703,2025-04-16 09:14:00,2025-04-26 02:38:50,2026-07-23 20:15:32,poor maintenance facility causing repeated problems,233.4138888888889
1746,1746,"Great job by the support team, issue resolved within a day.",Appreciation,Customer Support,Resolved,CUST7268,2025-07-27 17:36:00,2025-07-29 01:43:52,2026-07-23 20:15:32,great job support team issue resolved within day,32.13111111111111
1747,1747,I was overcharged on my last bill and no one is responding.,Billing Issue,Billing,Closed,CUST2924,2025-07-26 17:41:00,2025-07-28 10:12:24,2026-07-23 20:15:32,overcharged last bill one responding,40.52333333333333
1748,1748,"Excellent service today, very satisfied with the response.",Appreciation,Customer Support,Closed,CUST7451,2025-05-22 14:45:00,2025-05-24 06:01:21,2026-07-23 20:15:32,excellent service today satisfied response,39.2725
1749,1749,The road near the facility is damaged and causing accidents.,Infrastructure,Maintenance,Closed,CUST9564,2025-05-26 08:28:00,2025-05-31 09:26:31,2026-07-23 20:15:32,road near facility damaged causing accidents,120.97527777777778
1750,1750,Why is the late fee applied when I paid on time?,Billing Issue,Billing,Closed,CUST1420,2025-10-21 15:47:00,2025-10-24 02:03:03,2026-07-23 20:15:32,late fee applied paid time,58.2675
1751,1751,My bill amount doubled this month without any explanation.,Billing Issue,Billing,In Progress,CUST1464,2025-01-11 09:06:00,,2026-07-23 20:15:32,bill amount doubled month without explanation,
1752,1752,I witnessed a near-accident due to lack of proper signage.,Safety Concern,Security,Resolved,CUST5532,2025-05-22 08:22:00,2025-05-27 13:29:45,2026-07-23 20:15:32,witnessed near accident due lack proper signage,125.12916666666666
1753,1753,The staff at the counter was extremely rude to me today.,Staff Behavior,Customer Support,In Progress,CUST4430,2025-05-23 13:40:00,,2026-07-23 20:15:32,staff counter extremely rude today,
1754,1754,The staff member was polite and handled my issue very well.,Staff Behavior,Customer Support,Closed,CUST3818,2025-08-24 08:25:00,2025-08-28 10:52:05,2026-07-23 20:15:32,staff member polite handled issue well,98.45138888888889
1755,1755,I was asked to pay extra money to get my work done faster.,Corruption/Bribery,Administration,Closed,CUST4728,2025-05-20 07:34:00,2025-05-25 20:42:19,2026-07-23 20:15:32,asked pay extra money get work done faster,133.13861111111112
1756,1756,The response time for service requests is unacceptably slow.,,Operations,Resolved,CUST9146,2025-02-24 11:05:00,2025-03-02 07:28:54,2026-07-23 20:15:32,response time service requests unacceptably slow,140.39833333333334
1757,1757,Poor maintenance of the facility is causing repeated problems.,,Maintenance,Resolved,CUST8172,2025-04-28 08:45:00,2025-05-07 01:12:35,2026-07-23 20:15:32,poor maintenance facility causing repeated problems,208.4597222222222
1758,1758,I was asked to pay extra money to get my work done faster.,Corruption/Bribery,Administration,Open,CUST9292,2025-12-11 14:01:00,,2026-07-23 20:15:32,asked pay extra money get work done faster,
1759,1759,The new infrastructure upgrade has improved things significantly.,Infrastructure,Maintenance,In Progress,CUST2244,2025-05-18 09:34:00,,2026-07-23 20:15:32,new infrastructure upgrade improved things significantly,
1760,1760,I was overcharged on my last bill and no one is responding.,,Billing,Closed,CUST6573,2025-09-22 06:25:00,2025-09-23 01:05:38,2026-07-23 20:15:32,overcharged last bill one responding,18.677222222222223
1762,1762,The road near the facility is damaged and causing accidents.,,Maintenance,Closed,CUST3539,2025-05-08 20:28:00,2025-05-14 20:35:15,2026-07-23 20:15:32,road near facility damaged causing accidents,144.12083333333334
1763,1763,The equipment at the site is old and frequently malfunctions.,,Maintenance,Closed,CUST4700,2025-01-08 14:53:00,2025-01-09 23:30:53,2026-07-23 20:15:32,equipment site old frequently malfunctions,32.631388888888885
1764,1764,I was treated very disrespectfully by the customer support agent.,Staff Behavior,Customer Support,Closed,CUST8917,2025-03-10 11:15:00,2025-03-15 03:56:22,2026-07-23 20:15:32,treated disrespectfully customer support agent,112.68944444444445
1765,1765,An official demanded a bribe before processing my documents.,Corruption/Bribery,Administration,Resolved,CUST7547,2025-07-19 13:12:00,2025-07-28 12:21:20,2026-07-23 20:15:32,official demanded bribe processing documents,215.15555555555557
1766,1766,Poor maintenance of the facility is causing repeated problems.,Infrastructure,Maintenance,Closed,CUST5318,2025-09-23 09:50:00,2025-10-05 06:15:03,2026-07-23 20:15:32,poor maintenance facility causing repeated problems,284.4175
1767,1767,The employee refused to help and was arguing instead of assisting.,,Customer Support,Resolved,CUST3203,2025-11-08 13:20:00,2025-11-12 18:34:18,2026-07-23 20:15:32,employee refused help arguing instead assisting,101.23833333333333
1768,1768,No technician has visited despite multiple requests.,Service Delay,Operations,Open,CUST9314,2025-10-19 14:08:00,,2026-07-23 20:15:32,technician visited despite multiple requests,
1769,1769,The new infrastructure upgrade has improved things significantly.,Infrastructure,Maintenance,Resolved,CUST4669,2025-05-26 13:52:00,2025-06-03 02:34:05,2026-07-23 20:15:32,new infrastructure upgrade improved things significantly,180.70138888888889
1770,1770,The staff member was polite and handled my issue very well.,Staff Behavior,Customer Support,Resolved,CUST2059,2025-10-15 08:39:00,2025-10-17 05:59:51,2026-07-23 20:15:32,staff member polite handled issue well,45.3475
1771,1771,"Excellent service today, very satisfied with the response.",Appreciation,Customer Support,Closed,CUST8809,2025-01-15 10:35:00,2025-01-16 13:02:06,2026-07-23 20:15:32,excellent service today satisfied response,26.451666666666668
1772,1772,I was asked to pay extra money to get my work done faster.,,Administration,Closed,CUST5128,2025-02-12 08:04:00,2025-02-16 02:19:03,2026-07-23 20:15:32,asked pay extra money get work done faster,90.25083333333333
1773,1773,I want to thank the team for resolving my issue so quickly.,Appreciation,Customer Support,Closed,CUST7492,2025-09-16 11:27:00,2025-09-17 17:42:03,2026-07-23 20:15:32,want thank team resolving issue quickly,30.250833333333333
1774,1774,Why is the late fee applied when I paid on time?,,Billing,In Progress,CUST9322,2025-05-23 18:43:00,,2026-07-23 20:15:32,late fee applied paid time,
1775,1775,"Excellent service today, very satisfied with the response.",,Customer Support,In Progress,CUST1867,2025-09-22 09:37:00,,2026-07-23 20:15:32,excellent service today satisfied response,
1776,1776,The equipment at the site is old and frequently malfunctions.,Infrastructure,Maintenance,Resolved,CUST3641,2025-07-25 13:04:00,2025-08-01 21:05:33,2026-07-23 20:15:32,equipment site old frequently malfunctions,176.02583333333334
1777,1777,No safety measures are in place despite previous warnings.,Safety Concern,Security,Closed,CUST1483,2025-12-25 16:48:00,2025-12-29 08:59:33,2026-07-23 20:15:32,safety measures place despite previous warnings,88.1925
1778,1778,Poor maintenance of the facility is causing repeated problems.,Infrastructure,Maintenance,Open,CUST7347,2025-09-11 07:05:00,,2026-07-23 20:15:32,poor maintenance facility causing repeated problems,
1779,1779,Security personnel are not checking IDs properly at the gate.,,Security,In Progress,CUST6818,2025-08-05 12:54:00,,2026-07-23 20:15:32,security personnel checking ids properly gate,
1780,1780,Why is the late fee applied when I paid on time?,Billing Issue,Billing,In Progress,CUST4713,2025-11-16 13:05:00,,2026-07-23 20:15:32,late fee applied paid time,
1781,1781,It has been three weeks and my complaint is still not resolved.,,Operations,Resolved,CUST1997,2025-05-25 14:06:00,2025-05-28 09:28:21,2026-07-23 20:15:32,three weeks complaint still resolved,67.3725
1782,1782,I want to thank the team for resolving my issue so quickly.,Appreciation,Customer Support,Open,CUST1206,2025-08-04 01:10:00,,2026-07-23 20:15:32,want thank team resolving issue quickly,
1783,1783,Why is the late fee applied when I paid on time?,Billing Issue,Billing,Resolved,CUST2136,2025-05-26 15:57:00,2025-05-29 08:02:38,2026-07-23 20:15:32,late fee applied paid time,64.09388888888888
1784,1784,"Excellent service today, very satisfied with the response.",Appreciation,Customer Support,Resolved,CUST2588,2025-08-16 13:11:00,2025-08-17 16:45:19,2026-07-23 20:15:32,excellent service today satisfied response,27.571944444444444
1785,1785,I was asked to pay extra money to get my work done faster.,Corruption/Bribery,Administration,Closed,CUST3908,2025-08-19 17:11:00,2025-08-26 22:31:58,2026-07-23 20:15:32,asked pay extra money get work done faster,173.34944444444446
1786,1786,Very unprofessional behavior from the officer on duty.,Staff Behavior,Customer Support,Resolved,CUST2970,2025-01-02 12:59:00,2025-01-06 20:33:41,2026-07-23 20:15:32,unprofessional behavior officer duty,103.57805555555555
1787,1787,I witnessed a near-accident due to lack of proper signage.,Safety Concern,Security,Closed,CUST3742,2025-12-04 12:22:00,2025-12-07 07:50:32,2026-07-23 20:15:32,witnessed near accident due lack proper signage,67.47555555555556
1788,1788,"Great job by the support team, issue resolved within a day.",Appreciation,Customer Support,Closed,CUST9978,2025-04-05 09:39:00,2025-04-06 01:58:10,2026-07-23 20:15:32,great job support team issue resolved within day,16.319444444444443
1789,1789,An official demanded a bribe before processing my documents.,,Administration,Open,CUST3316,2025-12-22 11:35:00,,2026-07-23 20:15:32,official demanded bribe processing documents,
1790,1790,I have been waiting since last month for this issue to be fixed.,Service Delay,Operations,Resolved,CUST8871,2025-03-13 16:02:00,2025-03-18 12:59:02,2026-07-23 20:15:32,waiting since last month issue fixed,116.95055555555555
1791,1791,Thank you for quickly fixing the safety issue I reported earlier.,,Security,Closed,CUST9639,2025-02-17 18:05:00,2025-02-21 02:09:28,2026-07-23 20:15:32,thank quickly fixing safety issue reported earlier,80.07444444444444
1792,1792,The staff member was polite and handled my issue very well.,,Customer Support,Resolved,CUST3219,2025-07-25 13:34:00,2025-07-29 16:39:31,2026-07-23 20:15:32,staff member polite handled issue well,99.09194444444445
1793,1793,I was treated very disrespectfully by the customer support agent.,Staff Behavior,Customer Support,Resolved,CUST9035,2025-05-21 21:27:00,2025-05-25 02:57:58,2026-07-23 20:15:32,treated disrespectfully customer support agent,77.51611111111112
1794,1794,I was overcharged on my last bill and no one is responding.,Billing Issue,Billing,Resolved,CUST5705,2025-05-16 07:39:00,2025-05-17 20:54:10,2026-07-23 20:15:32,overcharged last bill one responding,37.25277777777778
1795,1795,There are serious safety hazards at the site that need urgent attention.,,Security,Closed,CUST9893,2025-07-02 11:12:00,2025-07-05 18:35:16,2026-07-23 20:15:32,serious safety hazards site need urgent attention,79.38777777777777
1796,1796,"There is a billing error, I already paid but it still shows unpaid.",,Billing,Open,CUST4084,2025-09-18 23:01:00,,2026-07-23 20:15:32,billing error already paid still shows unpaid,
1797,1797,Staff keep telling me to wait but nothing happens.,Service Delay,Operations,Closed,CUST9584,2025-01-27 13:43:00,2025-02-04 06:19:59,2026-07-23 20:15:32,staff keep telling wait nothing happens,184.61638888888888
1798,1798,There is clear favoritism and under-the-table dealing happening.,,Administration,Closed,CUST4042,2025-06-23 10:02:00,2025-06-28 01:54:41,2026-07-23 20:15:32,clear favoritism table dealing happening,111.87805555555556
1799,1799,There is clear favoritism and under-the-table dealing happening.,Corruption/Bribery,Administration,Resolved,CUST1255,2025-05-23 11:13:00,2025-05-26 17:50:12,2026-07-23 20:15:32,clear favoritism table dealing happening,78.62
1800,1800,Why is the late fee applied when I paid on time?,,Billing,Closed,CUST4938,2025-04-23 07:07:00,2025-04-24 19:30:20,2026-07-23 20:15:32,late fee applied paid time,36.388888888888886
1801,1801,The equipment at the site is old and frequently malfunctions.,Infrastructure,Maintenance,In Progress,CUST7585,2025-12-13 15:52:00,,2026-07-23 20:15:32,equipment site old frequently malfunctions,
1802,1802,My bill amount doubled this month without any explanation.,Billing Issue,Billing,In Progress,CUST6074,2025-08-20 14:42:00,,2026-07-23 20:15:32,bill amount doubled month without explanation,
1803,1803,"There is a billing error, I already paid but it still shows unpaid.",Billing Issue,Billing,Closed,CUST4104,2025-06-01 15:26:00,2025-06-01 21:05:11,2026-07-23 20:15:32,billing error already paid still shows unpaid,5.6530555555555555
1804,1804,Security personnel are not checking IDs properly at the gate.,,Security,Closed,CUST8358,2025-04-01 00:40:00,2025-04-05 18:07:17,2026-07-23 20:15:32,security personnel checking ids properly gate,113.45472222222222
1805,1805,My bill amount doubled this month without any explanation.,Billing Issue,Billing,In Progress,CUST2089,2025-02-04 12:07:00,,2026-07-23 20:15:32,bill amount doubled month without explanation,
1806,1806,"There is a billing error, I already paid but it still shows unpaid.",Billing Issue,Billing,Closed,CUST7524,2025-03-24 00:16:00,2025-03-25 02:25:23,2026-07-23 20:15:32,billing error already paid still shows unpaid,26.156388888888888
1807,1807,The response time for service requests is unacceptably slow.,,Operations,Open,CUST4311,2025-05-19 16:16:00,,2026-07-23 20:15:32,response time service requests unacceptably slow,
1808,1808,"Great job by the support team, issue resolved within a day.",,Customer Support,Resolved,CUST4746,2025-04-17 16:02:00,2025-04-18 08:59:06,2026-07-23 20:15:32,great job support team issue resolved within day,16.951666666666668
1809,1809,Why is the late fee applied when I paid on time?,,Billing,Closed,CUST7076,2025-03-25 16:44:00,2025-03-27 18:18:27,2026-07-23 20:15:32,late fee applied paid time,49.57416666666666
1810,1810,I was treated very disrespectfully by the customer support agent.,Staff Behavior,Customer Support,Closed,CUST4096,2025-06-25 14:02:00,2025-06-29 10:19:23,2026-07-23 20:15:32,treated disrespectfully customer support agent,92.28972222222222
1811,1811,I witnessed a near-accident due to lack of proper signage.,Safety Concern,Security,In Progress,CUST3875,2025-01-01 16:09:00,,2026-07-23 20:15:32,witnessed near accident due lack proper signage,
1812,1812,No technician has visited despite multiple requests.,Service Delay,Operations,Resolved,CUST9283,2025-11-02 13:25:00,2025-11-09 03:17:28,2026-07-23 20:15:32,technician visited despite multiple requests,157.87444444444444
1813,1813,My bill amount doubled this month without any explanation.,,Billing,Closed,CUST8217,2025-08-11 08:42:00,2025-08-14 05:19:31,2026-07-23 20:15:32,bill amount doubled month without explanation,68.62527777777778
1814,1814,My bill amount doubled this month without any explanation.,Billing Issue,Billing,In Progress,CUST6202,2025-08-10 15:35:00,,2026-07-23 20:15:32,bill amount doubled month without explanation,
1815,1815,I was overcharged on my last bill and no one is responding.,,Billing,Resolved,CUST6270,2025-06-18 08:01:00,2025-06-21 13:19:09,2026-07-23 20:15:32,overcharged last bill one responding,77.3025
1816,1816,No technician has visited despite multiple requests.,,Operations,Open,CUST1957,2025-11-22 09:14:00,,2026-07-23 20:15:32,technician visited despite multiple requests,
1817,1817,Thank you for quickly fixing the safety issue I reported earlier.,Safety Concern,Security,Resolved,CUST2211,2025-02-08 18:48:00,2025-02-13 01:36:57,2026-07-23 20:15:32,thank quickly fixing safety issue reported earlier,102.81583333333333
1818,1818,Why is the late fee applied when I paid on time?,Billing Issue,Billing,In Progress,CUST8367,2025-12-21 16:24:00,,2026-07-23 20:15:32,late fee applied paid time,
1819,1819,"Excellent service today, very satisfied with the response.",Appreciation,Customer Support,In Progress,CUST8454,2025-08-20 14:16:00,,2026-07-23 20:15:32,excellent service today satisfied response,
1820,1820,I was treated very disrespectfully by the customer support agent.,Staff Behavior,Customer Support,Open,CUST3856,2025-06-12 14:14:00,,2026-07-23 20:15:32,treated disrespectfully customer support agent,
1821,1821,"Great job by the support team, issue resolved within a day.",Appreciation,Customer Support,Closed,CUST5912,2025-12-06 18:23:00,2025-12-07 20:28:33,2026-07-23 20:15:32,great job support team issue resolved within day,26.0925
1822,1822,Why is the late fee applied when I paid on time?,Billing Issue,Billing,In Progress,CUST6782,2025-06-18 14:54:00,,2026-07-23 20:15:32,late fee applied paid time,
1823,1823,Why is the late fee applied when I paid on time?,Billing Issue,Billing,Closed,CUST7364,2025-06-14 14:29:00,2025-06-16 12:42:33,2026-07-23 20:15:32,late fee applied paid time,46.225833333333334
1824,1824,The employee refused to help and was arguing instead of assisting.,,Customer Support,Closed,CUST4554,2025-05-13 15:08:00,2025-05-15 04:04:48,2026-07-23 20:15:32,employee refused help arguing instead assisting,36.946666666666665
1825,1825,The new infrastructure upgrade has improved things significantly.,Infrastructure,Maintenance,Closed,CUST8591,2025-04-28 10:46:00,2025-05-04 16:20:30,2026-07-23 20:15:32,new infrastructure upgrade improved things significantly,149.575
1826,1826,Very unprofessional behavior from the officer on duty.,Staff Behavior,Customer Support,Resolved,CUST9893,2025-06-10 09:13:00,2025-06-12 04:11:04,2026-07-23 20:15:32,unprofessional behavior officer duty,42.967777777777776
1827,1827,The equipment at the site is old and frequently malfunctions.,,Maintenance,Resolved,CUST4558,2025-11-25 09:55:00,2025-12-06 13:58:06,2026-07-23 20:15:32,equipment site old frequently malfunctions,268.0516666666667
1828,1828,No technician has visited despite multiple requests.,Service Delay,Operations,In Progress,CUST4382,2025-08-17 13:27:00,,2026-07-23 20:15:32,technician visited despite multiple requests,
1829,1829,No technician has visited despite multiple requests.,,Operations,Resolved,CUST7584,2025-05-24 09:43:00,2025-05-29 02:11:34,2026-07-23 20:15:32,technician visited despite multiple requests,112.47611111111111
1830,1830,There is a major leakage that has not been fixed for weeks.,Infrastructure,Maintenance,In Progress,CUST8973,2025-03-11 07:29:00,,2026-07-23 20:15:32,major leakage fixed weeks,
1831,1831,Staff keep telling me to wait but nothing happens.,,Operations,Open,CUST2070,2025-07-21 15:56:00,,2026-07-23 20:15:32,staff keep telling wait nothing happens,
1832,1832,I was overcharged on my last bill and no one is responding.,,Billing,In Progress,CUST6844,2025-11-28 11:03:00,,2026-07-23 20:15:32,overcharged last bill one responding,
1833,1833,My bill amount doubled this month without any explanation.,Billing Issue,Billing,Open,CUST6169,2025-12-10 17:53:00,,2026-07-23 20:15:32,bill amount doubled month without explanation,
1834,1834,Poor maintenance of the facility is causing repeated problems.,,Maintenance,In Progress,CUST3618,2025-07-23 14:11:00,,2026-07-23 20:15:32,poor maintenance facility causing repeated problems,
1835,1835,"Excellent service today, very satisfied with the response.",Appreciation,Customer Support,Closed,CUST8693,2025-03-04 16:34:00,2025-03-06 01:27:43,2026-07-23 20:15:32,excellent service today satisfied response,32.89527777777778
1836,1836,The equipment at the site is old and frequently malfunctions.,,Maintenance,Closed,CUST8289,2025-08-08 10:07:00,2025-08-13 02:13:57,2026-07-23 20:15:32,equipment site old frequently malfunctions,112.11583333333333
1837,1837,I was overcharged on my last bill and no one is responding.,,Billing,Resolved,CUST1326,2025-03-13 19:30:00,2025-03-14 16:11:50,2026-07-23 20:15:32,overcharged last bill one responding,20.697222222222223
1838,1838,The equipment at the site is old and frequently malfunctions.,Infrastructure,Maintenance,In Progress,CUST9057,2025-12-19 10:36:00,,2026-07-23 20:15:32,equipment site old frequently malfunctions,
1839,1839,"The new online system has made things much easier, well done.",,Customer Support,Resolved,CUST5916,2025-11-03 09:56:00,2025-11-04 20:32:30,2026-07-23 20:15:32,new online system made things much easier well done,34.608333333333334
1840,1840,There is a major leakage that has not been fixed for weeks.,Infrastructure,Maintenance,In Progress,CUST5789,2025-02-26 15:42:00,,2026-07-23 20:15:32,major leakage fixed weeks,
1841,1841,The road near the facility is damaged and causing accidents.,Infrastructure,Maintenance,Open,CUST7844,2025-05-26 09:31:00,,2026-07-23 20:15:32,road near facility damaged causing accidents,
1842,1842,"The new online system has made things much easier, well done.",Appreciation,Customer Support,In Progress,CUST1384,2025-10-07 14:32:00,,2026-07-23 20:15:32,new online system made things much easier well done,
1843,1843,I was treated very disrespectfully by the customer support agent.,Staff Behavior,Customer Support,In Progress,CUST8093,2025-01-08 10:44:00,,2026-07-23 20:15:32,treated disrespectfully customer support agent,
1844,1844,The response time for service requests is unacceptably slow.,,Operations,Resolved,CUST1514,2025-09-25 14:42:00,2025-10-01 17:12:37,2026-07-23 20:15:32,response time service requests unacceptably slow,146.5102777777778
1845,1845,The online payment portal charged me twice for the same bill.,,Billing,In Progress,CUST8702,2025-01-19 16:01:00,,2026-07-23 20:15:32,online payment portal charged twice bill,
1846,1846,It has been three weeks and my complaint is still not resolved.,Service Delay,Operations,Resolved,CUST9398,2025-08-09 09:44:00,2025-08-15 15:45:49,2026-07-23 20:15:32,three weeks complaint still resolved,150.03027777777777
1847,1847,An official demanded a bribe before processing my documents.,Corruption/Bribery,Administration,Closed,CUST4160,2025-06-11 07:08:00,2025-06-15 04:10:04,2026-07-23 20:15:32,official demanded bribe processing documents,93.03444444444445
1848,1848,The employee refused to help and was arguing instead of assisting.,Staff Behavior,Customer Support,Closed,CUST6220,2025-02-15 11:58:00,2025-02-20 05:17:13,2026-07-23 20:15:32,employee refused help arguing instead assisting,113.32027777777778
1849,1849,I was asked to pay extra money to get my work done faster.,,Administration,Closed,CUST3901,2025-01-05 05:51:00,2025-01-10 15:53:30,2026-07-23 20:15:32,asked pay extra money get work done faster,130.04166666666666
1850,1850,No technician has visited despite multiple requests.,,Operations,Open,CUST1220,2025-07-08 13:49:00,,2026-07-23 20:15:32,technician visited despite multiple requests,
1851,1851,I witnessed a near-accident due to lack of proper signage.,Safety Concern,Security,In Progress,CUST8549,2025-11-20 05:04:00,,2026-07-23 20:15:32,witnessed near accident due lack proper signage,
1852,1852,The equipment at the site is old and frequently malfunctions.,Infrastructure,Maintenance,Open,CUST4268,2025-09-04 15:39:00,,2026-07-23 20:15:32,equipment site old frequently malfunctions,
1853,1853,I want to thank the team for resolving my issue so quickly.,Appreciation,Customer Support,Open,CUST4818,2025-03-23 10:05:00,,2026-07-23 20:15:32,want thank team resolving issue quickly,
1854,1854,I was overcharged on my last bill and no one is responding.,Billing Issue,Billing,In Progress,CUST9115,2025-06-21 18:33:00,,2026-07-23 20:15:32,overcharged last bill one responding,
1855,1855,There is a major leakage that has not been fixed for weeks.,Infrastructure,Maintenance,Resolved,CUST8250,2025-06-24 18:43:00,2025-07-04 18:02:24,2026-07-23 20:15:32,major leakage fixed weeks,239.32333333333332
1856,1856,I was overcharged on my last bill and no one is responding.,Billing Issue,Billing,Open,CUST4102,2025-02-07 10:16:00,,2026-07-23 20:15:32,overcharged last bill one responding,
1857,1857,The road near the facility is damaged and causing accidents.,,Maintenance,Closed,CUST7466,2025-03-28 18:20:00,2025-04-04 12:48:05,2026-07-23 20:15:32,road near facility damaged causing accidents,162.46805555555557
1858,1858,The new infrastructure upgrade has improved things significantly.,,Maintenance,Resolved,CUST5111,2025-05-14 14:32:00,2025-05-25 02:06:12,2026-07-23 20:15:32,new infrastructure upgrade improved things significantly,251.57
1859,1859,There is clear favoritism and under-the-table dealing happening.,Corruption/Bribery,Administration,Closed,CUST5611,2025-04-01 07:41:00,2025-04-10 11:22:02,2026-07-23 20:15:32,clear favoritism table dealing happening,219.6838888888889
1860,1860,There are serious safety hazards at the site that need urgent attention.,,Security,Closed,CUST8046,2025-02-16 16:22:00,2025-02-19 05:09:41,2026-07-23 20:15:32,serious safety hazards site need urgent attention,60.79472222222222
1861,1861,Why is the late fee applied when I paid on time?,Billing Issue,Billing,Open,CUST6922,2025-01-24 17:43:00,,2026-07-23 20:15:32,late fee applied paid time,
1862,1862,The new infrastructure upgrade has improved things significantly.,Infrastructure,Maintenance,In Progress,CUST8385,2025-08-03 23:36:00,,2026-07-23 20:15:32,new infrastructure upgrade improved things significantly,
1863,1863,I have been waiting since last month for this issue to be fixed.,Service Delay,Operations,Resolved,CUST4117,2025-06-10 09:48:00,2025-06-15 05:07:40,2026-07-23 20:15:32,waiting since last month issue fixed,115.32777777777778
1864,1864,No technician has visited despite multiple requests.,Service Delay,Operations,Resolved,CUST7606,2025-01-12 08:26:00,2025-01-16 08:15:05,2026-07-23 20:15:32,technician visited despite multiple requests,95.81805555555556
1865,1865,Very unprofessional behavior from the officer on duty.,Staff Behavior,Customer Support,Closed,CUST1401,2025-06-05 03:47:00,2025-06-09 14:46:10,2026-07-23 20:15:32,unprofessional behavior officer duty,106.98611111111111
1866,1866,An official demanded a bribe before processing my documents.,Corruption/Bribery,Administration,Open,CUST8116,2025-06-28 13:40:00,,2026-07-23 20:15:32,official demanded bribe processing documents,
1867,1867,No safety measures are in place despite previous warnings.,Safety Concern,Security,Open,CUST3455,2025-03-06 10:13:00,,2026-07-23 20:15:32,safety measures place despite previous warnings,
1868,1868,No technician has visited despite multiple requests.,Service Delay,Operations,In Progress,CUST5549,2025-01-13 14:10:00,,2026-07-23 20:15:32,technician visited despite multiple requests,
1869,1869,I have been waiting since last month for this issue to be fixed.,Service Delay,Operations,Resolved,CUST8984,2025-08-16 09:27:00,2025-08-20 04:46:00,2026-07-23 20:15:32,waiting since last month issue fixed,91.31666666666666
1870,1870,I want to thank the team for resolving my issue so quickly.,Appreciation,Customer Support,Closed,CUST5740,2025-05-04 01:04:00,2025-05-05 07:02:18,2026-07-23 20:15:32,want thank team resolving issue quickly,29.971666666666668
1871,1871,The online payment portal charged me twice for the same bill.,,Billing,Resolved,CUST6046,2025-12-26 16:13:00,2025-12-29 17:43:55,2026-07-23 20:15:32,online payment portal charged twice bill,73.51527777777778
1872,1872,The equipment at the site is old and frequently malfunctions.,,Maintenance,Resolved,CUST3120,2025-08-22 05:39:00,2025-08-31 20:35:40,2026-07-23 20:15:32,equipment site old frequently malfunctions,230.94444444444446
1873,1873,The employee refused to help and was arguing instead of assisting.,Staff Behavior,Customer Support,Closed,CUST8758,2025-09-26 13:44:00,2025-09-30 21:09:12,2026-07-23 20:15:32,employee refused help arguing instead assisting,103.42
1874,1874,Why is the late fee applied when I paid on time?,Billing Issue,Billing,Closed,CUST6120,2025-06-08 14:13:00,2025-06-10 19:00:12,2026-07-23 20:15:32,late fee applied paid time,52.78666666666667
1875,1875,Poor maintenance of the facility is causing repeated problems.,,Maintenance,Resolved,CUST4184,2025-09-18 14:21:00,2025-09-30 09:57:25,2026-07-23 20:15:32,poor maintenance facility causing repeated problems,283.6069444444444
1876,1876,"The new online system has made things much easier, well done.",Appreciation,Customer Support,In Progress,CUST4883,2025-09-19 23:58:00,,2026-07-23 20:15:32,new online system made things much easier well done,
1877,1877,No safety measures are in place despite previous warnings.,Safety Concern,Security,Open,CUST2566,2025-07-16 16:56:00,,2026-07-23 20:15:32,safety measures place despite previous warnings,
1878,1878,No technician has visited despite multiple requests.,Service Delay,Operations,Resolved,CUST5358,2025-08-03 12:33:00,2025-08-06 21:15:55,2026-07-23 20:15:32,technician visited despite multiple requests,80.71527777777777
1879,1879,Why is the late fee applied when I paid on time?,,Billing,In Progress,CUST1967,2025-09-26 09:49:00,,2026-07-23 20:15:32,late fee applied paid time,
1880,1880,I was treated very disrespectfully by the customer support agent.,Staff Behavior,Customer Support,Closed,CUST3394,2025-08-11 14:22:00,2025-08-16 10:29:55,2026-07-23 20:15:32,treated disrespectfully customer support agent,116.13194444444444
1881,1881,I witnessed a near-accident due to lack of proper signage.,,Security,Closed,CUST4083,2025-07-11 19:38:00,2025-07-15 06:12:00,2026-07-23 20:15:32,witnessed near accident due lack proper signage,82.56666666666666
1882,1882,I want to thank the team for resolving my issue so quickly.,Appreciation,Customer Support,Closed,CUST9259,2025-05-02 13:47:00,2025-05-03 19:09:50,2026-07-23 20:15:32,want thank team resolving issue quickly,29.380555555555556
1883,1883,I have been waiting since last month for this issue to be fixed.,,Operations,Open,CUST3360,2025-06-27 09:54:00,,2026-07-23 20:15:32,waiting since last month issue fixed,
1884,1884,It has been three weeks and my complaint is still not resolved.,Service Delay,Operations,Open,CUST3418,2025-08-25 23:26:00,,2026-07-23 20:15:32,three weeks complaint still resolved,
1885,1885,Very unprofessional behavior from the officer on duty.,,Customer Support,Closed,CUST5481,2025-07-20 22:28:00,2025-07-25 06:40:41,2026-07-23 20:15:32,unprofessional behavior officer duty,104.21138888888889
1886,1886,I was treated very disrespectfully by the customer support agent.,,Customer Support,In Progress,CUST1277,2025-08-15 15:18:00,,2026-07-23 20:15:32,treated disrespectfully customer support agent,
1887,1887,"There is a billing error, I already paid but it still shows unpaid.",Billing Issue,Billing,In Progress,CUST1417,2025-07-12 14:09:00,,2026-07-23 20:15:32,billing error already paid still shows unpaid,
1888,1888,The equipment at the site is old and frequently malfunctions.,,Maintenance,Closed,CUST5635,2025-06-11 06:39:00,2025-06-21 10:35:42,2026-07-23 20:15:32,equipment site old frequently malfunctions,243.945
1889,1889,Staff keep telling me to wait but nothing happens.,Service Delay,Operations,Closed,CUST9137,2025-01-17 12:03:00,2025-01-24 21:08:48,2026-07-23 20:15:32,staff keep telling wait nothing happens,177.09666666666666
1890,1890,I was overcharged on my last bill and no one is responding.,Billing Issue,Billing,In Progress,CUST2505,2025-03-04 11:33:00,,2026-07-23 20:15:32,overcharged last bill one responding,
1891,1891,I witnessed a near-accident due to lack of proper signage.,Safety Concern,Security,Closed,CUST9931,2025-05-14 20:21:00,2025-05-20 08:30:37,2026-07-23 20:15:32,witnessed near accident due lack proper signage,132.16027777777776
1892,1892,Why is the late fee applied when I paid on time?,Billing Issue,Billing,In Progress,CUST4395,2025-08-13 08:44:00,,2026-07-23 20:15:32,late fee applied paid time,
1893,1893,The staff at the counter was extremely rude to me today.,,Customer Support,In Progress,CUST1396,2025-09-28 13:16:00,,2026-07-23 20:15:32,staff counter extremely rude today,
1894,1894,My bill amount doubled this month without any explanation.,Billing Issue,Billing,Closed,CUST3255,2025-07-02 15:14:00,2025-07-05 10:39:12,2026-07-23 20:15:32,bill amount doubled month without explanation,67.42
1895,1895,The employee refused to help and was arguing instead of assisting.,Staff Behavior,Customer Support,Resolved,CUST5745,2025-06-21 10:42:00,2025-06-26 01:20:04,2026-07-23 20:15:32,employee refused help arguing instead assisting,110.63444444444444
1896,1896,Very unprofessional behavior from the officer on duty.,,Customer Support,Resolved,CUST9052,2025-07-02 08:12:00,2025-07-06 19:38:57,2026-07-23 20:15:32,unprofessional behavior officer duty,107.44916666666667
1897,1897,I was overcharged on my last bill and no one is responding.,,Billing,Closed,CUST4486,2025-07-12 09:32:00,2025-07-15 17:53:08,2026-07-23 20:15:32,overcharged last bill one responding,80.35222222222222
1898,1898,I was overcharged on my last bill and no one is responding.,Billing Issue,Billing,In Progress,CUST9370,2025-11-24 15:39:00,,2026-07-23 20:15:32,overcharged last bill one responding,
1899,1899,No technician has visited despite multiple requests.,Service Delay,Operations,In Progress,CUST7432,2025-09-09 12:21:00,,2026-07-23 20:15:32,technician visited despite multiple requests,
1900,1900,"There is a billing error, I already paid but it still shows unpaid.",Billing Issue,Billing,Closed,CUST7646,2025-06-15 15:38:00,2025-06-17 09:11:55,2026-07-23 20:15:32,billing error already paid still shows unpaid,41.56527777777778
1901,1901,I was overcharged on my last bill and no one is responding.,Billing Issue,Billing,Closed,CUST4279,2025-01-26 02:06:00,2025-01-28 08:40:22,2026-07-23 20:15:32,overcharged last bill one responding,54.57277777777778
1902,1902,I witnessed a near-accident due to lack of proper signage.,Safety Concern,Security,Closed,CUST6913,2025-10-22 16:13:00,2025-10-28 18:09:59,2026-07-23 20:15:32,witnessed near accident due lack proper signage,145.94972222222222
1903,1903,I was treated very disrespectfully by the customer support agent.,,Customer Support,In Progress,CUST1202,2025-07-27 17:16:00,,2026-07-23 20:15:32,treated disrespectfully customer support agent,
1904,1904,My bill amount doubled this month without any explanation.,Billing Issue,Billing,Closed,CUST6363,2025-10-07 16:31:00,2025-10-10 08:54:46,2026-07-23 20:15:32,bill amount doubled month without explanation,64.39611111111111
1905,1905,Very unprofessional behavior from the officer on duty.,Staff Behavior,Customer Support,Resolved,CUST5675,2025-08-06 20:58:00,2025-08-08 16:44:06,2026-07-23 20:15:32,unprofessional behavior officer duty,43.76833333333333
1906,1906,No safety measures are in place despite previous warnings.,,Security,Open,CUST1819,2025-02-04 11:56:00,,2026-07-23 20:15:32,safety measures place despite previous warnings,
1907,1907,An official demanded a bribe before processing my documents.,Corruption/Bribery,Administration,Resolved,CUST3613,2025-12-10 08:28:00,2025-12-24 06:11:00,2026-07-23 20:15:32,official demanded bribe processing documents,333.71666666666664
1908,1908,"There is a billing error, I already paid but it still shows unpaid.",Billing Issue,Billing,Closed,CUST5587,2025-04-07 13:27:00,2025-04-09 20:52:02,2026-07-23 20:15:32,billing error already paid still shows unpaid,55.41722222222222
1910,1910,"Excellent service today, very satisfied with the response.",Appreciation,Customer Support,Closed,CUST8807,2025-02-21 14:47:00,2025-02-22 12:49:13,2026-07-23 20:15:32,excellent service today satisfied response,22.036944444444444
1911,1911,I was overcharged on my last bill and no one is responding.,Billing Issue,Billing,Closed,CUST5475,2025-02-08 11:29:00,2025-02-09 19:58:50,2026-07-23 20:15:32,overcharged last bill one responding,32.49722222222222
1912,1912,Staff keep telling me to wait but nothing happens.,,Operations,In Progress,CUST7183,2025-07-24 14:44:00,,2026-07-23 20:15:32,staff keep telling wait nothing happens,
1913,1913,Why is the late fee applied when I paid on time?,,Billing,In Progress,CUST1721,2025-06-15 18:26:00,,2026-07-23 20:15:32,late fee applied paid time,
1914,1914,The equipment at the site is old and frequently malfunctions.,,Maintenance,In Progress,CUST5455,2025-09-24 18:30:00,,2026-07-23 20:15:32,equipment site old frequently malfunctions,
1915,1915,"Excellent service today, very satisfied with the response.",Appreciation,Customer Support,Open,CUST8132,2025-04-15 14:51:00,,2026-07-23 20:15:32,excellent service today satisfied response,
1916,1916,Very unprofessional behavior from the officer on duty.,,Customer Support,Closed,CUST2448,2025-09-23 09:54:00,2025-09-26 05:36:31,2026-07-23 20:15:32,unprofessional behavior officer duty,67.70861111111111
1917,1917,Poor maintenance of the facility is causing repeated problems.,Infrastructure,Maintenance,Resolved,CUST9859,2025-10-18 17:10:00,2025-10-26 11:50:56,2026-07-23 20:15:32,poor maintenance facility causing repeated problems,186.6822222222222
1918,1918,"There is a billing error, I already paid but it still shows unpaid.",Billing Issue,Billing,Resolved,CUST5791,2025-06-19 15:25:00,2025-06-21 19:29:05,2026-07-23 20:15:32,billing error already paid still shows unpaid,52.06805555555555
1919,1919,Why is the late fee applied when I paid on time?,,Billing,Closed,CUST5148,2025-08-14 10:23:00,2025-08-16 15:55:31,2026-07-23 20:15:32,late fee applied paid time,53.54194444444445
1920,1920,An official demanded a bribe before processing my documents.,Corruption/Bribery,Administration,Resolved,CUST3691,2025-12-21 12:29:00,2025-12-27 22:58:11,2026-07-23 20:15:32,official demanded bribe processing documents,154.48638888888888
1921,1921,An official demanded a bribe before processing my documents.,,Administration,Open,CUST3612,2025-07-28 17:40:00,,2026-07-23 20:15:32,official demanded bribe processing documents,
1922,1922,There is clear favoritism and under-the-table dealing happening.,Corruption/Bribery,Administration,In Progress,CUST2339,2025-03-27 07:50:00,,2026-07-23 20:15:32,clear favoritism table dealing happening,
1923,1923,I was asked to pay extra money to get my work done faster.,Corruption/Bribery,Administration,Resolved,CUST5173,2025-12-18 10:02:00,2025-12-25 12:37:02,2026-07-23 20:15:32,asked pay extra money get work done faster,170.58388888888888
1924,1924,"Excellent service today, very satisfied with the response.",Appreciation,Customer Support,Closed,CUST6332,2025-09-22 19:45:00,2025-09-23 22:42:40,2026-07-23 20:15:32,excellent service today satisfied response,26.961111111111112
1925,1925,I witnessed a near-accident due to lack of proper signage.,Safety Concern,Security,Closed,CUST6752,2025-07-13 07:33:00,2025-07-16 01:33:49,2026-07-23 20:15:32,witnessed near accident due lack proper signage,66.01361111111112
1926,1926,There are serious safety hazards at the site that need urgent attention.,Safety Concern,Security,In Progress,CUST4085,2025-04-21 09:29:00,,2026-07-23 20:15:32,serious safety hazards site need urgent attention,
1927,1927,The new infrastructure upgrade has improved things significantly.,Infrastructure,Maintenance,Closed,CUST6022,2025-10-16 09:09:00,2025-10-24 02:56:04,2026-07-23 20:15:32,new infrastructure upgrade improved things significantly,185.78444444444443
1928,1928,I have been waiting since last month for this issue to be fixed.,Service Delay,Operations,Resolved,CUST4129,2025-05-07 12:34:00,2025-05-11 12:59:28,2026-07-23 20:15:32,waiting since last month issue fixed,96.42444444444445
1929,1929,I was overcharged on my last bill and no one is responding.,Billing Issue,Billing,Closed,CUST2098,2025-05-07 08:11:00,2025-05-09 02:42:49,2026-07-23 20:15:32,overcharged last bill one responding,42.530277777777776
1930,1930,It has been three weeks and my complaint is still not resolved.,Service Delay,Operations,Resolved,CUST5918,2025-06-12 08:42:00,2025-06-17 05:44:07,2026-07-23 20:15:32,three weeks complaint still resolved,117.03527777777778
1931,1931,The response time for service requests is unacceptably slow.,Service Delay,Operations,Resolved,CUST1686,2025-04-14 10:39:00,2025-04-20 09:39:47,2026-07-23 20:15:32,response time service requests unacceptably slow,143.01305555555555
1932,1932,The road near the facility is damaged and causing accidents.,Infrastructure,Maintenance,In Progress,CUST7287,2025-07-12 16:01:00,,2026-07-23 20:15:32,road near facility damaged causing accidents,
1933,1933,There are serious safety hazards at the site that need urgent attention.,Safety Concern,Security,Closed,CUST9033,2025-06-19 10:39:00,2025-06-21 16:06:44,2026-07-23 20:15:32,serious safety hazards site need urgent attention,53.46222222222222
1934,1934,"Great job by the support team, issue resolved within a day.",Appreciation,Customer Support,Closed,CUST9908,2025-01-16 08:48:00,2025-01-17 01:29:33,2026-07-23 20:15:32,great job support team issue resolved within day,16.6925
1935,1935,My bill amount doubled this month without any explanation.,Billing Issue,Billing,Closed,CUST6527,2025-09-23 09:40:00,2025-09-26 11:57:22,2026-07-23 20:15:32,bill amount doubled month without explanation,74.28944444444444
1936,1936,I have been waiting since last month for this issue to be fixed.,Service Delay,Operations,Closed,CUST4548,2025-01-10 07:35:00,2025-01-13 00:55:55,2026-07-23 20:15:32,waiting since last month issue fixed,65.34861111111111
1937,1937,The road near the facility is damaged and causing accidents.,Infrastructure,Maintenance,Closed,CUST9295,2025-01-05 09:37:00,2025-01-12 11:15:51,2026-07-23 20:15:32,road near facility damaged causing accidents,169.6475
1938,1938,The staff member was polite and handled my issue very well.,Staff Behavior,Customer Support,Resolved,CUST9776,2025-03-09 10:44:00,2025-03-12 20:17:48,2026-07-23 20:15:32,staff member polite handled issue well,81.56333333333333
1939,1939,The road near the facility is damaged and causing accidents.,,Maintenance,Resolved,CUST8401,2025-04-04 17:44:00,2025-04-06 16:17:07,2026-07-23 20:15:32,road near facility damaged causing accidents,46.551944444444445
1940,1940,No technician has visited despite multiple requests.,Service Delay,Operations,Resolved,CUST2258,2025-01-20 13:21:00,2025-01-25 06:08:41,2026-07-23 20:15:32,technician visited despite multiple requests,112.79472222222222
1941,1941,Why is the late fee applied when I paid on time?,Billing Issue,Billing,Closed,CUST3893,2025-04-13 16:49:00,2025-04-15 21:21:21,2026-07-23 20:15:32,late fee applied paid time,52.53916666666667
1942,1942,There are serious safety hazards at the site that need urgent attention.,Safety Concern,Security,Closed,CUST9083,2025-05-08 13:21:00,2025-05-10 17:04:52,2026-07-23 20:15:32,serious safety hazards site need urgent attention,51.73111111111111
1943,1943,I have been waiting since last month for this issue to be fixed.,,Operations,In Progress,CUST1387,2025-10-04 08:06:00,,2026-07-23 20:15:32,waiting since last month issue fixed,
1944,1944,The employee refused to help and was arguing instead of assisting.,Staff Behavior,Customer Support,Closed,CUST7034,2025-10-14 14:01:00,2025-10-17 11:16:02,2026-07-23 20:15:32,employee refused help arguing instead assisting,69.25055555555555
1945,1945,The road near the facility is damaged and causing accidents.,Infrastructure,Maintenance,Resolved,CUST2096,2025-06-02 07:17:00,2025-06-04 17:11:01,2026-07-23 20:15:32,road near facility damaged causing accidents,57.90027777777778
1946,1946,"There is a billing error, I already paid but it still shows unpaid.",Billing Issue,Billing,Resolved,CUST4985,2025-11-22 12:22:00,2025-11-25 05:56:31,2026-07-23 20:15:32,billing error already paid still shows unpaid,65.57527777777777
1947,1947,"Excellent service today, very satisfied with the response.",Appreciation,Customer Support,Resolved,CUST8308,2025-02-06 06:05:00,2025-02-07 00:48:27,2026-07-23 20:15:32,excellent service today satisfied response,18.724166666666665
1948,1948,The new infrastructure upgrade has improved things significantly.,Infrastructure,Maintenance,Open,CUST4039,2025-06-09 11:30:00,,2026-07-23 20:15:32,new infrastructure upgrade improved things significantly,
1949,1949,The road near the facility is damaged and causing accidents.,,Maintenance,Open,CUST7401,2025-07-08 12:12:00,,2026-07-23 20:15:32,road near facility damaged causing accidents,
1950,1950,I was overcharged on my last bill and no one is responding.,,Billing,Resolved,CUST9692,2025-07-01 15:07:00,2025-07-05 02:18:06,2026-07-23 20:15:32,overcharged last bill one responding,83.185
1951,1951,My bill amount doubled this month without any explanation.,,Billing,Resolved,CUST8778,2025-05-08 16:55:00,2025-05-11 08:32:54,2026-07-23 20:15:32,bill amount doubled month without explanation,63.63166666666667
1952,1952,I was treated very disrespectfully by the customer support agent.,Staff Behavior,Customer Support,Resolved,CUST2161,2025-02-13 17:35:00,2025-02-17 04:55:28,2026-07-23 20:15:32,treated disrespectfully customer support agent,83.3411111111111
1953,1953,My bill amount doubled this month without any explanation.,Billing Issue,Billing,Closed,CUST2189,2025-10-05 17:55:00,2025-10-06 04:54:19,2026-07-23 20:15:32,bill amount doubled month without explanation,10.988611111111112
1954,1954,I was treated very disrespectfully by the customer support agent.,Staff Behavior,Customer Support,Resolved,CUST5300,2025-08-14 22:53:00,2025-08-17 14:51:05,2026-07-23 20:15:32,treated disrespectfully customer support agent,63.96805555555556
1955,1955,I have been waiting since last month for this issue to be fixed.,,Operations,Resolved,CUST7122,2025-01-11 09:49:00,2025-01-18 02:23:03,2026-07-23 20:15:32,waiting since last month issue fixed,160.5675
1956,1956,Staff keep telling me to wait but nothing happens.,Service Delay,Operations,Closed,CUST9348,2025-10-08 12:47:00,2025-10-13 10:16:04,2026-07-23 20:15:32,staff keep telling wait nothing happens,117.48444444444445
1957,1957,There is clear favoritism and under-the-table dealing happening.,Corruption/Bribery,Administration,In Progress,CUST9145,2025-11-21 12:10:00,,2026-07-23 20:15:32,clear favoritism table dealing happening,
1958,1958,Security personnel are not checking IDs properly at the gate.,Safety Concern,Security,Resolved,CUST3384,2025-08-14 17:04:00,2025-08-21 00:24:52,2026-07-23 20:15:32,security personnel checking ids properly gate,151.34777777777776
1959,1959,There are serious safety hazards at the site that need urgent attention.,Safety Concern,Security,Resolved,CUST6594,2025-06-13 11:17:00,2025-06-16 19:27:03,2026-07-23 20:15:32,serious safety hazards site need urgent attention,80.1675
1960,1960,Staff keep telling me to wait but nothing happens.,Service Delay,Operations,Closed,CUST7325,2025-08-10 10:54:00,2025-08-17 13:30:45,2026-07-23 20:15:32,staff keep telling wait nothing happens,170.6125
1961,1961,Thank you for quickly fixing the safety issue I reported earlier.,Safety Concern,Security,Resolved,CUST3248,2025-08-22 12:38:00,2025-08-25 12:56:13,2026-07-23 20:15:32,thank quickly fixing safety issue reported earlier,72.30361111111111
1962,1962,The staff at the counter was extremely rude to me today.,Staff Behavior,Customer Support,Resolved,CUST5122,2025-08-11 09:34:00,2025-08-14 19:30:03,2026-07-23 20:15:32,staff counter extremely rude today,81.93416666666667
1963,1963,The equipment at the site is old and frequently malfunctions.,Infrastructure,Maintenance,In Progress,CUST6311,2025-11-20 20:32:00,,2026-07-23 20:15:32,equipment site old frequently malfunctions,
1964,1964,"Excellent service today, very satisfied with the response.",Appreciation,Customer Support,Closed,CUST7742,2025-05-10 09:12:00,2025-05-12 03:28:46,2026-07-23 20:15:32,excellent service today satisfied response,42.279444444444444
1965,1965,Staff keep telling me to wait but nothing happens.,Service Delay,Operations,Closed,CUST3281,2025-06-22 12:12:00,2025-06-30 18:14:45,2026-07-23 20:15:32,staff keep telling wait nothing happens,198.04583333333332
1966,1966,I witnessed a near-accident due to lack of proper signage.,Safety Concern,Security,Closed,UNKNOWN,2025-03-22 14:23:00,2025-03-26 19:01:32,2026-07-23 20:15:32,witnessed near accident due lack proper signage,100.64222222222222
1967,1967,Thank you for quickly fixing the safety issue I reported earlier.,,Security,Closed,CUST5047,2025-07-04 11:46:00,2025-07-05 23:10:03,2026-07-23 20:15:32,thank quickly fixing safety issue reported earlier,35.40083333333333
1968,1968,"There is a billing error, I already paid but it still shows unpaid.",,Billing,Resolved,CUST8935,2025-03-21 14:51:00,2025-03-23 19:00:43,2026-07-23 20:15:32,billing error already paid still shows unpaid,52.161944444444444
1970,1970,"Great job by the support team, issue resolved within a day.",Appreciation,Customer Support,Closed,CUST8450,2025-01-07 10:51:00,2025-01-08 00:18:57,2026-07-23 20:15:32,great job support team issue resolved within day,13.465833333333334
1971,1971,"The new online system has made things much easier, well done.",Appreciation,Customer Support,In Progress,CUST9020,2025-07-14 09:12:00,,2026-07-23 20:15:32,new online system made things much easier well done,
1972,1972,Poor maintenance of the facility is causing repeated problems.,,Maintenance,Open,CUST1892,2025-06-11 09:07:00,,2026-07-23 20:15:32,poor maintenance facility causing repeated problems,
1973,1973,I was overcharged on my last bill and no one is responding.,Billing Issue,Billing,In Progress,CUST7934,2025-05-18 17:34:00,,2026-07-23 20:15:32,overcharged last bill one responding,
1974,1974,The online payment portal charged me twice for the same bill.,Billing Issue,Billing,Closed,CUST5656,2025-01-04 10:21:00,2025-01-05 13:08:11,2026-07-23 20:15:32,online payment portal charged twice bill,26.78638888888889
1975,1975,I was treated very disrespectfully by the customer support agent.,Staff Behavior,Customer Support,Closed,CUST6792,2025-04-20 11:36:00,2025-04-23 17:57:05,2026-07-23 20:15:32,treated disrespectfully customer support agent,78.35138888888889
1976,1976,I was asked to pay extra money to get my work done faster.,,Administration,Closed,CUST7279,2025-01-19 16:20:00,2025-01-24 03:15:29,2026-07-23 20:15:32,asked pay extra money get work done faster,106.92472222222223
1977,1977,The online payment portal charged me twice for the same bill.,Billing Issue,Billing,Resolved,CUST5419,2025-01-06 13:05:00,2025-01-08 08:39:26,2026-07-23 20:15:32,online payment portal charged twice bill,43.57388888888889
1978,1978,There are serious safety hazards at the site that need urgent attention.,Safety Concern,Security,In Progress,CUST3713,2025-02-28 17:26:00,,2026-07-23 20:15:32,serious safety hazards site need urgent attention,
1979,1979,I was asked to pay extra money to get my work done faster.,Corruption/Bribery,Administration,Closed,CUST7335,2025-05-01 16:15:00,2025-05-09 05:26:59,2026-07-23 20:15:32,asked pay extra money get work done faster,181.19972222222222
1980,1980,I was treated very disrespectfully by the customer support agent.,Staff Behavior,Customer Support,Closed,CUST7299,2025-02-03 09:26:00,2025-02-05 05:16:17,2026-07-23 20:15:32,treated disrespectfully customer support agent,43.838055555555556
1981,1981,An official demanded a bribe before processing my documents.,Corruption/Bribery,Administration,In Progress,CUST8154,2025-01-25 09:17:00,,2026-07-23 20:15:32,official demanded bribe processing documents,
1982,1982,Thank you for quickly fixing the safety issue I reported earlier.,Safety Concern,Security,Resolved,CUST8244,2025-05-01 17:31:00,2025-05-04 05:19:39,2026-07-23 20:15:32,thank quickly fixing safety issue reported earlier,59.810833333333335
1983,1983,The equipment at the site is old and frequently malfunctions.,Infrastructure,Maintenance,Closed,CUST3758,2025-03-03 00:38:00,2025-03-08 09:41:55,2026-07-23 20:15:32,equipment site old frequently malfunctions,129.06527777777777
1984,1984,No safety measures are in place despite previous warnings.,Safety Concern,Security,In Progress,CUST4782,2025-04-12 17:25:00,,2026-07-23 20:15:32,safety measures place despite previous warnings,
1985,1985,I have been waiting since last month for this issue to be fixed.,Service Delay,Operations,Resolved,CUST2059,2025-12-22 16:59:00,2025-12-30 09:58:34,2026-07-23 20:15:32,waiting since last month issue fixed,184.99277777777777
1986,1986,The staff at the counter was extremely rude to me today.,Staff Behavior,Customer Support,Resolved,CUST8296,2025-06-12 08:23:00,2025-06-16 04:13:24,2026-07-23 20:15:32,staff counter extremely rude today,91.84
1987,1987,I want to thank the team for resolving my issue so quickly.,Appreciation,Customer Support,In Progress,CUST5257,2025-06-12 12:14:00,,2026-07-23 20:15:32,want thank team resolving issue quickly,
1988,1988,I was treated very disrespectfully by the customer support agent.,Staff Behavior,Customer Support,Resolved,CUST4206,2025-04-19 10:41:00,2025-04-22 09:47:19,2026-07-23 20:15:32,treated disrespectfully customer support agent,71.10527777777777
1989,1989,An official demanded a bribe before processing my documents.,Corruption/Bribery,Administration,Open,CUST2513,2025-06-25 19:14:00,,2026-07-23 20:15:32,official demanded bribe processing documents,
1990,1990,The new infrastructure upgrade has improved things significantly.,Infrastructure,Maintenance,Closed,CUST5803,2025-01-03 06:33:00,2025-01-08 13:46:31,2026-07-23 20:15:32,new infrastructure upgrade improved things significantly,127.22527777777778
1991,1991,Why is the late fee applied when I paid on time?,,Billing,Resolved,CUST2094,2025-05-06 10:14:00,2025-05-07 21:38:03,2026-07-23 20:15:32,late fee applied paid time,35.40083333333333
1992,1992,It has been three weeks and my complaint is still not resolved.,Service Delay,Operations,Closed,CUST3882,2025-08-19 18:41:00,2025-08-23 07:30:16,2026-07-23 20:15:32,three weeks complaint still resolved,84.82111111111111
1993,1993,I have been waiting since last month for this issue to be fixed.,Service Delay,Operations,Open,CUST2262,2025-12-06 12:15:00,,2026-07-23 20:15:32,waiting since last month issue fixed,
1994,1994,I was overcharged on my last bill and no one is responding.,Billing Issue,Billing,Resolved,CUST7044,2025-04-26 12:11:00,2025-04-28 00:31:53,2026-07-23 20:15:32,overcharged last bill one responding,36.348055555555554
1995,1995,No safety measures are in place despite previous warnings.,,Security,Closed,CUST3814,2025-07-06 12:15:00,2025-07-10 22:43:36,2026-07-23 20:15:32,safety measures place despite previous warnings,106.47666666666667
1996,1996,Thank you for quickly fixing the safety issue I reported earlier.,Safety Concern,Security,Closed,CUST3736,2025-10-17 11:32:00,2025-10-20 10:35:18,2026-07-23 20:15:32,thank quickly fixing safety issue reported earlier,71.055
1997,1997,My bill amount doubled this month without any explanation.,Billing Issue,Billing,Resolved,CUST5575,2025-10-08 17:55:00,2025-10-11 20:34:21,2026-07-23 20:15:32,bill amount doubled month without explanation,74.65583333333333
1998,1998,Very unprofessional behavior from the officer on duty.,Staff Behavior,Customer Support,In Progress,CUST1692,2025-03-04 08:45:00,,2026-07-23 20:15:32,unprofessional behavior officer duty,
1999,1999,Why is the late fee applied when I paid on time?,Billing Issue,Billing,Resolved,CUST7471,2025-03-10 05:29:00,2025-03-11 17:58:31,2026-07-23 20:15:32,late fee applied paid time,36.49194444444444
2000,2000,Very unprofessional behavior from the officer on duty.,Staff Behavior,Customer Support,Closed,CUST7638,2025-11-15 13:41:00,2025-11-17 05:42:54,2026-07-23 20:15:32,unprofessional behavior officer duty,40.031666666666666
2001,2001,Thank you for quickly fixing the safety issue I reported earlier.,,Security,Closed,CUST1596,2025-12-06 14:32:00,2025-12-10 09:17:57,2026-07-23 20:15:32,thank quickly fixing safety issue reported earlier,90.76583333333333
2002,2002,The online payment portal charged me twice for the same bill.,Billing Issue,Billing,Open,CUST7268,2025-12-27 13:19:00,,2026-07-23 20:15:32,online payment portal charged twice bill,
2003,2003,The response time for service requests is unacceptably slow.,,Operations,Closed,CUST3411,2025-01-16 06:12:00,2025-01-23 00:45:47,2026-07-23 20:15:32,response time service requests unacceptably slow,162.56305555555556
2004,2004,The staff member was polite and handled my issue very well.,,Customer Support,Resolved,CUST5005,2025-09-24 05:08:00,2025-09-24 17:06:39,2026-07-23 20:15:32,staff member polite handled issue well,11.9775
2005,2005,My bill amount doubled this month without any explanation.,Billing Issue,Billing,Resolved,CUST7087,2025-11-09 17:31:00,2025-11-13 02:37:51,2026-07-23 20:15:32,bill amount doubled month without explanation,81.11416666666666
2006,2006,An official demanded a bribe before processing my documents.,Corruption/Bribery,Administration,Closed,CUST2659,2025-03-02 08:15:00,2025-03-08 11:31:09,2026-07-23 20:15:32,official demanded bribe processing documents,147.26916666666668
2007,2007,It has been three weeks and my complaint is still not resolved.,Service Delay,Operations,Closed,CUST5816,2025-05-13 09:56:00,2025-05-17 13:34:11,2026-07-23 20:15:32,three weeks complaint still resolved,99.63638888888889
2008,2008,Staff keep telling me to wait but nothing happens.,Service Delay,Operations,Closed,CUST2110,2025-07-02 06:59:00,2025-07-06 03:37:52,2026-07-23 20:15:32,staff keep telling wait nothing happens,92.64777777777778
2009,2009,No technician has visited despite multiple requests.,,Operations,Open,CUST5417,2025-05-17 14:10:00,,2026-07-23 20:15:32,technician visited despite multiple requests,
2010,2010,The online payment portal charged me twice for the same bill.,Billing Issue,Billing,Open,CUST8541,2025-04-17 10:23:00,,2026-07-23 20:15:32,online payment portal charged twice bill,
2011,2011,The response time for service requests is unacceptably slow.,,Operations,Resolved,CUST8182,2025-05-02 09:51:00,2025-05-08 01:39:59,2026-07-23 20:15:32,response time service requests unacceptably slow,135.8163888888889
2012,2012,Security personnel are not checking IDs properly at the gate.,Safety Concern,Security,Closed,CUST9289,2025-09-02 11:42:00,2025-09-05 13:29:58,2026-07-23 20:15:32,security personnel checking ids properly gate,73.79944444444445
2013,2013,My bill amount doubled this month without any explanation.,Billing Issue,Billing,Closed,CUST5376,2025-12-13 16:21:00,2025-12-16 16:29:14,2026-07-23 20:15:32,bill amount doubled month without explanation,72.13722222222222
2014,2014,My bill amount doubled this month without any explanation.,,Billing,Resolved,CUST5962,2025-02-13 08:17:00,2025-02-14 18:14:56,2026-07-23 20:15:32,bill amount doubled month without explanation,33.965555555555554
2015,2015,My bill amount doubled this month without any explanation.,Billing Issue,Billing,Resolved,CUST3484,2025-04-19 15:12:00,2025-04-22 05:45:07,2026-07-23 20:15:32,bill amount doubled month without explanation,62.551944444444445
2016,2016,The staff member was polite and handled my issue very well.,,Customer Support,Closed,CUST1613,2025-04-07 13:00:00,2025-04-10 07:56:37,2026-07-23 20:15:32,staff member polite handled issue well,66.94361111111111
2017,2017,I have been waiting since last month for this issue to be fixed.,,Operations,Closed,CUST9085,2025-09-08 07:29:00,2025-09-14 15:34:43,2026-07-23 20:15:32,waiting since last month issue fixed,152.09527777777777
2018,2018,Why is the late fee applied when I paid on time?,Billing Issue,Billing,Closed,CUST8682,2025-10-11 02:39:00,2025-10-13 04:31:58,2026-07-23 20:15:32,late fee applied paid time,49.882777777777775
2019,2019,"The new online system has made things much easier, well done.",Appreciation,Customer Support,Closed,CUST6349,2025-07-18 16:56:00,2025-07-20 05:22:25,2026-07-23 20:15:32,new online system made things much easier well done,36.44027777777778
2020,2020,The staff member was polite and handled my issue very well.,Staff Behavior,Customer Support,Resolved,CUST4706,2025-07-09 09:51:00,2025-07-12 04:14:33,2026-07-23 20:15:32,staff member polite handled issue well,66.3925
2021,2021,Security personnel are not checking IDs properly at the gate.,Safety Concern,Security,In Progress,CUST7630,2025-07-11 21:32:00,,2026-07-23 20:15:32,security personnel checking ids properly gate,
2022,2022,The online payment portal charged me twice for the same bill.,,Billing,Open,CUST4663,2025-05-28 15:16:00,,2026-07-23 20:15:32,online payment portal charged twice bill,
2023,2023,I was asked to pay extra money to get my work done faster.,Corruption/Bribery,Administration,Closed,CUST9883,2025-11-08 19:29:00,2025-11-14 21:37:55,2026-07-23 20:15:32,asked pay extra money get work done faster,146.1486111111111
2024,2024,Very unprofessional behavior from the officer on duty.,,Customer Support,In Progress,CUST3661,2025-09-14 10:36:00,,2026-07-23 20:15:32,unprofessional behavior officer duty,
2025,2025,The road near the facility is damaged and causing accidents.,Infrastructure,Maintenance,Resolved,CUST7786,2025-09-02 14:27:00,2025-09-07 00:40:08,2026-07-23 20:15:32,road near facility damaged causing accidents,106.21888888888888
2026,2026,The staff at the counter was extremely rude to me today.,Staff Behavior,Customer Support,In Progress,CUST9058,2025-05-12 17:07:00,,2026-07-23 20:15:32,staff counter extremely rude today,
2027,2027,"Great job by the support team, issue resolved within a day.",,Customer Support,Closed,CUST3701,2025-07-13 20:27:00,2025-07-15 07:27:36,2026-07-23 20:15:32,great job support team issue resolved within day,35.01
2028,2028,Staff keep telling me to wait but nothing happens.,,Operations,Open,CUST1139,2025-05-13 18:54:00,,2026-07-23 20:15:32,staff keep telling wait nothing happens,
2029,2029,Why is the late fee applied when I paid on time?,Billing Issue,Billing,Closed,CUST3488,2025-07-03 15:59:00,2025-07-04 21:29:59,2026-07-23 20:15:32,late fee applied paid time,29.51638888888889
2030,2030,I want to thank the team for resolving my issue so quickly.,Appreciation,Customer Support,In Progress,CUST6853,2025-07-02 21:08:00,,2026-07-23 20:15:32,want thank team resolving issue quickly,
2031,2031,The road near the facility is damaged and causing accidents.,Infrastructure,Maintenance,Open,CUST2349,2025-01-10 01:21:00,,2026-07-23 20:15:32,road near facility damaged causing accidents,
2032,2032,I want to thank the team for resolving my issue so quickly.,Appreciation,Customer Support,In Progress,CUST9034,2025-10-07 15:50:00,,2026-07-23 20:15:32,want thank team resolving issue quickly,
2033,2033,The online payment portal charged me twice for the same bill.,Billing Issue,Billing,Open,CUST3271,2025-05-27 15:33:00,,2026-07-23 20:15:32,online payment portal charged twice bill,
2034,2034,The online payment portal charged me twice for the same bill.,Billing Issue,Billing,Closed,CUST9133,2025-10-06 14:41:00,2025-10-07 19:50:54,2026-07-23 20:15:32,online payment portal charged twice bill,29.165
2035,2035,The equipment at the site is old and frequently malfunctions.,Infrastructure,Maintenance,Closed,CUST8413,2025-01-28 22:21:00,2025-02-02 15:17:03,2026-07-23 20:15:32,equipment site old frequently malfunctions,112.93416666666667
2036,2036,Staff keep telling me to wait but nothing happens.,Service Delay,Operations,Closed,CUST4852,2025-05-21 07:45:00,2025-05-23 18:20:24,2026-07-23 20:15:32,staff keep telling wait nothing happens,58.59
2037,2037,I witnessed a near-accident due to lack of proper signage.,Safety Concern,Security,Resolved,CUST1602,2025-08-07 12:15:00,2025-08-10 00:43:25,2026-07-23 20:15:32,witnessed near accident due lack proper signage,60.47361111111111
2038,2038,The online payment portal charged me twice for the same bill.,,Billing,Closed,CUST2203,2025-11-05 17:06:00,2025-11-06 17:04:24,2026-07-23 20:15:32,online payment portal charged twice bill,23.973333333333333
2039,2039,The response time for service requests is unacceptably slow.,Service Delay,Operations,Closed,CUST3008,2025-08-19 19:15:00,2025-08-23 20:45:54,2026-07-23 20:15:32,response time service requests unacceptably slow,97.515
2040,2040,"The new online system has made things much easier, well done.",,Customer Support,Resolved,CUST3564,2025-12-07 19:57:00,2025-12-08 08:51:53,2026-07-23 20:15:32,new online system made things much easier well done,12.914722222222222
2041,2041,The response time for service requests is unacceptably slow.,,Operations,Closed,CUST4056,2025-02-02 07:53:00,2025-02-05 03:18:14,2026-07-23 20:15:32,response time service requests unacceptably slow,67.42055555555555
2042,2042,Security personnel are not checking IDs properly at the gate.,,Security,Closed,CUST3177,2025-08-13 21:50:00,2025-08-18 02:34:31,2026-07-23 20:15:32,security personnel checking ids properly gate,100.74194444444444
2043,2043,Security personnel are not checking IDs properly at the gate.,,Security,Closed,CUST3689,2025-08-25 12:36:00,2025-08-26 19:14:05,2026-07-23 20:15:32,security personnel checking ids properly gate,30.634722222222223
2044,2044,"Great job by the support team, issue resolved within a day.",,Customer Support,Open,UNKNOWN,2025-02-11 12:09:00,,2026-07-23 20:15:32,great job support team issue resolved within day,
2045,2045,The equipment at the site is old and frequently malfunctions.,Infrastructure,Maintenance,Resolved,CUST6910,2025-11-24 14:11:00,2025-12-02 22:58:25,2026-07-23 20:15:32,equipment site old frequently malfunctions,200.7902777777778
2046,2046,The new infrastructure upgrade has improved things significantly.,Infrastructure,Maintenance,Resolved,CUST9209,2025-06-01 16:06:00,2025-06-11 13:26:01,2026-07-23 20:15:32,new infrastructure upgrade improved things significantly,237.3336111111111
2047,2047,My bill amount doubled this month without any explanation.,Billing Issue,Billing,Closed,CUST9697,2025-05-22 18:54:00,2025-05-26 00:06:11,2026-07-23 20:15:32,bill amount doubled month without explanation,77.20305555555555
2048,2048,Staff keep telling me to wait but nothing happens.,Service Delay,Operations,Resolved,CUST1645,2025-12-20 16:59:00,2025-12-23 19:26:07,2026-07-23 20:15:32,staff keep telling wait nothing happens,74.45194444444445
2049,2049,The staff member was polite and handled my issue very well.,,Customer Support,Resolved,CUST1293,2025-07-18 11:48:00,2025-07-23 14:07:26,2026-07-23 20:15:32,staff member polite handled issue well,122.32388888888889
2050,2050,It has been three weeks and my complaint is still not resolved.,Service Delay,Operations,Resolved,CUST4783,2025-07-14 18:59:00,2025-07-22 01:29:35,2026-07-23 20:15:32,three weeks complaint still resolved,174.50972222222222
2051,2051,"Excellent service today, very satisfied with the response.",,Customer Support,Closed,CUST4759,2025-06-10 10:57:00,2025-06-11 00:19:46,2026-07-23 20:15:32,excellent service today satisfied response,13.379444444444445
2052,2052,The new infrastructure upgrade has improved things significantly.,,Maintenance,Resolved,CUST8360,2025-04-09 09:00:00,2025-04-15 22:40:54,2026-07-23 20:15:32,new infrastructure upgrade improved things significantly,157.68166666666667
2053,2053,It has been three weeks and my complaint is still not resolved.,Service Delay,Operations,Closed,CUST9954,2025-06-03 11:51:00,2025-06-06 09:08:06,2026-07-23 20:15:32,three weeks complaint still resolved,69.285
2054,2054,I want to thank the team for resolving my issue so quickly.,Appreciation,Customer Support,Closed,CUST1838,2025-07-24 17:50:00,2025-07-25 21:13:02,2026-07-23 20:15:32,want thank team resolving issue quickly,27.38388888888889
2055,2055,The staff member was polite and handled my issue very well.,,Customer Support,In Progress,CUST4847,2025-04-22 13:35:00,,2026-07-23 20:15:32,staff member polite handled issue well,
2056,2056,"Great job by the support team, issue resolved within a day.",,Customer Support,Resolved,CUST8036,2025-07-11 10:11:00,2025-07-12 04:42:28,2026-07-23 20:15:32,great job support team issue resolved within day,18.524444444444445
2057,2057,My bill amount doubled this month without any explanation.,Billing Issue,Billing,Open,CUST5230,2025-12-01 12:06:00,,2026-07-23 20:15:32,bill amount doubled month without explanation,
2058,2058,"There is a billing error, I already paid but it still shows unpaid.",,Billing,Closed,CUST3685,2025-08-14 10:10:00,2025-08-15 07:53:42,2026-07-23 20:15:32,billing error already paid still shows unpaid,21.72833333333333
2059,2059,The response time for service requests is unacceptably slow.,,Operations,Resolved,CUST3548,2025-05-18 08:44:00,2025-05-27 08:07:21,2026-07-23 20:15:32,response time service requests unacceptably slow,215.38916666666665
2060,2060,I was asked to pay extra money to get my work done faster.,Corruption/Bribery,Administration,Closed,CUST5424,2025-12-03 08:49:00,2025-12-11 21:29:54,2026-07-23 20:15:32,asked pay extra money get work done faster,204.68166666666667
2061,2061,I want to thank the team for resolving my issue so quickly.,Appreciation,Customer Support,Resolved,CUST9758,2025-09-11 10:07:00,2025-09-12 11:07:54,2026-07-23 20:15:32,want thank team resolving issue quickly,25.015
2062,2062,The staff at the counter was extremely rude to me today.,Staff Behavior,Customer Support,Closed,CUST2507,2025-07-20 15:17:00,2025-07-24 06:56:07,2026-07-23 20:15:32,staff counter extremely rude today,87.65194444444444
2063,2063,I have been waiting since last month for this issue to be fixed.,Service Delay,Operations,Closed,CUST2415,2025-10-18 17:16:00,2025-10-24 02:51:27,2026-07-23 20:15:32,waiting since last month issue fixed,129.59083333333334
2064,2064,"Excellent service today, very satisfied with the response.",Appreciation,Customer Support,Closed,CUST8842,2025-03-06 13:33:00,2025-03-07 20:34:54,2026-07-23 20:15:32,excellent service today satisfied response,31.031666666666666
2065,2065,"The new online system has made things much easier, well done.",Appreciation,Customer Support,Closed,CUST9395,2025-01-28 11:24:00,2025-01-29 14:10:18,2026-07-23 20:15:32,new online system made things much easier well done,26.77166666666667
2066,2066,Security personnel are not checking IDs properly at the gate.,Safety Concern,Security,Resolved,CUST2096,2025-04-07 10:39:00,2025-04-11 00:13:56,2026-07-23 20:15:32,security personnel checking ids properly gate,85.58222222222223
2067,2067,"Excellent service today, very satisfied with the response.",Appreciation,Customer Support,Resolved,CUST6279,2025-10-25 14:31:00,2025-10-26 15:24:46,2026-07-23 20:15:32,excellent service today satisfied response,24.89611111111111
2068,2068,There is a major leakage that has not been fixed for weeks.,Infrastructure,Maintenance,In Progress,CUST1280,2025-11-02 12:28:00,,2026-07-23 20:15:32,major leakage fixed weeks,
2069,2069,"The new online system has made things much easier, well done.",Appreciation,Customer Support,Closed,CUST8593,2025-08-14 08:47:00,2025-08-15 10:12:46,2026-07-23 20:15:32,new online system made things much easier well done,25.429444444444446
2070,2070,I was overcharged on my last bill and no one is responding.,,Billing,Open,CUST9099,2025-08-18 15:49:00,,2026-07-23 20:15:32,overcharged last bill one responding,
2071,2071,The staff member was polite and handled my issue very well.,,Customer Support,Resolved,CUST6194,2025-09-11 05:07:00,2025-09-13 09:32:55,2026-07-23 20:15:32,staff member polite handled issue well,52.43194444444445
2072,2072,Staff keep telling me to wait but nothing happens.,,Operations,Closed,CUST5918,2025-10-10 14:02:00,2025-10-13 16:20:28,2026-07-23 20:15:32,staff keep telling wait nothing happens,74.30777777777777
2073,2073,There is a major leakage that has not been fixed for weeks.,,Maintenance,Closed,CUST7750,2025-08-27 09:24:00,2025-09-04 23:35:54,2026-07-23 20:15:32,major leakage fixed weeks,206.19833333333332
2074,2074,"The new online system has made things much easier, well done.",,Customer Support,In Progress,CUST5671,2025-02-10 13:47:00,,2026-07-23 20:15:32,new online system made things much easier well done,
2075,2075,It has been three weeks and my complaint is still not resolved.,,Operations,Resolved,CUST2857,2025-11-17 10:38:00,2025-11-22 07:27:59,2026-07-23 20:15:32,three weeks complaint still resolved,116.83305555555556
2076,2076,"There is a billing error, I already paid but it still shows unpaid.",Billing Issue,Billing,Open,CUST2291,2025-09-11 10:56:00,,2026-07-23 20:15:32,billing error already paid still shows unpaid,
2077,2077,The response time for service requests is unacceptably slow.,Service Delay,Operations,Closed,CUST2305,2025-05-25 06:35:00,2025-05-31 04:12:53,2026-07-23 20:15:32,response time service requests unacceptably slow,141.6313888888889
2078,2078,Thank you for quickly fixing the safety issue I reported earlier.,Safety Concern,Security,Resolved,CUST5874,2025-12-28 06:44:00,2025-12-31 09:50:36,2026-07-23 20:15:32,thank quickly fixing safety issue reported earlier,75.11
2079,2079,Why is the late fee applied when I paid on time?,Billing Issue,Billing,Closed,CUST6460,2025-09-02 09:19:00,2025-09-05 21:33:36,2026-07-23 20:15:32,late fee applied paid time,84.24333333333334
2080,2080,It has been three weeks and my complaint is still not resolved.,Service Delay,Operations,Open,CUST1696,2025-03-04 14:37:00,,2026-07-23 20:15:32,three weeks complaint still resolved,
2081,2081,The employee refused to help and was arguing instead of assisting.,Staff Behavior,Customer Support,In Progress,CUST5056,2025-06-04 09:16:00,,2026-07-23 20:15:32,employee refused help arguing instead assisting,
2082,2082,My bill amount doubled this month without any explanation.,Billing Issue,Billing,Closed,CUST1275,2025-03-19 14:44:00,2025-03-22 11:31:15,2026-07-23 20:15:32,bill amount doubled month without explanation,68.7875
2083,2083,I was treated very disrespectfully by the customer support agent.,,Customer Support,Closed,CUST7683,2025-03-27 17:55:00,2025-03-30 04:20:53,2026-07-23 20:15:32,treated disrespectfully customer support agent,58.43138888888889
2084,2084,The online payment portal charged me twice for the same bill.,Billing Issue,Billing,Closed,CUST9071,2025-11-19 12:50:00,2025-11-20 12:07:11,2026-07-23 20:15:32,online payment portal charged twice bill,23.28638888888889
2085,2085,The staff at the counter was extremely rude to me today.,Staff Behavior,Customer Support,Resolved,CUST5795,2025-06-20 16:42:00,2025-06-22 00:27:46,2026-07-23 20:15:32,staff counter extremely rude today,31.762777777777778
2086,2086,I have been waiting since last month for this issue to be fixed.,,Operations,Resolved,CUST3042,2025-12-14 10:58:00,2025-12-16 10:02:16,2026-07-23 20:15:32,waiting since last month issue fixed,47.07111111111111
2087,2087,The equipment at the site is old and frequently malfunctions.,Infrastructure,Maintenance,Closed,CUST4132,2025-08-16 17:00:00,2025-08-16 18:00:00,2026-07-23 20:15:32,equipment site old frequently malfunctions,1.0
2088,2088,No safety measures are in place despite previous warnings.,Safety Concern,Security,Resolved,CUST5076,2025-07-27 09:41:00,2025-08-01 22:53:33,2026-07-23 20:15:32,safety measures place despite previous warnings,133.20916666666668
2089,2089,I was overcharged on my last bill and no one is responding.,,Billing,Open,CUST7467,2025-04-08 17:47:00,,2026-07-23 20:15:32,overcharged last bill one responding,
2090,2090,My bill amount doubled this month without any explanation.,,Billing,Open,CUST2814,2025-05-04 11:36:00,,2026-07-23 20:15:32,bill amount doubled month without explanation,
2091,2091,I was asked to pay extra money to get my work done faster.,,Administration,Resolved,CUST3019,2025-06-11 12:13:00,2025-06-16 14:25:37,2026-07-23 20:15:32,asked pay extra money get work done faster,122.21027777777778
2092,2092,An official demanded a bribe before processing my documents.,,Administration,Resolved,CUST4302,2025-12-13 10:42:00,2025-12-20 04:07:31,2026-07-23 20:15:32,official demanded bribe processing documents,161.42527777777778
2093,2093,I was asked to pay extra money to get my work done faster.,Corruption/Bribery,Administration,Closed,CUST4977,2025-04-12 13:12:00,2025-04-19 22:09:11,2026-07-23 20:15:32,asked pay extra money get work done faster,176.95305555555555
2094,2094,The employee refused to help and was arguing instead of assisting.,,Customer Support,Resolved,CUST1976,2025-06-09 05:00:00,2025-06-09 06:00:00,2026-07-23 20:15:32,employee refused help arguing instead assisting,1.0
2095,2095,Thank you for quickly fixing the safety issue I reported earlier.,,Security,Closed,CUST5576,2025-05-14 08:07:00,2025-05-17 02:25:11,2026-07-23 20:15:32,thank quickly fixing safety issue reported earlier,66.30305555555556
2096,2096,I was overcharged on my last bill and no one is responding.,Billing Issue,Billing,Open,CUST5967,2025-07-25 14:33:00,,2026-07-23 20:15:32,overcharged last bill one responding,
2097,2097,Poor maintenance of the facility is causing repeated problems.,Infrastructure,Maintenance,Closed,CUST5417,2025-04-28 21:17:00,2025-05-12 23:09:38,2026-07-23 20:15:32,poor maintenance facility causing repeated problems,337.8772222222222
2098,2098,My bill amount doubled this month without any explanation.,Billing Issue,Billing,Closed,CUST7300,2025-06-05 07:01:00,2025-06-07 16:35:56,2026-07-23 20:15:32,bill amount doubled month without explanation,57.58222222222222
2099,2099,The online payment portal charged me twice for the same bill.,Billing Issue,Billing,In Progress,CUST5174,2025-07-05 11:07:00,,2026-07-23 20:15:32,online payment portal charged twice bill,
2100,2100,The equipment at the site is old and frequently malfunctions.,Infrastructure,Maintenance,In Progress,CUST2031,2025-11-17 08:51:00,,2026-07-23 20:15:32,equipment site old frequently malfunctions,
2101,2101,The staff at the counter was extremely rude to me today.,Staff Behavior,Customer Support,Closed,CUST9682,2025-04-10 14:16:00,2025-04-13 19:26:44,2026-07-23 20:15:32,staff counter extremely rude today,77.17888888888889
2102,2102,"Great job by the support team, issue resolved within a day.",,Customer Support,Closed,CUST7876,2025-12-01 07:09:00,2025-12-02 11:49:45,2026-07-23 20:15:32,great job support team issue resolved within day,28.679166666666667
2103,2103,The staff at the counter was extremely rude to me today.,Staff Behavior,Customer Support,Closed,CUST7960,2025-07-06 11:06:00,2025-07-06 20:09:48,2026-07-23 20:15:32,staff counter extremely rude today,9.063333333333333
2104,2104,The response time for service requests is unacceptably slow.,Service Delay,Operations,Closed,CUST6847,2025-07-21 17:25:00,2025-07-29 00:19:14,2026-07-23 20:15:32,response time service requests unacceptably slow,174.9038888888889
2105,2105,Why is the late fee applied when I paid on time?,,Billing,Open,CUST8723,2025-08-08 16:20:00,,2026-07-23 20:15:32,late fee applied paid time,
2106,2106,Thank you for quickly fixing the safety issue I reported earlier.,,Security,Closed,CUST2249,2025-05-08 14:27:00,2025-05-10 07:04:11,2026-07-23 20:15:32,thank quickly fixing safety issue reported earlier,40.61972222222222
2107,2107,My bill amount doubled this month without any explanation.,Billing Issue,Billing,In Progress,CUST2189,2025-04-28 08:02:00,,2026-07-23 20:15:32,bill amount doubled month without explanation,
2108,2108,The online payment portal charged me twice for the same bill.,,Billing,Closed,CUST2586,2025-06-05 11:14:00,2025-06-06 21:36:43,2026-07-23 20:15:32,online payment portal charged twice bill,34.37861111111111
2109,2109,I was overcharged on my last bill and no one is responding.,Billing Issue,Billing,Closed,CUST8370,2025-11-14 11:07:00,2025-11-17 09:20:15,2026-07-23 20:15:32,overcharged last bill one responding,70.22083333333333
2110,2110,I was asked to pay extra money to get my work done faster.,Corruption/Bribery,Administration,Open,CUST9796,2025-05-08 07:39:00,,2026-07-23 20:15:32,asked pay extra money get work done faster,
2111,2111,No safety measures are in place despite previous warnings.,Safety Concern,Security,Resolved,CUST1104,2025-01-23 11:17:00,2025-01-29 03:36:03,2026-07-23 20:15:32,safety measures place despite previous warnings,136.3175
2112,2112,"Great job by the support team, issue resolved within a day.",,Customer Support,Resolved,CUST2453,2025-10-07 09:50:00,2025-10-08 12:52:51,2026-07-23 20:15:32,great job support team issue resolved within day,27.0475
2113,2113,I was treated very disrespectfully by the customer support agent.,,Customer Support,Resolved,CUST6847,2025-12-09 06:00:00,2025-12-11 20:24:49,2026-07-23 20:15:32,treated disrespectfully customer support agent,62.41361111111111
2114,2114,Thank you for quickly fixing the safety issue I reported earlier.,Safety Concern,Security,Open,CUST1349,2025-08-01 11:47:00,,2026-07-23 20:15:32,thank quickly fixing safety issue reported earlier,
2115,2115,There is a major leakage that has not been fixed for weeks.,Infrastructure,Maintenance,Closed,CUST4208,2025-03-06 08:14:00,2025-03-15 04:28:53,2026-07-23 20:15:32,major leakage fixed weeks,212.24805555555557
2116,2116,I was asked to pay extra money to get my work done faster.,,Administration,Closed,CUST3203,2025-03-15 09:03:00,2025-03-24 04:08:21,2026-07-23 20:15:32,asked pay extra money get work done faster,211.08916666666667
2117,2117,My bill amount doubled this month without any explanation.,Billing Issue,Billing,Closed,CUST8074,2025-06-25 13:56:00,2025-06-27 20:43:17,2026-07-23 20:15:32,bill amount doubled month without explanation,54.78805555555556
2118,2118,I was overcharged on my last bill and no one is responding.,,Billing,Resolved,CUST1575,2025-10-06 19:30:00,2025-10-08 14:35:10,2026-07-23 20:15:32,overcharged last bill one responding,43.08611111111111
2119,2119,Very unprofessional behavior from the officer on duty.,,Customer Support,In Progress,CUST2776,2025-02-25 18:10:00,,2026-07-23 20:15:32,unprofessional behavior officer duty,
2120,2120,I was treated very disrespectfully by the customer support agent.,Staff Behavior,Customer Support,Resolved,CUST6407,2025-04-17 14:45:00,2025-04-19 02:11:35,2026-07-23 20:15:32,treated disrespectfully customer support agent,35.44305555555555
2121,2121,I was asked to pay extra money to get my work done faster.,,Administration,Closed,CUST8357,2025-10-20 16:34:00,2025-10-31 04:43:03,2026-07-23 20:15:32,asked pay extra money get work done faster,252.15083333333334
2122,2122,The staff member was polite and handled my issue very well.,Staff Behavior,Customer Support,In Progress,CUST1328,2025-10-15 13:17:00,,2026-07-23 20:15:32,staff member polite handled issue well,
2123,2123,"There is a billing error, I already paid but it still shows unpaid.",Billing Issue,Billing,Closed,CUST2889,2025-06-18 15:29:00,2025-06-21 22:42:35,2026-07-23 20:15:32,billing error already paid still shows unpaid,79.22638888888889
2124,2124,No safety measures are in place despite previous warnings.,Safety Concern,Security,Closed,CUST2854,2025-11-08 17:47:00,2025-11-11 17:41:20,2026-07-23 20:15:32,safety measures place despite previous warnings,71.90555555555555
2125,2125,Very unprofessional behavior from the officer on duty.,,Customer Support,Closed,CUST9486,2025-11-19 08:45:00,2025-11-22 13:07:26,2026-07-23 20:15:32,unprofessional behavior officer duty,76.37388888888889
2126,2126,My bill amount doubled this month without any explanation.,Billing Issue,Billing,Open,CUST9907,2025-10-08 17:58:00,,2026-07-23 20:15:32,bill amount doubled month without explanation,
2127,2127,I was asked to pay extra money to get my work done faster.,,Administration,Resolved,CUST5278,2025-07-03 11:21:00,2025-07-12 20:38:19,2026-07-23 20:15:32,asked pay extra money get work done faster,225.28861111111112
2128,2128,No technician has visited despite multiple requests.,Service Delay,Operations,Resolved,CUST3289,2025-10-02 11:27:00,2025-10-07 02:31:45,2026-07-23 20:15:32,technician visited despite multiple requests,111.07916666666667
2129,2129,No safety measures are in place despite previous warnings.,Safety Concern,Security,Open,CUST7916,2025-08-03 17:33:00,,2026-07-23 20:15:32,safety measures place despite previous warnings,
2130,2130,Thank you for quickly fixing the safety issue I reported earlier.,Safety Concern,Security,Resolved,CUST6532,2025-02-25 12:20:00,2025-03-01 17:29:35,2026-07-23 20:15:32,thank quickly fixing safety issue reported earlier,101.15972222222223
2131,2131,I was overcharged on my last bill and no one is responding.,Billing Issue,Billing,Closed,CUST1497,2025-09-25 13:42:00,2025-09-28 02:37:13,2026-07-23 20:15:32,overcharged last bill one responding,60.92027777777778
2132,2132,My bill amount doubled this month without any explanation.,,Billing,Resolved,CUST4119,2025-09-26 10:40:00,2025-09-27 00:47:11,2026-07-23 20:15:32,bill amount doubled month without explanation,14.119722222222222
2133,2133,The staff at the counter was extremely rude to me today.,Staff Behavior,Customer Support,Resolved,CUST1423,2025-06-18 06:41:00,2025-06-23 02:06:11,2026-07-23 20:15:32,staff counter extremely rude today,115.41972222222222
2134,2134,The equipment at the site is old and frequently malfunctions.,Infrastructure,Maintenance,Closed,CUST5749,2025-05-22 10:07:00,2025-05-28 10:44:40,2026-07-23 20:15:32,equipment site old frequently malfunctions,144.62777777777777
2135,2135,I witnessed a near-accident due to lack of proper signage.,Safety Concern,Security,Open,CUST9847,2025-03-18 15:52:00,,2026-07-23 20:15:32,witnessed near accident due lack proper signage,
2136,2136,Very unprofessional behavior from the officer on duty.,Staff Behavior,Customer Support,In Progress,CUST5734,2025-07-25 16:04:00,,2026-07-23 20:15:32,unprofessional behavior officer duty,
2137,2137,The staff at the counter was extremely rude to me today.,Staff Behavior,Customer Support,Resolved,CUST1723,2025-05-16 20:02:00,2025-05-21 10:49:02,2026-07-23 20:15:32,staff counter extremely rude today,110.7838888888889
2138,2138,The road near the facility is damaged and causing accidents.,,Maintenance,In Progress,CUST6922,2025-08-08 10:24:00,,2026-07-23 20:15:32,road near facility damaged causing accidents,
2139,2139,I witnessed a near-accident due to lack of proper signage.,,Security,Resolved,CUST3445,2025-07-13 23:24:00,2025-07-17 00:19:24,2026-07-23 20:15:32,witnessed near accident due lack proper signage,72.92333333333333
2140,2140,Thank you for quickly fixing the safety issue I reported earlier.,Safety Concern,Security,Closed,CUST3789,2025-04-11 04:23:00,2025-04-17 09:45:52,2026-07-23 20:15:32,thank quickly fixing safety issue reported earlier,149.38111111111112
2141,2141,Security personnel are not checking IDs properly at the gate.,Safety Concern,Security,Open,CUST7663,2025-09-18 15:45:00,,2026-07-23 20:15:32,security personnel checking ids properly gate,
2142,2142,Why is the late fee applied when I paid on time?,Billing Issue,Billing,Resolved,CUST1278,2025-08-20 08:35:00,2025-08-23 05:08:20,2026-07-23 20:15:32,late fee applied paid time,68.55555555555556
2143,2143,Thank you for quickly fixing the safety issue I reported earlier.,,Security,In Progress,CUST3005,2025-03-03 19:03:00,,2026-07-23 20:15:32,thank quickly fixing safety issue reported earlier,
2144,2144,An official demanded a bribe before processing my documents.,Corruption/Bribery,Administration,Resolved,CUST1081,2025-10-04 09:56:00,2025-10-07 10:20:41,2026-07-23 20:15:32,official demanded bribe processing documents,72.4113888888889
2145,2145,The response time for service requests is unacceptably slow.,Service Delay,Operations,Resolved,CUST5079,2025-12-21 10:11:00,2025-12-27 13:39:29,2026-07-23 20:15:32,response time service requests unacceptably slow,147.47472222222223
2146,2146,Very unprofessional behavior from the officer on duty.,Staff Behavior,Customer Support,Resolved,CUST4968,2025-09-07 13:33:00,2025-09-09 04:05:26,2026-07-23 20:15:32,unprofessional behavior officer duty,38.54055555555556
2147,2147,I was overcharged on my last bill and no one is responding.,Billing Issue,Billing,Closed,CUST9547,2025-03-13 09:39:00,2025-03-15 04:12:49,2026-07-23 20:15:32,overcharged last bill one responding,42.56361111111111
2148,2148,The equipment at the site is old and frequently malfunctions.,Infrastructure,Maintenance,In Progress,CUST3138,2025-06-06 11:01:00,,2026-07-23 20:15:32,equipment site old frequently malfunctions,
2149,2149,Staff keep telling me to wait but nothing happens.,,Operations,Closed,CUST8568,2025-06-04 16:19:00,2025-06-07 23:58:26,2026-07-23 20:15:32,staff keep telling wait nothing happens,79.65722222222222
2150,2150,An official demanded a bribe before processing my documents.,Corruption/Bribery,Administration,In Progress,CUST7122,2025-05-21 02:24:00,,2026-07-23 20:15:32,official demanded bribe processing documents,
2151,2151,There are serious safety hazards at the site that need urgent attention.,Safety Concern,Security,Closed,CUST9904,2025-03-26 14:14:00,2025-03-30 00:08:32,2026-07-23 20:15:32,serious safety hazards site need urgent attention,81.9088888888889
2152,2152,The equipment at the site is old and frequently malfunctions.,Infrastructure,Maintenance,Closed,CUST8697,2025-03-28 14:58:00,2025-04-04 08:16:54,2026-07-23 20:15:32,equipment site old frequently malfunctions,161.315
2153,2153,I have been waiting since last month for this issue to be fixed.,Service Delay,Operations,Resolved,CUST9689,2025-09-28 03:18:00,2025-10-01 21:54:57,2026-07-23 20:15:32,waiting since last month issue fixed,90.61583333333333
2154,2154,The staff at the counter was extremely rude to me today.,Staff Behavior,Customer Support,Resolved,CUST9207,2025-09-24 17:06:00,2025-09-28 07:14:48,2026-07-23 20:15:32,staff counter extremely rude today,86.14666666666666
2155,2155,The employee refused to help and was arguing instead of assisting.,Staff Behavior,Customer Support,Resolved,CUST6569,2025-05-05 19:29:00,2025-05-08 09:10:19,2026-07-23 20:15:32,employee refused help arguing instead assisting,61.68861111111111
2156,2156,I was overcharged on my last bill and no one is responding.,,Billing,In Progress,CUST6817,2025-12-10 11:15:00,,2026-07-23 20:15:32,overcharged last bill one responding,
2157,2157,The online payment portal charged me twice for the same bill.,Billing Issue,Billing,Closed,CUST4635,2025-04-11 06:56:00,2025-04-13 08:32:10,2026-07-23 20:15:32,online payment portal charged twice bill,49.602777777777774
2158,2158,There are serious safety hazards at the site that need urgent attention.,Safety Concern,Security,Resolved,CUST3027,2025-02-23 11:38:00,2025-02-26 10:54:51,2026-07-23 20:15:32,serious safety hazards site need urgent attention,71.28083333333333
2159,2159,The staff member was polite and handled my issue very well.,Staff Behavior,Customer Support,Open,CUST9070,2025-12-08 04:37:00,,2026-07-23 20:15:32,staff member polite handled issue well,
2160,2160,Why is the late fee applied when I paid on time?,Billing Issue,Billing,Closed,CUST2258,2025-08-08 14:02:00,2025-08-10 12:19:12,2026-07-23 20:15:32,late fee applied paid time,46.28666666666667
2161,2161,"Great job by the support team, issue resolved within a day.",Appreciation,Customer Support,Open,CUST7671,2025-09-11 14:24:00,,2026-07-23 20:15:32,great job support team issue resolved within day,
2162,2162,Thank you for quickly fixing the safety issue I reported earlier.,Safety Concern,Security,In Progress,CUST1481,2025-11-01 11:58:00,,2026-07-23 20:15:32,thank quickly fixing safety issue reported earlier,
2163,2163,The equipment at the site is old and frequently malfunctions.,Infrastructure,Maintenance,Open,CUST1214,2025-09-04 21:35:00,,2026-07-23 20:15:32,equipment site old frequently malfunctions,
2164,2164,I have been waiting since last month for this issue to be fixed.,Service Delay,Operations,Resolved,CUST2961,2025-05-21 13:44:00,2025-05-26 11:55:47,2026-07-23 20:15:32,waiting since last month issue fixed,118.19638888888889
2165,2165,"Great job by the support team, issue resolved within a day.",Appreciation,Customer Support,In Progress,CUST6665,2025-11-20 10:43:00,,2026-07-23 20:15:32,great job support team issue resolved within day,
2166,2166,I was overcharged on my last bill and no one is responding.,Billing Issue,Billing,Closed,CUST5699,2025-02-20 15:04:00,2025-02-23 00:09:26,2026-07-23 20:15:32,overcharged last bill one responding,57.090555555555554
2167,2167,"There is a billing error, I already paid but it still shows unpaid.",Billing Issue,Billing,Resolved,CUST3282,2025-04-13 11:33:00,2025-04-15 06:24:40,2026-07-23 20:15:32,billing error already paid still shows unpaid,42.861111111111114
2168,2168,Security personnel are not checking IDs properly at the gate.,,Security,In Progress,CUST9287,2025-04-27 13:46:00,,2026-07-23 20:15:32,security personnel checking ids properly gate,
2169,2169,My bill amount doubled this month without any explanation.,,Billing,Resolved,CUST1597,2025-06-11 06:21:00,2025-06-14 05:35:12,2026-07-23 20:15:32,bill amount doubled month without explanation,71.23666666666666
2170,2170,The equipment at the site is old and frequently malfunctions.,,Maintenance,Closed,CUST7010,2025-03-18 16:26:00,2025-03-26 02:54:43,2026-07-23 20:15:32,equipment site old frequently malfunctions,178.47861111111112
2171,2171,The equipment at the site is old and frequently malfunctions.,Infrastructure,Maintenance,Resolved,CUST1759,2025-04-13 09:27:00,2025-04-23 20:18:10,2026-07-23 20:15:32,equipment site old frequently malfunctions,250.8527777777778
2172,2172,The staff at the counter was extremely rude to me today.,,Customer Support,Closed,CUST1690,2025-02-05 19:27:00,2025-02-08 03:38:45,2026-07-23 20:15:32,staff counter extremely rude today,56.19583333333333
2173,2173,I want to thank the team for resolving my issue so quickly.,Appreciation,Customer Support,Resolved,CUST2448,2025-07-07 07:23:00,2025-07-07 12:19:22,2026-07-23 20:15:32,want thank team resolving issue quickly,4.939444444444445
2174,2174,There are serious safety hazards at the site that need urgent attention.,Safety Concern,Security,Open,CUST4487,2025-06-22 17:29:00,,2026-07-23 20:15:32,serious safety hazards site need urgent attention,
2175,2175,My bill amount doubled this month without any explanation.,,Billing,In Progress,CUST8041,2025-09-09 07:57:00,,2026-07-23 20:15:32,bill amount doubled month without explanation,
2176,2176,I was treated very disrespectfully by the customer support agent.,Staff Behavior,Customer Support,Resolved,CUST3336,2025-06-04 09:31:00,2025-06-06 15:56:52,2026-07-23 20:15:32,treated disrespectfully customer support agent,54.431111111111115
2177,2177,The new infrastructure upgrade has improved things significantly.,,Maintenance,Closed,CUST5980,2025-10-10 16:47:00,2025-10-18 23:54:29,2026-07-23 20:15:32,new infrastructure upgrade improved things significantly,199.12472222222223
2178,2178,I was asked to pay extra money to get my work done faster.,,Administration,In Progress,CUST8813,2025-10-15 12:49:00,,2026-07-23 20:15:32,asked pay extra money get work done faster,
2179,2179,There is clear favoritism and under-the-table dealing happening.,,Administration,Resolved,CUST7132,2025-09-17 10:08:00,2025-09-22 00:41:03,2026-07-23 20:15:32,clear favoritism table dealing happening,110.55083333333333
2180,2180,The road near the facility is damaged and causing accidents.,Infrastructure,Maintenance,Resolved,CUST1778,2025-01-22 11:23:00,2025-01-26 16:23:21,2026-07-23 20:15:32,road near facility damaged causing accidents,101.00583333333333
2181,2181,The staff member was polite and handled my issue very well.,Staff Behavior,Customer Support,In Progress,CUST1258,2025-07-03 13:51:00,,2026-07-23 20:15:32,staff member polite handled issue well,
2182,2182,Poor maintenance of the facility is causing repeated problems.,Infrastructure,Maintenance,In Progress,CUST7893,2025-12-19 16:51:00,,2026-07-23 20:15:32,poor maintenance facility causing repeated problems,
2183,2183,Thank you for quickly fixing the safety issue I reported earlier.,Safety Concern,Security,Closed,CUST8474,2025-10-28 16:49:00,2025-11-01 14:45:19,2026-07-23 20:15:32,thank quickly fixing safety issue reported earlier,93.93861111111111
2184,2184,The online payment portal charged me twice for the same bill.,Billing Issue,Billing,Resolved,CUST5066,2025-05-18 08:50:00,2025-05-20 00:01:07,2026-07-23 20:15:32,online payment portal charged twice bill,39.18527777777778
2185,2185,The online payment portal charged me twice for the same bill.,,Billing,Resolved,CUST4185,2025-02-01 11:49:00,2025-02-02 22:28:49,2026-07-23 20:15:32,online payment portal charged twice bill,34.66361111111111
2186,2186,"Excellent service today, very satisfied with the response.",,Customer Support,Closed,CUST3314,2025-02-27 11:49:00,2025-02-28 08:04:24,2026-07-23 20:15:32,excellent service today satisfied response,20.256666666666668
2187,2187,Security personnel are not checking IDs properly at the gate.,Safety Concern,Security,Resolved,CUST8749,2025-06-18 05:03:00,2025-06-22 04:44:23,2026-07-23 20:15:32,security personnel checking ids properly gate,95.68972222222222
2188,2188,I was overcharged on my last bill and no one is responding.,Billing Issue,Billing,Open,CUST4537,2025-06-14 11:57:00,,2026-07-23 20:15:32,overcharged last bill one responding,
2189,2189,No technician has visited despite multiple requests.,Service Delay,Operations,Closed,CUST6927,2025-07-08 15:20:00,2025-07-14 16:32:32,2026-07-23 20:15:32,technician visited despite multiple requests,145.20888888888888
2190,2190,The new infrastructure upgrade has improved things significantly.,Infrastructure,Maintenance,Open,CUST5664,2025-03-18 10:48:00,,2026-07-23 20:15:32,new infrastructure upgrade improved things significantly,
2191,2191,An official demanded a bribe before processing my documents.,Corruption/Bribery,Administration,Closed,CUST8113,2025-12-22 18:07:00,2025-12-26 03:50:53,2026-07-23 20:15:32,official demanded bribe processing documents,81.73138888888889
2192,2192,Staff keep telling me to wait but nothing happens.,Service Delay,Operations,Resolved,CUST9921,2025-10-26 18:09:00,2025-10-29 18:02:36,2026-07-23 20:15:32,staff keep telling wait nothing happens,71.89333333333333
2193,2193,Poor maintenance of the facility is causing repeated problems.,Infrastructure,Maintenance,Resolved,CUST6647,2025-08-03 11:50:00,2025-08-09 07:38:18,2026-07-23 20:15:32,poor maintenance facility causing repeated problems,139.805
2194,2194,It has been three weeks and my complaint is still not resolved.,Service Delay,Operations,Resolved,CUST2609,2025-12-07 09:00:00,2025-12-14 07:48:53,2026-07-23 20:15:32,three weeks complaint still resolved,166.81472222222223
2195,2195,There is a major leakage that has not been fixed for weeks.,,Maintenance,In Progress,CUST2969,2025-09-26 15:33:00,,2026-07-23 20:15:32,major leakage fixed weeks,
2196,2196,No technician has visited despite multiple requests.,Service Delay,Operations,Open,CUST6091,2025-09-13 17:34:00,,2026-07-23 20:15:32,technician visited despite multiple requests,
2197,2197,An official demanded a bribe before processing my documents.,Corruption/Bribery,Administration,Open,CUST8838,2025-08-02 11:54:00,,2026-07-23 20:15:32,official demanded bribe processing documents,
2198,2198,There are serious safety hazards at the site that need urgent attention.,Safety Concern,Security,Resolved,CUST7378,2025-01-28 08:32:00,2025-02-01 21:05:45,2026-07-23 20:15:32,serious safety hazards site need urgent attention,108.5625
2199,2199,I was overcharged on my last bill and no one is responding.,,Billing,Resolved,CUST4167,2025-02-25 15:24:00,2025-02-28 18:18:26,2026-07-23 20:15:32,overcharged last bill one responding,74.90722222222222
2200,2200,I witnessed a near-accident due to lack of proper signage.,Safety Concern,Security,Open,CUST7147,2025-10-27 10:54:00,,2026-07-23 20:15:32,witnessed near accident due lack proper signage,
2201,2201,The staff member was polite and handled my issue very well.,,Customer Support,Resolved,CUST6265,2025-08-03 07:18:00,2025-08-04 22:25:11,2026-07-23 20:15:32,staff member polite handled issue well,39.11972222222222
2202,2202,Why is the late fee applied when I paid on time?,Billing Issue,Billing,Resolved,CUST8263,2025-09-28 23:40:00,2025-10-01 16:48:40,2026-07-23 20:15:32,late fee applied paid time,65.14444444444445
2203,2203,There is a major leakage that has not been fixed for weeks.,,Maintenance,Resolved,CUST9114,2025-01-12 17:14:00,2025-01-27 03:36:10,2026-07-23 20:15:32,major leakage fixed weeks,346.36944444444447
2204,2204,The staff member was polite and handled my issue very well.,Staff Behavior,Customer Support,Closed,CUST3289,2025-05-06 10:03:00,2025-05-12 03:45:41,2026-07-23 20:15:32,staff member polite handled issue well,137.71138888888888
2205,2205,Security personnel are not checking IDs properly at the gate.,Safety Concern,Security,In Progress,CUST2508,2025-08-20 11:08:00,,2026-07-23 20:15:32,security personnel checking ids properly gate,
2206,2206,Security personnel are not checking IDs properly at the gate.,Safety Concern,Security,Closed,CUST3637,2025-09-27 11:30:00,2025-09-30 07:15:53,2026-07-23 20:15:32,security personnel checking ids properly gate,67.76472222222222
2207,2207,The staff member was polite and handled my issue very well.,Staff Behavior,Customer Support,Open,CUST9741,2025-02-25 10:16:00,,2026-07-23 20:15:32,staff member polite handled issue well,
2208,2208,No technician has visited despite multiple requests.,,Operations,Open,CUST6147,2025-04-15 13:14:00,,2026-07-23 20:15:32,technician visited despite multiple requests,
2209,2209,No technician has visited despite multiple requests.,Service Delay,Operations,Resolved,CUST8606,2025-04-13 17:06:00,2025-04-20 13:38:46,2026-07-23 20:15:32,technician visited despite multiple requests,164.54611111111112
2210,2210,My bill amount doubled this month without any explanation.,Billing Issue,Billing,In Progress,CUST4585,2025-08-03 13:38:00,,2026-07-23 20:15:32,bill amount doubled month without explanation,
2211,2211,No safety measures are in place despite previous warnings.,Safety Concern,Security,Open,CUST6651,2025-10-22 16:20:00,,2026-07-23 20:15:32,safety measures place despite previous warnings,
2212,2212,No technician has visited despite multiple requests.,,Operations,Closed,CUST5335,2025-04-03 02:57:00,2025-04-09 05:00:20,2026-07-23 20:15:32,technician visited despite multiple requests,146.05555555555554
2213,2213,There is a major leakage that has not been fixed for weeks.,Infrastructure,Maintenance,Open,CUST9360,2025-11-11 16:03:00,,2026-07-23 20:15:32,major leakage fixed weeks,
2214,2214,I was overcharged on my last bill and no one is responding.,,Billing,In Progress,CUST5098,2025-06-10 06:03:00,,2026-07-23 20:15:32,overcharged last bill one responding,
2215,2215,An official demanded a bribe before processing my documents.,Corruption/Bribery,Administration,Open,CUST9186,2025-07-04 18:59:00,,2026-07-23 20:15:32,official demanded bribe processing documents,
2216,2216,There is a major leakage that has not been fixed for weeks.,Infrastructure,Maintenance,Closed,CUST9053,2025-11-03 23:00:00,2025-11-09 02:48:52,2026-07-23 20:15:32,major leakage fixed weeks,123.81444444444445
2217,2217,There is clear favoritism and under-the-table dealing happening.,,Administration,Resolved,CUST7879,2025-07-06 16:06:00,2025-07-11 05:28:49,2026-07-23 20:15:32,clear favoritism table dealing happening,109.38027777777778
2218,2218,The online payment portal charged me twice for the same bill.,Billing Issue,Billing,Closed,CUST8175,2025-05-27 09:31:00,2025-05-30 02:48:15,2026-07-23 20:15:32,online payment portal charged twice bill,65.2875
2219,2219,I have been waiting since last month for this issue to be fixed.,,Operations,Closed,CUST2883,2025-11-08 10:55:00,2025-11-14 08:34:31,2026-07-23 20:15:32,waiting since last month issue fixed,141.6586111111111
2220,2220,I was asked to pay extra money to get my work done faster.,,Administration,Open,CUST8366,2025-07-11 15:26:00,,2026-07-23 20:15:32,asked pay extra money get work done faster,
2221,2221,I want to thank the team for resolving my issue so quickly.,Appreciation,Customer Support,Resolved,CUST7599,2025-07-23 14:37:00,2025-07-25 06:11:59,2026-07-23 20:15:32,want thank team resolving issue quickly,39.58305555555555
2222,2222,The road near the facility is damaged and causing accidents.,Infrastructure,Maintenance,Resolved,CUST4865,2025-06-23 13:03:00,2025-07-04 22:26:06,2026-07-23 20:15:32,road near facility damaged causing accidents,273.385
2223,2223,"Excellent service today, very satisfied with the response.",Appreciation,Customer Support,Closed,CUST3353,2025-10-01 11:23:00,2025-10-02 20:11:44,2026-07-23 20:15:32,excellent service today satisfied response,32.812222222222225
2224,2224,My bill amount doubled this month without any explanation.,,Billing,In Progress,CUST7444,2025-03-21 09:22:00,,2026-07-23 20:15:32,bill amount doubled month without explanation,
2225,2225,The equipment at the site is old and frequently malfunctions.,Infrastructure,Maintenance,Closed,CUST5340,2025-01-11 15:34:00,2025-01-17 10:17:52,2026-07-23 20:15:32,equipment site old frequently malfunctions,138.73111111111112
2226,2226,No technician has visited despite multiple requests.,,Operations,Closed,CUST3273,2025-09-17 09:41:00,2025-09-25 03:28:08,2026-07-23 20:15:32,technician visited despite multiple requests,185.78555555555556
2227,2227,I have been waiting since last month for this issue to be fixed.,Service Delay,Operations,Closed,CUST9753,2025-12-25 09:38:00,2025-12-31 19:00:11,2026-07-23 20:15:32,waiting since last month issue fixed,153.3697222222222
2228,2228,I witnessed a near-accident due to lack of proper signage.,Safety Concern,Security,Resolved,CUST1264,2025-04-20 07:38:00,2025-04-24 11:50:54,2026-07-23 20:15:32,witnessed near accident due lack proper signage,100.215
2229,2229,"Excellent service today, very satisfied with the response.",,Customer Support,In Progress,CUST4765,2025-11-02 17:54:00,,2026-07-23 20:15:32,excellent service today satisfied response,
2230,2230,The new infrastructure upgrade has improved things significantly.,,Maintenance,Closed,CUST5781,2025-06-24 06:38:00,2025-06-29 07:36:12,2026-07-23 20:15:32,new infrastructure upgrade improved things significantly,120.97
2231,2231,The equipment at the site is old and frequently malfunctions.,Infrastructure,Maintenance,Closed,CUST2081,2025-11-11 15:54:00,2025-11-19 01:00:23,2026-07-23 20:15:32,equipment site old frequently malfunctions,177.1063888888889
2232,2232,The equipment at the site is old and frequently malfunctions.,Infrastructure,Maintenance,Resolved,CUST1586,2025-05-21 19:34:00,2025-05-23 02:22:38,2026-07-23 20:15:32,equipment site old frequently malfunctions,30.810555555555556
2233,2233,Poor maintenance of the facility is causing repeated problems.,Infrastructure,Maintenance,Closed,CUST7397,2025-02-06 10:15:00,2025-02-13 16:54:31,2026-07-23 20:15:32,poor maintenance facility causing repeated problems,174.6586111111111
2234,2234,The staff member was polite and handled my issue very well.,Staff Behavior,Customer Support,Open,CUST5503,2025-09-22 07:11:00,,2026-07-23 20:15:32,staff member polite handled issue well,
2235,2235,It has been three weeks and my complaint is still not resolved.,Service Delay,Operations,Resolved,CUST9108,2025-12-03 10:46:00,2025-12-08 09:40:58,2026-07-23 20:15:32,three weeks complaint still resolved,118.9161111111111
2236,2236,Poor maintenance of the facility is causing repeated problems.,Infrastructure,Maintenance,Resolved,CUST9287,2025-06-05 04:54:00,2025-06-09 23:13:54,2026-07-23 20:15:32,poor maintenance facility causing repeated problems,114.33166666666666
2237,2237,I was treated very disrespectfully by the customer support agent.,,Customer Support,Resolved,CUST1625,2025-10-05 13:20:00,2025-10-10 20:22:55,2026-07-23 20:15:32,treated disrespectfully customer support agent,127.04861111111111
2238,2238,Thank you for quickly fixing the safety issue I reported earlier.,,Security,Resolved,CUST4890,2025-05-17 09:00:00,2025-05-22 15:16:04,2026-07-23 20:15:32,thank quickly fixing safety issue reported earlier,126.26777777777778
2239,2239,The response time for service requests is unacceptably slow.,Service Delay,Operations,Closed,CUST7392,2025-11-22 21:57:00,2025-11-25 09:42:49,2026-07-23 20:15:32,response time service requests unacceptably slow,59.76361111111111
2240,2240,Staff keep telling me to wait but nothing happens.,Service Delay,Operations,Open,CUST3751,2025-05-15 06:36:00,,2026-07-23 20:15:32,staff keep telling wait nothing happens,
2241,2241,Staff keep telling me to wait but nothing happens.,,Operations,Closed,CUST3990,2025-03-24 18:21:00,2025-04-02 00:12:54,2026-07-23 20:15:32,staff keep telling wait nothing happens,197.865
2242,2242,"Great job by the support team, issue resolved within a day.",Appreciation,Customer Support,Open,CUST5819,2025-06-13 13:12:00,,2026-07-23 20:15:32,great job support team issue resolved within day,
2243,2243,My bill amount doubled this month without any explanation.,Billing Issue,Billing,Resolved,CUST5411,2025-08-05 07:43:00,2025-08-08 21:10:42,2026-07-23 20:15:32,bill amount doubled month without explanation,85.46166666666667
2244,2244,No safety measures are in place despite previous warnings.,Safety Concern,Security,Closed,CUST2689,2025-11-07 07:34:00,2025-11-08 13:29:49,2026-07-23 20:15:32,safety measures place despite previous warnings,29.93027777777778
2245,2245,No technician has visited despite multiple requests.,,Operations,Closed,CUST6535,2025-04-22 19:43:00,2025-04-29 22:32:08,2026-07-23 20:15:32,technician visited despite multiple requests,170.8188888888889
2246,2246,Security personnel are not checking IDs properly at the gate.,Safety Concern,Security,In Progress,CUST7613,2025-03-11 11:24:00,,2026-07-23 20:15:32,security personnel checking ids properly gate,
2247,2247,"Excellent service today, very satisfied with the response.",Appreciation,Customer Support,Resolved,CUST7062,2025-11-08 08:21:00,2025-11-08 22:46:20,2026-07-23 20:15:32,excellent service today satisfied response,14.422222222222222
2248,2248,The online payment portal charged me twice for the same bill.,,Billing,Resolved,CUST9022,2025-02-23 13:25:00,2025-02-26 09:19:13,2026-07-23 20:15:32,online payment portal charged twice bill,67.9036111111111
2249,2249,Very unprofessional behavior from the officer on duty.,,Customer Support,Open,CUST8991,2025-12-18 15:20:00,,2026-07-23 20:15:32,unprofessional behavior officer duty,
2250,2250,I witnessed a near-accident due to lack of proper signage.,Safety Concern,Security,In Progress,CUST2965,2025-10-08 18:00:00,,2026-07-23 20:15:32,witnessed near accident due lack proper signage,
2251,2251,There is clear favoritism and under-the-table dealing happening.,Corruption/Bribery,Administration,Closed,CUST8933,2025-10-03 16:59:00,2025-10-12 21:55:02,2026-07-23 20:15:32,clear favoritism table dealing happening,220.9338888888889
2252,2252,My bill amount doubled this month without any explanation.,,Billing,Resolved,CUST1617,2025-07-23 20:21:00,2025-07-26 18:38:07,2026-07-23 20:15:32,bill amount doubled month without explanation,70.28527777777778
2253,2253,"There is a billing error, I already paid but it still shows unpaid.",Billing Issue,Billing,In Progress,CUST6353,2025-04-10 10:05:00,,2026-07-23 20:15:32,billing error already paid still shows unpaid,
2254,2254,I was asked to pay extra money to get my work done faster.,Corruption/Bribery,Administration,Resolved,CUST7872,2025-02-24 00:11:00,2025-02-28 01:19:09,2026-07-23 20:15:32,asked pay extra money get work done faster,97.13583333333334
2255,2255,The staff member was polite and handled my issue very well.,,Customer Support,Resolved,CUST1263,2025-02-26 14:27:00,2025-02-28 17:56:16,2026-07-23 20:15:32,staff member polite handled issue well,51.48777777777778
2256,2256,"The new online system has made things much easier, well done.",Appreciation,Customer Support,Closed,CUST5644,2025-12-05 14:44:00,2025-12-06 12:26:50,2026-07-23 20:15:32,new online system made things much easier well done,21.71388888888889
2257,2257,I want to thank the team for resolving my issue so quickly.,Appreciation,Customer Support,Resolved,CUST2999,2025-01-12 15:11:00,2025-01-13 15:37:29,2026-07-23 20:15:32,want thank team resolving issue quickly,24.441388888888888
2258,2258,The new infrastructure upgrade has improved things significantly.,,Maintenance,Closed,CUST8831,2025-07-02 10:38:00,2025-07-12 23:52:00,2026-07-23 20:15:32,new infrastructure upgrade improved things significantly,253.23333333333332
2259,2259,"There is a billing error, I already paid but it still shows unpaid.",Billing Issue,Billing,Resolved,CUST6706,2025-03-28 10:32:00,2025-03-31 23:48:16,2026-07-23 20:15:32,billing error already paid still shows unpaid,85.27111111111111
2260,2260,No technician has visited despite multiple requests.,Service Delay,Operations,Closed,CUST7817,2025-12-18 08:51:00,2025-12-23 19:57:33,2026-07-23 20:15:32,technician visited despite multiple requests,131.10916666666665
2261,2261,"There is a billing error, I already paid but it still shows unpaid.",Billing Issue,Billing,Resolved,CUST9829,2025-11-19 08:32:00,2025-11-21 20:56:45,2026-07-23 20:15:32,billing error already paid still shows unpaid,60.4125
2262,2262,The employee refused to help and was arguing instead of assisting.,Staff Behavior,Customer Support,Closed,CUST5581,2025-11-05 11:31:00,2025-11-09 12:54:04,2026-07-23 20:15:32,employee refused help arguing instead assisting,97.38444444444444
2263,2263,The employee refused to help and was arguing instead of assisting.,,Customer Support,Closed,CUST5719,2025-09-14 08:23:00,2025-09-18 05:09:07,2026-07-23 20:15:32,employee refused help arguing instead assisting,92.76861111111111
2264,2264,My bill amount doubled this month without any explanation.,,Billing,Open,CUST8014,2025-05-20 00:58:00,,2026-07-23 20:15:32,bill amount doubled month without explanation,
2265,2265,I want to thank the team for resolving my issue so quickly.,,Customer Support,Closed,CUST6027,2025-03-28 15:00:00,2025-03-29 02:32:38,2026-07-23 20:15:32,want thank team resolving issue quickly,11.543888888888889
2266,2266,No technician has visited despite multiple requests.,,Operations,Closed,CUST2896,2025-07-08 01:04:00,2025-07-11 12:41:22,2026-07-23 20:15:32,technician visited despite multiple requests,83.62277777777778
2267,2267,I witnessed a near-accident due to lack of proper signage.,,Security,In Progress,CUST4343,2025-02-01 13:20:00,,2026-07-23 20:15:32,witnessed near accident due lack proper signage,
2268,2268,Poor maintenance of the facility is causing repeated problems.,,Maintenance,Open,CUST9516,2025-07-06 17:43:00,,2026-07-23 20:15:32,poor maintenance facility causing repeated problems,
2269,2269,Very unprofessional behavior from the officer on duty.,Staff Behavior,Customer Support,Resolved,CUST4638,2025-06-20 20:45:00,2025-06-24 14:16:19,2026-07-23 20:15:32,unprofessional behavior officer duty,89.52194444444444
2270,2270,Very unprofessional behavior from the officer on duty.,Staff Behavior,Customer Support,Resolved,CUST3125,2025-09-10 07:41:00,2025-09-16 15:20:36,2026-07-23 20:15:32,unprofessional behavior officer duty,151.66
2271,2271,Staff keep telling me to wait but nothing happens.,,Operations,Closed,CUST2140,2025-12-23 13:10:00,2025-12-31 09:14:31,2026-07-23 20:15:32,staff keep telling wait nothing happens,188.07527777777779
2272,2272,I was treated very disrespectfully by the customer support agent.,,Customer Support,Open,CUST2030,2025-08-26 11:52:00,,2026-07-23 20:15:32,treated disrespectfully customer support agent,
2273,2273,The online payment portal charged me twice for the same bill.,,Billing,Open,CUST2517,2025-03-27 09:41:00,,2026-07-23 20:15:32,online payment portal charged twice bill,
2274,2274,I was overcharged on my last bill and no one is responding.,Billing Issue,Billing,Resolved,CUST4341,2025-11-17 07:15:00,2025-11-18 00:44:40,2026-07-23 20:15:32,overcharged last bill one responding,17.494444444444444
2275,2275,Poor maintenance of the facility is causing repeated problems.,Infrastructure,Maintenance,Closed,CUST2426,2025-05-18 10:10:00,2025-05-26 15:38:44,2026-07-23 20:15:32,poor maintenance facility causing repeated problems,197.4788888888889
2276,2276,There is a major leakage that has not been fixed for weeks.,,Maintenance,Resolved,CUST6950,2025-09-12 13:30:00,2025-09-21 19:28:45,2026-07-23 20:15:32,major leakage fixed weeks,221.97916666666666
2277,2277,The employee refused to help and was arguing instead of assisting.,Staff Behavior,Customer Support,Closed,CUST6331,2025-07-13 17:09:00,2025-07-16 00:57:57,2026-07-23 20:15:32,employee refused help arguing instead assisting,55.81583333333333
2278,2278,I was overcharged on my last bill and no one is responding.,Billing Issue,Billing,Closed,CUST4950,2025-07-25 10:54:00,2025-07-28 06:22:52,2026-07-23 20:15:32,overcharged last bill one responding,67.4811111111111
2279,2279,Security personnel are not checking IDs properly at the gate.,Safety Concern,Security,Closed,CUST8680,2025-01-28 11:11:00,2025-02-03 00:35:51,2026-07-23 20:15:32,security personnel checking ids properly gate,133.41416666666666
2280,2280,Why is the late fee applied when I paid on time?,Billing Issue,Billing,Closed,CUST4049,2025-08-07 10:28:00,2025-08-10 08:23:24,2026-07-23 20:15:32,late fee applied paid time,69.92333333333333
2281,2281,I want to thank the team for resolving my issue so quickly.,Appreciation,Customer Support,Resolved,CUST4507,2025-05-06 08:09:00,2025-05-06 23:20:50,2026-07-23 20:15:32,want thank team resolving issue quickly,15.197222222222223
2282,2282,No safety measures are in place despite previous warnings.,Safety Concern,Security,Closed,CUST2234,2025-12-24 14:27:00,2025-12-28 20:12:30,2026-07-23 20:15:32,safety measures place despite previous warnings,101.75833333333334
2283,2283,There is a major leakage that has not been fixed for weeks.,,Maintenance,Closed,CUST6958,2025-07-05 15:15:00,2025-07-17 10:06:28,2026-07-23 20:15:32,major leakage fixed weeks,282.85777777777776
2284,2284,There is a major leakage that has not been fixed for weeks.,,Maintenance,Resolved,CUST6047,2025-09-28 17:57:00,2025-10-09 19:31:41,2026-07-23 20:15:32,major leakage fixed weeks,265.5780555555556
2285,2285,It has been three weeks and my complaint is still not resolved.,Service Delay,Operations,Closed,CUST4585,2025-07-21 13:29:00,2025-07-28 01:14:41,2026-07-23 20:15:32,three weeks complaint still resolved,155.7613888888889
2286,2286,Why is the late fee applied when I paid on time?,Billing Issue,Billing,In Progress,CUST9161,2025-05-01 09:36:00,,2026-07-23 20:15:32,late fee applied paid time,
2287,2287,The road near the facility is damaged and causing accidents.,Infrastructure,Maintenance,Closed,CUST8189,2025-03-15 04:38:00,2025-03-28 07:47:20,2026-07-23 20:15:32,road near facility damaged causing accidents,315.15555555555557
2288,2288,The online payment portal charged me twice for the same bill.,,Billing,Open,CUST8676,2025-03-03 10:10:00,,2026-07-23 20:15:32,online payment portal charged twice bill,
2289,2289,Security personnel are not checking IDs properly at the gate.,Safety Concern,Security,Closed,CUST3265,2025-09-07 12:31:00,2025-09-12 20:08:44,2026-07-23 20:15:32,security personnel checking ids properly gate,127.6288888888889
2290,2290,The new infrastructure upgrade has improved things significantly.,,Maintenance,Open,CUST2614,2025-12-17 09:15:00,,2026-07-23 20:15:32,new infrastructure upgrade improved things significantly,
2291,2291,"There is a billing error, I already paid but it still shows unpaid.",Billing Issue,Billing,Closed,CUST3838,2025-06-26 08:46:00,2025-06-28 15:28:56,2026-07-23 20:15:32,billing error already paid still shows unpaid,54.715555555555554
2292,2292,I was overcharged on my last bill and no one is responding.,Billing Issue,Billing,Resolved,CUST8628,2025-04-18 21:31:00,2025-04-20 20:28:54,2026-07-23 20:15:32,overcharged last bill one responding,46.965
2293,2293,The staff member was polite and handled my issue very well.,Staff Behavior,Customer Support,Closed,CUST7098,2025-11-15 14:22:00,2025-11-17 10:04:34,2026-07-23 20:15:32,staff member polite handled issue well,43.70944444444444
2294,2294,The equipment at the site is old and frequently malfunctions.,,Maintenance,Resolved,CUST1662,2025-03-21 13:34:00,2025-03-30 13:15:25,2026-07-23 20:15:32,equipment site old frequently malfunctions,215.69027777777777
2295,2295,"There is a billing error, I already paid but it still shows unpaid.",,Billing,Resolved,UNKNOWN,2025-12-08 13:59:00,2025-12-09 20:37:30,2026-07-23 20:15:32,billing error already paid still shows unpaid,30.641666666666666
2296,2296,I was overcharged on my last bill and no one is responding.,Billing Issue,Billing,Closed,CUST2533,2025-05-28 09:10:00,2025-05-31 06:21:40,2026-07-23 20:15:32,overcharged last bill one responding,69.19444444444444
2297,2297,My bill amount doubled this month without any explanation.,Billing Issue,Billing,Closed,CUST6705,2025-08-06 06:49:00,2025-08-08 15:56:23,2026-07-23 20:15:32,bill amount doubled month without explanation,57.12305555555555
2298,2298,The road near the facility is damaged and causing accidents.,Infrastructure,Maintenance,Closed,CUST4159,2025-05-16 13:17:00,2025-05-21 05:54:36,2026-07-23 20:15:32,road near facility damaged causing accidents,112.62666666666667
2299,2299,My bill amount doubled this month without any explanation.,,Billing,Closed,CUST9189,2025-11-19 10:26:00,2025-11-22 02:27:38,2026-07-23 20:15:32,bill amount doubled month without explanation,64.02722222222222
2300,2300,I was overcharged on my last bill and no one is responding.,,Billing,In Progress,CUST4395,2025-03-02 14:40:00,,2026-07-23 20:15:32,overcharged last bill one responding,
2301,2301,Why is the late fee applied when I paid on time?,,Billing,Open,CUST2462,2025-06-25 18:42:00,,2026-07-23 20:15:32,late fee applied paid time,
2302,2302,Why is the late fee applied when I paid on time?,,Billing,In Progress,CUST1522,2025-06-05 16:58:00,,2026-07-23 20:15:32,late fee applied paid time,
2303,2303,The employee refused to help and was arguing instead of assisting.,,Customer Support,Resolved,CUST4507,2025-08-17 14:48:00,2025-08-19 15:41:52,2026-07-23 20:15:32,employee refused help arguing instead assisting,48.897777777777776
2304,2304,The online payment portal charged me twice for the same bill.,,Billing,In Progress,CUST3930,2025-04-13 14:21:00,,2026-07-23 20:15:32,online payment portal charged twice bill,
2305,2305,The employee refused to help and was arguing instead of assisting.,,Customer Support,Closed,CUST2645,2025-09-04 12:09:00,2025-09-09 03:29:42,2026-07-23 20:15:32,employee refused help arguing instead assisting,111.345
2306,2306,I was overcharged on my last bill and no one is responding.,,Billing,Resolved,CUST6523,2025-09-22 09:25:00,2025-09-24 19:04:12,2026-07-23 20:15:32,overcharged last bill one responding,57.653333333333336
2307,2307,There is clear favoritism and under-the-table dealing happening.,Corruption/Bribery,Administration,Resolved,CUST1280,2025-08-05 11:09:00,2025-08-16 04:55:53,2026-07-23 20:15:32,clear favoritism table dealing happening,257.7813888888889
2308,2308,There is clear favoritism and under-the-table dealing happening.,,Administration,Closed,CUST7234,2025-04-28 18:23:00,2025-05-02 10:48:04,2026-07-23 20:15:32,clear favoritism table dealing happening,88.41777777777777
2309,2309,I was asked to pay extra money to get my work done faster.,Corruption/Bribery,Administration,Open,CUST6656,2025-10-24 15:41:00,,2026-07-23 20:15:32,asked pay extra money get work done faster,
2310,2310,The online payment portal charged me twice for the same bill.,Billing Issue,Billing,Open,CUST2943,2025-07-01 11:49:00,,2026-07-23 20:15:32,online payment portal charged twice bill,
2311,2311,My bill amount doubled this month without any explanation.,Billing Issue,Billing,In Progress,CUST6028,2025-06-12 16:35:00,,2026-07-23 20:15:32,bill amount doubled month without explanation,
2312,2312,No safety measures are in place despite previous warnings.,Safety Concern,Security,Closed,CUST3558,2025-04-01 12:16:00,2025-04-07 02:32:48,2026-07-23 20:15:32,safety measures place despite previous warnings,134.28
2313,2313,Why is the late fee applied when I paid on time?,,Billing,Resolved,CUST4781,2025-12-14 11:07:00,2025-12-16 15:18:09,2026-07-23 20:15:32,late fee applied paid time,52.185833333333335
2314,2314,The employee refused to help and was arguing instead of assisting.,Staff Behavior,Customer Support,Open,CUST2398,2025-01-20 21:39:00,,2026-07-23 20:15:32,employee refused help arguing instead assisting,
2315,2315,The staff member was polite and handled my issue very well.,,Customer Support,Open,CUST2753,2025-01-08 11:08:00,,2026-07-23 20:15:32,staff member polite handled issue well,
2316,2316,The response time for service requests is unacceptably slow.,Service Delay,Operations,Closed,CUST1124,2025-12-06 07:52:00,2025-12-09 08:53:00,2026-07-23 20:15:32,response time service requests unacceptably slow,73.01666666666667
2317,2317,The response time for service requests is unacceptably slow.,Service Delay,Operations,Open,CUST7644,2025-01-02 10:07:00,,2026-07-23 20:15:32,response time service requests unacceptably slow,
2318,2318,"Great job by the support team, issue resolved within a day.",Appreciation,Customer Support,Resolved,CUST6702,2025-06-26 13:19:00,2025-06-27 17:42:54,2026-07-23 20:15:32,great job support team issue resolved within day,28.398333333333333
2319,2319,I have been waiting since last month for this issue to be fixed.,,Operations,Resolved,CUST5114,2025-10-08 23:16:00,2025-10-12 00:14:24,2026-07-23 20:15:32,waiting since last month issue fixed,72.97333333333333
2320,2320,The staff at the counter was extremely rude to me today.,Staff Behavior,Customer Support,Closed,CUST9424,2025-02-18 12:03:00,2025-02-20 02:50:02,2026-07-23 20:15:32,staff counter extremely rude today,38.78388888888889
2321,2321,My bill amount doubled this month without any explanation.,,Billing,Resolved,CUST8361,2025-01-24 08:50:00,2025-01-25 00:26:10,2026-07-23 20:15:32,bill amount doubled month without explanation,15.602777777777778
2322,2322,It has been three weeks and my complaint is still not resolved.,,Operations,Open,CUST2596,2025-07-14 18:33:00,,2026-07-23 20:15:32,three weeks complaint still resolved,
2323,2323,I witnessed a near-accident due to lack of proper signage.,Safety Concern,Security,Open,CUST6615,2025-06-05 11:37:00,,2026-07-23 20:15:32,witnessed near accident due lack proper signage,
2324,2324,Poor maintenance of the facility is causing repeated problems.,,Maintenance,Resolved,CUST1882,2025-02-17 11:02:00,2025-02-23 10:18:41,2026-07-23 20:15:32,poor maintenance facility causing repeated problems,143.27805555555557
2325,2325,I was treated very disrespectfully by the customer support agent.,Staff Behavior,Customer Support,Closed,CUST9694,2025-05-02 14:52:00,2025-05-07 23:07:13,2026-07-23 20:15:32,treated disrespectfully customer support agent,128.2536111111111
2326,2326,"Great job by the support team, issue resolved within a day.",Appreciation,Customer Support,In Progress,CUST1406,2025-05-26 07:25:00,,2026-07-23 20:15:32,great job support team issue resolved within day,
2327,2327,Why is the late fee applied when I paid on time?,Billing Issue,Billing,Resolved,CUST7978,2025-03-18 16:55:00,2025-03-20 20:13:45,2026-07-23 20:15:32,late fee applied paid time,51.3125
2328,2328,The new infrastructure upgrade has improved things significantly.,,Maintenance,Open,CUST4259,2025-04-01 20:13:00,,2026-07-23 20:15:32,new infrastructure upgrade improved things significantly,
2329,2329,"Excellent service today, very satisfied with the response.",Appreciation,Customer Support,Closed,CUST5165,2025-08-06 08:52:00,2025-08-07 13:46:15,2026-07-23 20:15:32,excellent service today satisfied response,28.904166666666665
2330,2330,An official demanded a bribe before processing my documents.,,Administration,Resolved,CUST4941,2025-06-05 12:05:00,2025-06-15 09:08:20,2026-07-23 20:15:32,official demanded bribe processing documents,237.05555555555554
2331,2331,There is clear favoritism and under-the-table dealing happening.,,Administration,Open,CUST7796,2025-10-01 11:02:00,,2026-07-23 20:15:32,clear favoritism table dealing happening,
2332,2332,The employee refused to help and was arguing instead of assisting.,,Customer Support,Open,CUST2908,2025-12-21 10:37:00,,2026-07-23 20:15:32,employee refused help arguing instead assisting,
2333,2333,The online payment portal charged me twice for the same bill.,,Billing,Closed,CUST5303,2025-07-15 08:07:00,2025-07-18 18:48:53,2026-07-23 20:15:32,online payment portal charged twice bill,82.69805555555556
2334,2334,The new infrastructure upgrade has improved things significantly.,Infrastructure,Maintenance,Closed,CUST5416,2025-09-18 11:04:00,2025-09-28 11:32:38,2026-07-23 20:15:32,new infrastructure upgrade improved things significantly,240.47722222222222
2335,2335,The equipment at the site is old and frequently malfunctions.,,Maintenance,In Progress,CUST5186,2025-04-23 09:04:00,,2026-07-23 20:15:32,equipment site old frequently malfunctions,
2336,2336,The new infrastructure upgrade has improved things significantly.,Infrastructure,Maintenance,Resolved,CUST9141,2025-01-19 07:19:00,2025-01-25 05:03:17,2026-07-23 20:15:32,new infrastructure upgrade improved things significantly,141.73805555555555
2337,2337,"Great job by the support team, issue resolved within a day.",Appreciation,Customer Support,Resolved,CUST4254,2025-09-17 13:31:00,2025-09-18 23:04:37,2026-07-23 20:15:32,great job support team issue resolved within day,33.56027777777778
2338,2338,Very unprofessional behavior from the officer on duty.,Staff Behavior,Customer Support,Resolved,CUST5794,2025-08-27 14:26:00,2025-08-30 21:46:38,2026-07-23 20:15:32,unprofessional behavior officer duty,79.34388888888888
2339,2339,Why is the late fee applied when I paid on time?,Billing Issue,Billing,Resolved,CUST8946,2025-12-05 10:13:00,2025-12-07 13:45:58,2026-07-23 20:15:32,late fee applied paid time,51.54944444444445
2340,2340,The employee refused to help and was arguing instead of assisting.,Staff Behavior,Customer Support,Closed,CUST4455,2025-04-27 07:11:00,2025-05-01 23:14:11,2026-07-23 20:15:32,employee refused help arguing instead assisting,112.05305555555556
2341,2341,Thank you for quickly fixing the safety issue I reported earlier.,Safety Concern,Security,Resolved,CUST8308,2025-08-20 13:18:00,2025-08-23 23:56:43,2026-07-23 20:15:32,thank quickly fixing safety issue reported earlier,82.64527777777778
2342,2342,There are serious safety hazards at the site that need urgent attention.,Safety Concern,Security,Closed,CUST3286,2025-09-09 10:10:00,2025-09-14 09:06:27,2026-07-23 20:15:32,serious safety hazards site need urgent attention,118.94083333333333
2343,2343,Why is the late fee applied when I paid on time?,Billing Issue,Billing,Closed,CUST2731,2025-01-15 08:52:00,2025-01-17 04:36:36,2026-07-23 20:15:32,late fee applied paid time,43.74333333333333
2344,2344,I was overcharged on my last bill and no one is responding.,Billing Issue,Billing,Closed,CUST5251,2025-10-22 14:42:00,2025-10-23 16:37:55,2026-07-23 20:15:32,overcharged last bill one responding,25.931944444444444
2345,2345,The online payment portal charged me twice for the same bill.,Billing Issue,Billing,In Progress,CUST9404,2025-12-26 07:05:00,,2026-07-23 20:15:32,online payment portal charged twice bill,
2346,2346,The new infrastructure upgrade has improved things significantly.,Infrastructure,Maintenance,Open,CUST1367,2025-06-05 19:57:00,,2026-07-23 20:15:32,new infrastructure upgrade improved things significantly,
2347,2347,Thank you for quickly fixing the safety issue I reported earlier.,Safety Concern,Security,Closed,CUST2156,2025-07-19 16:18:00,2025-07-25 05:35:21,2026-07-23 20:15:32,thank quickly fixing safety issue reported earlier,133.28916666666666
2348,2348,"Great job by the support team, issue resolved within a day.",Appreciation,Customer Support,Open,CUST8393,2025-11-10 07:34:00,,2026-07-23 20:15:32,great job support team issue resolved within day,
2349,2349,"The new online system has made things much easier, well done.",Appreciation,Customer Support,In Progress,CUST9304,2025-07-24 12:59:00,,2026-07-23 20:15:32,new online system made things much easier well done,
2350,2350,It has been three weeks and my complaint is still not resolved.,Service Delay,Operations,Open,CUST7861,2025-07-02 14:51:00,,2026-07-23 20:15:32,three weeks complaint still resolved,
2351,2351,Very unprofessional behavior from the officer on duty.,,Customer Support,In Progress,CUST2394,2025-08-27 17:53:00,,2026-07-23 20:15:32,unprofessional behavior officer duty,
2352,2352,I have been waiting since last month for this issue to be fixed.,,Operations,Open,CUST9186,2025-02-21 16:42:00,,2026-07-23 20:15:32,waiting since last month issue fixed,
2353,2353,The new infrastructure upgrade has improved things significantly.,Infrastructure,Maintenance,Closed,CUST9268,2025-05-06 10:38:00,2025-05-15 20:00:18,2026-07-23 20:15:32,new infrastructure upgrade improved things significantly,225.37166666666667
2354,2354,Why is the late fee applied when I paid on time?,Billing Issue,Billing,Closed,CUST1819,2025-07-22 19:59:00,2025-07-25 04:21:14,2026-07-23 20:15:32,late fee applied paid time,56.370555555555555
2355,2355,Staff keep telling me to wait but nothing happens.,Service Delay,Operations,In Progress,CUST7938,2025-05-23 14:07:00,,2026-07-23 20:15:32,staff keep telling wait nothing happens,
2356,2356,Why is the late fee applied when I paid on time?,Billing Issue,Billing,In Progress,CUST4672,2025-01-18 19:41:00,,2026-07-23 20:15:32,late fee applied paid time,
2357,2357,I have been waiting since last month for this issue to be fixed.,Service Delay,Operations,Resolved,CUST7523,2025-05-25 15:59:00,2025-05-25 16:59:00,2026-07-23 20:15:32,waiting since last month issue fixed,1.0
2358,2358,I was overcharged on my last bill and no one is responding.,Billing Issue,Billing,Resolved,CUST7165,2025-11-14 12:44:00,2025-11-15 23:46:28,2026-07-23 20:15:32,overcharged last bill one responding,35.041111111111114
2359,2359,No technician has visited despite multiple requests.,Service Delay,Operations,Open,CUST6118,2025-09-20 12:27:00,,2026-07-23 20:15:32,technician visited despite multiple requests,
2360,2360,Why is the late fee applied when I paid on time?,,Billing,Open,CUST6825,2025-01-18 14:21:00,,2026-07-23 20:15:32,late fee applied paid time,
2361,2361,There is a major leakage that has not been fixed for weeks.,,Maintenance,Resolved,CUST9233,2025-10-14 11:17:00,2025-10-21 11:02:14,2026-07-23 20:15:32,major leakage fixed weeks,167.7538888888889
2362,2362,"Excellent service today, very satisfied with the response.",,Customer Support,Closed,CUST1673,2025-04-13 06:34:00,2025-04-14 14:38:15,2026-07-23 20:15:32,excellent service today satisfied response,32.07083333333333
2363,2363,I was asked to pay extra money to get my work done faster.,Corruption/Bribery,Administration,In Progress,CUST9637,2025-12-13 11:30:00,,2026-07-23 20:15:32,asked pay extra money get work done faster,
2364,2364,The staff member was polite and handled my issue very well.,,Customer Support,Closed,CUST2210,2025-02-01 09:39:00,2025-02-04 15:38:04,2026-07-23 20:15:32,staff member polite handled issue well,77.98444444444445
2365,2365,I was overcharged on my last bill and no one is responding.,Billing Issue,Billing,In Progress,CUST3674,2025-07-25 12:46:00,,2026-07-23 20:15:32,overcharged last bill one responding,
2366,2366,"Excellent service today, very satisfied with the response.",Appreciation,Customer Support,In Progress,CUST1006,2025-09-04 06:14:00,,2026-07-23 20:15:32,excellent service today satisfied response,
2367,2367,No technician has visited despite multiple requests.,,Operations,Resolved,CUST6446,2025-01-09 17:20:00,2025-01-15 08:58:25,2026-07-23 20:15:32,technician visited despite multiple requests,135.64027777777778
2368,2368,There are serious safety hazards at the site that need urgent attention.,Safety Concern,Security,Closed,CUST9119,2025-11-12 11:58:00,2025-11-18 01:28:01,2026-07-23 20:15:32,serious safety hazards site need urgent attention,133.50027777777777
2369,2369,I was overcharged on my last bill and no one is responding.,Billing Issue,Billing,Closed,CUST5737,2025-08-14 16:20:00,2025-08-17 16:42:05,2026-07-23 20:15:32,overcharged last bill one responding,72.36805555555556
2370,2370,Staff keep telling me to wait but nothing happens.,Service Delay,Operations,Resolved,CUST2070,2025-06-28 14:04:00,2025-07-04 00:17:17,2026-07-23 20:15:32,staff keep telling wait nothing happens,130.2213888888889
2371,2371,No safety measures are in place despite previous warnings.,Safety Concern,Security,Resolved,CUST1685,2025-08-20 16:34:00,2025-08-22 03:47:21,2026-07-23 20:15:32,safety measures place despite previous warnings,35.2225
2372,2372,The staff at the counter was extremely rude to me today.,,Customer Support,Resolved,CUST2304,2025-11-15 20:53:00,2025-11-20 23:11:21,2026-07-23 20:15:32,staff counter extremely rude today,122.30583333333334
2373,2373,Very unprofessional behavior from the officer on duty.,,Customer Support,In Progress,CUST4026,2025-07-04 13:50:00,,2026-07-23 20:15:32,unprofessional behavior officer duty,
2374,2374,"Great job by the support team, issue resolved within a day.",Appreciation,Customer Support,Resolved,CUST5079,2025-12-18 14:27:00,2025-12-19 19:57:28,2026-07-23 20:15:32,great job support team issue resolved within day,29.50777777777778
2375,2375,The new infrastructure upgrade has improved things significantly.,Infrastructure,Maintenance,Resolved,CUST7244,2025-06-20 13:35:00,2025-06-24 15:28:44,2026-07-23 20:15:32,new infrastructure upgrade improved things significantly,97.89555555555556
2376,2376,The staff at the counter was extremely rude to me today.,Staff Behavior,Customer Support,Closed,CUST1807,2025-05-19 09:16:00,2025-05-22 13:27:27,2026-07-23 20:15:32,staff counter extremely rude today,76.19083333333333
2377,2377,The online payment portal charged me twice for the same bill.,Billing Issue,Billing,In Progress,CUST8827,2025-03-20 16:43:00,,2026-07-23 20:15:32,online payment portal charged twice bill,
2378,2378,"Excellent service today, very satisfied with the response.",Appreciation,Customer Support,Closed,CUST2153,2025-08-13 13:56:00,2025-08-14 08:02:15,2026-07-23 20:15:32,excellent service today satisfied response,18.104166666666668
2379,2379,Very unprofessional behavior from the officer on duty.,Staff Behavior,Customer Support,Closed,CUST7469,2025-08-02 09:14:00,2025-08-04 16:10:08,2026-07-23 20:15:32,unprofessional behavior officer duty,54.93555555555555
2380,2380,"There is a billing error, I already paid but it still shows unpaid.",Billing Issue,Billing,Open,CUST5258,2025-04-23 12:41:00,,2026-07-23 20:15:32,billing error already paid still shows unpaid,
2381,2381,Staff keep telling me to wait but nothing happens.,Service Delay,Operations,Open,CUST5933,2025-01-16 08:00:00,,2026-07-23 20:15:32,staff keep telling wait nothing happens,
2382,2382,I witnessed a near-accident due to lack of proper signage.,,Security,In Progress,CUST7165,2025-07-19 09:16:00,,2026-07-23 20:15:32,witnessed near accident due lack proper signage,
2383,2383,"The new online system has made things much easier, well done.",Appreciation,Customer Support,Resolved,CUST9151,2025-09-24 09:55:00,2025-09-25 12:10:20,2026-07-23 20:15:32,new online system made things much easier well done,26.255555555555556
2384,2384,The response time for service requests is unacceptably slow.,Service Delay,Operations,Open,CUST6091,2025-09-09 11:10:00,,2026-07-23 20:15:32,response time service requests unacceptably slow,
2385,2385,The response time for service requests is unacceptably slow.,,Operations,Resolved,CUST8382,2025-07-15 06:21:00,2025-07-20 20:05:14,2026-07-23 20:15:32,response time service requests unacceptably slow,133.73722222222221
2386,2386,I witnessed a near-accident due to lack of proper signage.,Safety Concern,Security,Closed,CUST1473,2025-09-08 12:12:00,2025-09-08 13:12:00,2026-07-23 20:15:32,witnessed near accident due lack proper signage,1.0
2387,2387,I was treated very disrespectfully by the customer support agent.,Staff Behavior,Customer Support,Closed,CUST3143,2025-10-12 11:16:00,2025-10-15 05:34:15,2026-07-23 20:15:32,treated disrespectfully customer support agent,66.30416666666666
2388,2388,I was asked to pay extra money to get my work done faster.,,Administration,In Progress,CUST6472,2025-09-11 13:44:00,,2026-07-23 20:15:32,asked pay extra money get work done faster,
2389,2389,The equipment at the site is old and frequently malfunctions.,Infrastructure,Maintenance,Closed,CUST3625,2025-04-02 07:00:00,2025-04-11 06:07:44,2026-07-23 20:15:32,equipment site old frequently malfunctions,215.1288888888889
2390,2390,I was asked to pay extra money to get my work done faster.,Corruption/Bribery,Administration,Closed,CUST8015,2025-03-10 07:11:00,2025-03-20 18:55:36,2026-07-23 20:15:32,asked pay extra money get work done faster,251.74333333333334
2391,2391,"Great job by the support team, issue resolved within a day.",Appreciation,Customer Support,Resolved,CUST2103,2025-08-16 17:19:00,2025-08-18 11:31:50,2026-07-23 20:15:32,great job support team issue resolved within day,42.21388888888889
2392,2392,It has been three weeks and my complaint is still not resolved.,,Operations,Closed,CUST9247,2025-02-09 13:45:00,2025-02-14 22:09:49,2026-07-23 20:15:32,three weeks complaint still resolved,128.41361111111112
2393,2393,I witnessed a near-accident due to lack of proper signage.,,Security,Resolved,CUST9795,2025-07-17 14:40:00,2025-07-19 08:32:40,2026-07-23 20:15:32,witnessed near accident due lack proper signage,41.87777777777778
2394,2394,Why is the late fee applied when I paid on time?,Billing Issue,Billing,Closed,CUST3094,2025-07-13 06:30:00,2025-07-14 21:46:21,2026-07-23 20:15:32,late fee applied paid time,39.2725
2395,2395,I was overcharged on my last bill and no one is responding.,Billing Issue,Billing,Closed,CUST1223,2025-03-20 08:56:00,2025-03-22 04:44:06,2026-07-23 20:15:32,overcharged last bill one responding,43.80166666666667
2396,2396,"The new online system has made things much easier, well done.",Appreciation,Customer Support,Closed,CUST7963,2025-06-23 08:26:00,2025-06-24 08:56:06,2026-07-23 20:15:32,new online system made things much easier well done,24.501666666666665
2397,2397,I was overcharged on my last bill and no one is responding.,,Billing,Resolved,CUST8843,2025-11-02 09:13:00,2025-11-03 12:51:10,2026-07-23 20:15:32,overcharged last bill one responding,27.636111111111113
2398,2398,I have been waiting since last month for this issue to be fixed.,Service Delay,Operations,Resolved,CUST1787,2025-05-19 11:46:00,2025-05-26 10:42:06,2026-07-23 20:15:32,waiting since last month issue fixed,166.935
2399,2399,The employee refused to help and was arguing instead of assisting.,,Customer Support,Resolved,CUST9422,2025-12-21 07:10:00,2025-12-21 18:31:26,2026-07-23 20:15:32,employee refused help arguing instead assisting,11.357222222222223
2400,2400,My bill amount doubled this month without any explanation.,Billing Issue,Billing,Closed,CUST5148,2025-03-18 00:44:00,2025-03-20 22:52:56,2026-07-23 20:15:32,bill amount doubled month without explanation,70.14888888888889
2401,2401,The response time for service requests is unacceptably slow.,Service Delay,Operations,In Progress,CUST5672,2025-01-22 11:27:00,,2026-07-23 20:15:32,response time service requests unacceptably slow,
2402,2402,The equipment at the site is old and frequently malfunctions.,,Maintenance,Closed,CUST3292,2025-09-28 12:12:00,2025-10-11 11:06:28,2026-07-23 20:15:32,equipment site old frequently malfunctions,310.90777777777777
2404,2404,The new infrastructure upgrade has improved things significantly.,Infrastructure,Maintenance,Resolved,CUST4379,2025-09-03 15:28:00,2025-09-13 16:03:37,2026-07-23 20:15:32,new infrastructure upgrade improved things significantly,240.5936111111111
2405,2405,The response time for service requests is unacceptably slow.,,Operations,In Progress,CUST4139,2025-08-22 10:47:00,,2026-07-23 20:15:32,response time service requests unacceptably slow,
2406,2406,There is clear favoritism and under-the-table dealing happening.,Corruption/Bribery,Administration,Closed,CUST6793,2025-07-22 11:10:00,2025-07-27 21:32:44,2026-07-23 20:15:32,clear favoritism table dealing happening,130.3788888888889
2407,2407,The new infrastructure upgrade has improved things significantly.,Infrastructure,Maintenance,Resolved,CUST5045,2025-01-28 09:04:00,2025-02-04 23:59:24,2026-07-23 20:15:32,new infrastructure upgrade improved things significantly,182.92333333333335
2408,2408,An official demanded a bribe before processing my documents.,Corruption/Bribery,Administration,Open,CUST4760,2025-05-21 16:12:00,,2026-07-23 20:15:32,official demanded bribe processing documents,
2409,2409,Staff keep telling me to wait but nothing happens.,,Operations,Resolved,CUST4760,2025-07-05 15:17:00,2025-07-07 19:53:28,2026-07-23 20:15:32,staff keep telling wait nothing happens,52.60777777777778
2410,2410,I was asked to pay extra money to get my work done faster.,Corruption/Bribery,Administration,Closed,CUST9432,2025-01-28 19:44:00,2025-02-10 16:26:07,2026-07-23 20:15:32,asked pay extra money get work done faster,308.70194444444445
2411,2411,Why is the late fee applied when I paid on time?,,Billing,Resolved,CUST7962,2025-06-17 07:18:00,2025-06-18 14:04:05,2026-07-23 20:15:32,late fee applied paid time,30.768055555555556
2412,2412,No technician has visited despite multiple requests.,Service Delay,Operations,Closed,CUST5290,2025-05-09 16:58:00,2025-05-12 01:58:54,2026-07-23 20:15:32,technician visited despite multiple requests,57.015
2413,2413,The staff member was polite and handled my issue very well.,,Customer Support,Resolved,CUST4562,2025-04-18 23:56:00,2025-04-22 14:24:41,2026-07-23 20:15:32,staff member polite handled issue well,86.47805555555556
2414,2414,The staff member was polite and handled my issue very well.,Staff Behavior,Customer Support,Closed,CUST6251,2025-02-21 17:43:00,2025-02-24 07:41:08,2026-07-23 20:15:32,staff member polite handled issue well,61.96888888888889
2415,2415,Staff keep telling me to wait but nothing happens.,Service Delay,Operations,Closed,CUST5185,2025-03-18 09:29:00,2025-03-20 08:10:23,2026-07-23 20:15:32,staff keep telling wait nothing happens,46.68972222222222
2416,2416,There is clear favoritism and under-the-table dealing happening.,Corruption/Bribery,Administration,Resolved,CUST9645,2025-06-20 22:36:00,2025-06-22 22:28:18,2026-07-23 20:15:32,clear favoritism table dealing happening,47.87166666666667
2417,2417,I was treated very disrespectfully by the customer support agent.,,Customer Support,Resolved,CUST6152,2025-11-25 09:44:00,2025-11-27 16:31:39,2026-07-23 20:15:32,treated disrespectfully customer support agent,54.79416666666667
2418,2418,I was treated very disrespectfully by the customer support agent.,Staff Behavior,Customer Support,Closed,UNKNOWN,2025-10-04 15:17:00,2025-10-08 22:19:36,2026-07-23 20:15:32,treated disrespectfully customer support agent,103.04333333333334
2419,2419,It has been three weeks and my complaint is still not resolved.,Service Delay,Operations,Closed,CUST7247,2025-10-28 11:46:00,2025-11-04 21:24:55,2026-07-23 20:15:32,three weeks complaint still resolved,177.6486111111111
2420,2420,There is a major leakage that has not been fixed for weeks.,,Maintenance,Resolved,CUST8365,2025-04-07 16:53:00,2025-04-16 23:31:08,2026-07-23 20:15:32,major leakage fixed weeks,222.63555555555556
2421,2421,My bill amount doubled this month without any explanation.,,Billing,In Progress,CUST9191,2025-04-26 17:06:00,,2026-07-23 20:15:32,bill amount doubled month without explanation,
2422,2422,My bill amount doubled this month without any explanation.,Billing Issue,Billing,Closed,CUST9432,2025-12-19 07:13:00,2025-12-20 15:56:31,2026-07-23 20:15:32,bill amount doubled month without explanation,32.72527777777778
2423,2423,"Excellent service today, very satisfied with the response.",,Customer Support,Closed,CUST4768,2025-03-04 11:02:00,2025-03-05 15:06:27,2026-07-23 20:15:32,excellent service today satisfied response,28.074166666666667
2424,2424,I was overcharged on my last bill and no one is responding.,Billing Issue,Billing,Resolved,CUST2877,2025-01-23 13:33:00,2025-01-25 23:12:09,2026-07-23 20:15:32,overcharged last bill one responding,57.6525
2425,2425,I was overcharged on my last bill and no one is responding.,Billing Issue,Billing,Closed,CUST8878,2025-07-21 23:38:00,2025-07-22 00:38:00,2026-07-23 20:15:32,overcharged last bill one responding,1.0
2426,2426,The road near the facility is damaged and causing accidents.,Infrastructure,Maintenance,In Progress,CUST2522,2025-01-03 08:52:00,,2026-07-23 20:15:32,road near facility damaged causing accidents,
2427,2427,No technician has visited despite multiple requests.,,Operations,In Progress,CUST2393,2025-11-10 15:59:00,,2026-07-23 20:15:32,technician visited despite multiple requests,
2428,2428,The road near the facility is damaged and causing accidents.,Infrastructure,Maintenance,Closed,CUST3265,2025-09-09 11:26:00,2025-09-15 20:53:26,2026-07-23 20:15:32,road near facility damaged causing accidents,153.4572222222222
2429,2429,"There is a billing error, I already paid but it still shows unpaid.",Billing Issue,Billing,Closed,CUST1571,2025-06-19 15:20:00,2025-06-20 16:47:41,2026-07-23 20:15:32,billing error already paid still shows unpaid,25.461388888888887
2430,2430,I was overcharged on my last bill and no one is responding.,,Billing,Closed,CUST5570,2025-06-25 12:25:00,2025-06-26 01:14:54,2026-07-23 20:15:32,overcharged last bill one responding,12.831666666666667
2431,2431,"Great job by the support team, issue resolved within a day.",Appreciation,Customer Support,Open,CUST8141,2025-06-03 14:21:00,,2026-07-23 20:15:32,great job support team issue resolved within day,
2432,2432,Very unprofessional behavior from the officer on duty.,Staff Behavior,Customer Support,Open,CUST7077,2025-06-03 13:04:00,,2026-07-23 20:15:32,unprofessional behavior officer duty,
2433,2433,It has been three weeks and my complaint is still not resolved.,Service Delay,Operations,Closed,CUST5623,2025-09-23 08:53:00,2025-09-26 06:25:13,2026-07-23 20:15:32,three weeks complaint still resolved,69.53694444444444
2434,2434,Why is the late fee applied when I paid on time?,Billing Issue,Billing,Resolved,CUST5405,2025-07-04 12:25:00,2025-07-08 04:39:24,2026-07-23 20:15:32,late fee applied paid time,88.24
2435,2435,Security personnel are not checking IDs properly at the gate.,Safety Concern,Security,Resolved,CUST4189,2025-01-20 09:00:00,2025-01-26 12:23:59,2026-07-23 20:15:32,security personnel checking ids properly gate,147.3997222222222
2436,2436,The staff member was polite and handled my issue very well.,Staff Behavior,Customer Support,Resolved,CUST7639,2025-04-18 15:09:00,2025-04-21 13:44:16,2026-07-23 20:15:32,staff member polite handled issue well,70.58777777777777
2437,2437,The online payment portal charged me twice for the same bill.,Billing Issue,Billing,In Progress,CUST9520,2025-06-01 16:33:00,,2026-07-23 20:15:32,online payment portal charged twice bill,
2438,2438,There is clear favoritism and under-the-table dealing happening.,Corruption/Bribery,Administration,Closed,CUST2190,2025-02-17 13:43:00,2025-02-23 10:05:42,2026-07-23 20:15:32,clear favoritism table dealing happening,140.37833333333333
2439,2439,The response time for service requests is unacceptably slow.,Service Delay,Operations,Resolved,CUST8446,2025-10-14 10:11:00,2025-10-20 15:41:44,2026-07-23 20:15:32,response time service requests unacceptably slow,149.51222222222222
2440,2440,I was asked to pay extra money to get my work done faster.,,Administration,Open,CUST8071,2025-08-08 16:08:00,,2026-07-23 20:15:32,asked pay extra money get work done faster,
2441,2441,An official demanded a bribe before processing my documents.,Corruption/Bribery,Administration,Resolved,CUST4060,2025-06-21 15:33:00,2025-07-02 08:16:09,2026-07-23 20:15:32,official demanded bribe processing documents,256.7191666666667
2442,2442,The response time for service requests is unacceptably slow.,Service Delay,Operations,Open,CUST7038,2025-12-18 14:54:00,,2026-07-23 20:15:32,response time service requests unacceptably slow,
2443,2443,I want to thank the team for resolving my issue so quickly.,Appreciation,Customer Support,Resolved,CUST2929,2025-09-12 12:21:00,2025-09-13 08:31:40,2026-07-23 20:15:32,want thank team resolving issue quickly,20.177777777777777
2444,2444,Very unprofessional behavior from the officer on duty.,Staff Behavior,Customer Support,Closed,CUST7309,2025-05-03 11:42:00,2025-05-05 18:04:35,2026-07-23 20:15:32,unprofessional behavior officer duty,54.37638888888889
2445,2445,The road near the facility is damaged and causing accidents.,Infrastructure,Maintenance,Closed,CUST5592,2025-02-22 14:51:00,2025-02-24 19:03:26,2026-07-23 20:15:32,road near facility damaged causing accidents,52.20722222222222
2446,2446,The online payment portal charged me twice for the same bill.,,Billing,In Progress,CUST8823,2025-06-05 00:27:00,,2026-07-23 20:15:32,online payment portal charged twice bill,
2447,2447,Staff keep telling me to wait but nothing happens.,Service Delay,Operations,Closed,CUST5330,2025-02-02 12:51:00,2025-02-07 18:35:19,2026-07-23 20:15:32,staff keep telling wait nothing happens,125.73861111111111
2448,2448,I witnessed a near-accident due to lack of proper signage.,,Security,Closed,CUST5811,2025-04-05 10:06:00,2025-04-10 03:09:34,2026-07-23 20:15:32,witnessed near accident due lack proper signage,113.05944444444444
2449,2449,It has been three weeks and my complaint is still not resolved.,Service Delay,Operations,Open,CUST3318,2025-05-25 09:32:00,,2026-07-23 20:15:32,three weeks complaint still resolved,
2450,2450,"There is a billing error, I already paid but it still shows unpaid.",Billing Issue,Billing,Resolved,CUST1815,2025-07-01 12:45:00,2025-07-03 15:06:47,2026-07-23 20:15:32,billing error already paid still shows unpaid,50.363055555555555
2451,2451,Why is the late fee applied when I paid on time?,,Billing,In Progress,CUST1865,2025-04-23 07:57:00,,2026-07-23 20:15:32,late fee applied paid time,
2452,2452,I was treated very disrespectfully by the customer support agent.,Staff Behavior,Customer Support,Closed,CUST9242,2025-10-09 14:54:00,2025-10-09 23:49:48,2026-07-23 20:15:32,treated disrespectfully customer support agent,8.93
2453,2453,The online payment portal charged me twice for the same bill.,,Billing,Closed,CUST2457,2025-08-24 13:56:00,2025-08-27 12:52:10,2026-07-23 20:15:32,online payment portal charged twice bill,70.93611111111112
2454,2454,The staff member was polite and handled my issue very well.,,Customer Support,Closed,CUST3232,2025-03-23 18:16:00,2025-03-27 00:51:50,2026-07-23 20:15:32,staff member polite handled issue well,78.59722222222223
2455,2455,I want to thank the team for resolving my issue so quickly.,Appreciation,Customer Support,Closed,CUST1102,2025-06-18 18:59:00,2025-06-20 05:17:48,2026-07-23 20:15:32,want thank team resolving issue quickly,34.31333333333333
2456,2456,The staff at the counter was extremely rude to me today.,Staff Behavior,Customer Support,Closed,CUST2498,2025-09-18 14:41:00,2025-09-21 06:06:57,2026-07-23 20:15:32,staff counter extremely rude today,63.4325
2457,2457,"There is a billing error, I already paid but it still shows unpaid.",Billing Issue,Billing,Closed,CUST2789,2025-12-20 16:11:00,2025-12-23 17:22:24,2026-07-23 20:15:32,billing error already paid still shows unpaid,73.19
2458,2458,I want to thank the team for resolving my issue so quickly.,,Customer Support,Closed,CUST6942,2025-05-14 18:05:00,2025-05-15 05:53:26,2026-07-23 20:15:32,want thank team resolving issue quickly,11.807222222222222
2459,2459,I have been waiting since last month for this issue to be fixed.,,Operations,In Progress,CUST2161,2025-01-19 10:08:00,,2026-07-23 20:15:32,waiting since last month issue fixed,
2460,2460,Thank you for quickly fixing the safety issue I reported earlier.,,Security,Closed,CUST2419,2025-05-01 09:00:00,2025-05-05 13:19:49,2026-07-23 20:15:32,thank quickly fixing safety issue reported earlier,100.33027777777778
2461,2461,There is clear favoritism and under-the-table dealing happening.,,Administration,In Progress,CUST3307,2025-09-18 09:45:00,,2026-07-23 20:15:32,clear favoritism table dealing happening,
2462,2462,Thank you for quickly fixing the safety issue I reported earlier.,Safety Concern,Security,Resolved,CUST7752,2025-06-19 10:35:00,2025-06-26 09:04:30,2026-07-23 20:15:32,thank quickly fixing safety issue reported earlier,166.49166666666667
2463,2463,Staff keep telling me to wait but nothing happens.,Service Delay,Operations,Open,CUST2443,2025-04-16 11:49:00,,2026-07-23 20:15:32,staff keep telling wait nothing happens,
2464,2464,"Excellent service today, very satisfied with the response.",Appreciation,Customer Support,In Progress,CUST4493,2025-12-07 14:51:00,,2026-07-23 20:15:32,excellent service today satisfied response,
2465,2465,I want to thank the team for resolving my issue so quickly.,Appreciation,Customer Support,In Progress,CUST7607,2025-01-11 07:02:00,,2026-07-23 20:15:32,want thank team resolving issue quickly,
2466,2466,No technician has visited despite multiple requests.,Service Delay,Operations,Closed,CUST6897,2025-02-10 07:13:00,2025-02-17 23:07:15,2026-07-23 20:15:32,technician visited despite multiple requests,183.90416666666667
2467,2467,The staff member was polite and handled my issue very well.,Staff Behavior,Customer Support,In Progress,CUST7892,2025-09-27 09:15:00,,2026-07-23 20:15:32,staff member polite handled issue well,
2468,2468,Very unprofessional behavior from the officer on duty.,Staff Behavior,Customer Support,Open,CUST4174,2025-11-18 13:27:00,,2026-07-23 20:15:32,unprofessional behavior officer duty,
2469,2469,There is a major leakage that has not been fixed for weeks.,Infrastructure,Maintenance,In Progress,CUST4198,2025-12-09 09:57:00,,2026-07-23 20:15:32,major leakage fixed weeks,
2470,2470,I was treated very disrespectfully by the customer support agent.,Staff Behavior,Customer Support,Closed,CUST5881,2025-05-08 10:24:00,2025-05-12 22:06:00,2026-07-23 20:15:32,treated disrespectfully customer support agent,107.7
2471,2471,No technician has visited despite multiple requests.,Service Delay,Operations,Open,CUST5533,2025-07-11 01:21:00,,2026-07-23 20:15:32,technician visited despite multiple requests,
2472,2472,Poor maintenance of the facility is causing repeated problems.,Infrastructure,Maintenance,Resolved,CUST7505,2025-05-20 14:21:00,2025-05-27 14:39:05,2026-07-23 20:15:32,poor maintenance facility causing repeated problems,168.30138888888888
2473,2473,The online payment portal charged me twice for the same bill.,Billing Issue,Billing,Resolved,CUST6460,2025-03-27 15:00:00,2025-03-29 12:56:19,2026-07-23 20:15:32,online payment portal charged twice bill,45.93861111111111
2474,2474,"The new online system has made things much easier, well done.",Appreciation,Customer Support,Closed,CUST2666,2025-02-16 13:40:00,2025-02-17 23:15:39,2026-07-23 20:15:32,new online system made things much easier well done,33.594166666666666
2475,2475,I was asked to pay extra money to get my work done faster.,Corruption/Bribery,Administration,Closed,CUST2552,2025-12-04 14:29:00,2025-12-12 01:15:50,2026-07-23 20:15:32,asked pay extra money get work done faster,178.78055555555557
2476,2476,The road near the facility is damaged and causing accidents.,Infrastructure,Maintenance,Closed,CUST7374,2025-03-26 23:18:00,2025-04-04 23:12:57,2026-07-23 20:15:32,road near facility damaged causing accidents,215.91583333333332
2477,2477,My bill amount doubled this month without any explanation.,Billing Issue,Billing,Closed,CUST4830,2025-03-01 15:25:00,2025-03-04 03:53:13,2026-07-23 20:15:32,bill amount doubled month without explanation,60.47027777777778
2478,2478,The response time for service requests is unacceptably slow.,,Operations,In Progress,CUST2354,2025-08-03 06:43:00,,2026-07-23 20:15:32,response time service requests unacceptably slow,
2479,2479,There is a major leakage that has not been fixed for weeks.,Infrastructure,Maintenance,Closed,CUST1975,2025-06-11 09:50:00,2025-06-18 12:43:11,2026-07-23 20:15:32,major leakage fixed weeks,170.8863888888889
2480,2480,Why is the late fee applied when I paid on time?,,Billing,Open,CUST6525,2025-09-23 18:58:00,,2026-07-23 20:15:32,late fee applied paid time,
2481,2481,My bill amount doubled this month without any explanation.,Billing Issue,Billing,Closed,CUST5253,2025-11-12 09:51:00,2025-11-14 00:45:06,2026-07-23 20:15:32,bill amount doubled month without explanation,38.901666666666664
2482,2482,The staff member was polite and handled my issue very well.,Staff Behavior,Customer Support,Open,CUST2636,2025-05-15 17:18:00,,2026-07-23 20:15:32,staff member polite handled issue well,
2483,2483,No safety measures are in place despite previous warnings.,Safety Concern,Security,Resolved,CUST6999,2025-10-15 13:38:00,2025-10-18 18:27:52,2026-07-23 20:15:32,safety measures place despite previous warnings,76.83111111111111
2484,2484,There is a major leakage that has not been fixed for weeks.,Infrastructure,Maintenance,Open,CUST5716,2025-08-27 15:04:00,,2026-07-23 20:15:32,major leakage fixed weeks,
2485,2485,"Excellent service today, very satisfied with the response.",Appreciation,Customer Support,Open,CUST2941,2025-12-25 09:46:00,,2026-07-23 20:15:32,excellent service today satisfied response,
2486,2486,"There is a billing error, I already paid but it still shows unpaid.",,Billing,In Progress,CUST5656,2025-03-02 16:56:00,,2026-07-23 20:15:32,billing error already paid still shows unpaid,
2487,2487,The online payment portal charged me twice for the same bill.,,Billing,Open,CUST6518,2025-05-20 16:58:00,,2026-07-23 20:15:32,online payment portal charged twice bill,
2488,2488,There is clear favoritism and under-the-table dealing happening.,Corruption/Bribery,Administration,In Progress,CUST7124,2025-11-18 10:22:00,,2026-07-23 20:15:32,clear favoritism table dealing happening,
2489,2489,The equipment at the site is old and frequently malfunctions.,,Maintenance,Open,CUST8977,2025-03-12 11:24:00,,2026-07-23 20:15:32,equipment site old frequently malfunctions,
2490,2490,The staff member was polite and handled my issue very well.,Staff Behavior,Customer Support,Resolved,CUST9970,2025-01-01 09:25:00,2025-01-04 10:23:47,2026-07-23 20:15:32,staff member polite handled issue well,72.97972222222222
2491,2491,The online payment portal charged me twice for the same bill.,Billing Issue,Billing,In Progress,CUST4958,2025-06-15 19:30:00,,2026-07-23 20:15:32,online payment portal charged twice bill,
2492,2492,"The new online system has made things much easier, well done.",,Customer Support,Closed,CUST4175,2025-08-05 10:45:00,2025-08-06 11:49:09,2026-07-23 20:15:32,new online system made things much easier well done,25.069166666666668
2493,2493,The equipment at the site is old and frequently malfunctions.,,Maintenance,Closed,CUST7432,2025-05-23 16:23:00,2025-06-03 13:11:34,2026-07-23 20:15:32,equipment site old frequently malfunctions,260.80944444444447
2494,2494,Very unprofessional behavior from the officer on duty.,,Customer Support,In Progress,CUST3632,2025-09-28 21:10:00,,2026-07-23 20:15:32,unprofessional behavior officer duty,
2495,2495,The road near the facility is damaged and causing accidents.,,Maintenance,In Progress,CUST7408,2025-02-07 11:24:00,,2026-07-23 20:15:32,road near facility damaged causing accidents,
2496,2496,I was overcharged on my last bill and no one is responding.,Billing Issue,Billing,Resolved,CUST3448,2025-06-09 08:11:00,2025-06-12 04:25:40,2026-07-23 20:15:32,overcharged last bill one responding,68.24444444444444
2497,2497,My bill amount doubled this month without any explanation.,Billing Issue,Billing,Open,CUST1523,2025-05-28 15:06:00,,2026-07-23 20:15:32,bill amount doubled month without explanation,
2498,2498,Poor maintenance of the facility is causing repeated problems.,Infrastructure,Maintenance,In Progress,CUST9863,2025-10-02 15:22:00,,2026-07-23 20:15:32,poor maintenance facility causing repeated problems,
2499,2499,Very unprofessional behavior from the officer on duty.,Staff Behavior,Customer Support,In Progress,CUST2448,2025-07-08 13:00:00,,2026-07-23 20:15:32,unprofessional behavior officer duty,
2500,2500,I have been waiting since last month for this issue to be fixed.,,Operations,Closed,CUST6480,2025-04-05 09:39:00,2025-04-06 10:41:42,2026-07-23 20:15:32,waiting since last month issue fixed,25.045
